media_file_path,time_in_video,Duration,behavior,subject,modifier_1,modifier_2,modifier_3,Group size,Female,Male,Chasing_end,Chase_present,courtship_events,total_time_of_courtship
D:/Pipefish Mesocosm Film/Trial 7/10-12-20/10-12 AM 01.MTS,1551.349,4.272,Wiggle,Male,Active wiggle,Female,2,2,1,1,No,No,1,54.974
D:/Pipefish Mesocosm Film/Trial 7/10-12-20/10-12 AM 01.MTS,1551.445,5.127,Inactive,Female,,,,2,1,1,No,No,1,54.974
D:/Pipefish Mesocosm Film/Trial 7/10-12-20/10-12 AM 01.MTS,1555.622,46.239,Inactive,Male,,,,2,1,1,No,No,1,54.974
D:/Pipefish Mesocosm Film/Trial 7/10-12-20/10-12 AM 01.MTS,1556.573,13.386,Wiggle,Female,Active wiggle,Male,2,2,1,1,No,No,1,54.974
D:/Pipefish Mesocosm Film/Trial 7/10-12-20/10-12 AM 01.MTS,1569.96,32.47,Inactive,Female,,,,2,1,1,No,No,1,54.974
D:/Pipefish Mesocosm Film/Trial 7/10-12-20/10-12 AM 01.MTS,1798.684,7.212,Wiggle,Female,Active wiggle,Male,2,2,1,1,No,No,2,57.442
D:/Pipefish Mesocosm Film/Trial 7/10-12-20/10-12 AM 01.MTS,1800.107,17.468,Inactive,Male,,,,2,1,1,No,No,2,57.442
D:/Pipefish Mesocosm Film/Trial 7/10-12-20/10-12 AM 01.MTS,1805.897,2.943,Pose,Female,Non-s pose,Male,Front,2,1,1,No,No,2,57.442
D:/Pipefish Mesocosm Film/Trial 7/10-12-20/10-12 AM 01.MTS,1808.841,1.709,Inactive,Female,,,,2,1,1,No,No,2,57.442
D:/Pipefish Mesocosm Film/Trial 7/10-12-20/10-12 AM 01.MTS,1810.551,6.738,Swim away,Female,,,,2,1,1,No,No,2,57.442
D:/Pipefish Mesocosm Film/Trial 7/10-12-20/10-12 AM 01.MTS,1811.216,0,Follow,Male,,,,2,1,1,No,No,2,57.442
D:/Pipefish Mesocosm Film/Trial 7/10-12-20/10-12 AM 01.MTS,1817.29,3.514,Pose,Female,S pose,Male,Front,2,1,1,No,No,2,57.442
D:/Pipefish Mesocosm Film/Trial 7/10-12-20/10-12 AM 01.MTS,1817.576,6.837,Swim away,Male,,,,2,1,1,No,No,2,57.442
D:/Pipefish Mesocosm Film/Trial 7/10-12-20/10-12 AM 01.MTS,1820.805,35.318,Inactive,Female,,,,2,1,1,No,No,2,57.442
D:/Pipefish Mesocosm Film/Trial 7/10-12-20/10-12 AM 01.MTS,1824.414,31.709,Inactive,Male,,,,2,1,1,No,No,2,57.442
D:/Pipefish Mesocosm Film/Trial 7/10-12-20/10-12 AM 01.MTS,1943.188,4.177,Wiggle,Male,Active wiggle,Female,2,2,1,1,No,No,3,75.956
D:/Pipefish Mesocosm Film/Trial 7/10-12-20/10-12 AM 01.MTS,1943.949,5.219,Pose,Female,S pose,Male,Front,2,1,1,No,No,3,75.956
D:/Pipefish Mesocosm Film/Trial 7/10-12-20/10-12 AM 01.MTS,1947.366,18.419,Inactive,Male,,,,2,1,1,No,No,3,75.956
D:/Pipefish Mesocosm Film/Trial 7/10-12-20/10-12 AM 01.MTS,1949.169,67.03,Inactive,Female,,,,2,1,1,No,No,3,75.956
D:/Pipefish Mesocosm Film/Trial 7/10-12-20/10-12 AM 01.MTS,1949.169,0,Move away,Female,,,,2,1,1,No,No,3,75.956
D:/Pipefish Mesocosm Film/Trial 7/10-12-20/10-12 AM 01.MTS,1954.392,0,Follow,Male,,,,2,1,1,No,No,3,75.956
D:/Pipefish Mesocosm Film/Trial 7/10-12-20/10-12 AM 01.MTS,1965.786,3.985,Swim away,Male,,,,2,1,1,No,No,3,75.956
D:/Pipefish Mesocosm Film/Trial 7/10-12-20/10-12 AM 01.MTS,1969.772,46.427,Inactive,Male,,,,2,1,1,No,No,3,75.956
D:/Pipefish Mesocosm Film/Trial 7/10-12-20/10-12 AM 01.MTS,2202.293,2.563,Wiggle,Male,Active wiggle,Female,2,2,1,1,No,No,4,53.739
D:/Pipefish Mesocosm Film/Trial 7/10-12-20/10-12 AM 01.MTS,2204.382,8.831,Pose,Female,S pose,Male,Front,2,1,1,No,No,4,53.739
D:/Pipefish Mesocosm Film/Trial 7/10-12-20/10-12 AM 01.MTS,2204.857,50.322,Inactive,Male,,,,2,1,1,No,No,4,53.739
D:/Pipefish Mesocosm Film/Trial 7/10-12-20/10-12 AM 01.MTS,2213.214,42.057,Inactive,Female,,,,2,1,1,No,No,4,53.739
D:/Pipefish Mesocosm Film/Trial 7/10-12-20/10-12 AM 01.MTS,2734.366,11.487,Wiggle,Female,Active wiggle,Male,2,2,1,1,No,No,5,61.998
D:/Pipefish Mesocosm Film/Trial 7/10-12-20/10-12 AM 01.MTS,2734.366,15.096,Inactive,Male,,,,2,1,1,No,No,5,61.998
D:/Pipefish Mesocosm Film/Trial 7/10-12-20/10-12 AM 01.MTS,2745.854,47.567,Inactive,Female,,,,2,1,1,No,No,5,61.998
D:/Pipefish Mesocosm Film/Trial 7/10-12-20/10-12 AM 01.MTS,2749.463,12.816,Swim away,Male,,,,2,1,1,No,No,5,61.998
D:/Pipefish Mesocosm Film/Trial 7/10-12-20/10-12 AM 01.MTS,2762.28,31.046,Inactive,Male,,,,2,1,1,No,No,5,61.998
D:/Pipefish Mesocosm Film/Trial 7/13-12-20/13-12 Noon 01.MTS,37.13,49.119,Inactive,Male,,,,3,1,2,No,No,1,169.492
D:/Pipefish Mesocosm Film/Trial 7/13-12-20/13-12 Noon 01.MTS,38.113,0.865,Inactive,Female,,,,3,1,2,No,No,1,169.492
D:/Pipefish Mesocosm Film/Trial 7/13-12-20/13-12 Noon 01.MTS,38.979,5.304,Pose,Female,Non-s pose,Male,Front,3,1,2,No,No,1,169.492
D:/Pipefish Mesocosm Film/Trial 7/13-12-20/13-12 Noon 01.MTS,44.284,29.527,Inactive,Female,,,,3,1,2,No,No,1,169.492
D:/Pipefish Mesocosm Film/Trial 7/13-12-20/13-12 Noon 01.MTS,73.812,6.931,Swim away,Female,,,,3,1,2,No,No,1,169.492
D:/Pipefish Mesocosm Film/Trial 7/13-12-20/13-12 Noon 01.MTS,74.062,0,Follow,Male,,,,3,1,2,No,No,1,169.492
D:/Pipefish Mesocosm Film/Trial 7/13-12-20/13-12 Noon 01.MTS,80.744,22.309,Inactive,Female,,,,3,1,2,No,No,1,169.492
D:/Pipefish Mesocosm Film/Trial 7/13-12-20/13-12 Noon 01.MTS,86.25,3.8,Wiggle,Male,Active wiggle,Female,3,3,1,2,No,No,1,169.492
D:/Pipefish Mesocosm Film/Trial 7/13-12-20/13-12 Noon 01.MTS,90.051,12.432,Inactive,Male,,,,3,1,2,No,No,1,169.492
D:/Pipefish Mesocosm Film/Trial 7/13-12-20/13-12 Noon 01.MTS,102.484,7.814,Wiggle,Male,Active wiggle,Female,3,3,1,2,No,No,1,169.492
D:/Pipefish Mesocosm Film/Trial 7/13-12-20/13-12 Noon 01.MTS,110.299,9.371,Inactive,Male,,,,3,1,2,No,No,1,169.492
D:/Pipefish Mesocosm Film/Trial 7/13-12-20/13-12 Noon 01.MTS,110.745,33.61,Pose,Female,S pose,Male,Front,3,1,2,No,No,1,169.492
D:/Pipefish Mesocosm Film/Trial 7/13-12-20/13-12 Noon 01.MTS,119.671,3.704,Wiggle,Male,Active wiggle,Female,3,3,1,2,No,No,1,169.492
D:/Pipefish Mesocosm Film/Trial 7/13-12-20/13-12 Noon 01.MTS,123.376,81.366,Inactive,Male,,,,3,1,2,No,No,1,169.492
D:/Pipefish Mesocosm Film/Trial 7/13-12-20/13-12 Noon 01.MTS,144.356,52.219,Inactive,Female,,,,3,1,2,No,No,1,169.492
D:/Pipefish Mesocosm Film/Trial 7/13-12-20/13-12 Noon 01.MTS,196.576,1.992,Swim away,Female,,,,3,1,2,No,No,1,169.492
D:/Pipefish Mesocosm Film/Trial 7/13-12-20/13-12 Noon 01.MTS,198.569,6.173,Inactive,Female,,,,3,1,2,No,No,1,169.492
D:/Pipefish Mesocosm Film/Trial 7/13-12-20/13-12 Noon 01.MTS,233.89,5.219,Pose,Female,S pose,Male,Front,3,1,2,No,No,2,76.336
D:/Pipefish Mesocosm Film/Trial 7/13-12-20/13-12 Noon 01.MTS,234.553,75.291,Inactive,Male,,,,3,1,2,No,No,2,76.336
D:/Pipefish Mesocosm Film/Trial 7/13-12-20/13-12 Noon 01.MTS,239.11,9.02,Wiggle,Female,Active wiggle,Male,3,3,1,2,No,No,2,76.336
D:/Pipefish Mesocosm Film/Trial 7/13-12-20/13-12 Noon 01.MTS,248.131,61.713,Inactive,Female,,,,3,1,2,No,No,2,76.336
D:/Pipefish Mesocosm Film/Trial 7/13-12-20/13-12 Noon 01.MTS,361.119,14.903,Pose,Female,S pose,Male,Front,2.5,1,1.5,No,No,3,158.841
D:/Pipefish Mesocosm Film/Trial 7/13-12-20/13-12 Noon 01.MTS,361.119,22.975,Inactive,Male,,,,2.5,1,1.5,No,No,3,158.841
D:/Pipefish Mesocosm Film/Trial 7/13-12-20/13-12 Noon 01.MTS,376.024,33.8,Inactive,Female,,,,2.5,1,1.5,No,No,3,158.841
D:/Pipefish Mesocosm Film/Trial 7/13-12-20/13-12 Noon 01.MTS,384.095,8.166,Surrounding,Male,,,,2.5,1,1.5,No,No,3,158.841
D:/Pipefish Mesocosm Film/Trial 7/13-12-20/13-12 Noon 01.MTS,392.262,79.747,Inactive,Male,,,,2.5,1,1.5,No,No,3,158.841
D:/Pipefish Mesocosm Film/Trial 7/13-12-20/13-12 Noon 01.MTS,409.825,3.346,Pose,Female,S pose,Male,Front,2.5,1,1.5,No,No,3,158.841
D:/Pipefish Mesocosm Film/Trial 7/13-12-20/13-12 Noon 01.MTS,413.172,17.726,Out of sight,Female,,,,2.5,1,1.5,No,No,3,158.841
D:/Pipefish Mesocosm Film/Trial 7/13-12-20/13-12 Noon 01.MTS,430.899,24.274,Inactive,Female,,,,2.5,1,1.5,No,No,3,158.841
D:/Pipefish Mesocosm Film/Trial 7/13-12-20/13-12 Noon 01.MTS,455.174,6.87,Swim away,Female,,,,2.5,1,1.5,No,No,3,158.841
D:/Pipefish Mesocosm Film/Trial 7/13-12-20/13-12 Noon 01.MTS,462.045,8.26,Out of sight,Female,,,,2.5,1,1.5,No,No,3,158.841
D:/Pipefish Mesocosm Film/Trial 7/13-12-20/13-12 Noon 01.MTS,470.872,7.121,Pose,Female,S pose,Male,Front,2.5,1,1.5,No,No,3,158.841
D:/Pipefish Mesocosm Film/Trial 7/13-12-20/13-12 Noon 01.MTS,472.01,4.843,Wiggle,Male,Subtle wiggle,Female,2,2.5,1,1.5,No,No,3,158.841
D:/Pipefish Mesocosm Film/Trial 7/13-12-20/13-12 Noon 01.MTS,476.854,8.735,Inactive,Male,,,,2.5,1,1.5,No,No,3,158.841
D:/Pipefish Mesocosm Film/Trial 7/13-12-20/13-12 Noon 01.MTS,477.994,27.154,Inactive,Female,,,,2.5,1,1.5,No,No,3,158.841
D:/Pipefish Mesocosm Film/Trial 7/13-12-20/13-12 Noon 01.MTS,485.59,1.994,Wiggle,Male,Active wiggle,Female,3,2.5,1,1.5,No,No,3,158.841
D:/Pipefish Mesocosm Film/Trial 7/13-12-20/13-12 Noon 01.MTS,487.585,32.373,Inactive,Male,,,,2.5,1,1.5,No,No,3,158.841
D:/Pipefish Mesocosm Film/Trial 7/13-12-20/13-12 Noon 01.MTS,505.149,13.128,Out of sight,Female,,,,2.5,1,1.5,No,No,3,158.841
D:/Pipefish Mesocosm Film/Trial 7/13-12-20/13-12 Noon 01.MTS,530.562,6.618,Wiggle,Male,Active wiggle,Female,2,2.8,1,1.8,Yes,Yes,4,2215.004
D:/Pipefish Mesocosm Film/Trial 7/13-12-20/13-12 Noon 01.MTS,534.104,57.349,Inactive,Female,,,,2.8,1,1.8,Yes,Yes,4,2215.004
D:/Pipefish Mesocosm Film/Trial 7/13-12-20/13-12 Noon 01.MTS,537.181,21.136,Inactive,Male,,,,2.8,1,1.8,Yes,Yes,4,2215.004
D:/Pipefish Mesocosm Film/Trial 7/13-12-20/13-12 Noon 01.MTS,558.318,2.275,Wiggle,Male,Active wiggle,Female,3,2.8,1,1.8,Yes,Yes,4,2215.004
D:/Pipefish Mesocosm Film/Trial 7/13-12-20/13-12 Noon 01.MTS,560.594,27.154,Inactive,Male,,,,2.8,1,1.8,Yes,Yes,4,2215.004
D:/Pipefish Mesocosm Film/Trial 7/13-12-20/13-12 Noon 01.MTS,587.749,4.081,Wiggle,Male,Active wiggle,Female,3,2.8,1,1.8,Yes,Yes,4,2215.004
D:/Pipefish Mesocosm Film/Trial 7/13-12-20/13-12 Noon 01.MTS,591.454,6.833,Wiggle,Female,Active wiggle,Male,3,2.8,1,1.8,Yes,Yes,4,2215.004
D:/Pipefish Mesocosm Film/Trial 7/13-12-20/13-12 Noon 01.MTS,591.831,109.093,Inactive,Male,,,,2.8,1,1.8,Yes,Yes,4,2215.004
D:/Pipefish Mesocosm Film/Trial 7/13-12-20/13-12 Noon 01.MTS,598.288,6.264,Pose,Female,S pose,Male,Front,2.8,1,1.8,Yes,Yes,4,2215.004
D:/Pipefish Mesocosm Film/Trial 7/13-12-20/13-12 Noon 01.MTS,604.553,18.229,Inactive,Female,,,,2.8,1,1.8,Yes,Yes,4,2215.004
D:/Pipefish Mesocosm Film/Trial 7/13-12-20/13-12 Noon 01.MTS,622.783,6.835,Swim away,Female,,,,2.8,1,1.8,Yes,Yes,4,2215.004
D:/Pipefish Mesocosm Film/Trial 7/13-12-20/13-12 Noon 01.MTS,629.619,1.994,Out of sight,Female,,,,2.8,1,1.8,Yes,Yes,4,2215.004
D:/Pipefish Mesocosm Film/Trial 7/13-12-20/13-12 Noon 01.MTS,631.614,5.602,Pose,Female,S pose,Male,Front,2.8,1,1.8,Yes,Yes,4,2215.004
D:/Pipefish Mesocosm Film/Trial 7/13-12-20/13-12 Noon 01.MTS,637.217,21.646,Inactive,Female,,,,2.8,1,1.8,Yes,Yes,4,2215.004
D:/Pipefish Mesocosm Film/Trial 7/13-12-20/13-12 Noon 01.MTS,658.864,3.511,Pose,Female,Non-s pose,Male,Front,2.8,1,1.8,Yes,Yes,4,2215.004
D:/Pipefish Mesocosm Film/Trial 7/13-12-20/13-12 Noon 01.MTS,662.376,28.768,Inactive,Female,,,,2.8,1,1.8,Yes,Yes,4,2215.004
D:/Pipefish Mesocosm Film/Trial 7/13-12-20/13-12 Noon 01.MTS,691.145,19.655,Pose,Female,Non-s pose,Male,Front,2.8,1,1.8,Yes,Yes,4,2215.004
D:/Pipefish Mesocosm Film/Trial 7/13-12-20/13-12 Noon 01.MTS,710.801,11.675,Out of sight,Female,,,,2.8,1,1.8,Yes,Yes,4,2215.004
D:/Pipefish Mesocosm Film/Trial 7/13-12-20/13-12 Noon 01.MTS,722.477,11.106,Pose,Female,S pose,Male,Front,2.8,1,1.8,Yes,Yes,4,2215.004
D:/Pipefish Mesocosm Film/Trial 7/13-12-20/13-12 Noon 01.MTS,722.666,6.931,Wiggle,Male,Active wiggle,Female,3,2.8,1,1.8,Yes,Yes,4,2215.004
D:/Pipefish Mesocosm Film/Trial 7/13-12-20/13-12 Noon 01.MTS,729.598,45.572,Inactive,Male,,,,2.8,1,1.8,Yes,Yes,4,2215.004
D:/Pipefish Mesocosm Film/Trial 7/13-12-20/13-12 Noon 01.MTS,733.584,41.301,Inactive,Female,,,,2.8,1,1.8,Yes,Yes,4,2215.004
D:/Pipefish Mesocosm Film/Trial 7/13-12-20/13-12 Noon 01.MTS,774.886,4.463,Pose,Female,S pose,Male,Front,2.8,1,1.8,Yes,Yes,4,2215.004
D:/Pipefish Mesocosm Film/Trial 7/13-12-20/13-12 Noon 01.MTS,775.171,3.417,Wiggle,Male,Active wiggle,Female,3,2.8,1,1.8,Yes,Yes,4,2215.004
D:/Pipefish Mesocosm Film/Trial 7/13-12-20/13-12 Noon 01.MTS,778.589,36.932,Inactive,Male,,,,2.8,1,1.8,Yes,Yes,4,2215.004
D:/Pipefish Mesocosm Film/Trial 7/13-12-20/13-12 Noon 01.MTS,779.35,8.067,Wiggle,Female,Active wiggle,Male,3,2.8,1,1.8,Yes,Yes,4,2215.004
D:/Pipefish Mesocosm Film/Trial 7/13-12-20/13-12 Noon 01.MTS,787.418,58.201,Inactive,Female,,,,2.8,1,1.8,Yes,Yes,4,2215.004
D:/Pipefish Mesocosm Film/Trial 7/13-12-20/13-12 Noon 01.MTS,815.522,1.422,Wiggle,Male,Active wiggle,Female,3,2.8,1,1.8,Yes,Yes,4,2215.004
D:/Pipefish Mesocosm Film/Trial 7/13-12-20/13-12 Noon 01.MTS,816.945,16.617,Inactive,Male,,,,2.8,1,1.8,Yes,Yes,4,2215.004
D:/Pipefish Mesocosm Film/Trial 7/13-12-20/13-12 Noon 01.MTS,829.098,0,Move away,Female,,,,2.8,1,1.8,Yes,Yes,4,2215.004
D:/Pipefish Mesocosm Film/Trial 7/13-12-20/13-12 Noon 01.MTS,833.563,2.562,Wiggle,Male,Active wiggle,Female,3,2.8,1,1.8,Yes,Yes,4,2215.004
D:/Pipefish Mesocosm Film/Trial 7/13-12-20/13-12 Noon 01.MTS,836.126,33.8,Inactive,Male,,,,2.8,1,1.8,Yes,Yes,4,2215.004
D:/Pipefish Mesocosm Film/Trial 7/13-12-20/13-12 Noon 01.MTS,845.62,2.281,Pose,Female,S pose,Male,Front,2.8,1,1.8,Yes,Yes,4,2215.004
D:/Pipefish Mesocosm Film/Trial 7/13-12-20/13-12 Noon 01.MTS,847.902,6.926,Inactive,Female,,,,2.8,1,1.8,Yes,Yes,4,2215.004
D:/Pipefish Mesocosm Film/Trial 7/13-12-20/13-12 Noon 01.MTS,854.829,12.253,Pose,Female,S pose,Male,Front,2.8,1,1.8,Yes,Yes,4,2215.004
D:/Pipefish Mesocosm Film/Trial 7/13-12-20/13-12 Noon 01.MTS,867.083,4.456,Inactive,Female,,,,2.8,1,1.8,Yes,Yes,4,2215.004
D:/Pipefish Mesocosm Film/Trial 7/13-12-20/13-12 Noon 01.MTS,869.927,6.266,Wiggle,Male,Active wiggle,Female,3,2.8,1,1.8,Yes,Yes,4,2215.004
D:/Pipefish Mesocosm Film/Trial 7/13-12-20/13-12 Noon 01.MTS,871.54,8.45,Pose,Female,S pose,Male,Front,2.8,1,1.8,Yes,Yes,4,2215.004
D:/Pipefish Mesocosm Film/Trial 7/13-12-20/13-12 Noon 01.MTS,876.194,22.783,Inactive,Male,,,,2.8,1,1.8,Yes,Yes,4,2215.004
D:/Pipefish Mesocosm Film/Trial 7/13-12-20/13-12 Noon 01.MTS,879.991,36.173,Inactive,Female,,,,2.8,1,1.8,Yes,Yes,4,2215.004
D:/Pipefish Mesocosm Film/Trial 7/13-12-20/13-12 Noon 01.MTS,898.978,4.652,Wiggle,Male,Active wiggle,Female,2,2.8,1,1.8,Yes,Yes,4,2215.004
D:/Pipefish Mesocosm Film/Trial 7/13-12-20/13-12 Noon 01.MTS,903.631,29.337,Inactive,Male,,,,2.8,1,1.8,Yes,Yes,4,2215.004
D:/Pipefish Mesocosm Film/Trial 7/13-12-20/13-12 Noon 01.MTS,916.165,9.935,Wiggle,Female,Active wiggle,Male,3,2.8,1,1.8,Yes,Yes,4,2215.004
D:/Pipefish Mesocosm Film/Trial 7/13-12-20/13-12 Noon 01.MTS,926.101,2.311,Inactive,Female,,,,2.8,1,1.8,Yes,Yes,4,2215.004
D:/Pipefish Mesocosm Film/Trial 7/13-12-20/13-12 Noon 01.MTS,928.413,2.906,Pose,Female,Non-s pose,Male,Front,2.8,1,1.8,Yes,Yes,4,2215.004
D:/Pipefish Mesocosm Film/Trial 7/13-12-20/13-12 Noon 01.MTS,931.32,60.229,Inactive,Female,,,,2.8,1,1.8,Yes,Yes,4,2215.004
D:/Pipefish Mesocosm Film/Trial 7/13-12-20/13-12 Noon 01.MTS,932.969,3.892,Wiggle,Male,Active wiggle,Female,3,2.8,1,1.8,Yes,Yes,4,2215.004
D:/Pipefish Mesocosm Film/Trial 7/13-12-20/13-12 Noon 01.MTS,936.862,19.938,Inactive,Male,,,,2.8,1,1.8,Yes,Yes,4,2215.004
D:/Pipefish Mesocosm Film/Trial 7/13-12-20/13-12 Noon 01.MTS,956.801,1.803,Wiggle,Male,Active wiggle,Female,3,2.8,1,1.8,Yes,Yes,4,2215.004
D:/Pipefish Mesocosm Film/Trial 7/13-12-20/13-12 Noon 01.MTS,958.605,1.137,Inactive,Male,,,,2.8,1,1.8,Yes,Yes,4,2215.004
D:/Pipefish Mesocosm Film/Trial 7/13-12-20/13-12 Noon 01.MTS,959.743,3.419,Wiggle,Male,Active wiggle,Female,3,2.8,1,1.8,Yes,Yes,4,2215.004
D:/Pipefish Mesocosm Film/Trial 7/13-12-20/13-12 Noon 01.MTS,963.163,28.292,Inactive,Male,,,,2.8,1,1.8,Yes,Yes,4,2215.004
D:/Pipefish Mesocosm Film/Trial 7/13-12-20/13-12 Noon 01.MTS,991.456,6.17,Wiggle,Male,Active wiggle,Female,3,2.8,1,1.8,Yes,Yes,4,2215.004
D:/Pipefish Mesocosm Film/Trial 7/13-12-20/13-12 Noon 01.MTS,991.55,11.964,Pose,Female,S pose,Male,Front,2.8,1,1.8,Yes,Yes,4,2215.004
D:/Pipefish Mesocosm Film/Trial 7/13-12-20/13-12 Noon 01.MTS,997.627,74.152,Inactive,Male,,,,2.8,1,1.8,Yes,Yes,4,2215.004
D:/Pipefish Mesocosm Film/Trial 7/13-12-20/13-12 Noon 01.MTS,1003.516,53.737,Inactive,Female,,,,2.8,1,1.8,Yes,Yes,4,2215.004
D:/Pipefish Mesocosm Film/Trial 7/13-12-20/13-12 Noon 01.MTS,1039.976,0,Move away,Female,,,,2.8,1,1.8,Yes,Yes,4,2215.004
D:/Pipefish Mesocosm Film/Trial 7/13-12-20/13-12 Noon 01.MTS,1057.254,11.105,Pose,Female,Non-s pose,Male,Front,2.8,1,1.8,Yes,Yes,4,2215.004
D:/Pipefish Mesocosm Film/Trial 7/13-12-20/13-12 Noon 01.MTS,1068.36,27.061,Out of sight,Female,,,,2.8,1,1.8,Yes,Yes,4,2215.004
D:/Pipefish Mesocosm Film/Trial 7/13-12-20/13-12 Noon 01.MTS,1071.78,2.088,Wiggle,Male,Active wiggle,Female,3,2.8,1,1.8,Yes,Yes,4,2215.004
D:/Pipefish Mesocosm Film/Trial 7/13-12-20/13-12 Noon 01.MTS,1073.869,20.981,Inactive,Male,,,,2.8,1,1.8,Yes,Yes,4,2215.004
D:/Pipefish Mesocosm Film/Trial 7/13-12-20/13-12 Noon 01.MTS,1094.851,4.083,Wiggle,Male,Active wiggle,Female,3,2.8,1,1.8,Yes,Yes,4,2215.004
D:/Pipefish Mesocosm Film/Trial 7/13-12-20/13-12 Noon 01.MTS,1095.422,5.409,Pose,Female,S pose,Male,Front,2.8,1,1.8,Yes,Yes,4,2215.004
D:/Pipefish Mesocosm Film/Trial 7/13-12-20/13-12 Noon 01.MTS,1098.935,27.249,Inactive,Male,,,,2.8,1,1.8,Yes,Yes,4,2215.004
D:/Pipefish Mesocosm Film/Trial 7/13-12-20/13-12 Noon 01.MTS,1100.832,60.577,Inactive,Female,,,,2.8,1,1.8,Yes,Yes,4,2215.004
D:/Pipefish Mesocosm Film/Trial 7/13-12-20/13-12 Noon 01.MTS,1126.185,17.942,Surrounding,Male,,,,2.8,1,1.8,Yes,Yes,4,2215.004
D:/Pipefish Mesocosm Film/Trial 7/13-12-20/13-12 Noon 01.MTS,1144.128,86.495,Inactive,Male,,,,2.8,1,1.8,Yes,Yes,4,2215.004
D:/Pipefish Mesocosm Film/Trial 7/13-12-20/13-12 Noon 01.MTS,1161.41,4.177,Pose,Female,Non-s pose,Male,Front,2.8,1,1.8,Yes,Yes,4,2215.004
D:/Pipefish Mesocosm Film/Trial 7/13-12-20/13-12 Noon 01.MTS,1165.588,6.17,Wiggle,Female,Active wiggle,Male,3,2.8,1,1.8,Yes,Yes,4,2215.004
D:/Pipefish Mesocosm Film/Trial 7/13-12-20/13-12 Noon 01.MTS,1171.759,7.998,Pose,Female,Non-s pose,Male,Front,2.8,1,1.8,Yes,Yes,4,2215.004
D:/Pipefish Mesocosm Film/Trial 7/13-12-20/13-12 Noon 01.MTS,1179.758,109.159,Inactive,Female,,,,2.8,1,1.8,Yes,Yes,4,2215.004
D:/Pipefish Mesocosm Film/Trial 7/13-12-20/13-12 Noon 01.MTS,1192.644,0,Follow,Male,,,,2.8,1,1.8,Yes,Yes,4,2215.004
D:/Pipefish Mesocosm Film/Trial 7/13-12-20/13-12 Noon 01.MTS,1200.147,0,Move away,Female,,,,2.8,1,1.8,Yes,Yes,4,2215.004
D:/Pipefish Mesocosm Film/Trial 7/13-12-20/13-12 Noon 01.MTS,1230.624,7.214,Wiggle,Male,Active wiggle,Female,3,2.8,1,1.8,Yes,Yes,4,2215.004
D:/Pipefish Mesocosm Film/Trial 7/13-12-20/13-12 Noon 01.MTS,1237.839,28.578,Inactive,Male,,,,2.8,1,1.8,Yes,Yes,4,2215.004
D:/Pipefish Mesocosm Film/Trial 7/13-12-20/13-12 Noon 01.MTS,1266.418,3.985,Wiggle,Male,Active wiggle,Female,3,2.8,1,1.8,Yes,Yes,4,2215.004
D:/Pipefish Mesocosm Film/Trial 7/13-12-20/13-12 Noon 01.MTS,1270.404,10.442,Inactive,Male,,,,2.8,1,1.8,Yes,Yes,4,2215.004
D:/Pipefish Mesocosm Film/Trial 7/13-12-20/13-12 Noon 01.MTS,1280.847,11.014,Chasing,Male,,,,2.8,1,1.8,Yes,Yes,4,2215.004
D:/Pipefish Mesocosm Film/Trial 7/13-12-20/13-12 Noon 01.MTS,1288.918,8.543,Wiggle,Female,Active wiggle,Male,3,2.8,1,1.8,Yes,Yes,4,2215.004
D:/Pipefish Mesocosm Film/Trial 7/13-12-20/13-12 Noon 01.MTS,1291.862,29.906,Inactive,Male,,,,2.8,1,1.8,Yes,Yes,4,2215.004
D:/Pipefish Mesocosm Film/Trial 7/13-12-20/13-12 Noon 01.MTS,1297.462,7.123,Pose,Female,Non-s pose,Male,Front,2.8,1,1.8,Yes,Yes,4,2215.004
D:/Pipefish Mesocosm Film/Trial 7/13-12-20/13-12 Noon 01.MTS,1304.586,115.451,Inactive,Female,,,,2.8,1,1.8,Yes,Yes,4,2215.004
D:/Pipefish Mesocosm Film/Trial 7/13-12-20/13-12 Noon 01.MTS,1321.769,2.183,Wiggle,Male,Active wiggle,Female,3,2.8,1,1.8,Yes,Yes,4,2215.004
D:/Pipefish Mesocosm Film/Trial 7/13-12-20/13-12 Noon 01.MTS,1323.953,18.989,Inactive,Male,,,,2.8,1,1.8,Yes,Yes,4,2215.004
D:/Pipefish Mesocosm Film/Trial 7/13-12-20/13-12 Noon 01.MTS,1342.943,8.165,Wiggle,Male,Active wiggle,Female,3,2.8,1,1.8,Yes,Yes,4,2215.004
D:/Pipefish Mesocosm Film/Trial 7/13-12-20/13-12 Noon 01.MTS,1351.11,43.007,Inactive,Male,,,,2.8,1,1.8,Yes,Yes,4,2215.004
D:/Pipefish Mesocosm Film/Trial 7/13-12-20/13-12 Noon 01.MTS,1394.118,3.891,Wiggle,Male,Subtle wiggle,Female,2,2.8,1,1.8,Yes,Yes,4,2215.004
D:/Pipefish Mesocosm Film/Trial 7/13-12-20/13-12 Noon 01.MTS,1398.01,22.408,Inactive,Male,,,,2.8,1,1.8,Yes,Yes,4,2215.004
D:/Pipefish Mesocosm Film/Trial 7/13-12-20/13-12 Noon 01.MTS,1420.038,10.443,Swim away,Female,,,,2.8,1,1.8,Yes,Yes,4,2215.004
D:/Pipefish Mesocosm Film/Trial 7/13-12-20/13-12 Noon 01.MTS,1420.419,7.974,Chasing,Male,,,,2.8,1,1.8,Yes,Yes,4,2215.004
D:/Pipefish Mesocosm Film/Trial 7/13-12-20/13-12 Noon 01.MTS,1428.394,48.041,Inactive,Male,,,,2.8,1,1.8,Yes,Yes,4,2215.004
D:/Pipefish Mesocosm Film/Trial 7/13-12-20/13-12 Noon 01.MTS,1430.482,1.423,Inactive,Female,,,,2.8,1,1.8,Yes,Yes,4,2215.004
D:/Pipefish Mesocosm Film/Trial 7/13-12-20/13-12 Noon 01.MTS,1431.906,2.087,Pose,Female,S pose,Male,Front,2.8,1,1.8,Yes,Yes,4,2215.004
D:/Pipefish Mesocosm Film/Trial 7/13-12-20/13-12 Noon 01.MTS,1433.994,61.714,Inactive,Female,,,,2.8,1,1.8,Yes,Yes,4,2215.004
D:/Pipefish Mesocosm Film/Trial 7/13-12-20/13-12 Noon 01.MTS,1476.436,1.611,Wiggle,Male,Active wiggle,Female,3,2.8,1,1.8,Yes,Yes,4,2215.004
D:/Pipefish Mesocosm Film/Trial 7/13-12-20/13-12 Noon 01.MTS,1478.048,17.659,Inactive,Male,,,,2.8,1,1.8,Yes,Yes,4,2215.004
D:/Pipefish Mesocosm Film/Trial 7/13-12-20/13-12 Noon 01.MTS,1495.708,9.59,Chasing,Male,,,,2.8,1,1.8,Yes,Yes,4,2215.004
D:/Pipefish Mesocosm Film/Trial 7/13-12-20/13-12 Noon 01.MTS,1495.709,5.6,Pose,Female,Non-s pose,Female,Back,2.8,1,1.8,Yes,Yes,4,2215.004
D:/Pipefish Mesocosm Film/Trial 7/13-12-20/13-12 Noon 01.MTS,1501.31,1.708,Inactive,Female,,,,2.8,1,1.8,Yes,Yes,4,2215.004
D:/Pipefish Mesocosm Film/Trial 7/13-12-20/13-12 Noon 01.MTS,1503.019,4.747,Pose,Female,Non-s pose,Female,Front,2.8,1,1.8,Yes,Yes,4,2215.004
D:/Pipefish Mesocosm Film/Trial 7/13-12-20/13-12 Noon 01.MTS,1505.299,2.561,Inactive,Male,,,,2.8,1,1.8,Yes,Yes,4,2215.004
D:/Pipefish Mesocosm Film/Trial 7/13-12-20/13-12 Noon 01.MTS,1507.767,72.916,Inactive,Female,,,,2.8,1,1.8,Yes,Yes,4,2215.004
D:/Pipefish Mesocosm Film/Trial 7/13-12-20/13-12 Noon 01.MTS,1507.861,2.28,Wiggle,Male,Active wiggle,Female,3,2.8,1,1.8,Yes,Yes,4,2215.004
D:/Pipefish Mesocosm Film/Trial 7/13-12-20/13-12 Noon 01.MTS,1510.142,50.889,Inactive,Male,,,,2.8,1,1.8,Yes,Yes,4,2215.004
D:/Pipefish Mesocosm Film/Trial 7/13-12-20/13-12 Noon 01.MTS,1561.032,1.802,Wiggle,Male,Active wiggle,Female,3,2.8,1,1.8,Yes,Yes,4,2215.004
D:/Pipefish Mesocosm Film/Trial 7/13-12-20/13-12 Noon 01.MTS,1562.835,2.846,Inactive,Male,,,,2.8,1,1.8,Yes,Yes,4,2215.004
D:/Pipefish Mesocosm Film/Trial 7/13-12-20/13-12 Noon 01.MTS,1565.682,2.848,Wiggle,Male,Active wiggle,Female,3,2.8,1,1.8,Yes,Yes,4,2215.004
D:/Pipefish Mesocosm Film/Trial 7/13-12-20/13-12 Noon 01.MTS,1568.531,3.134,Inactive,Male,,,,2.8,1,1.8,Yes,Yes,4,2215.004
D:/Pipefish Mesocosm Film/Trial 7/13-12-20/13-12 Noon 01.MTS,1571.666,3.797,Wiggle,Male,Active wiggle,Female,3,2.8,1,1.8,Yes,Yes,4,2215.004
D:/Pipefish Mesocosm Film/Trial 7/13-12-20/13-12 Noon 01.MTS,1575.464,40.255,Inactive,Male,,,,2.8,1,1.8,Yes,Yes,4,2215.004
D:/Pipefish Mesocosm Film/Trial 7/13-12-20/13-12 Noon 01.MTS,1580.684,5.127,Pose,Female,S pose,Male,Front,2.8,1,1.8,Yes,Yes,4,2215.004
D:/Pipefish Mesocosm Film/Trial 7/13-12-20/13-12 Noon 01.MTS,1585.812,5.032,Inactive,Female,,,,2.8,1,1.8,Yes,Yes,4,2215.004
D:/Pipefish Mesocosm Film/Trial 7/13-12-20/13-12 Noon 01.MTS,1590.845,7.214,Wiggle,Female,Active wiggle,Male,2,2.8,1,1.8,Yes,Yes,4,2215.004
D:/Pipefish Mesocosm Film/Trial 7/13-12-20/13-12 Noon 01.MTS,1598.06,74.436,Inactive,Female,,,,2.8,1,1.8,Yes,Yes,4,2215.004
D:/Pipefish Mesocosm Film/Trial 7/13-12-20/13-12 Noon 01.MTS,1615.72,6.265,Wiggle,Male,Active wiggle,Female,3,2.8,1,1.8,Yes,Yes,4,2215.004
D:/Pipefish Mesocosm Film/Trial 7/13-12-20/13-12 Noon 01.MTS,1621.986,43.388,Inactive,Male,,,,2.8,1,1.8,Yes,Yes,4,2215.004
D:/Pipefish Mesocosm Film/Trial 7/13-12-20/13-12 Noon 01.MTS,1623.978,0,Move away,Female,,,,2.8,1,1.8,Yes,Yes,4,2215.004
D:/Pipefish Mesocosm Film/Trial 7/13-12-20/13-12 Noon 01.MTS,1665.375,14.718,Chasing,Male,,,,2.8,1,1.8,Yes,Yes,4,2215.004
D:/Pipefish Mesocosm Film/Trial 7/13-12-20/13-12 Noon 01.MTS,1672.497,4.841,Pose,Female,Non-s pose,Male,Front,2.8,1,1.8,Yes,Yes,4,2215.004
D:/Pipefish Mesocosm Film/Trial 7/13-12-20/13-12 Noon 01.MTS,1677.339,2.087,Inactive,Female,,,,2.8,1,1.8,Yes,Yes,4,2215.004
D:/Pipefish Mesocosm Film/Trial 7/13-12-20/13-12 Noon 01.MTS,1679.427,4.937,Wiggle,Female,Active wiggle,Male,2,2.8,1,1.8,Yes,Yes,4,2215.004
D:/Pipefish Mesocosm Film/Trial 7/13-12-20/13-12 Noon 01.MTS,1680.094,36.74,Inactive,Male,,,,2.8,1,1.8,Yes,Yes,4,2215.004
D:/Pipefish Mesocosm Film/Trial 7/13-12-20/13-12 Noon 01.MTS,1684.365,41.87,Inactive,Female,,,,2.8,1,1.8,Yes,Yes,4,2215.004
D:/Pipefish Mesocosm Film/Trial 7/13-12-20/13-12 Noon 01.MTS,1716.835,6.93,Wiggle,Male,Active wiggle,Female,2,2.8,1,1.8,Yes,Yes,4,2215.004
D:/Pipefish Mesocosm Film/Trial 7/13-12-20/13-12 Noon 01.MTS,1723.766,5.506,Inactive,Male,,,,2.8,1,1.8,Yes,Yes,4,2215.004
D:/Pipefish Mesocosm Film/Trial 7/13-12-20/13-12 Noon 01.MTS,1726.236,4.556,Pose,Female,S pose,Male,Front,2.8,1,1.8,Yes,Yes,4,2215.004
D:/Pipefish Mesocosm Film/Trial 7/13-12-20/13-12 Noon 01.MTS,1729.273,2.183,Wiggle,Male,Active wiggle,Female,3,2.8,1,1.8,Yes,Yes,4,2215.004
D:/Pipefish Mesocosm Film/Trial 7/13-12-20/13-12 Noon 01.MTS,1731.457,12.346,Chasing,Male,,,,2.8,1,1.8,Yes,Yes,4,2215.004
D:/Pipefish Mesocosm Film/Trial 7/13-12-20/13-12 Noon 01.MTS,1733.356,2.563,Inactive,Female,,,,2.8,1,1.8,Yes,Yes,4,2215.004
D:/Pipefish Mesocosm Film/Trial 7/13-12-20/13-12 Noon 01.MTS,1735.92,2.659,Pose,Female,Non-s pose,Male,Front,2.8,1,1.8,Yes,Yes,4,2215.004
D:/Pipefish Mesocosm Film/Trial 7/13-12-20/13-12 Noon 01.MTS,1738.58,83.454,Inactive,Female,,,,2.8,1,1.8,Yes,Yes,4,2215.004
D:/Pipefish Mesocosm Film/Trial 7/13-12-20/13-12 Noon 01.MTS,1743.804,17.084,Surrounding,Male,,,,2.8,1,1.8,Yes,Yes,4,2215.004
D:/Pipefish Mesocosm Film/Trial 7/13-12-20/13-12 Noon 01.MTS,1760.889,9.115,Inactive,Male,,,,2.8,1,1.8,Yes,Yes,4,2215.004
D:/Pipefish Mesocosm Film/Trial 7/13-12-20/13-12 Noon 01.MTS,1770.005,2.278,Wiggle,Male,Subtle wiggle,Female,3,2.8,1,1.8,Yes,Yes,4,2215.004
D:/Pipefish Mesocosm Film/Trial 7/13-12-20/13-12 Noon 01.MTS,1772.284,16.898,Inactive,Male,,,,2.8,1,1.8,Yes,Yes,4,2215.004
D:/Pipefish Mesocosm Film/Trial 7/13-12-20/13-12 Noon 01.MTS,1789.183,2.374,Wiggle,Male,Active wiggle,Female,3,2.8,1,1.8,Yes,Yes,4,2215.004
D:/Pipefish Mesocosm Film/Trial 7/13-12-20/13-12 Noon 01.MTS,1791.558,26.963,Inactive,Male,,,,2.8,1,1.8,Yes,Yes,4,2215.004
D:/Pipefish Mesocosm Film/Trial 7/13-12-20/13-12 Noon 01.MTS,1818.522,3.608,Wiggle,Male,Active wiggle,Female,3,2.8,1,1.8,Yes,Yes,4,2215.004
D:/Pipefish Mesocosm Film/Trial 7/13-12-20/13-12 Noon 01.MTS,1822.035,2.847,Pose,Female,S pose,Male,Front,2.8,1,1.8,Yes,Yes,4,2215.004
D:/Pipefish Mesocosm Film/Trial 7/13-12-20/13-12 Noon 01.MTS,1822.131,10.158,Inactive,Male,,,,2.8,1,1.8,Yes,Yes,4,2215.004
D:/Pipefish Mesocosm Film/Trial 7/13-12-20/13-12 Noon 01.MTS,1824.883,0.189,Inactive,Female,,,,2.8,1,1.8,Yes,Yes,4,2215.004
D:/Pipefish Mesocosm Film/Trial 7/13-12-20/13-12 Noon 01.MTS,1825.073,6.834,Wiggle,Female,Subtle wiggle,Male,3,2.8,1,1.8,Yes,Yes,4,2215.004
D:/Pipefish Mesocosm Film/Trial 7/13-12-20/13-12 Noon 01.MTS,1831.908,4.557,Inactive,Female,,,,2.8,1,1.8,Yes,Yes,4,2215.004
D:/Pipefish Mesocosm Film/Trial 7/13-12-20/13-12 Noon 01.MTS,1832.29,1.992,Wiggle,Male,Active wiggle,Female,3,2.8,1,1.8,Yes,Yes,4,2215.004
D:/Pipefish Mesocosm Film/Trial 7/13-12-20/13-12 Noon 01.MTS,1834.283,3.037,Inactive,Male,,,,2.8,1,1.8,Yes,Yes,4,2215.004
D:/Pipefish Mesocosm Film/Trial 7/13-12-20/13-12 Noon 01.MTS,1836.466,8.451,Swim away,Female,,,,2.8,1,1.8,Yes,Yes,4,2215.004
D:/Pipefish Mesocosm Film/Trial 7/13-12-20/13-12 Noon 01.MTS,1837.321,7.12,Chasing,Male,,,,2.8,1,1.8,Yes,Yes,4,2215.004
D:/Pipefish Mesocosm Film/Trial 7/13-12-20/13-12 Noon 01.MTS,1844.442,17.849,Inactive,Male,,,,2.8,1,1.8,Yes,Yes,4,2215.004
D:/Pipefish Mesocosm Film/Trial 7/13-12-20/13-12 Noon 01.MTS,1844.918,63.325,Inactive,Female,,,,2.8,1,1.8,Yes,Yes,4,2215.004
D:/Pipefish Mesocosm Film/Trial 7/13-12-20/13-12 Noon 01.MTS,1862.292,6.074,Wiggle,Male,Active wiggle,Female,3,2.8,1,1.8,Yes,Yes,4,2215.004
D:/Pipefish Mesocosm Film/Trial 7/13-12-20/13-12 Noon 01.MTS,1868.367,18.99,Inactive,Male,,,,2.8,1,1.8,Yes,Yes,4,2215.004
D:/Pipefish Mesocosm Film/Trial 7/13-12-20/13-12 Noon 01.MTS,1887.358,2.468,Wiggle,Male,Active wiggle,Female,3,2.8,1,1.8,Yes,Yes,4,2215.004
D:/Pipefish Mesocosm Film/Trial 7/13-12-20/13-12 Noon 01.MTS,1889.827,6.93,Inactive,Male,,,,2.8,1,1.8,Yes,Yes,4,2215.004
D:/Pipefish Mesocosm Film/Trial 7/13-12-20/13-12 Noon 01.MTS,1896.758,11.581,Surrounding,Male,,,,2.8,1,1.8,Yes,Yes,4,2215.004
D:/Pipefish Mesocosm Film/Trial 7/13-12-20/13-12 Noon 01.MTS,1908.244,2.468,Pose,Female,S pose,Male,Front,2.8,1,1.8,Yes,Yes,4,2215.004
D:/Pipefish Mesocosm Film/Trial 7/13-12-20/13-12 Noon 01.MTS,1908.34,1.139,Wiggle,Male,Subtle wiggle,Female,2,2.8,1,1.8,Yes,Yes,4,2215.004
D:/Pipefish Mesocosm Film/Trial 7/13-12-20/13-12 Noon 01.MTS,1909.48,21.361,Inactive,Male,,,,2.8,1,1.8,Yes,Yes,4,2215.004
D:/Pipefish Mesocosm Film/Trial 7/13-12-20/13-12 Noon 01.MTS,1910.713,3.132,Inactive,Female,,,,2.8,1,1.8,Yes,Yes,4,2215.004
D:/Pipefish Mesocosm Film/Trial 7/13-12-20/13-12 Noon 01.MTS,1913.846,3.607,Pose,Female,S pose,Male,Front,2.8,1,1.8,Yes,Yes,4,2215.004
D:/Pipefish Mesocosm Film/Trial 7/13-12-20/13-12 Noon 01.MTS,1917.454,10.538,Inactive,Female,,,,2.8,1,1.8,Yes,Yes,4,2215.004
D:/Pipefish Mesocosm Film/Trial 7/13-12-20/13-12 Noon 01.MTS,1927.993,6.741,Pose,Female,S pose,Male,Front,2.8,1,1.8,Yes,Yes,4,2215.004
D:/Pipefish Mesocosm Film/Trial 7/13-12-20/13-12 Noon 01.MTS,1930.842,3.322,Wiggle,Male,Active wiggle,Female,2,2.8,1,1.8,Yes,Yes,4,2215.004
D:/Pipefish Mesocosm Film/Trial 7/13-12-20/13-12 Noon 01.MTS,1934.165,15.95,Inactive,Male,,,,2.8,1,1.8,Yes,Yes,4,2215.004
D:/Pipefish Mesocosm Film/Trial 7/13-12-20/13-12 Noon 01.MTS,1934.735,5.697,Inactive,Female,,,,2.8,1,1.8,Yes,Yes,4,2215.004
D:/Pipefish Mesocosm Film/Trial 7/13-12-20/13-12 Noon 01.MTS,1940.433,14.05,Pose,Female,Non-s pose,Male,Front,2.8,1,1.8,Yes,Yes,4,2215.004
D:/Pipefish Mesocosm Film/Trial 7/13-12-20/13-12 Noon 01.MTS,1950.116,2.183,Wiggle,Male,Active wiggle,Female,3,2.8,1,1.8,Yes,Yes,4,2215.004
D:/Pipefish Mesocosm Film/Trial 7/13-12-20/13-12 Noon 01.MTS,1952.3,34.559,Inactive,Male,,,,2.8,1,1.8,Yes,Yes,4,2215.004
D:/Pipefish Mesocosm Film/Trial 7/13-12-20/13-12 Noon 01.MTS,1954.484,31.424,Inactive,Female,,,,2.8,1,1.8,Yes,Yes,4,2215.004
D:/Pipefish Mesocosm Film/Trial 7/13-12-20/13-12 Noon 01.MTS,1985.909,2.849,Pose,Female,S pose,Male,Front,2.8,1,1.8,Yes,Yes,4,2215.004
D:/Pipefish Mesocosm Film/Trial 7/13-12-20/13-12 Noon 01.MTS,1986.86,3.323,Wiggle,Male,Active wiggle,Female,2,2.8,1,1.8,Yes,Yes,4,2215.004
D:/Pipefish Mesocosm Film/Trial 7/13-12-20/13-12 Noon 01.MTS,1988.759,3.986,Inactive,Female,,,,2.8,1,1.8,Yes,Yes,4,2215.004
D:/Pipefish Mesocosm Film/Trial 7/13-12-20/13-12 Noon 01.MTS,1990.184,13.763,Inactive,Male,,,,2.8,1,1.8,Yes,Yes,4,2215.004
D:/Pipefish Mesocosm Film/Trial 7/13-12-20/13-12 Noon 01.MTS,1992.746,10.824,Pose,Female,Non-s pose,Male,Front,2.8,1,1.8,Yes,Yes,4,2215.004
D:/Pipefish Mesocosm Film/Trial 7/13-12-20/13-12 Noon 01.MTS,2003.571,5.41,Inactive,Female,,,,2.8,1,1.8,Yes,Yes,4,2215.004
D:/Pipefish Mesocosm Film/Trial 7/13-12-20/13-12 Noon 01.MTS,2003.948,4.37,Surrounding,Male,,,,2.8,1,1.8,Yes,Yes,4,2215.004
D:/Pipefish Mesocosm Film/Trial 7/13-12-20/13-12 Noon 01.MTS,2008.319,16.519,Inactive,Male,,,,2.8,1,1.8,Yes,Yes,4,2215.004
D:/Pipefish Mesocosm Film/Trial 7/13-12-20/13-12 Noon 01.MTS,2008.982,10.917,Pose,Female,Non-s pose,Male,Front,2.8,1,1.8,Yes,Yes,4,2215.004
D:/Pipefish Mesocosm Film/Trial 7/13-12-20/13-12 Noon 01.MTS,2019.9,15.76,Inactive,Female,,,,2.8,1,1.8,Yes,Yes,4,2215.004
D:/Pipefish Mesocosm Film/Trial 7/13-12-20/13-12 Noon 01.MTS,2024.839,2.182,Wiggle,Male,Active wiggle,Female,3,2.8,1,1.8,Yes,Yes,4,2215.004
D:/Pipefish Mesocosm Film/Trial 7/13-12-20/13-12 Noon 01.MTS,2027.022,14.527,Surrounding,Male,,,,2.8,1,1.8,Yes,Yes,4,2215.004
D:/Pipefish Mesocosm Film/Trial 7/13-12-20/13-12 Noon 01.MTS,2035.661,12.058,Wiggle,Female,Subtle wiggle,Male,4,2.8,1,1.8,Yes,Yes,4,2215.004
D:/Pipefish Mesocosm Film/Trial 7/13-12-20/13-12 Noon 01.MTS,2041.55,8.732,Chasing,Male,,,,2.8,1,1.8,Yes,Yes,4,2215.004
D:/Pipefish Mesocosm Film/Trial 7/13-12-20/13-12 Noon 01.MTS,2047.72,43.103,Inactive,Female,,,,2.8,1,1.8,Yes,Yes,4,2215.004
D:/Pipefish Mesocosm Film/Trial 7/13-12-20/13-12 Noon 01.MTS,2050.283,5.884,Surrounding,Male,,,,2.8,1,1.8,Yes,Yes,4,2215.004
D:/Pipefish Mesocosm Film/Trial 7/13-12-20/13-12 Noon 01.MTS,2056.168,32.948,Inactive,Male,,,,2.8,1,1.8,Yes,Yes,4,2215.004
D:/Pipefish Mesocosm Film/Trial 7/13-12-20/13-12 Noon 01.MTS,2082.754,0,Move away,Female,,,,2.8,1,1.8,Yes,Yes,4,2215.004
D:/Pipefish Mesocosm Film/Trial 7/13-12-20/13-12 Noon 01.MTS,2089.117,50.415,Surrounding,Male,,,,2.8,1,1.8,Yes,Yes,4,2215.004
D:/Pipefish Mesocosm Film/Trial 7/13-12-20/13-12 Noon 01.MTS,2090.824,9.116,Swim away,Female,,,,2.8,1,1.8,Yes,Yes,4,2215.004
D:/Pipefish Mesocosm Film/Trial 7/13-12-20/13-12 Noon 01.MTS,2093.673,0,Follow,Male,,,,2.8,1,1.8,Yes,Yes,4,2215.004
D:/Pipefish Mesocosm Film/Trial 7/13-12-20/13-12 Noon 01.MTS,2099.941,2.942,Pose,Female,S pose,Male,Front,2.8,1,1.8,Yes,Yes,4,2215.004
D:/Pipefish Mesocosm Film/Trial 7/13-12-20/13-12 Noon 01.MTS,2102.884,35.318,Inactive,Female,,,,2.8,1,1.8,Yes,Yes,4,2215.004
D:/Pipefish Mesocosm Film/Trial 7/13-12-20/13-12 Noon 01.MTS,2115.416,0,Touch,Male,,,,2.8,1,1.8,Yes,Yes,4,2215.004
D:/Pipefish Mesocosm Film/Trial 7/13-12-20/13-12 Noon 01.MTS,2138.203,2.277,Pose,Female,S pose,Male,Front,2.8,1,1.8,Yes,Yes,4,2215.004
D:/Pipefish Mesocosm Film/Trial 7/13-12-20/13-12 Noon 01.MTS,2139.533,7.026,Wiggle,Male,Active wiggle,Female,3,2.8,1,1.8,Yes,Yes,4,2215.004
D:/Pipefish Mesocosm Film/Trial 7/13-12-20/13-12 Noon 01.MTS,2140.481,11.868,Inactive,Female,,,,2.8,1,1.8,Yes,Yes,4,2215.004
D:/Pipefish Mesocosm Film/Trial 7/13-12-20/13-12 Noon 01.MTS,2146.56,5.028,Inactive,Male,,,,2.8,1,1.8,Yes,Yes,4,2215.004
D:/Pipefish Mesocosm Film/Trial 7/13-12-20/13-12 Noon 01.MTS,2151.589,9.873,Chasing,Male,,,,2.8,1,1.8,Yes,Yes,4,2215.004
D:/Pipefish Mesocosm Film/Trial 7/13-12-20/13-12 Noon 01.MTS,2152.35,8.352,Pose,Female,Non-s pose,Male,Front,2.8,1,1.8,Yes,Yes,4,2215.004
D:/Pipefish Mesocosm Film/Trial 7/13-12-20/13-12 Noon 01.MTS,2160.703,3.988,Inactive,Female,,,,2.8,1,1.8,Yes,Yes,4,2215.004
D:/Pipefish Mesocosm Film/Trial 7/13-12-20/13-12 Noon 01.MTS,2161.463,4.557,Surrounding,Male,,,,2.8,1,1.8,Yes,Yes,4,2215.004
D:/Pipefish Mesocosm Film/Trial 7/13-12-20/13-12 Noon 01.MTS,2164.692,7.405,Pose,Female,Non-s pose,Male,Front,2.8,1,1.8,Yes,Yes,4,2215.004
D:/Pipefish Mesocosm Film/Trial 7/13-12-20/13-12 Noon 01.MTS,2166.021,6.267,Chasing,Male,,,,2.8,1,1.8,Yes,Yes,4,2215.004
D:/Pipefish Mesocosm Film/Trial 7/13-12-20/13-12 Noon 01.MTS,2172.098,24.495,Inactive,Female,,,,2.8,1,1.8,Yes,Yes,4,2215.004
D:/Pipefish Mesocosm Film/Trial 7/13-12-20/13-12 Noon 01.MTS,2172.289,12.53,Inactive,Male,,,,2.8,1,1.8,Yes,Yes,4,2215.004
D:/Pipefish Mesocosm Film/Trial 7/13-12-20/13-12 Noon 01.MTS,2184.82,11.392,Surrounding,Male,,,,2.8,1,1.8,Yes,Yes,4,2215.004
D:/Pipefish Mesocosm Film/Trial 7/13-12-20/13-12 Noon 01.MTS,2189.283,0,Move away,Female,,,,2.8,1,1.8,Yes,Yes,4,2215.004
D:/Pipefish Mesocosm Film/Trial 7/13-12-20/13-12 Noon 01.MTS,2196.213,13.862,Chasing,Male,,,,2.8,1,1.8,Yes,Yes,4,2215.004
D:/Pipefish Mesocosm Film/Trial 7/13-12-20/13-12 Noon 01.MTS,2196.594,10.822,Swim away,Female,,,,2.8,1,1.8,Yes,Yes,4,2215.004
D:/Pipefish Mesocosm Film/Trial 7/13-12-20/13-12 Noon 01.MTS,2207.417,17.373,Inactive,Female,,,,2.8,1,1.8,Yes,Yes,4,2215.004
D:/Pipefish Mesocosm Film/Trial 7/13-12-20/13-12 Noon 01.MTS,2210.076,11.963,Inactive,Male,,,,2.8,1,1.8,Yes,Yes,4,2215.004
D:/Pipefish Mesocosm Film/Trial 7/13-12-20/13-12 Noon 01.MTS,2222.04,10.919,Chasing,Male,,,,2.8,1,1.8,Yes,Yes,4,2215.004
D:/Pipefish Mesocosm Film/Trial 7/13-12-20/13-12 Noon 01.MTS,2224.791,7.026,Swim away,Female,,,,2.8,1,1.8,Yes,Yes,4,2215.004
D:/Pipefish Mesocosm Film/Trial 7/13-12-20/13-12 Noon 01.MTS,2231.818,4.27,Pose,Female,Non-s pose,Male,Front,2.8,1,1.8,Yes,Yes,4,2215.004
D:/Pipefish Mesocosm Film/Trial 7/13-12-20/13-12 Noon 01.MTS,2232.96,10.251,Surrounding,Male,,,,2.8,1,1.8,Yes,Yes,4,2215.004
D:/Pipefish Mesocosm Film/Trial 7/13-12-20/13-12 Noon 01.MTS,2236.089,6.551,Inactive,Female,,,,2.8,1,1.8,Yes,Yes,4,2215.004
D:/Pipefish Mesocosm Film/Trial 7/13-12-20/13-12 Noon 01.MTS,2242.641,5.033,Swim away,Female,,,,2.8,1,1.8,Yes,Yes,4,2215.004
D:/Pipefish Mesocosm Film/Trial 7/13-12-20/13-12 Noon 01.MTS,2243.212,6.835,Chasing,Male,,,,2.8,1,1.8,Yes,Yes,4,2215.004
D:/Pipefish Mesocosm Film/Trial 7/13-12-20/13-12 Noon 01.MTS,2247.675,6.549,Pose,Female,S pose,Male,Front,2.8,1,1.8,Yes,Yes,4,2215.004
D:/Pipefish Mesocosm Film/Trial 7/13-12-20/13-12 Noon 01.MTS,2250.048,5.316,Wiggle,Male,Active wiggle,Female,3,2.8,1,1.8,Yes,Yes,4,2215.004
D:/Pipefish Mesocosm Film/Trial 7/13-12-20/13-12 Noon 01.MTS,2254.225,52.408,Inactive,Female,,,,2.8,1,1.8,Yes,Yes,4,2215.004
D:/Pipefish Mesocosm Film/Trial 7/13-12-20/13-12 Noon 01.MTS,2255.365,6.169,Inactive,Male,,,,2.8,1,1.8,Yes,Yes,4,2215.004
D:/Pipefish Mesocosm Film/Trial 7/13-12-20/13-12 Noon 01.MTS,2261.535,9.399,Surrounding,Male,,,,2.8,1,1.8,Yes,Yes,4,2215.004
D:/Pipefish Mesocosm Film/Trial 7/13-12-20/13-12 Noon 01.MTS,2270.935,3.037,Inactive,Male,,,,2.8,1,1.8,Yes,Yes,4,2215.004
D:/Pipefish Mesocosm Film/Trial 7/13-12-20/13-12 Noon 01.MTS,2273.973,4.366,Wiggle,Male,Active wiggle,Female,2,2.8,1,1.8,Yes,Yes,4,2215.004
D:/Pipefish Mesocosm Film/Trial 7/13-12-20/13-12 Noon 01.MTS,2278.34,6.457,Inactive,Male,,,,2.8,1,1.8,Yes,Yes,4,2215.004
D:/Pipefish Mesocosm Film/Trial 7/13-12-20/13-12 Noon 01.MTS,2284.798,7.308,Wiggle,Male,Active wiggle,Female,2,2.8,1,1.8,Yes,Yes,4,2215.004
D:/Pipefish Mesocosm Film/Trial 7/13-12-20/13-12 Noon 01.MTS,2292.107,28.39,Inactive,Male,,,,2.8,1,1.8,Yes,Yes,4,2215.004
D:/Pipefish Mesocosm Film/Trial 7/13-12-20/13-12 Noon 01.MTS,2306.634,3.893,Wiggle,Female,Active wiggle,Male,2,2.8,1,1.8,Yes,Yes,4,2215.004
D:/Pipefish Mesocosm Film/Trial 7/13-12-20/13-12 Noon 01.MTS,2310.528,40.444,Inactive,Female,,,,2.8,1,1.8,Yes,Yes,4,2215.004
D:/Pipefish Mesocosm Film/Trial 7/13-12-20/13-12 Noon 01.MTS,2317.363,0,Move away,Female,,,,2.8,1,1.8,Yes,Yes,4,2215.004
D:/Pipefish Mesocosm Film/Trial 7/13-12-20/13-12 Noon 01.MTS,2320.498,3.511,Wiggle,Male,Active wiggle,Female,2,2.8,1,1.8,Yes,Yes,4,2215.004
D:/Pipefish Mesocosm Film/Trial 7/13-12-20/13-12 Noon 01.MTS,2324.01,12.342,Inactive,Male,,,,2.8,1,1.8,Yes,Yes,4,2215.004
D:/Pipefish Mesocosm Film/Trial 7/13-12-20/13-12 Noon 01.MTS,2336.353,3.986,Wiggle,Male,Active wiggle,Female,3,2.8,1,1.8,Yes,Yes,4,2215.004
D:/Pipefish Mesocosm Film/Trial 7/13-12-20/13-12 Noon 01.MTS,2340.34,23.165,Inactive,Male,,,,2.8,1,1.8,Yes,Yes,4,2215.004
D:/Pipefish Mesocosm Film/Trial 7/13-12-20/13-12 Noon 01.MTS,2350.973,2.754,Pose,Female,Non-s pose,Male,Front,2.8,1,1.8,Yes,Yes,4,2215.004
D:/Pipefish Mesocosm Film/Trial 7/13-12-20/13-12 Noon 01.MTS,2353.728,9.682,Inactive,Female,,,,2.8,1,1.8,Yes,Yes,4,2215.004
D:/Pipefish Mesocosm Film/Trial 7/13-12-20/13-12 Noon 01.MTS,2358,0,Follow,Male,,,,2.8,1,1.8,Yes,Yes,4,2215.004
D:/Pipefish Mesocosm Film/Trial 7/13-12-20/13-12 Noon 01.MTS,2363.411,1.994,Pose,Female,Non-s pose,Male,Front,2.8,1,1.8,Yes,Yes,4,2215.004
D:/Pipefish Mesocosm Film/Trial 7/13-12-20/13-12 Noon 01.MTS,2363.506,5.41,Chasing,Male,,,,2.8,1,1.8,Yes,Yes,4,2215.004
D:/Pipefish Mesocosm Film/Trial 7/13-12-20/13-12 Noon 01.MTS,2365.406,8.164,Wiggle,Female,Active wiggle,Male,3,2.8,1,1.8,Yes,Yes,4,2215.004
D:/Pipefish Mesocosm Film/Trial 7/13-12-20/13-12 Noon 01.MTS,2368.917,24.116,Inactive,Male,,,,2.8,1,1.8,Yes,Yes,4,2215.004
D:/Pipefish Mesocosm Film/Trial 7/13-12-20/13-12 Noon 01.MTS,2373.571,26.774,Inactive,Female,,,,2.8,1,1.8,Yes,Yes,4,2215.004
D:/Pipefish Mesocosm Film/Trial 7/13-12-20/13-12 Noon 01.MTS,2393.034,1.993,Wiggle,Male,Subtle wiggle,Female,3,2.8,1,1.8,Yes,Yes,4,2215.004
D:/Pipefish Mesocosm Film/Trial 7/13-12-20/13-12 Noon 01.MTS,2395.028,5.127,Inactive,Male,,,,2.8,1,1.8,Yes,Yes,4,2215.004
D:/Pipefish Mesocosm Film/Trial 7/13-12-20/13-12 Noon 01.MTS,2400.156,4.175,Wiggle,Male,Active wiggle,Female,3,2.8,1,1.8,Yes,Yes,4,2215.004
D:/Pipefish Mesocosm Film/Trial 7/13-12-20/13-12 Noon 01.MTS,2400.346,3.512,Pose,Female,S pose,Male,Front,2.8,1,1.8,Yes,Yes,4,2215.004
D:/Pipefish Mesocosm Film/Trial 7/13-12-20/13-12 Noon 01.MTS,2403.859,39.401,Inactive,Female,,,,2.8,1,1.8,Yes,Yes,4,2215.004
D:/Pipefish Mesocosm Film/Trial 7/13-12-20/13-12 Noon 01.MTS,2404.332,30.571,Inactive,Male,,,,2.8,1,1.8,Yes,Yes,4,2215.004
D:/Pipefish Mesocosm Film/Trial 7/13-12-20/13-12 Noon 01.MTS,2434.904,2.658,Wiggle,Male,Active wiggle,Female,3,2.8,1,1.8,Yes,Yes,4,2215.004
D:/Pipefish Mesocosm Film/Trial 7/13-12-20/13-12 Noon 01.MTS,2437.563,5.697,Surrounding,Male,,,,2.8,1,1.8,Yes,Yes,4,2215.004
D:/Pipefish Mesocosm Film/Trial 7/13-12-20/13-12 Noon 01.MTS,2443.261,11.109,Swim away,Female,,,,2.8,1,1.8,Yes,Yes,4,2215.004
D:/Pipefish Mesocosm Film/Trial 7/13-12-20/13-12 Noon 01.MTS,2443.261,9.684,Chasing,Male,,,,2.8,1,1.8,Yes,Yes,4,2215.004
D:/Pipefish Mesocosm Film/Trial 7/13-12-20/13-12 Noon 01.MTS,2452.946,13.671,Surrounding,Male,,,,2.8,1,1.8,Yes,Yes,4,2215.004
D:/Pipefish Mesocosm Film/Trial 7/13-12-20/13-12 Noon 01.MTS,2454.371,6.266,Inactive,Female,,,,2.8,1,1.8,Yes,Yes,4,2215.004
D:/Pipefish Mesocosm Film/Trial 7/13-12-20/13-12 Noon 01.MTS,2460.638,7.118,Pose,Female,Non-s pose,Male,Front,2.8,1,1.8,Yes,Yes,4,2215.004
D:/Pipefish Mesocosm Film/Trial 7/13-12-20/13-12 Noon 01.MTS,2466.618,14.239,Chasing,Male,,,,2.8,1,1.8,Yes,Yes,4,2215.004
D:/Pipefish Mesocosm Film/Trial 7/13-12-20/13-12 Noon 01.MTS,2467.757,10.916,Swim away,Female,,,,2.8,1,1.8,Yes,Yes,4,2215.004
D:/Pipefish Mesocosm Film/Trial 7/13-12-20/13-12 Noon 01.MTS,2478.674,24.4,Inactive,Female,,,,2.8,1,1.8,Yes,Yes,4,2215.004
D:/Pipefish Mesocosm Film/Trial 7/13-12-20/13-12 Noon 01.MTS,2480.858,27.631,Inactive,Male,,,,2.8,1,1.8,Yes,Yes,4,2215.004
D:/Pipefish Mesocosm Film/Trial 7/13-12-20/13-12 Noon 01.MTS,2503.075,7.31,Pose,Female,Non-s pose,Male,Front,2.8,1,1.8,Yes,Yes,4,2215.004
D:/Pipefish Mesocosm Film/Trial 7/13-12-20/13-12 Noon 01.MTS,2504.689,0,Follow,Male,,,,2.8,1,1.8,Yes,Yes,4,2215.004
D:/Pipefish Mesocosm Film/Trial 7/13-12-20/13-12 Noon 01.MTS,2508.49,19.175,Chasing,Male,,,,2.8,1,1.8,Yes,Yes,4,2215.004
D:/Pipefish Mesocosm Film/Trial 7/13-12-20/13-12 Noon 01.MTS,2510.386,6.742,Inactive,Female,,,,2.8,1,1.8,Yes,Yes,4,2215.004
D:/Pipefish Mesocosm Film/Trial 7/13-12-20/13-12 Noon 01.MTS,2517.129,0.286,Swim away,Female,,,,2.8,1,1.8,Yes,Yes,4,2215.004
D:/Pipefish Mesocosm Film/Trial 7/13-12-20/13-12 Noon 01.MTS,2524.532,52.98,Inactive,Female,,,,2.8,1,1.8,Yes,Yes,4,2215.004
D:/Pipefish Mesocosm Film/Trial 7/13-12-20/13-12 Noon 01.MTS,2527.666,7.12,Inactive,Male,,,,2.8,1,1.8,Yes,Yes,4,2215.004
D:/Pipefish Mesocosm Film/Trial 7/13-12-20/13-12 Noon 01.MTS,2534.787,22.405,Surrounding,Male,,,,2.8,1,1.8,Yes,Yes,4,2215.004
D:/Pipefish Mesocosm Film/Trial 7/13-12-20/13-12 Noon 01.MTS,2557.193,1.994,Wiggle,Male,Active wiggle,Female,4,2.8,1,1.8,Yes,Yes,4,2215.004
D:/Pipefish Mesocosm Film/Trial 7/13-12-20/13-12 Noon 01.MTS,2559.188,7.785,Surrounding,Male,,,,2.8,1,1.8,Yes,Yes,4,2215.004
D:/Pipefish Mesocosm Film/Trial 7/13-12-20/13-12 Noon 01.MTS,2566.974,7.404,Out of sight,Male,,,,2.8,1,1.8,Yes,Yes,4,2215.004
D:/Pipefish Mesocosm Film/Trial 7/13-12-20/13-12 Noon 01.MTS,2574.379,16.521,Surrounding,Male,,,,2.8,1,1.8,Yes,Yes,4,2215.004
D:/Pipefish Mesocosm Film/Trial 7/13-12-20/13-12 Noon 01.MTS,2577.513,38.546,Swim away,Female,,,,2.8,1,1.8,Yes,Yes,4,2215.004
D:/Pipefish Mesocosm Film/Trial 7/13-12-20/13-12 Noon 01.MTS,2590.901,11.106,Chasing,Male,,,,2.8,1,1.8,Yes,Yes,4,2215.004
D:/Pipefish Mesocosm Film/Trial 7/13-12-20/13-12 Noon 01.MTS,2602.008,14.147,Inactive,Male,,,,2.8,1,1.8,Yes,Yes,4,2215.004
D:/Pipefish Mesocosm Film/Trial 7/13-12-20/13-12 Noon 01.MTS,2616.06,5.127,Pose,Female,S pose,Male,Front,2.8,1,1.8,Yes,Yes,4,2215.004
D:/Pipefish Mesocosm Film/Trial 7/13-12-20/13-12 Noon 01.MTS,2616.156,3.135,Chasing,Male,,,,2.8,1,1.8,Yes,Yes,4,2215.004
D:/Pipefish Mesocosm Film/Trial 7/13-12-20/13-12 Noon 01.MTS,2619.292,2.369,Wiggle,Male,Active wiggle,Female,3,2.8,1,1.8,Yes,Yes,4,2215.004
D:/Pipefish Mesocosm Film/Trial 7/13-12-20/13-12 Noon 01.MTS,2621.188,19.938,Inactive,Female,,,,2.8,1,1.8,Yes,Yes,4,2215.004
D:/Pipefish Mesocosm Film/Trial 7/13-12-20/13-12 Noon 01.MTS,2621.662,22.597,Surrounding,Male,,,,2.8,1,1.8,Yes,Yes,4,2215.004
D:/Pipefish Mesocosm Film/Trial 7/13-12-20/13-12 Noon 01.MTS,2641.127,2.944,Pose,Female,Non-s pose,Male,Front,2.8,1,1.8,Yes,Yes,4,2215.004
D:/Pipefish Mesocosm Film/Trial 7/13-12-20/13-12 Noon 01.MTS,2644.072,5.693,Swim away,Female,,,,2.8,1,1.8,Yes,Yes,4,2215.004
D:/Pipefish Mesocosm Film/Trial 7/13-12-20/13-12 Noon 01.MTS,2644.26,6.169,Chasing,Male,,,,2.8,1,1.8,Yes,Yes,4,2215.004
D:/Pipefish Mesocosm Film/Trial 7/13-12-20/13-12 Noon 01.MTS,2649.766,6.458,Pose,Female,Non-s pose,Male,Front,2.8,1,1.8,Yes,Yes,4,2215.004
D:/Pipefish Mesocosm Film/Trial 7/13-12-20/13-12 Noon 01.MTS,2650.43,3.607,Wiggle,Male,Active wiggle,Female,2,2.8,1,1.8,Yes,Yes,4,2215.004
D:/Pipefish Mesocosm Film/Trial 7/13-12-20/13-12 Noon 01.MTS,2654.038,12.532,Chasing,Male,,,,2.8,1,1.8,Yes,Yes,4,2215.004
D:/Pipefish Mesocosm Film/Trial 7/13-12-20/13-12 Noon 01.MTS,2656.226,0.471,Inactive,Female,,,,2.8,1,1.8,Yes,Yes,4,2215.004
D:/Pipefish Mesocosm Film/Trial 7/13-12-20/13-12 Noon 01.MTS,2656.698,2.751,Wiggle,Female,Active wiggle,Male,2,2.8,1,1.8,Yes,Yes,4,2215.004
D:/Pipefish Mesocosm Film/Trial 7/13-12-20/13-12 Noon 01.MTS,2659.45,5.032,Inactive,Female,,,,2.8,1,1.8,Yes,Yes,4,2215.004
D:/Pipefish Mesocosm Film/Trial 7/13-12-20/13-12 Noon 01.MTS,2664.483,4.366,Wiggle,Female,Active wiggle,Male,3,2.8,1,1.8,Yes,Yes,4,2215.004
D:/Pipefish Mesocosm Film/Trial 7/13-12-20/13-12 Noon 01.MTS,2666.571,45.668,Surrounding,Male,,,,2.8,1,1.8,Yes,Yes,4,2215.004
D:/Pipefish Mesocosm Film/Trial 7/13-12-20/13-12 Noon 01.MTS,2668.85,11.868,Inactive,Female,,,,2.8,1,1.8,Yes,Yes,4,2215.004
D:/Pipefish Mesocosm Film/Trial 7/13-12-20/13-12 Noon 01.MTS,2680.719,3.512,Pose,Female,S pose,Male,Front,2.8,1,1.8,Yes,Yes,4,2215.004
D:/Pipefish Mesocosm Film/Trial 7/13-12-20/13-12 Noon 01.MTS,2684.232,22.88,Inactive,Female,,,,2.8,1,1.8,Yes,Yes,4,2215.004
D:/Pipefish Mesocosm Film/Trial 7/13-12-20/13-12 Noon 01.MTS,2707.113,18.797,Swim away,Female,,,,2.8,1,1.8,Yes,Yes,4,2215.004
D:/Pipefish Mesocosm Film/Trial 7/13-12-20/13-12 Noon 01.MTS,2712.24,33.041,Chasing,Male,,,,2.8,1,1.8,Yes,Yes,4,2215.004
D:/Pipefish Mesocosm Film/Trial 7/13-12-20/13-12 Noon 01.MTS,2725.911,12.534,Inactive,Female,,,,2.8,1,1.8,Yes,Yes,4,2215.004
D:/Pipefish Mesocosm Film/Trial 7/13-12-20/13-12 Noon 01.MTS,2738.445,6.836,Swim away,Female,,,,2.8,1,1.8,Yes,Yes,4,2215.004
D:/Pipefish Mesocosm Film/Trial 7/13-12-20/13-12 Noon 01.MTS,2752.876,12.533,Pose,Female,S pose,Male,Front,2.7,1.2,1.5,Yes,Yes,5,300.113
D:/Pipefish Mesocosm Film/Trial 7/13-12-20/13-12 Noon 01.MTS,2752.876,23.737,Surrounding,Male,,,,2.7,1.2,1.5,Yes,Yes,5,300.113
D:/Pipefish Mesocosm Film/Trial 7/13-12-20/13-12 Noon 01.MTS,2760.376,8.735,Pose,Second female,S pose,Male,Front,2.7,1.2,1.5,Yes,Yes,5,300.113
D:/Pipefish Mesocosm Film/Trial 7/13-12-20/13-12 Noon 01.MTS,2765.41,15.474,Inactive,Female,,,,2.7,1.2,1.5,Yes,Yes,5,300.113
D:/Pipefish Mesocosm Film/Trial 7/13-12-20/13-12 Noon 01.MTS,2769.112,1.993,Inactive,Second female,,,,2.7,1.2,1.5,Yes,Yes,5,300.113
D:/Pipefish Mesocosm Film/Trial 7/13-12-20/13-12 Noon 01.MTS,2771.676,0,Leave group,Second female,,,,2.7,1.2,1.5,Yes,Yes,5,300.113
D:/Pipefish Mesocosm Film/Trial 7/13-12-20/13-12 Noon 01.MTS,2776.614,15.284,Out of sight,Male,,,,2.7,1.2,1.5,Yes,Yes,5,300.113
D:/Pipefish Mesocosm Film/Trial 7/13-12-20/13-12 Noon 01.MTS,2780.885,3.702,Pose,Female,S pose,Male,Front,2.7,1.2,1.5,Yes,Yes,5,300.113
D:/Pipefish Mesocosm Film/Trial 7/13-12-20/13-12 Noon 01.MTS,2784.588,5.411,Inactive,Female,,,,2.7,1.2,1.5,Yes,Yes,5,300.113
D:/Pipefish Mesocosm Film/Trial 7/13-12-20/13-12 Noon 01.MTS,2790,13.957,Swim away,Female,,,,2.7,1.2,1.5,Yes,Yes,5,300.113
D:/Pipefish Mesocosm Film/Trial 7/13-12-20/13-12 Noon 01.MTS,2791.899,6.74,Chasing,Male,,,,2.7,1.2,1.5,Yes,Yes,5,300.113
D:/Pipefish Mesocosm Film/Trial 7/13-12-20/13-12 Noon 01.MTS,2798.64,11.961,Surrounding,Male,,,,2.7,1.2,1.5,Yes,Yes,5,300.113
D:/Pipefish Mesocosm Film/Trial 7/13-12-20/13-12 Noon 01.MTS,2803.958,5.789,Inactive,Female,,,,2.7,1.2,1.5,Yes,Yes,5,300.113
D:/Pipefish Mesocosm Film/Trial 7/13-12-20/13-12 Noon 01.MTS,2809.748,3.132,Pose,Female,Non-s pose,Male,Front,2.7,1.2,1.5,Yes,Yes,5,300.113
D:/Pipefish Mesocosm Film/Trial 7/13-12-20/13-12 Noon 01.MTS,2810.602,11.395,Chasing,Male,,,,2.7,1.2,1.5,Yes,Yes,5,300.113
D:/Pipefish Mesocosm Film/Trial 7/13-12-20/13-12 Noon 01.MTS,2812.881,8.83,Inactive,Female,,,,2.7,1.2,1.5,Yes,Yes,5,300.113
D:/Pipefish Mesocosm Film/Trial 7/13-12-20/13-12 Noon 01.MTS,2821.712,5.029,Pose,Female,Non-s pose,Male,Front,2.7,1.2,1.5,Yes,Yes,5,300.113
D:/Pipefish Mesocosm Film/Trial 7/13-12-20/13-12 Noon 01.MTS,2821.998,57.334,Surrounding,Male,,,,2.7,1.2,1.5,Yes,Yes,5,300.113
D:/Pipefish Mesocosm Film/Trial 7/13-12-20/13-12 Noon 01.MTS,2826.742,2.944,Inactive,Female,,,,2.7,1.2,1.5,Yes,Yes,5,300.113
D:/Pipefish Mesocosm Film/Trial 7/13-12-20/13-12 Noon 01.MTS,2829.687,5.41,Swim away,Female,,,,2.7,1.2,1.5,Yes,Yes,5,300.113
D:/Pipefish Mesocosm Film/Trial 7/13-12-20/13-12 Noon 01.MTS,2835.098,35.499,Inactive,Female,,,,2.7,1.2,1.5,Yes,Yes,5,300.113
D:/Pipefish Mesocosm Film/Trial 7/13-12-20/13-12 Noon 02.MTS,2861.767,3.797,Wiggle,Male,Active wiggle,Female,2,2.7,1.2,1.5,Yes,Yes,5,300.113
D:/Pipefish Mesocosm Film/Trial 7/13-12-20/13-12 Noon 02.MTS,2865.565,13.767,Inactive,Male,,,,2.7,1.2,1.5,Yes,Yes,5,300.113
D:/Pipefish Mesocosm Film/Trial 7/13-12-20/13-12 Noon 02.MTS,2870.598,19.463,Out of sight,Female,,,,2.7,1.2,1.5,Yes,Yes,5,300.113
D:/Pipefish Mesocosm Film/Trial 7/13-12-20/13-12 Noon 02.MTS,2879.333,1.328,Wiggle,Male,Active wiggle,Female,3,2.7,1.2,1.5,Yes,Yes,5,300.113
D:/Pipefish Mesocosm Film/Trial 7/13-12-20/13-12 Noon 02.MTS,2880.662,5.793,Inactive,Male,,,,2.7,1.2,1.5,Yes,Yes,5,300.113
D:/Pipefish Mesocosm Film/Trial 7/13-12-20/13-12 Noon 02.MTS,2886.456,4.838,Surrounding,Male,,,,2.7,1.2,1.5,Yes,Yes,5,300.113
D:/Pipefish Mesocosm Film/Trial 7/13-12-20/13-12 Noon 02.MTS,2890.062,8.828,Pose,Female,S pose,Male,Front,2.7,1.2,1.5,Yes,Yes,5,300.113
D:/Pipefish Mesocosm Film/Trial 7/13-12-20/13-12 Noon 02.MTS,2891.295,6.553,Wiggle,Male,Subtle wiggle,Female,2,2.7,1.2,1.5,Yes,Yes,5,300.113
D:/Pipefish Mesocosm Film/Trial 7/13-12-20/13-12 Noon 02.MTS,2897.849,22.405,Chasing,Male,,,,2.7,1.2,1.5,Yes,Yes,5,300.113
D:/Pipefish Mesocosm Film/Trial 7/13-12-20/13-12 Noon 02.MTS,2898.891,49.561,Swim away,Female,,,,2.7,1.2,1.5,Yes,Yes,5,300.113
D:/Pipefish Mesocosm Film/Trial 7/13-12-20/13-12 Noon 02.MTS,2920.255,8.828,Surrounding,Male,,,,2.7,1.2,1.5,Yes,Yes,5,300.113
D:/Pipefish Mesocosm Film/Trial 7/13-12-20/13-12 Noon 02.MTS,2922.153,2.753,Pose,Second female,Non-s pose,Male,Front,2.7,1.2,1.5,Yes,Yes,5,300.113
D:/Pipefish Mesocosm Film/Trial 7/13-12-20/13-12 Noon 02.MTS,2924.907,3.321,Swim away,Second female,,,,2.7,1.2,1.5,Yes,Yes,5,300.113
D:/Pipefish Mesocosm Film/Trial 7/13-12-20/13-12 Noon 02.MTS,2928.228,0,Leave group,Second female,,,,2.7,1.2,1.5,Yes,Yes,5,300.113
D:/Pipefish Mesocosm Film/Trial 7/13-12-20/13-12 Noon 02.MTS,2929.084,21.646,Inactive,Male,,,,2.7,1.2,1.5,Yes,Yes,5,300.113
D:/Pipefish Mesocosm Film/Trial 7/13-12-20/13-12 Noon 02.MTS,2948.453,3.512,Pose,Female,S pose,Male,Front,2.7,1.2,1.5,Yes,Yes,5,300.113
D:/Pipefish Mesocosm Film/Trial 7/13-12-20/13-12 Noon 02.MTS,2950.731,13.103,Surrounding,Male,,,,2.7,1.2,1.5,Yes,Yes,5,300.113
D:/Pipefish Mesocosm Film/Trial 7/13-12-20/13-12 Noon 02.MTS,2951.966,6.079,Inactive,Female,,,,2.7,1.2,1.5,Yes,Yes,5,300.113
D:/Pipefish Mesocosm Film/Trial 7/13-12-20/13-12 Noon 02.MTS,2958.046,13.952,Out of sight,Female,,,,2.7,1.2,1.5,Yes,Yes,5,300.113
D:/Pipefish Mesocosm Film/Trial 7/13-12-20/13-12 Noon 02.MTS,2963.835,4.461,Wiggle,Male,Active wiggle,Female,3,2.7,1.2,1.5,Yes,Yes,5,300.113
D:/Pipefish Mesocosm Film/Trial 7/13-12-20/13-12 Noon 02.MTS,2968.297,5.222,Surrounding,Male,,,,2.7,1.2,1.5,Yes,Yes,5,300.113
D:/Pipefish Mesocosm Film/Trial 7/13-12-20/13-12 Noon 02.MTS,2971.999,1.33,Inactive,Female,,,,2.7,1.2,1.5,Yes,Yes,5,300.113
D:/Pipefish Mesocosm Film/Trial 7/13-12-20/13-12 Noon 02.MTS,2973.33,10.822,Pose,Female,S pose,Male,Front,2.7,1.2,1.5,Yes,Yes,5,300.113
D:/Pipefish Mesocosm Film/Trial 7/13-12-20/13-12 Noon 02.MTS,2973.52,7.497,Wiggle,Male,Active wiggle,Female,3,2.7,1.2,1.5,Yes,Yes,5,300.113
D:/Pipefish Mesocosm Film/Trial 7/13-12-20/13-12 Noon 02.MTS,2981.018,19.369,Surrounding,Male,,,,2.7,1.2,1.5,Yes,Yes,5,300.113
D:/Pipefish Mesocosm Film/Trial 7/13-12-20/13-12 Noon 02.MTS,2984.153,8.544,Wiggle,Female,Active wiggle,Male,3,2.7,1.2,1.5,Yes,Yes,5,300.113
D:/Pipefish Mesocosm Film/Trial 7/13-12-20/13-12 Noon 02.MTS,2992.698,7.595,Inactive,Female,,,,2.7,1.2,1.5,Yes,Yes,5,300.113
D:/Pipefish Mesocosm Film/Trial 7/13-12-20/13-12 Noon 02.MTS,3000.294,31.71,Swim away,Female,,,,2.7,1.2,1.5,Yes,Yes,5,300.113
D:/Pipefish Mesocosm Film/Trial 7/13-12-20/13-12 Noon 02.MTS,3000.388,29.814,Chasing,Male,,,,2.7,1.2,1.5,Yes,Yes,5,300.113
D:/Pipefish Mesocosm Film/Trial 7/13-12-20/13-12 Noon 02.MTS,3030.203,22.785,Inactive,Male,,,,2.7,1.2,1.5,Yes,Yes,5,300.113
D:/Pipefish Mesocosm Film/Trial 7/13-12-20/13-12 Noon 02.MTS,3032.005,20.983,Inactive,Female,,,,2.7,1.2,1.5,Yes,Yes,5,300.113
D:/Pipefish Mesocosm Film/Trial 7/13-12-20/13-12 Noon 02.MTS,3102.359,4.081,Pose,Female,S pose,Male,Front,4,1,3,Yes,Yes,6,167.396
D:/Pipefish Mesocosm Film/Trial 7/13-12-20/13-12 Noon 02.MTS,3102.359,21.551,Surrounding,Male,,,,4,1,3,Yes,Yes,6,167.396
D:/Pipefish Mesocosm Film/Trial 7/13-12-20/13-12 Noon 02.MTS,3106.441,61.906,Inactive,Female,,,,4,1,3,Yes,Yes,6,167.396
D:/Pipefish Mesocosm Film/Trial 7/13-12-20/13-12 Noon 02.MTS,3123.911,42.154,Chasing,Male,,,,4,1,3,Yes,Yes,6,167.396
D:/Pipefish Mesocosm Film/Trial 7/13-12-20/13-12 Noon 02.MTS,3166.066,58.391,Surrounding,Male,,,,4,1,3,Yes,Yes,6,167.396
D:/Pipefish Mesocosm Film/Trial 7/13-12-20/13-12 Noon 02.MTS,3199.87,7.686,Pose,Female,Non-s pose,Male,Front,4,1,3,Yes,Yes,6,167.396
D:/Pipefish Mesocosm Film/Trial 7/13-12-20/13-12 Noon 02.MTS,3207.557,2.373,Wiggle,Female,Active wiggle,Male,4,4,1,3,Yes,Yes,6,167.396
D:/Pipefish Mesocosm Film/Trial 7/13-12-20/13-12 Noon 02.MTS,3209.931,3.701,Inactive,Female,,,,4,1,3,Yes,Yes,6,167.396
D:/Pipefish Mesocosm Film/Trial 7/13-12-20/13-12 Noon 02.MTS,3213.633,22.217,Swim away,Female,,,,4,1,3,Yes,Yes,6,167.396
D:/Pipefish Mesocosm Film/Trial 7/13-12-20/13-12 Noon 02.MTS,3224.458,26.204,Chasing,Male,,,,4,1,3,Yes,Yes,6,167.396
D:/Pipefish Mesocosm Film/Trial 7/13-12-20/13-12 Noon 02.MTS,3235.851,5.695,Inactive,Female,,,,4,1,3,Yes,Yes,6,167.396
D:/Pipefish Mesocosm Film/Trial 7/13-12-20/13-12 Noon 02.MTS,3241.547,9.401,Swim away,Female,,,,4,1,3,Yes,Yes,6,167.396
D:/Pipefish Mesocosm Film/Trial 7/13-12-20/13-12 Noon 02.MTS,3250.663,3.796,Inactive,Male,,,,4,1,3,Yes,Yes,6,167.396
D:/Pipefish Mesocosm Film/Trial 7/13-12-20/13-12 Noon 02.MTS,3250.949,4.556,Inactive,Female,,,,4,1,3,Yes,Yes,6,167.396
D:/Pipefish Mesocosm Film/Trial 7/13-12-20/13-12 Noon 02.MTS,3254.46,7.311,Chasing,Male,,,,4,1,3,Yes,Yes,6,167.396
D:/Pipefish Mesocosm Film/Trial 7/13-12-20/13-12 Noon 02.MTS,3255.506,8.83,Swim away,Female,,,,4,1,3,Yes,Yes,6,167.396
D:/Pipefish Mesocosm Film/Trial 7/13-12-20/13-12 Noon 02.MTS,3261.772,4.745,Surrounding,Male,,,,4,1,3,Yes,Yes,6,167.396
D:/Pipefish Mesocosm Film/Trial 7/13-12-20/13-12 Noon 02.MTS,3264.337,3.416,Inactive,Female,,,,4,1,3,Yes,Yes,6,167.396
D:/Pipefish Mesocosm Film/Trial 7/13-12-20/13-12 Noon 02.MTS,3266.518,3.235,Inactive,Male,,,,4,1,3,Yes,Yes,6,167.396
D:/Pipefish Mesocosm Film/Trial 7/13-12-20/13-12 Noon 02.MTS,3287.122,2.469,Pose,Female,S pose,Male,Front,3.33,1,2.33,Yes,Yes,7,99.799
D:/Pipefish Mesocosm Film/Trial 7/13-12-20/13-12 Noon 02.MTS,3287.122,38.642,Surrounding,Male,,,,3.33,1,2.33,Yes,Yes,7,99.799
D:/Pipefish Mesocosm Film/Trial 7/13-12-20/13-12 Noon 02.MTS,3289.592,1.231,Inactive,Female,,,,3.33,1,2.33,Yes,Yes,7,99.799
D:/Pipefish Mesocosm Film/Trial 7/13-12-20/13-12 Noon 02.MTS,3290.824,4.558,Pose,Female,S pose,Male,Front,3.33,1,2.33,Yes,Yes,7,99.799
D:/Pipefish Mesocosm Film/Trial 7/13-12-20/13-12 Noon 02.MTS,3295.383,5.696,Inactive,Female,,,,3.33,1,2.33,Yes,Yes,7,99.799
D:/Pipefish Mesocosm Film/Trial 7/13-12-20/13-12 Noon 02.MTS,3301.08,6.075,Out of sight,Female,,,,3.33,1,2.33,Yes,Yes,7,99.799
D:/Pipefish Mesocosm Film/Trial 7/13-12-20/13-12 Noon 02.MTS,3307.156,16.804,Inactive,Female,,,,3.33,1,2.33,Yes,Yes,7,99.799
D:/Pipefish Mesocosm Film/Trial 7/13-12-20/13-12 Noon 02.MTS,3323.961,1.991,Pose,Female,Non-s pose,Male,Front,3.33,1,2.33,Yes,Yes,7,99.799
D:/Pipefish Mesocosm Film/Trial 7/13-12-20/13-12 Noon 02.MTS,3325.765,36.079,Chasing,Male,,,,3.33,1,2.33,Yes,Yes,7,99.799
D:/Pipefish Mesocosm Film/Trial 7/13-12-20/13-12 Noon 02.MTS,3325.953,30.192,Swim away,Female,,,,3.33,1,2.33,Yes,Yes,7,99.799
D:/Pipefish Mesocosm Film/Trial 7/13-12-20/13-12 Noon 02.MTS,3356.146,30.288,Inactive,Female,,,,3.33,1,2.33,Yes,Yes,7,99.799
D:/Pipefish Mesocosm Film/Trial 7/13-12-20/13-12 Noon 02.MTS,3361.845,24.589,Surrounding,Male,,,,3.33,1,2.33,Yes,Yes,7,99.799
D:/Pipefish Mesocosm Film/Trial 7/13-12-20/13-12 Noon 02.MTS,3437.136,9.681,Inactive,Female,,,,3,1,2,Yes,Yes,8,82.808
D:/Pipefish Mesocosm Film/Trial 7/13-12-20/13-12 Noon 02.MTS,3437.136,2.278,Wiggle,Male,Active wiggle,Female,3,3,1,2,Yes,Yes,8,82.808
D:/Pipefish Mesocosm Film/Trial 7/13-12-20/13-12 Noon 02.MTS,3439.415,4.935,Surrounding,Male,,,,3,1,2,Yes,Yes,8,82.808
D:/Pipefish Mesocosm Film/Trial 7/13-12-20/13-12 Noon 02.MTS,3444.351,1.329,Wiggle,Male,Active wiggle,Female,3,3,1,2,Yes,Yes,8,82.808
D:/Pipefish Mesocosm Film/Trial 7/13-12-20/13-12 Noon 02.MTS,3445.681,8.259,Surrounding,Male,,,,3,1,2,Yes,Yes,8,82.808
D:/Pipefish Mesocosm Film/Trial 7/13-12-20/13-12 Noon 02.MTS,3446.818,9.022,Pose,Female,S pose,Male,Front,3,1,2,Yes,Yes,8,82.808
D:/Pipefish Mesocosm Film/Trial 7/13-12-20/13-12 Noon 02.MTS,3453.941,3.323,Wiggle,Male,Active wiggle,Female,3,3,1,2,Yes,Yes,8,82.808
D:/Pipefish Mesocosm Film/Trial 7/13-12-20/13-12 Noon 02.MTS,3455.841,1.708,Inactive,Female,,,,3,1,2,Yes,Yes,8,82.808
D:/Pipefish Mesocosm Film/Trial 7/13-12-20/13-12 Noon 02.MTS,3457.265,24.209,Chasing,Male,,,,3,1,2,Yes,Yes,8,82.808
D:/Pipefish Mesocosm Film/Trial 7/13-12-20/13-12 Noon 02.MTS,3457.55,29.241,Swim away,Female,,,,3,1,2,Yes,Yes,8,82.808
D:/Pipefish Mesocosm Film/Trial 7/13-12-20/13-12 Noon 02.MTS,3481.475,38.168,Surrounding,Male,,,,3,1,2,Yes,Yes,8,82.808
D:/Pipefish Mesocosm Film/Trial 7/13-12-20/13-12 Noon 02.MTS,3486.792,31.9,Inactive,Female,,,,3,1,2,Yes,Yes,8,82.808
D:/Pipefish Mesocosm Film/Trial 7/13-12-20/13-12 Noon 02.MTS,3518.693,0.95,Swim away,Female,,,,3,1,2,Yes,Yes,8,82.808
D:/Pipefish Mesocosm Film/Trial 7/13-12-20/13-12 Noon 02.MTS,3551.26,3.986,Pose,Female,S pose,Male,Front,3,1,2,Yes,Yes,9,187.762
D:/Pipefish Mesocosm Film/Trial 7/13-12-20/13-12 Noon 02.MTS,3551.26,1.991,Chasing,Male,,,,3,1,2,Yes,Yes,9,187.762
D:/Pipefish Mesocosm Film/Trial 7/13-12-20/13-12 Noon 02.MTS,3553.252,3.418,Out of sight,Male,,,,3,1,2,Yes,Yes,9,187.762
D:/Pipefish Mesocosm Film/Trial 7/13-12-20/13-12 Noon 02.MTS,3555.247,5.411,Inactive,Female,,,,3,1,2,Yes,Yes,9,187.762
D:/Pipefish Mesocosm Film/Trial 7/13-12-20/13-12 Noon 02.MTS,3556.671,20.221,Surrounding,Male,,,,3,1,2,Yes,Yes,9,187.762
D:/Pipefish Mesocosm Film/Trial 7/13-12-20/13-12 Noon 02.MTS,3560.659,8.354,Pose,Female,S pose,Male,Front,3,1,2,Yes,Yes,9,187.762
D:/Pipefish Mesocosm Film/Trial 7/13-12-20/13-12 Noon 02.MTS,3569.014,9.684,Inactive,Female,,,,3,1,2,Yes,Yes,9,187.762
D:/Pipefish Mesocosm Film/Trial 7/13-12-20/13-12 Noon 02.MTS,3576.893,6.838,Out of sight,Male,,,,3,1,2,Yes,Yes,9,187.762
D:/Pipefish Mesocosm Film/Trial 7/13-12-20/13-12 Noon 02.MTS,3578.699,9.777,Pose,Female,S pose,Male,Front,3,1,2,Yes,Yes,9,187.762
D:/Pipefish Mesocosm Film/Trial 7/13-12-20/13-12 Noon 02.MTS,3583.732,17.373,Surrounding,Male,,,,3,1,2,Yes,Yes,9,187.762
D:/Pipefish Mesocosm Film/Trial 7/13-12-20/13-12 Noon 02.MTS,3588.477,10.634,Inactive,Female,,,,3,1,2,Yes,Yes,9,187.762
D:/Pipefish Mesocosm Film/Trial 7/13-12-20/13-12 Noon 02.MTS,3599.112,38.736,Swim away,Female,,,,3,1,2,Yes,Yes,9,187.762
D:/Pipefish Mesocosm Film/Trial 7/13-12-20/13-12 Noon 02.MTS,3601.106,16.52,Chasing,Male,,,,3,1,2,Yes,Yes,9,187.762
D:/Pipefish Mesocosm Film/Trial 7/13-12-20/13-12 Noon 02.MTS,3617.627,32.756,Surrounding,Male,,,,3,1,2,Yes,Yes,9,187.762
D:/Pipefish Mesocosm Film/Trial 7/13-12-20/13-12 Noon 02.MTS,3637.849,10.824,Inactive,Female,,,,3,1,2,Yes,Yes,9,187.762
D:/Pipefish Mesocosm Film/Trial 7/13-12-20/13-12 Noon 02.MTS,3648.674,4.081,Pose,Female,S pose,Male,Front,3,1,2,Yes,Yes,9,187.762
D:/Pipefish Mesocosm Film/Trial 7/13-12-20/13-12 Noon 02.MTS,3650.384,6.455,Wiggle,Male,Active wiggle,Female,3,3,1,2,Yes,Yes,9,187.762
D:/Pipefish Mesocosm Film/Trial 7/13-12-20/13-12 Noon 02.MTS,3652.756,2.564,Out of sight,Female,,,,3,1,2,Yes,Yes,9,187.762
D:/Pipefish Mesocosm Film/Trial 7/13-12-20/13-12 Noon 02.MTS,3655.321,8.257,Inactive,Female,,,,3,1,2,Yes,Yes,9,187.762
D:/Pipefish Mesocosm Film/Trial 7/13-12-20/13-12 Noon 02.MTS,3656.841,50.792,Surrounding,Male,,,,3,1,2,Yes,Yes,9,187.762
D:/Pipefish Mesocosm Film/Trial 7/13-12-20/13-12 Noon 02.MTS,3663.579,4.082,Pose,Female,S pose,Male,Front,3,1,2,Yes,Yes,9,187.762
D:/Pipefish Mesocosm Film/Trial 7/13-12-20/13-12 Noon 02.MTS,3667.662,9.684,Out of sight,Female,,,,3,1,2,Yes,Yes,9,187.762
D:/Pipefish Mesocosm Film/Trial 7/13-12-20/13-12 Noon 02.MTS,3677.347,2.846,Inactive,Female,,,,3,1,2,Yes,Yes,9,187.762
D:/Pipefish Mesocosm Film/Trial 7/13-12-20/13-12 Noon 02.MTS,3680.194,2.847,Pose,Female,S pose,Male,Front,3,1,2,Yes,Yes,9,187.762
D:/Pipefish Mesocosm Film/Trial 7/13-12-20/13-12 Noon 02.MTS,3683.042,15.096,Inactive,Female,,,,3,1,2,Yes,Yes,9,187.762
D:/Pipefish Mesocosm Film/Trial 7/13-12-20/13-12 Noon 02.MTS,3698.139,2.183,Pose,Female,Non-s pose,Male,Front,3,1,2,Yes,Yes,9,187.762
D:/Pipefish Mesocosm Film/Trial 7/13-12-20/13-12 Noon 02.MTS,3700.323,7.69,Inactive,Female,,,,3,1,2,Yes,Yes,9,187.762
D:/Pipefish Mesocosm Film/Trial 7/13-12-20/13-12 Noon 02.MTS,3707.634,6.739,Chasing,Male,,,,3,1,2,Yes,Yes,9,187.762
D:/Pipefish Mesocosm Film/Trial 7/13-12-20/13-12 Noon 02.MTS,3708.014,20.792,Swim away,Female,,,,3,1,2,Yes,Yes,9,187.762
D:/Pipefish Mesocosm Film/Trial 7/13-12-20/13-12 Noon 02.MTS,3714.374,2.386,Wiggle,Male,Active wiggle,Female,3,3,1,2,Yes,Yes,9,187.762
D:/Pipefish Mesocosm Film/Trial 7/13-12-20/13-12 Noon 02.MTS,3716.761,11.57,Chasing,Male,,,,3,1,2,Yes,Yes,9,187.762
D:/Pipefish Mesocosm Film/Trial 7/13-12-20/13-12 Noon 02.MTS,3728.332,10.688,Surrounding,Male,,,,3,1,2,Yes,Yes,9,187.762
D:/Pipefish Mesocosm Film/Trial 7/13-12-20/13-12 Noon 02.MTS,3728.807,4.272,Inactive,Female,,,,3,1,2,Yes,Yes,9,187.762
D:/Pipefish Mesocosm Film/Trial 7/13-12-20/13-12 Noon 02.MTS,3733.08,3.227,Pose,Female,S pose,Male,Front,3,1,2,Yes,Yes,9,187.762
D:/Pipefish Mesocosm Film/Trial 7/13-12-20/13-12 Noon 02.MTS,3736.308,2.712,Inactive,Female,,,,3,1,2,Yes,Yes,9,187.762
