media_file_path,time_in_video,Duration,behavior,subject,modifier_1,modifier_2,modifier_3,Group size,Female,Male,Chasing_end,Chase_present,courtship_events,total_time_of_courtship
D:/Pipefish Mesocosm Film/Trial 3/3-12-20/3-12 Noon 01.MTS,6.844,4.496,Inactive,Female,,,,3.9375,1,2.94,No,No,1,485.969
D:/Pipefish Mesocosm Film/Trial 3/3-12-20/3-12 Noon 01.MTS,11.244,3.61,Wiggle,Male,Active wiggle,Female,2,3.9375,1,2.94,No,No,1,485.969
D:/Pipefish Mesocosm Film/Trial 3/3-12-20/3-12 Noon 01.MTS,11.341,3.441,Pose,Female,Non-s pose,Male,Front,3.9375,1,2.94,No,No,1,485.969
D:/Pipefish Mesocosm Film/Trial 3/3-12-20/3-12 Noon 01.MTS,14.783,4.718,Wiggle,Female,Active wiggle,Male,3,3.9375,1,2.94,No,No,1,485.969
D:/Pipefish Mesocosm Film/Trial 3/3-12-20/3-12 Noon 01.MTS,14.855,15.949,Inactive,Male,,,,3.9375,1,2.94,No,No,1,485.969
D:/Pipefish Mesocosm Film/Trial 3/3-12-20/3-12 Noon 01.MTS,19.502,45.097,Inactive,Female,,,,3.9375,1,2.94,No,No,1,485.969
D:/Pipefish Mesocosm Film/Trial 3/3-12-20/3-12 Noon 01.MTS,30.805,2.464,Wiggle,Male,Active wiggle,Female,4,3.9375,1,2.94,No,No,1,485.969
D:/Pipefish Mesocosm Film/Trial 3/3-12-20/3-12 Noon 01.MTS,33.27,11.678,Inactive,Male,,,,3.9375,1,2.94,No,No,1,485.969
D:/Pipefish Mesocosm Film/Trial 3/3-12-20/3-12 Noon 01.MTS,44.949,5.129,Wiggle,Male,Active wiggle,Female,5,3.9375,1,2.94,No,No,1,485.969
D:/Pipefish Mesocosm Film/Trial 3/3-12-20/3-12 Noon 01.MTS,50.079,3.702,Inactive,Male,,,,3.9375,1,2.94,No,No,1,485.969
D:/Pipefish Mesocosm Film/Trial 3/3-12-20/3-12 Noon 01.MTS,53.782,3.888,Wiggle,Male,Active wiggle,Female,3,3.9375,1,2.94,No,No,1,485.969
D:/Pipefish Mesocosm Film/Trial 3/3-12-20/3-12 Noon 01.MTS,57.671,6.267,Inactive,Male,,,,3.9375,1,2.94,No,No,1,485.969
D:/Pipefish Mesocosm Film/Trial 3/3-12-20/3-12 Noon 01.MTS,63.939,1.802,Wiggle,Male,Active wiggle,Female,2,3.9375,1,2.94,No,No,1,485.969
D:/Pipefish Mesocosm Film/Trial 3/3-12-20/3-12 Noon 01.MTS,64.6,2.376,Pose,Female,Non-s pose,Male,Front,3.9375,1,2.94,No,No,1,485.969
D:/Pipefish Mesocosm Film/Trial 3/3-12-20/3-12 Noon 01.MTS,65.742,3.225,Inactive,Male,,,,3.9375,1,2.94,No,No,1,485.969
D:/Pipefish Mesocosm Film/Trial 3/3-12-20/3-12 Noon 01.MTS,66.977,40.633,Inactive,Female,,,,3.9375,1,2.94,No,No,1,485.969
D:/Pipefish Mesocosm Film/Trial 3/3-12-20/3-12 Noon 01.MTS,68.968,1.711,Wiggle,Male,Active wiggle,Female,3,3.9375,1,2.94,No,No,1,485.969
D:/Pipefish Mesocosm Film/Trial 3/3-12-20/3-12 Noon 01.MTS,70.68,16.707,Inactive,Male,,,,3.9375,1,2.94,No,No,1,485.969
D:/Pipefish Mesocosm Film/Trial 3/3-12-20/3-12 Noon 01.MTS,87.388,1.519,Wiggle,Male,Subtle wiggle,Female,4,3.9375,1,2.94,No,No,1,485.969
D:/Pipefish Mesocosm Film/Trial 3/3-12-20/3-12 Noon 01.MTS,88.908,14.525,Inactive,Male,,,,3.9375,1,2.94,No,No,1,485.969
D:/Pipefish Mesocosm Film/Trial 3/3-12-20/3-12 Noon 01.MTS,103.434,3.326,Wiggle,Male,Active wiggle,Female,2,3.9375,1,2.94,No,No,1,485.969
D:/Pipefish Mesocosm Film/Trial 3/3-12-20/3-12 Noon 01.MTS,106.761,30.472,Inactive,Male,,,,3.9375,1,2.94,No,No,1,485.969
D:/Pipefish Mesocosm Film/Trial 3/3-12-20/3-12 Noon 01.MTS,107.611,1.081,Wiggle,Female,Subtle wiggle,Male,3,3.9375,1,2.94,No,No,1,485.969
D:/Pipefish Mesocosm Film/Trial 3/3-12-20/3-12 Noon 01.MTS,108.693,22.273,Inactive,Female,,,,3.9375,1,2.94,No,No,1,485.969
D:/Pipefish Mesocosm Film/Trial 3/3-12-20/3-12 Noon 01.MTS,130.967,2.572,Wiggle,Female,Active wiggle,Female,4,3.9375,1,2.94,No,No,1,485.969
D:/Pipefish Mesocosm Film/Trial 3/3-12-20/3-12 Noon 01.MTS,133.54,56.102,Inactive,Female,,,,3.9375,1,2.94,No,No,1,485.969
D:/Pipefish Mesocosm Film/Trial 3/3-12-20/3-12 Noon 01.MTS,137.234,3.986,Wiggle,Male,Active wiggle,Female,4,3.9375,1,2.94,No,No,1,485.969
D:/Pipefish Mesocosm Film/Trial 3/3-12-20/3-12 Noon 01.MTS,141.221,7.121,Inactive,Male,,,,3.9375,1,2.94,No,No,1,485.969
D:/Pipefish Mesocosm Film/Trial 3/3-12-20/3-12 Noon 01.MTS,148.343,7.692,Wiggle,Male,Active wiggle,Female,3,3.9375,1,2.94,No,No,1,485.969
D:/Pipefish Mesocosm Film/Trial 3/3-12-20/3-12 Noon 01.MTS,156.036,32.182,Inactive,Male,,,,3.9375,1,2.94,No,No,1,485.969
D:/Pipefish Mesocosm Film/Trial 3/3-12-20/3-12 Noon 01.MTS,188.219,1.43,Wiggle,Male,Subtle wiggle,Female,3,3.9375,1,2.94,No,No,1,485.969
D:/Pipefish Mesocosm Film/Trial 3/3-12-20/3-12 Noon 01.MTS,189.643,6.649,Pose,Female,Flash,Male,Front,3.9375,1,2.94,No,No,1,485.969
D:/Pipefish Mesocosm Film/Trial 3/3-12-20/3-12 Noon 01.MTS,189.65,34.744,Inactive,Male,,,,3.9375,1,2.94,No,No,1,485.969
D:/Pipefish Mesocosm Film/Trial 3/3-12-20/3-12 Noon 01.MTS,196.293,9.114,Inactive,Female,,,,3.9375,1,2.94,No,No,1,485.969
D:/Pipefish Mesocosm Film/Trial 3/3-12-20/3-12 Noon 01.MTS,205.408,3.412,Wiggle,Female,Active wiggle,Male,4,3.9375,1,2.94,No,No,1,485.969
D:/Pipefish Mesocosm Film/Trial 3/3-12-20/3-12 Noon 01.MTS,208.821,37.029,Inactive,Female,,,,3.9375,1,2.94,No,No,1,485.969
D:/Pipefish Mesocosm Film/Trial 3/3-12-20/3-12 Noon 01.MTS,224.395,2.847,Wiggle,Male,Active wiggle,Female,4,3.9375,1,2.94,No,No,1,485.969
D:/Pipefish Mesocosm Film/Trial 3/3-12-20/3-12 Noon 01.MTS,227.243,28.386,Inactive,Male,,,,3.9375,1,2.94,No,No,1,485.969
D:/Pipefish Mesocosm Film/Trial 3/3-12-20/3-12 Noon 01.MTS,245.851,3.703,Pose,Female,Non-s pose,Male,Front,3.9375,1,2.94,No,No,1,485.969
D:/Pipefish Mesocosm Film/Trial 3/3-12-20/3-12 Noon 01.MTS,249.555,24.59,Inactive,Female,,,,3.9375,1,2.94,No,No,1,485.969
D:/Pipefish Mesocosm Film/Trial 3/3-12-20/3-12 Noon 01.MTS,255.63,2.659,Wiggle,Male,Active wiggle,Female,5,3.9375,1,2.94,No,No,1,485.969
D:/Pipefish Mesocosm Film/Trial 3/3-12-20/3-12 Noon 01.MTS,258.29,6.55,Inactive,Male,,,,3.9375,1,2.94,No,No,1,485.969
D:/Pipefish Mesocosm Film/Trial 3/3-12-20/3-12 Noon 01.MTS,264.841,1.801,Wiggle,Male,Active wiggle,Female,4,3.9375,1,2.94,No,No,1,485.969
D:/Pipefish Mesocosm Film/Trial 3/3-12-20/3-12 Noon 01.MTS,266.643,2.847,Inactive,Male,,,,3.9375,1,2.94,No,No,1,485.969
D:/Pipefish Mesocosm Film/Trial 3/3-12-20/3-12 Noon 01.MTS,269.491,3.702,Wiggle,Male,Active wiggle,Female,4,3.9375,1,2.94,No,No,1,485.969
D:/Pipefish Mesocosm Film/Trial 3/3-12-20/3-12 Noon 01.MTS,273.194,4.367,Inactive,Male,,,,3.9375,1,2.94,No,No,1,485.969
D:/Pipefish Mesocosm Film/Trial 3/3-12-20/3-12 Noon 01.MTS,274.146,1.325,Pose,Female,Flash,Male,Front,3.9375,1,2.94,No,No,1,485.969
D:/Pipefish Mesocosm Film/Trial 3/3-12-20/3-12 Noon 01.MTS,275.472,18.232,Inactive,Female,,,,3.9375,1,2.94,No,No,1,485.969
D:/Pipefish Mesocosm Film/Trial 3/3-12-20/3-12 Noon 01.MTS,277.562,2.282,Wiggle,Male,Active wiggle,Female,4,3.9375,1,2.94,No,No,1,485.969
D:/Pipefish Mesocosm Film/Trial 3/3-12-20/3-12 Noon 01.MTS,279.845,2.655,Inactive,Male,,,,3.9375,1,2.94,No,No,1,485.969
D:/Pipefish Mesocosm Film/Trial 3/3-12-20/3-12 Noon 01.MTS,282.501,1.993,Wiggle,Male,Active wiggle,Female,4,3.9375,1,2.94,No,No,1,485.969
D:/Pipefish Mesocosm Film/Trial 3/3-12-20/3-12 Noon 01.MTS,284.495,3.605,Inactive,Male,,,,3.9375,1,2.94,No,No,1,485.969
D:/Pipefish Mesocosm Film/Trial 3/3-12-20/3-12 Noon 01.MTS,288.101,4.37,Wiggle,Male,Active wiggle,Female,4,3.9375,1,2.94,No,No,1,485.969
D:/Pipefish Mesocosm Film/Trial 3/3-12-20/3-12 Noon 01.MTS,292.472,0.851,Inactive,Male,,,,3.9375,1,2.94,No,No,1,485.969
D:/Pipefish Mesocosm Film/Trial 3/3-12-20/3-12 Noon 01.MTS,293.324,1.519,Wiggle,Male,Active wiggle,Female,4,3.9375,1,2.94,No,No,1,485.969
D:/Pipefish Mesocosm Film/Trial 3/3-12-20/3-12 Noon 01.MTS,293.705,2.373,Pose,Female,Non-s pose,Male,Front,3.9375,1,2.94,No,No,1,485.969
D:/Pipefish Mesocosm Film/Trial 3/3-12-20/3-12 Noon 01.MTS,294.844,17.657,Inactive,Male,,,,3.9375,1,2.94,No,No,1,485.969
D:/Pipefish Mesocosm Film/Trial 3/3-12-20/3-12 Noon 01.MTS,296.079,5.028,Wiggle,Female,Active wiggle,Male,4,3.9375,1,2.94,No,No,1,485.969
D:/Pipefish Mesocosm Film/Trial 3/3-12-20/3-12 Noon 01.MTS,301.108,40.165,Inactive,Female,,,,3.9375,1,2.94,No,No,1,485.969
D:/Pipefish Mesocosm Film/Trial 3/3-12-20/3-12 Noon 01.MTS,312.502,12.818,Surrounding,Male,,,,3.9375,1,2.94,No,No,1,485.969
D:/Pipefish Mesocosm Film/Trial 3/3-12-20/3-12 Noon 01.MTS,325.321,20.982,Inactive,Male,,,,3.9375,1,2.94,No,No,1,485.969
D:/Pipefish Mesocosm Film/Trial 3/3-12-20/3-12 Noon 01.MTS,341.274,5.695,Wiggle,Female,Active wiggle,Male,5,3.9375,1,2.94,No,No,1,485.969
D:/Pipefish Mesocosm Film/Trial 3/3-12-20/3-12 Noon 01.MTS,346.304,12.816,Surrounding,Male,,,,3.9375,1,2.94,No,No,1,485.969
D:/Pipefish Mesocosm Film/Trial 3/3-12-20/3-12 Noon 01.MTS,346.97,14.151,Inactive,Female,,,,3.9375,1,2.94,No,No,1,485.969
D:/Pipefish Mesocosm Film/Trial 3/3-12-20/3-12 Noon 01.MTS,348.299,0,Move away,Female,,,,3.9375,1,2.94,No,No,1,485.969
D:/Pipefish Mesocosm Film/Trial 3/3-12-20/3-12 Noon 01.MTS,359.121,8.548,Wiggle,Male,Active wiggle,Female,5,3.9375,1,2.94,No,No,1,485.969
D:/Pipefish Mesocosm Film/Trial 3/3-12-20/3-12 Noon 01.MTS,361.122,1.038,Wiggle,Female,Subtle wiggle,Male,6,3.9375,1,2.94,No,No,1,485.969
D:/Pipefish Mesocosm Film/Trial 3/3-12-20/3-12 Noon 01.MTS,362.161,5.123,Inactive,Female,,,,3.9375,1,2.94,No,No,1,485.969
D:/Pipefish Mesocosm Film/Trial 3/3-12-20/3-12 Noon 01.MTS,367.285,4.556,Wiggle,Female,Active wiggle,Male,5,3.9375,1,2.94,No,No,1,485.969
D:/Pipefish Mesocosm Film/Trial 3/3-12-20/3-12 Noon 01.MTS,367.67,28.192,Surrounding,Male,,,,3.9375,1,2.94,No,No,1,485.969
D:/Pipefish Mesocosm Film/Trial 3/3-12-20/3-12 Noon 01.MTS,371.842,117.26,Inactive,Female,,,,3.9375,1,2.94,No,No,1,485.969
D:/Pipefish Mesocosm Film/Trial 3/3-12-20/3-12 Noon 01.MTS,395.863,1.709,Inactive,Male,,,,3.9375,1,2.94,No,No,1,485.969
D:/Pipefish Mesocosm Film/Trial 3/3-12-20/3-12 Noon 01.MTS,397.573,2.09,Wiggle,Male,Active wiggle,Female,6,3.9375,1,2.94,No,No,1,485.969
D:/Pipefish Mesocosm Film/Trial 3/3-12-20/3-12 Noon 01.MTS,399.664,1.899,Surrounding,Male,,,,3.9375,1,2.94,No,No,1,485.969
D:/Pipefish Mesocosm Film/Trial 3/3-12-20/3-12 Noon 01.MTS,401.564,3.418,Wiggle,Male,Active wiggle,Female,5,3.9375,1,2.94,No,No,1,485.969
D:/Pipefish Mesocosm Film/Trial 3/3-12-20/3-12 Noon 01.MTS,404.983,6.453,Surrounding,Male,,,,3.9375,1,2.94,No,No,1,485.969
D:/Pipefish Mesocosm Film/Trial 3/3-12-20/3-12 Noon 01.MTS,411.437,2.753,Wiggle,Male,Subtle wiggle,Female,5,3.9375,1,2.94,No,No,1,485.969
D:/Pipefish Mesocosm Film/Trial 3/3-12-20/3-12 Noon 01.MTS,414.191,7.785,Surrounding,Male,,,,3.9375,1,2.94,No,No,1,485.969
D:/Pipefish Mesocosm Film/Trial 3/3-12-20/3-12 Noon 01.MTS,421.977,2.371,Wiggle,Male,Active wiggle,Female,3,3.9375,1,2.94,No,No,1,485.969
D:/Pipefish Mesocosm Film/Trial 3/3-12-20/3-12 Noon 01.MTS,424.349,64.753,Surrounding,Male,,,,3.9375,1,2.94,No,No,1,485.969
D:/Pipefish Mesocosm Film/Trial 3/3-12-20/3-12 Noon 01.MTS,492.803,9.782,Inactive,Female,,,,4.72,1,3.72,No,No,2,685.409
D:/Pipefish Mesocosm Film/Trial 3/3-12-20/3-12 Noon 01.MTS,492.804,3.61,Wiggle,Male,Active wiggle,Female,4,4.72,1,3.72,No,No,2,685.409
D:/Pipefish Mesocosm Film/Trial 3/3-12-20/3-12 Noon 01.MTS,496.415,2.847,Inactive,Male,,,,4.72,1,3.72,No,No,2,685.409
D:/Pipefish Mesocosm Film/Trial 3/3-12-20/3-12 Noon 01.MTS,499.263,5.506,Wiggle,Male,Active wiggle,Female,6,4.72,1,3.72,No,No,2,685.409
D:/Pipefish Mesocosm Film/Trial 3/3-12-20/3-12 Noon 01.MTS,502.586,6.455,Pose,Female,Non-s pose,Male,Front,4.72,1,3.72,No,No,2,685.409
D:/Pipefish Mesocosm Film/Trial 3/3-12-20/3-12 Noon 01.MTS,504.77,1.422,Surrounding,Male,,,,4.72,1,3.72,No,No,2,685.409
D:/Pipefish Mesocosm Film/Trial 3/3-12-20/3-12 Noon 01.MTS,506.193,4.56,Wiggle,Male,Active wiggle,Female,4,4.72,1,3.72,No,No,2,685.409
D:/Pipefish Mesocosm Film/Trial 3/3-12-20/3-12 Noon 01.MTS,509.042,54.687,Inactive,Female,,,,4.72,1,3.72,No,No,2,685.409
D:/Pipefish Mesocosm Film/Trial 3/3-12-20/3-12 Noon 01.MTS,510.754,22.784,Surrounding,Male,,,,4.72,1,3.72,No,No,2,685.409
D:/Pipefish Mesocosm Film/Trial 3/3-12-20/3-12 Noon 01.MTS,533.539,11.01,Wiggle,Male,Active wiggle,Female,5,4.72,1,3.72,No,No,2,685.409
D:/Pipefish Mesocosm Film/Trial 3/3-12-20/3-12 Noon 01.MTS,544.55,14.239,Surrounding,Male,,,,4.72,1,3.72,No,No,2,685.409
D:/Pipefish Mesocosm Film/Trial 3/3-12-20/3-12 Noon 01.MTS,558.79,9.021,Inactive,Male,,,,4.72,1,3.72,No,No,2,685.409
D:/Pipefish Mesocosm Film/Trial 3/3-12-20/3-12 Noon 01.MTS,563.73,4.558,Pose,Female,Non-s pose,Male,Front,4.72,1,3.72,No,No,2,685.409
D:/Pipefish Mesocosm Film/Trial 3/3-12-20/3-12 Noon 01.MTS,567.812,1.614,Wiggle,Male,Subtle wiggle,Female,6,4.72,1,3.72,No,No,2,685.409
D:/Pipefish Mesocosm Film/Trial 3/3-12-20/3-12 Noon 01.MTS,568.289,326.701,Inactive,Female,,,,4.72,1,3.72,No,No,2,685.409
D:/Pipefish Mesocosm Film/Trial 3/3-12-20/3-12 Noon 01.MTS,569.427,13.574,Surrounding,Male,,,,4.72,1,3.72,No,No,2,685.409
D:/Pipefish Mesocosm Film/Trial 3/3-12-20/3-12 Noon 01.MTS,583.002,2.277,Wiggle,Male,Subtle wiggle,Female,5,4.72,1,3.72,No,No,2,685.409
D:/Pipefish Mesocosm Film/Trial 3/3-12-20/3-12 Noon 01.MTS,585.28,39.405,Surrounding,Male,,,,4.72,1,3.72,No,No,2,685.409
D:/Pipefish Mesocosm Film/Trial 3/3-12-20/3-12 Noon 01.MTS,590.791,0,Move away,Female,,,,4.72,1,3.72,No,No,2,685.409
D:/Pipefish Mesocosm Film/Trial 3/3-12-20/3-12 Noon 01.MTS,624.686,0.947,Wiggle,Male,Subtle wiggle,Female,5,4.72,1,3.72,No,No,2,685.409
D:/Pipefish Mesocosm Film/Trial 3/3-12-20/3-12 Noon 01.MTS,625.634,67.029,Surrounding,Male,,,,4.72,1,3.72,No,No,2,685.409
D:/Pipefish Mesocosm Film/Trial 3/3-12-20/3-12 Noon 01.MTS,648.323,0,Move away,Female,,,,4.72,1,3.72,No,No,2,685.409
D:/Pipefish Mesocosm Film/Trial 3/3-12-20/3-12 Noon 01.MTS,692.664,2.658,Wiggle,Male,Active wiggle,Female,7,4.72,1,3.72,No,No,2,685.409
D:/Pipefish Mesocosm Film/Trial 3/3-12-20/3-12 Noon 01.MTS,695.323,5.697,Surrounding,Male,,,,4.72,1,3.72,No,No,2,685.409
D:/Pipefish Mesocosm Film/Trial 3/3-12-20/3-12 Noon 01.MTS,701.021,3.891,Wiggle,Male,Active wiggle,Female,5,4.72,1,3.72,No,No,2,685.409
D:/Pipefish Mesocosm Film/Trial 3/3-12-20/3-12 Noon 01.MTS,704.913,2.564,Surrounding,Male,,,,4.72,1,3.72,No,No,2,685.409
D:/Pipefish Mesocosm Film/Trial 3/3-12-20/3-12 Noon 01.MTS,707.478,1.419,Wiggle,Male,Subtle wiggle,Female,5,4.72,1,3.72,No,No,2,685.409
D:/Pipefish Mesocosm Film/Trial 3/3-12-20/3-12 Noon 01.MTS,708.898,16.617,Surrounding,Male,,,,4.72,1,3.72,No,No,2,685.409
D:/Pipefish Mesocosm Film/Trial 3/3-12-20/3-12 Noon 01.MTS,725.516,2.561,Wiggle,Male,Active wiggle,Female,5,4.72,1,3.72,No,No,2,685.409
D:/Pipefish Mesocosm Film/Trial 3/3-12-20/3-12 Noon 01.MTS,728.078,32.946,Surrounding,Male,,,,4.72,1,3.72,No,No,2,685.409
D:/Pipefish Mesocosm Film/Trial 3/3-12-20/3-12 Noon 01.MTS,761.025,2.658,Wiggle,Male,Subtle wiggle,Female,3,4.72,1,3.72,No,No,2,685.409
D:/Pipefish Mesocosm Film/Trial 3/3-12-20/3-12 Noon 01.MTS,763.684,42.627,Surrounding,Male,,,,4.72,1,3.72,No,No,2,685.409
D:/Pipefish Mesocosm Film/Trial 3/3-12-20/3-12 Noon 01.MTS,806.312,4.366,Wiggle,Male,Active wiggle,Female,6,4.72,1,3.72,No,No,2,685.409
D:/Pipefish Mesocosm Film/Trial 3/3-12-20/3-12 Noon 01.MTS,810.679,69.12,Surrounding,Male,,,,4.72,1,3.72,No,No,2,685.409
D:/Pipefish Mesocosm Film/Trial 3/3-12-20/3-12 Noon 01.MTS,879.8,4.845,Wiggle,Male,Active wiggle,Female,5,4.72,1,3.72,No,No,2,685.409
D:/Pipefish Mesocosm Film/Trial 3/3-12-20/3-12 Noon 01.MTS,884.646,5.6,Inactive,Male,,,,4.72,1,3.72,No,No,2,685.409
D:/Pipefish Mesocosm Film/Trial 3/3-12-20/3-12 Noon 01.MTS,890.247,4.267,Wiggle,Male,Active wiggle,Female,6,4.72,1,3.72,No,No,2,685.409
D:/Pipefish Mesocosm Film/Trial 3/3-12-20/3-12 Noon 01.MTS,894.515,10.162,Inactive,Male,,,,4.72,1,3.72,No,No,2,685.409
D:/Pipefish Mesocosm Film/Trial 3/3-12-20/3-12 Noon 01.MTS,894.991,3.036,Wiggle,Female,Active wiggle,Male,4,4.72,1,3.72,No,No,2,685.409
D:/Pipefish Mesocosm Film/Trial 3/3-12-20/3-12 Noon 01.MTS,898.028,16.049,Inactive,Female,,,,4.72,1,3.72,No,No,2,685.409
D:/Pipefish Mesocosm Film/Trial 3/3-12-20/3-12 Noon 01.MTS,904.678,7.592,Wiggle,Male,Active wiggle,Female,5,4.72,1,3.72,No,No,2,685.409
D:/Pipefish Mesocosm Film/Trial 3/3-12-20/3-12 Noon 01.MTS,912.271,21.172,Inactive,Male,,,,4.72,1,3.72,No,No,2,685.409
D:/Pipefish Mesocosm Film/Trial 3/3-12-20/3-12 Noon 01.MTS,914.078,4.458,Wiggle,Female,Active wiggle,Male,5,4.72,1,3.72,No,No,2,685.409
D:/Pipefish Mesocosm Film/Trial 3/3-12-20/3-12 Noon 01.MTS,918.537,129.318,Inactive,Female,,,,4.72,1,3.72,No,No,2,685.409
D:/Pipefish Mesocosm Film/Trial 3/3-12-20/3-12 Noon 01.MTS,933.444,2.754,Wiggle,Male,Active wiggle,Female,4,4.72,1,3.72,No,No,2,685.409
D:/Pipefish Mesocosm Film/Trial 3/3-12-20/3-12 Noon 01.MTS,936.199,51.172,Inactive,Male,,,,4.72,1,3.72,No,No,2,685.409
D:/Pipefish Mesocosm Film/Trial 3/3-12-20/3-12 Noon 01.MTS,987.372,2.566,Surrounding,Male,,,,4.72,1,3.72,No,No,2,685.409
D:/Pipefish Mesocosm Film/Trial 3/3-12-20/3-12 Noon 01.MTS,989.939,2.279,Wiggle,Male,Subtle wiggle,Female,5,4.72,1,3.72,No,No,2,685.409
D:/Pipefish Mesocosm Film/Trial 3/3-12-20/3-12 Noon 01.MTS,992.219,37.592,Surrounding,Male,,,,4.72,1,3.72,No,No,2,685.409
D:/Pipefish Mesocosm Film/Trial 3/3-12-20/3-12 Noon 01.MTS,1029.812,1.143,Inactive,Male,,,,4.72,1,3.72,No,No,2,685.409
D:/Pipefish Mesocosm Film/Trial 3/3-12-20/3-12 Noon 01.MTS,1030.956,1.804,Wiggle,Male,Active wiggle,Female,3,4.72,1,3.72,No,No,2,685.409
D:/Pipefish Mesocosm Film/Trial 3/3-12-20/3-12 Noon 01.MTS,1032.761,8.254,Surrounding,Male,,,,4.72,1,3.72,No,No,2,685.409
D:/Pipefish Mesocosm Film/Trial 3/3-12-20/3-12 Noon 01.MTS,1041.016,7.12,Out of sight,Male,,,,4.72,1,3.72,No,No,2,685.409
D:/Pipefish Mesocosm Film/Trial 3/3-12-20/3-12 Noon 01.MTS,1047.856,1.802,Wiggle,Female,Active wiggle,Male,3,4.72,1,3.72,No,No,2,685.409
D:/Pipefish Mesocosm Film/Trial 3/3-12-20/3-12 Noon 01.MTS,1048.137,4.935,Wiggle,Male,Active wiggle,Female,3,4.72,1,3.72,No,No,2,685.409
D:/Pipefish Mesocosm Film/Trial 3/3-12-20/3-12 Noon 01.MTS,1049.659,5.03,Pose,Female,S pose,Male,Front,4.72,1,3.72,No,No,2,685.409
D:/Pipefish Mesocosm Film/Trial 3/3-12-20/3-12 Noon 01.MTS,1053.073,4.559,Inactive,Male,,,,4.72,1,3.72,No,No,2,685.409
D:/Pipefish Mesocosm Film/Trial 3/3-12-20/3-12 Noon 01.MTS,1054.69,40.824,Inactive,Female,,,,4.72,1,3.72,No,No,2,685.409
D:/Pipefish Mesocosm Film/Trial 3/3-12-20/3-12 Noon 01.MTS,1057.633,18.512,Surrounding,Male,,,,4.72,1,3.72,No,No,2,685.409
D:/Pipefish Mesocosm Film/Trial 3/3-12-20/3-12 Noon 01.MTS,1076.146,17.661,Inactive,Male,,,,4.72,1,3.72,No,No,2,685.409
D:/Pipefish Mesocosm Film/Trial 3/3-12-20/3-12 Noon 01.MTS,1093.808,3.034,Wiggle,Male,Active wiggle,Female,5,4.72,1,3.72,No,No,2,685.409
D:/Pipefish Mesocosm Film/Trial 3/3-12-20/3-12 Noon 01.MTS,1095.515,4.651,Pose,Female,Non-s pose,Male,Front,4.72,1,3.72,No,No,2,685.409
D:/Pipefish Mesocosm Film/Trial 3/3-12-20/3-12 Noon 01.MTS,1096.843,17.373,Surrounding,Male,,,,4.72,1,3.72,No,No,2,685.409
D:/Pipefish Mesocosm Film/Trial 3/3-12-20/3-12 Noon 01.MTS,1100.167,77.665,Inactive,Female,,,,4.72,1,3.72,No,No,2,685.409
D:/Pipefish Mesocosm Film/Trial 3/3-12-20/3-12 Noon 01.MTS,1114.217,3.038,Wiggle,Male,Active wiggle,Female,4,4.72,1,3.72,No,No,2,685.409
D:/Pipefish Mesocosm Film/Trial 3/3-12-20/3-12 Noon 01.MTS,1117.256,60.576,Surrounding,Male,,,,4.72,1,3.72,No,No,2,685.409
D:/Pipefish Mesocosm Film/Trial 3/3-12-20/3-12 Noon 01.MTS,1188.659,24.304,Inactive,Female,,,,4.2,1,3.2,No,No,3,91.336
D:/Pipefish Mesocosm Film/Trial 3/3-12-20/3-12 Noon 01.MTS,1188.659,3.603,Wiggle,Male,Active wiggle,Female,4,4.2,1,3.2,No,No,3,91.336
D:/Pipefish Mesocosm Film/Trial 3/3-12-20/3-12 Noon 01.MTS,1192.263,7.026,Surrounding,Male,,,,4.2,1,3.2,No,No,3,91.336
D:/Pipefish Mesocosm Film/Trial 3/3-12-20/3-12 Noon 01.MTS,1195.875,0,Touch,Male,,,,4.2,1,3.2,No,No,3,91.336
D:/Pipefish Mesocosm Film/Trial 3/3-12-20/3-12 Noon 01.MTS,1199.29,5.791,Wiggle,Male,Active wiggle,Female,5,4.2,1,3.2,No,No,3,91.336
D:/Pipefish Mesocosm Film/Trial 3/3-12-20/3-12 Noon 01.MTS,1205.082,1.993,Surrounding,Male,,,,4.2,1,3.2,No,No,3,91.336
D:/Pipefish Mesocosm Film/Trial 3/3-12-20/3-12 Noon 01.MTS,1207.076,4.367,Wiggle,Male,Active wiggle,Female,5,4.2,1,3.2,No,No,3,91.336
D:/Pipefish Mesocosm Film/Trial 3/3-12-20/3-12 Noon 01.MTS,1211.444,4.746,Surrounding,Male,,,,4.2,1,3.2,No,No,3,91.336
D:/Pipefish Mesocosm Film/Trial 3/3-12-20/3-12 Noon 01.MTS,1212.964,1.517,Wiggle,Female,Active wiggle,Male,3,4.2,1,3.2,No,No,3,91.336
D:/Pipefish Mesocosm Film/Trial 3/3-12-20/3-12 Noon 01.MTS,1214.482,64.964,Inactive,Female,,,,4.2,1,3.2,No,No,3,91.336
D:/Pipefish Mesocosm Film/Trial 3/3-12-20/3-12 Noon 01.MTS,1216.191,1.992,Wiggle,Male,Subtle wiggle,Female,4,4.2,1,3.2,No,No,3,91.336
D:/Pipefish Mesocosm Film/Trial 3/3-12-20/3-12 Noon 01.MTS,1218.184,61.262,Surrounding,Male,,,,4.2,1,3.2,No,No,3,91.336
D:/Pipefish Mesocosm Film/Trial 3/3-12-20/3-12 Noon 01.MTS,1373.229,5.794,Inactive,Female,,,,3.846153846,1,2.846,No,No,4,259.792
D:/Pipefish Mesocosm Film/Trial 3/3-12-20/3-12 Noon 01.MTS,1373.229,7.408,Wiggle,Male,Active wiggle,Female,5,3.846153846,1,2.846,No,No,4,259.792
D:/Pipefish Mesocosm Film/Trial 3/3-12-20/3-12 Noon 01.MTS,1379.024,2.847,Wiggle,Female,Active wiggle,Male,4,3.846153846,1,2.846,No,No,4,259.792
D:/Pipefish Mesocosm Film/Trial 3/3-12-20/3-12 Noon 01.MTS,1380.638,37.593,Surrounding,Male,,,,3.846153846,1,2.846,No,No,4,259.792
D:/Pipefish Mesocosm Film/Trial 3/3-12-20/3-12 Noon 01.MTS,1381.872,34.56,Inactive,Female,,,,3.846153846,1,2.846,No,No,4,259.792
D:/Pipefish Mesocosm Film/Trial 3/3-12-20/3-12 Noon 01.MTS,1416.433,7.78,Pose,Female,Non-s pose,Male,Front,3.846153846,1,2.846,No,No,4,259.792
D:/Pipefish Mesocosm Film/Trial 3/3-12-20/3-12 Noon 01.MTS,1418.232,5.507,Wiggle,Male,Active wiggle,Female,5,3.846153846,1,2.846,No,No,4,259.792
D:/Pipefish Mesocosm Film/Trial 3/3-12-20/3-12 Noon 01.MTS,1423.74,9.399,Inactive,Male,,,,3.846153846,1,2.846,No,No,4,259.792
D:/Pipefish Mesocosm Film/Trial 3/3-12-20/3-12 Noon 01.MTS,1424.214,17.094,Inactive,Female,,,,3.846153846,1,2.846,No,No,4,259.792
D:/Pipefish Mesocosm Film/Trial 3/3-12-20/3-12 Noon 01.MTS,1433.14,3.988,Wiggle,Male,Active wiggle,Female,4,3.846153846,1,2.846,No,No,4,259.792
D:/Pipefish Mesocosm Film/Trial 3/3-12-20/3-12 Noon 01.MTS,1437.129,8.829,Surrounding,Male,,,,3.846153846,1,2.846,No,No,4,259.792
D:/Pipefish Mesocosm Film/Trial 3/3-12-20/3-12 Noon 01.MTS,1441.309,3.415,Pose,Female,Non-s pose,Male,Front,3.846153846,1,2.846,No,No,4,259.792
D:/Pipefish Mesocosm Film/Trial 3/3-12-20/3-12 Noon 01.MTS,1444.725,101.114,Inactive,Female,,,,3.846153846,1,2.846,No,No,4,259.792
D:/Pipefish Mesocosm Film/Trial 3/3-12-20/3-12 Noon 01.MTS,1445.959,6.832,Inactive,Male,,,,3.846153846,1,2.846,No,No,4,259.792
D:/Pipefish Mesocosm Film/Trial 3/3-12-20/3-12 Noon 01.MTS,1452.792,3.137,Wiggle,Male,Active wiggle,Female,3,3.846153846,1,2.846,No,No,4,259.792
D:/Pipefish Mesocosm Film/Trial 3/3-12-20/3-12 Noon 01.MTS,1455.93,41.583,Surrounding,Male,,,,3.846153846,1,2.846,No,No,4,259.792
D:/Pipefish Mesocosm Film/Trial 3/3-12-20/3-12 Noon 01.MTS,1497.514,2.184,Wiggle,Male,Active wiggle,Female,3,3.846153846,1,2.846,No,No,4,259.792
D:/Pipefish Mesocosm Film/Trial 3/3-12-20/3-12 Noon 01.MTS,1499.699,2.275,Inactive,Male,,,,3.846153846,1,2.846,No,No,4,259.792
D:/Pipefish Mesocosm Film/Trial 3/3-12-20/3-12 Noon 01.MTS,1501.975,5.031,Wiggle,Male,Active wiggle,Female,3,3.846153846,1,2.846,No,No,4,259.792
D:/Pipefish Mesocosm Film/Trial 3/3-12-20/3-12 Noon 01.MTS,1507.007,2.472,Inactive,Male,,,,3.846153846,1,2.846,No,No,4,259.792
D:/Pipefish Mesocosm Film/Trial 3/3-12-20/3-12 Noon 01.MTS,1509.48,6.641,Wiggle,Male,Active wiggle,Female,4,3.846153846,1,2.846,No,No,4,259.792
D:/Pipefish Mesocosm Film/Trial 3/3-12-20/3-12 Noon 01.MTS,1516.122,30.284,Surrounding,Male,,,,3.846153846,1,2.846,No,No,4,259.792
D:/Pipefish Mesocosm Film/Trial 3/3-12-20/3-12 Noon 01.MTS,1545.84,8.262,Wiggle,Female,Active wiggle,Male,4,3.846153846,1,2.846,No,No,4,259.792
D:/Pipefish Mesocosm Film/Trial 3/3-12-20/3-12 Noon 01.MTS,1546.407,1.614,Wiggle,Male,Active wiggle,Female,4,3.846153846,1,2.846,No,No,4,259.792
D:/Pipefish Mesocosm Film/Trial 3/3-12-20/3-12 Noon 01.MTS,1548.022,1.423,Surrounding,Male,,,,3.846153846,1,2.846,No,No,4,259.792
D:/Pipefish Mesocosm Film/Trial 3/3-12-20/3-12 Noon 01.MTS,1549.446,3.703,Wiggle,Male,Active wiggle,Female,3,3.846153846,1,2.846,No,No,4,259.792
D:/Pipefish Mesocosm Film/Trial 3/3-12-20/3-12 Noon 01.MTS,1553.15,3.227,Inactive,Male,,,,3.846153846,1,2.846,No,No,4,259.792
D:/Pipefish Mesocosm Film/Trial 3/3-12-20/3-12 Noon 01.MTS,1554.103,6.832,Pose,Female,Non-s pose,Male,Front,3.846153846,1,2.846,No,No,4,259.792
D:/Pipefish Mesocosm Film/Trial 3/3-12-20/3-12 Noon 01.MTS,1556.378,1.137,Wiggle,Male,Subtle wiggle,Female,5,3.846153846,1,2.846,No,No,4,259.792
D:/Pipefish Mesocosm Film/Trial 3/3-12-20/3-12 Noon 01.MTS,1557.516,10.353,Inactive,Male,,,,3.846153846,1,2.846,No,No,4,259.792
D:/Pipefish Mesocosm Film/Trial 3/3-12-20/3-12 Noon 01.MTS,1560.936,72.083,Inactive,Female,,,,3.846153846,1,2.846,No,No,4,259.792
D:/Pipefish Mesocosm Film/Trial 3/3-12-20/3-12 Noon 01.MTS,1567.87,2.848,Wiggle,Male,Active wiggle,Female,3,3.846153846,1,2.846,No,No,4,259.792
D:/Pipefish Mesocosm Film/Trial 3/3-12-20/3-12 Noon 01.MTS,1570.719,62.3,Surrounding,Male,,,,3.846153846,1,2.846,No,No,4,259.792
D:/Pipefish Mesocosm Film/Trial 3/3-12-20/3-12 Noon 01.MTS,1640.974,25.825,Inactive,Female,,,,4.25,1,3.25,No,No,5,502.739
D:/Pipefish Mesocosm Film/Trial 3/3-12-20/3-12 Noon 01.MTS,1640.974,4.086,Wiggle,Male,Active wiggle,Female,4,4.25,1,3.25,No,No,5,502.739
D:/Pipefish Mesocosm Film/Trial 3/3-12-20/3-12 Noon 01.MTS,1645.061,23.258,Surrounding,Male,,,,4.25,1,3.25,No,No,5,502.739
D:/Pipefish Mesocosm Film/Trial 3/3-12-20/3-12 Noon 01.MTS,1666.8,2.371,Wiggle,Female,Subtle wiggle,Male,5,4.25,1,3.25,No,No,5,502.739
D:/Pipefish Mesocosm Film/Trial 3/3-12-20/3-12 Noon 01.MTS,1668.32,6.931,Wiggle,Male,Active wiggle,Female,5,4.25,1,3.25,No,No,5,502.739
D:/Pipefish Mesocosm Film/Trial 3/3-12-20/3-12 Noon 01.MTS,1669.172,2.187,Inactive,Female,,,,4.25,1,3.25,No,No,5,502.739
D:/Pipefish Mesocosm Film/Trial 3/3-12-20/3-12 Noon 01.MTS,1671.36,3.415,Pose,Female,Non-s pose,Male,Front,4.25,1,3.25,No,No,5,502.739
D:/Pipefish Mesocosm Film/Trial 3/3-12-20/3-12 Noon 01.MTS,1674.776,41.015,Inactive,Female,,,,4.25,1,3.25,No,No,5,502.739
D:/Pipefish Mesocosm Film/Trial 3/3-12-20/3-12 Noon 01.MTS,1675.252,2.562,Inactive,Male,,,,4.25,1,3.25,No,No,5,502.739
D:/Pipefish Mesocosm Film/Trial 3/3-12-20/3-12 Noon 01.MTS,1676.77,0,Move away,Female,,,,4.25,1,3.25,No,No,5,502.739
D:/Pipefish Mesocosm Film/Trial 3/3-12-20/3-12 Noon 01.MTS,1677.815,22.214,Surrounding,Male,,,,4.25,1,3.25,No,No,5,502.739
D:/Pipefish Mesocosm Film/Trial 3/3-12-20/3-12 Noon 01.MTS,1700.03,80.134,Inactive,Male,,,,4.25,1,3.25,No,No,5,502.739
D:/Pipefish Mesocosm Film/Trial 3/3-12-20/3-12 Noon 01.MTS,1715.792,3.705,Wiggle,Female,Active wiggle,Male,5,4.25,1,3.25,No,No,5,502.739
D:/Pipefish Mesocosm Film/Trial 3/3-12-20/3-12 Noon 01.MTS,1719.498,3.699,Inactive,Female,,,,4.25,1,3.25,No,No,5,502.739
D:/Pipefish Mesocosm Film/Trial 3/3-12-20/3-12 Noon 01.MTS,1723.198,7.31,Pose,Female,S pose,Male,Front,4.25,1,3.25,No,No,5,502.739
D:/Pipefish Mesocosm Film/Trial 3/3-12-20/3-12 Noon 01.MTS,1730.509,55.543,Inactive,Female,,,,4.25,1,3.25,No,No,5,502.739
D:/Pipefish Mesocosm Film/Trial 3/3-12-20/3-12 Noon 01.MTS,1780.165,9.398,Surrounding,Male,,,,4.25,1,3.25,No,No,5,502.739
D:/Pipefish Mesocosm Film/Trial 3/3-12-20/3-12 Noon 01.MTS,1786.053,1.516,Wiggle,Female,Active wiggle,Male,4,4.25,1,3.25,No,No,5,502.739
D:/Pipefish Mesocosm Film/Trial 3/3-12-20/3-12 Noon 01.MTS,1787.57,3.228,Pose,Female,S pose,Male,Front,4.25,1,3.25,No,No,5,502.739
D:/Pipefish Mesocosm Film/Trial 3/3-12-20/3-12 Noon 01.MTS,1789.564,3.704,Wiggle,Male,Active wiggle,Female,3,4.25,1,3.25,No,No,5,502.739
D:/Pipefish Mesocosm Film/Trial 3/3-12-20/3-12 Noon 01.MTS,1790.799,4.461,Inactive,Female,,,,4.25,1,3.25,No,No,5,502.739
D:/Pipefish Mesocosm Film/Trial 3/3-12-20/3-12 Noon 01.MTS,1793.269,21.076,Surrounding,Male,,,,4.25,1,3.25,No,No,5,502.739
D:/Pipefish Mesocosm Film/Trial 3/3-12-20/3-12 Noon 01.MTS,1795.261,3.703,Pose,Female,S pose,Male,Front,4.25,1,3.25,No,No,5,502.739
D:/Pipefish Mesocosm Film/Trial 3/3-12-20/3-12 Noon 01.MTS,1798.965,88.298,Inactive,Female,,,,4.25,1,3.25,No,No,5,502.739
D:/Pipefish Mesocosm Film/Trial 3/3-12-20/3-12 Noon 01.MTS,1814.346,2.279,Wiggle,Male,Active wiggle,Female,4,4.25,1,3.25,No,No,5,502.739
D:/Pipefish Mesocosm Film/Trial 3/3-12-20/3-12 Noon 01.MTS,1816.626,8.354,Surrounding,Male,,,,4.25,1,3.25,No,No,5,502.739
D:/Pipefish Mesocosm Film/Trial 3/3-12-20/3-12 Noon 01.MTS,1824.981,37.312,Inactive,Male,,,,4.25,1,3.25,No,No,5,502.739
D:/Pipefish Mesocosm Film/Trial 3/3-12-20/3-12 Noon 01.MTS,1862.294,9.969,Surrounding,Male,,,,4.25,1,3.25,No,No,5,502.739
D:/Pipefish Mesocosm Film/Trial 3/3-12-20/3-12 Noon 01.MTS,1872.264,3.13,Wiggle,Male,Subtle wiggle,Female,2,4.25,1,3.25,No,No,5,502.739
D:/Pipefish Mesocosm Film/Trial 3/3-12-20/3-12 Noon 01.MTS,1875.395,40.734,Surrounding,Male,,,,4.25,1,3.25,No,No,5,502.739
D:/Pipefish Mesocosm Film/Trial 3/3-12-20/3-12 Noon 01.MTS,1879.003,0,Move away,Female,,,,4.25,1,3.25,No,No,5,502.739
D:/Pipefish Mesocosm Film/Trial 3/3-12-20/3-12 Noon 01.MTS,1887.264,3.418,Wiggle,Female,Subtle wiggle,Male,5,4.25,1,3.25,No,No,5,502.739
D:/Pipefish Mesocosm Film/Trial 3/3-12-20/3-12 Noon 01.MTS,1890.683,72.917,Inactive,Female,,,,4.25,1,3.25,No,No,5,502.739
D:/Pipefish Mesocosm Film/Trial 3/3-12-20/3-12 Noon 01.MTS,1916.13,2.087,Wiggle,Male,Subtle wiggle,Female,5,4.25,1,3.25,No,No,5,502.739
D:/Pipefish Mesocosm Film/Trial 3/3-12-20/3-12 Noon 01.MTS,1918.218,3.698,Surrounding,Male,,,,4.25,1,3.25,No,No,5,502.739
D:/Pipefish Mesocosm Film/Trial 3/3-12-20/3-12 Noon 01.MTS,1921.917,3.609,Wiggle,Male,Active wiggle,Female,4,4.25,1,3.25,No,No,5,502.739
D:/Pipefish Mesocosm Film/Trial 3/3-12-20/3-12 Noon 01.MTS,1925.527,7.407,Surrounding,Male,,,,4.25,1,3.25,No,No,5,502.739
D:/Pipefish Mesocosm Film/Trial 3/3-12-20/3-12 Noon 01.MTS,1932.935,5.218,Wiggle,Male,Active wiggle,Female,3,4.25,1,3.25,No,No,5,502.739
D:/Pipefish Mesocosm Film/Trial 3/3-12-20/3-12 Noon 01.MTS,1938.154,12.439,Surrounding,Male,,,,4.25,1,3.25,No,No,5,502.739
D:/Pipefish Mesocosm Film/Trial 3/3-12-20/3-12 Noon 01.MTS,1950.594,1.328,Wiggle,Male,Subtle wiggle,Female,3,4.25,1,3.25,No,No,5,502.739
D:/Pipefish Mesocosm Film/Trial 3/3-12-20/3-12 Noon 01.MTS,1951.923,12.244,Surrounding,Male,,,,4.25,1,3.25,No,No,5,502.739
D:/Pipefish Mesocosm Film/Trial 3/3-12-20/3-12 Noon 01.MTS,1963.601,18.322,Pose,Female,Non-s pose,Male,Front,4.25,1,3.25,No,No,5,502.739
D:/Pipefish Mesocosm Film/Trial 3/3-12-20/3-12 Noon 01.MTS,1964.168,5.79,Wiggle,Male,Active wiggle,Female,3,4.25,1,3.25,No,No,5,502.739
D:/Pipefish Mesocosm Film/Trial 3/3-12-20/3-12 Noon 01.MTS,1969.959,8.832,Inactive,Male,,,,4.25,1,3.25,No,No,5,502.739
D:/Pipefish Mesocosm Film/Trial 3/3-12-20/3-12 Noon 01.MTS,1978.792,2.277,Wiggle,Male,Subtle wiggle,Female,6,4.25,1,3.25,No,No,5,502.739
D:/Pipefish Mesocosm Film/Trial 3/3-12-20/3-12 Noon 01.MTS,1981.07,3.322,Surrounding,Male,,,,4.25,1,3.25,No,No,5,502.739
D:/Pipefish Mesocosm Film/Trial 3/3-12-20/3-12 Noon 01.MTS,1981.924,7.499,Wiggle,Female,Active wiggle,Male,4,4.25,1,3.25,No,No,5,502.739
D:/Pipefish Mesocosm Film/Trial 3/3-12-20/3-12 Noon 01.MTS,1984.393,3.133,Wiggle,Male,Subtle wiggle,Female,5,4.25,1,3.25,No,No,5,502.739
D:/Pipefish Mesocosm Film/Trial 3/3-12-20/3-12 Noon 01.MTS,1987.527,3.423,Inactive,Male,,,,4.25,1,3.25,No,No,5,502.739
D:/Pipefish Mesocosm Film/Trial 3/3-12-20/3-12 Noon 01.MTS,1989.424,9.302,Pose,Female,Non-s pose,Male,Front,4.25,1,3.25,No,No,5,502.739
D:/Pipefish Mesocosm Film/Trial 3/3-12-20/3-12 Noon 01.MTS,1990.951,3.693,Wiggle,Male,Subtle wiggle,Female,5,4.25,1,3.25,No,No,5,502.739
D:/Pipefish Mesocosm Film/Trial 3/3-12-20/3-12 Noon 01.MTS,1994.645,1.993,Surrounding,Male,,,,4.25,1,3.25,No,No,5,502.739
D:/Pipefish Mesocosm Film/Trial 3/3-12-20/3-12 Noon 01.MTS,1996.639,3.893,Wiggle,Male,Active wiggle,Female,5,4.25,1,3.25,No,No,5,502.739
D:/Pipefish Mesocosm Film/Trial 3/3-12-20/3-12 Noon 01.MTS,1998.727,56.684,Inactive,Female,,,,4.25,1,3.25,No,No,5,502.739
D:/Pipefish Mesocosm Film/Trial 3/3-12-20/3-12 Noon 01.MTS,2000.533,32.659,Surrounding,Male,,,,4.25,1,3.25,No,No,5,502.739
D:/Pipefish Mesocosm Film/Trial 3/3-12-20/3-12 Noon 01.MTS,2033.193,3.418,Inactive,Male,,,,4.25,1,3.25,No,No,5,502.739
D:/Pipefish Mesocosm Film/Trial 3/3-12-20/3-12 Noon 01.MTS,2036.612,2.374,Wiggle,Male,Active wiggle,Female,3,4.25,1,3.25,No,No,5,502.739
D:/Pipefish Mesocosm Film/Trial 3/3-12-20/3-12 Noon 01.MTS,2038.987,9.966,Inactive,Male,,,,4.25,1,3.25,No,No,5,502.739
D:/Pipefish Mesocosm Film/Trial 3/3-12-20/3-12 Noon 01.MTS,2048.954,5.602,Wiggle,Male,Active wiggle,Female,6,4.25,1,3.25,No,No,5,502.739
D:/Pipefish Mesocosm Film/Trial 3/3-12-20/3-12 Noon 01.MTS,2054.557,5.124,Inactive,Male,,,,4.25,1,3.25,No,No,5,502.739
D:/Pipefish Mesocosm Film/Trial 3/3-12-20/3-12 Noon 01.MTS,2055.412,3.606,Wiggle,Female,Active wiggle,Male,3,4.25,1,3.25,No,No,5,502.739
D:/Pipefish Mesocosm Film/Trial 3/3-12-20/3-12 Noon 01.MTS,2059.019,6.359,Pose,Female,S pose,Male,Front,4.25,1,3.25,No,No,5,502.739
D:/Pipefish Mesocosm Film/Trial 3/3-12-20/3-12 Noon 01.MTS,2059.682,6.074,Wiggle,Male,Active wiggle,Female,5,4.25,1,3.25,No,No,5,502.739
D:/Pipefish Mesocosm Film/Trial 3/3-12-20/3-12 Noon 01.MTS,2065.379,78.332,Inactive,Female,,,,4.25,1,3.25,No,No,5,502.739
D:/Pipefish Mesocosm Film/Trial 3/3-12-20/3-12 Noon 01.MTS,2065.757,10.828,Inactive,Male,,,,4.25,1,3.25,No,No,5,502.739
D:/Pipefish Mesocosm Film/Trial 3/3-12-20/3-12 Noon 01.MTS,2076.586,5.122,Wiggle,Male,Active wiggle,Female,5,4.25,1,3.25,No,No,5,502.739
D:/Pipefish Mesocosm Film/Trial 3/3-12-20/3-12 Noon 01.MTS,2081.709,62.002,Inactive,Male,,,,4.25,1,3.25,No,No,5,502.739
D:/Pipefish Mesocosm Film/Trial 3/3-12-20/3-12 Noon 01.MTS,2150.26,5.316,Wiggle,Female,Active wiggle,Male,4,4.318181818,1,3.318,No,No,6,450.836
D:/Pipefish Mesocosm Film/Trial 3/3-12-20/3-12 Noon 01.MTS,2151.997,3.866,Inactive,Male,,,,4.318181818,1,3.318,No,No,6,450.836
D:/Pipefish Mesocosm Film/Trial 3/3-12-20/3-12 Noon 01.MTS,2155.577,27.062,Inactive,Female,,,,4.318181818,1,3.318,No,No,6,450.836
D:/Pipefish Mesocosm Film/Trial 3/3-12-20/3-12 Noon 01.MTS,2155.864,2.56,Wiggle,Male,Active wiggle,Female,5,4.318181818,1,3.318,No,No,6,450.836
D:/Pipefish Mesocosm Film/Trial 3/3-12-20/3-12 Noon 01.MTS,2158.425,1.425,Inactive,Male,,,,4.318181818,1,3.318,No,No,6,450.836
D:/Pipefish Mesocosm Film/Trial 3/3-12-20/3-12 Noon 01.MTS,2159.851,4.082,Wiggle,Male,Active wiggle,Female,5,4.318181818,1,3.318,No,No,6,450.836
D:/Pipefish Mesocosm Film/Trial 3/3-12-20/3-12 Noon 01.MTS,2163.934,31.52,Inactive,Male,,,,4.318181818,1,3.318,No,No,6,450.836
D:/Pipefish Mesocosm Film/Trial 3/3-12-20/3-12 Noon 01.MTS,2182.64,4.181,Pose,Female,S pose,Male,Front,4.318181818,1,3.318,No,No,6,450.836
D:/Pipefish Mesocosm Film/Trial 3/3-12-20/3-12 Noon 01.MTS,2186.822,68.258,Inactive,Female,,,,4.318181818,1,3.318,No,No,6,450.836
D:/Pipefish Mesocosm Film/Trial 3/3-12-20/3-12 Noon 01.MTS,2195.455,6.361,Wiggle,Male,Active wiggle,Female,3,4.318181818,1,3.318,No,No,6,450.836
D:/Pipefish Mesocosm Film/Trial 3/3-12-20/3-12 Noon 01.MTS,2201.817,1.519,Inactive,Male,,,,4.318181818,1,3.318,No,No,6,450.836
D:/Pipefish Mesocosm Film/Trial 3/3-12-20/3-12 Noon 01.MTS,2203.337,2.749,Wiggle,Male,Subtle wiggle,Female,6,4.318181818,1,3.318,No,No,6,450.836
D:/Pipefish Mesocosm Film/Trial 3/3-12-20/3-12 Noon 01.MTS,2206.087,16.901,Inactive,Male,,,,4.318181818,1,3.318,No,No,6,450.836
D:/Pipefish Mesocosm Film/Trial 3/3-12-20/3-12 Noon 01.MTS,2222.989,22.974,Surrounding,Male,,,,4.318181818,1,3.318,No,No,6,450.836
D:/Pipefish Mesocosm Film/Trial 3/3-12-20/3-12 Noon 01.MTS,2245.964,9.687,Inactive,Male,,,,4.318181818,1,3.318,No,No,6,450.836
D:/Pipefish Mesocosm Film/Trial 3/3-12-20/3-12 Noon 01.MTS,2255.081,3.61,Pose,Female,S pose,Male,Front,4.318181818,1,3.318,No,No,6,450.836
D:/Pipefish Mesocosm Film/Trial 3/3-12-20/3-12 Noon 01.MTS,2255.652,3.134,Wiggle,Male,Active wiggle,Female,5,4.318181818,1,3.318,No,No,6,450.836
D:/Pipefish Mesocosm Film/Trial 3/3-12-20/3-12 Noon 01.MTS,2258.692,85.825,Inactive,Female,,,,4.318181818,1,3.318,No,No,6,450.836
D:/Pipefish Mesocosm Film/Trial 3/3-12-20/3-12 Noon 01.MTS,2258.787,8.163,Inactive,Male,,,,4.318181818,1,3.318,No,No,6,450.836
D:/Pipefish Mesocosm Film/Trial 3/3-12-20/3-12 Noon 01.MTS,2266.951,2.466,Wiggle,Male,Active wiggle,Female,5,4.318181818,1,3.318,No,No,6,450.836
D:/Pipefish Mesocosm Film/Trial 3/3-12-20/3-12 Noon 01.MTS,2269.418,25.821,Inactive,Male,,,,4.318181818,1,3.318,No,No,6,450.836
D:/Pipefish Mesocosm Film/Trial 3/3-12-20/3-12 Noon 01.MTS,2295.24,3.896,Wiggle,Male,Active wiggle,Female,4,4.318181818,1,3.318,No,No,6,450.836
D:/Pipefish Mesocosm Film/Trial 3/3-12-20/3-12 Noon 01.MTS,2299.137,33.418,Inactive,Male,,,,4.318181818,1,3.318,No,No,6,450.836
D:/Pipefish Mesocosm Film/Trial 3/3-12-20/3-12 Noon 01.MTS,2332.556,1.327,Wiggle,Male,Active wiggle,Female,5,4.318181818,1,3.318,No,No,6,450.836
D:/Pipefish Mesocosm Film/Trial 3/3-12-20/3-12 Noon 01.MTS,2333.884,10.157,Inactive,Male,,,,4.318181818,1,3.318,No,No,6,450.836
D:/Pipefish Mesocosm Film/Trial 3/3-12-20/3-12 Noon 01.MTS,2344.042,3.988,Wiggle,Male,Active wiggle,Female,4,4.318181818,1,3.318,No,No,6,450.836
D:/Pipefish Mesocosm Film/Trial 3/3-12-20/3-12 Noon 01.MTS,2344.518,10.54,Pose,Female,Non-s pose,Male,Front,4.318181818,1,3.318,No,No,6,450.836
D:/Pipefish Mesocosm Film/Trial 3/3-12-20/3-12 Noon 01.MTS,2348.031,12.344,Surrounding,Male,,,,4.318181818,1,3.318,No,No,6,450.836
D:/Pipefish Mesocosm Film/Trial 3/3-12-20/3-12 Noon 01.MTS,2355.059,2.37,Wiggle,Female,Subtle wiggle,Male,4,4.318181818,1,3.318,No,No,6,450.836
D:/Pipefish Mesocosm Film/Trial 3/3-12-20/3-12 Noon 01.MTS,2357.43,15,Pose,Female,Non-s pose,Male,Front,4.318181818,1,3.318,No,No,6,450.836
D:/Pipefish Mesocosm Film/Trial 3/3-12-20/3-12 Noon 01.MTS,2360.376,2.653,Wiggle,Male,Active wiggle,Female,4,4.318181818,1,3.318,No,No,6,450.836
D:/Pipefish Mesocosm Film/Trial 3/3-12-20/3-12 Noon 01.MTS,2363.03,28.389,Inactive,Male,,,,4.318181818,1,3.318,No,No,6,450.836
D:/Pipefish Mesocosm Film/Trial 3/3-12-20/3-12 Noon 01.MTS,2372.431,9.686,Inactive,Female,,,,4.318181818,1,3.318,No,No,6,450.836
D:/Pipefish Mesocosm Film/Trial 3/3-12-20/3-12 Noon 01.MTS,2382.118,4.745,Wiggle,Female,Active wiggle,Male,4,4.318181818,1,3.318,No,No,6,450.836
D:/Pipefish Mesocosm Film/Trial 3/3-12-20/3-12 Noon 01.MTS,2386.864,94.94,Inactive,Female,,,,4.318181818,1,3.318,No,No,6,450.836
D:/Pipefish Mesocosm Film/Trial 3/3-12-20/3-12 Noon 01.MTS,2391.42,4.463,Wiggle,Male,Active wiggle,Female,4,4.318181818,1,3.318,No,No,6,450.836
D:/Pipefish Mesocosm Film/Trial 3/3-12-20/3-12 Noon 01.MTS,2395.884,13.195,Inactive,Male,,,,4.318181818,1,3.318,No,No,6,450.836
D:/Pipefish Mesocosm Film/Trial 3/3-12-20/3-12 Noon 01.MTS,2409.08,2.469,Wiggle,Male,Active wiggle,Female,3,4.318181818,1,3.318,No,No,6,450.836
D:/Pipefish Mesocosm Film/Trial 3/3-12-20/3-12 Noon 01.MTS,2411.55,16.044,Surrounding,Male,,,,4.318181818,1,3.318,No,No,6,450.836
D:/Pipefish Mesocosm Film/Trial 3/3-12-20/3-12 Noon 01.MTS,2427.595,26.489,Inactive,Male,,,,4.318181818,1,3.318,No,No,6,450.836
D:/Pipefish Mesocosm Film/Trial 3/3-12-20/3-12 Noon 01.MTS,2454.085,1.991,Wiggle,Male,Active wiggle,Female,4,4.318181818,1,3.318,No,No,6,450.836
D:/Pipefish Mesocosm Film/Trial 3/3-12-20/3-12 Noon 01.MTS,2456.077,22.504,Inactive,Male,,,,4.318181818,1,3.318,No,No,6,450.836
D:/Pipefish Mesocosm Film/Trial 3/3-12-20/3-12 Noon 01.MTS,2478.582,2.373,Wiggle,Male,Active wiggle,Female,3,4.318181818,1,3.318,No,No,6,450.836
D:/Pipefish Mesocosm Film/Trial 3/3-12-20/3-12 Noon 01.MTS,2480.956,3.985,Surrounding,Male,,,,4.318181818,1,3.318,No,No,6,450.836
D:/Pipefish Mesocosm Film/Trial 3/3-12-20/3-12 Noon 01.MTS,2481.805,3.801,Wiggle,Female,Active wiggle,Male,3,4.318181818,1,3.318,No,No,6,450.836
D:/Pipefish Mesocosm Film/Trial 3/3-12-20/3-12 Noon 01.MTS,2484.942,4.269,Wiggle,Male,Active wiggle,Female,5,4.318181818,1,3.318,No,No,6,450.836
D:/Pipefish Mesocosm Film/Trial 3/3-12-20/3-12 Noon 01.MTS,2485.607,7.214,Inactive,Female,,,,4.318181818,1,3.318,No,No,6,450.836
D:/Pipefish Mesocosm Film/Trial 3/3-12-20/3-12 Noon 01.MTS,2489.212,1.329,Inactive,Male,,,,4.318181818,1,3.318,No,No,6,450.836
D:/Pipefish Mesocosm Film/Trial 3/3-12-20/3-12 Noon 01.MTS,2490.542,2.756,Wiggle,Male,Active wiggle,Female,5,4.318181818,1,3.318,No,No,6,450.836
D:/Pipefish Mesocosm Film/Trial 3/3-12-20/3-12 Noon 01.MTS,2492.822,2.374,Pose,Female,Non-s pose,Male,Front,4.318181818,1,3.318,No,No,6,450.836
D:/Pipefish Mesocosm Film/Trial 3/3-12-20/3-12 Noon 01.MTS,2493.299,21.644,Surrounding,Male,,,,4.318181818,1,3.318,No,No,6,450.836
D:/Pipefish Mesocosm Film/Trial 3/3-12-20/3-12 Noon 01.MTS,2495.197,33.607,Inactive,Female,,,,4.318181818,1,3.318,No,No,6,450.836
D:/Pipefish Mesocosm Film/Trial 3/3-12-20/3-12 Noon 01.MTS,2514.944,7.214,Wiggle,Male,Active wiggle,Female,5,4.318181818,1,3.318,No,No,6,450.836
D:/Pipefish Mesocosm Film/Trial 3/3-12-20/3-12 Noon 01.MTS,2522.159,9.684,Inactive,Male,,,,4.318181818,1,3.318,No,No,6,450.836
D:/Pipefish Mesocosm Film/Trial 3/3-12-20/3-12 Noon 01.MTS,2528.805,11.108,Pose,Female,Non-s pose,Male,Front,4.318181818,1,3.318,No,No,6,450.836
D:/Pipefish Mesocosm Film/Trial 3/3-12-20/3-12 Noon 01.MTS,2531.844,0.191,Wiggle,Male,Subtle wiggle,Female,5,4.318181818,1,3.318,No,No,6,450.836
D:/Pipefish Mesocosm Film/Trial 3/3-12-20/3-12 Noon 01.MTS,2532.036,67.601,Surrounding,Male,,,,4.318181818,1,3.318,No,No,6,450.836
D:/Pipefish Mesocosm Film/Trial 3/3-12-20/3-12 Noon 01.MTS,2539.914,59.723,Inactive,Female,,,,4.318181818,1,3.318,No,No,6,450.836
D:/Pipefish Mesocosm Film/Trial 3/3-12-20/3-12 Noon 01.MTS,2615.872,16.711,Pose,Female,Non-s pose,Male,Front,3.7,1.03,2.67,No,Yes,7,1005.539
D:/Pipefish Mesocosm Film/Trial 3/3-12-20/3-12 Noon 01.MTS,2615.872,16.236,Surrounding,Male,,,,3.7,1.03,2.67,No,Yes,7,1005.539
D:/Pipefish Mesocosm Film/Trial 3/3-12-20/3-12 Noon 01.MTS,2632.109,5.027,Wiggle,Male,Subtle wiggle,Female,3,3.7,1.03,2.67,No,Yes,7,1005.539
D:/Pipefish Mesocosm Film/Trial 3/3-12-20/3-12 Noon 01.MTS,2632.584,10.63,Inactive,Female,,,,3.7,1.03,2.67,No,Yes,7,1005.539
D:/Pipefish Mesocosm Film/Trial 3/3-12-20/3-12 Noon 01.MTS,2637.137,6.266,Inactive,Male,,,,3.7,1.03,2.67,No,Yes,7,1005.539
D:/Pipefish Mesocosm Film/Trial 3/3-12-20/3-12 Noon 01.MTS,2643.215,7.974,Pose,Female,Non-s pose,Male,Front,3.7,1.03,2.67,No,Yes,7,1005.539
D:/Pipefish Mesocosm Film/Trial 3/3-12-20/3-12 Noon 01.MTS,2643.404,1.993,Wiggle,Male,Active wiggle,Female,4,3.7,1.03,2.67,No,Yes,7,1005.539
D:/Pipefish Mesocosm Film/Trial 3/3-12-20/3-12 Noon 01.MTS,2645.398,30.668,Surrounding,Male,,,,3.7,1.03,2.67,No,Yes,7,1005.539
D:/Pipefish Mesocosm Film/Trial 3/3-12-20/3-12 Noon 01.MTS,2651.19,41.111,Inactive,Female,,,,3.7,1.03,2.67,No,Yes,7,1005.539
D:/Pipefish Mesocosm Film/Trial 3/3-12-20/3-12 Noon 01.MTS,2676.067,23.639,Inactive,Male,,,,3.7,1.03,2.67,No,Yes,7,1005.539
D:/Pipefish Mesocosm Film/Trial 3/3-12-20/3-12 Noon 01.MTS,2692.302,4.556,Wiggle,Female,Subtle wiggle,Male,4,3.7,1.03,2.67,No,Yes,7,1005.539
D:/Pipefish Mesocosm Film/Trial 3/3-12-20/3-12 Noon 01.MTS,2696.859,67.506,Inactive,Female,,,,3.7,1.03,2.67,No,Yes,7,1005.539
D:/Pipefish Mesocosm Film/Trial 3/3-12-20/3-12 Noon 01.MTS,2699.707,2.281,Wiggle,Male,Subtle wiggle,Female,4,3.7,1.03,2.67,No,Yes,7,1005.539
D:/Pipefish Mesocosm Film/Trial 3/3-12-20/3-12 Noon 01.MTS,2701.989,75.101,Inactive,Male,,,,3.7,1.03,2.67,No,Yes,7,1005.539
D:/Pipefish Mesocosm Film/Trial 3/3-12-20/3-12 Noon 01.MTS,2764.366,2.655,Pose,Female,Non-s pose,Male,Front,3.7,1.03,2.67,No,Yes,7,1005.539
D:/Pipefish Mesocosm Film/Trial 3/3-12-20/3-12 Noon 01.MTS,2767.022,72.542,Inactive,Female,,,,3.7,1.03,2.67,No,Yes,7,1005.539
D:/Pipefish Mesocosm Film/Trial 3/3-12-20/3-12 Noon 01.MTS,2777.091,7.591,Surrounding,Male,,,,3.7,1.03,2.67,No,Yes,7,1005.539
D:/Pipefish Mesocosm Film/Trial 3/3-12-20/3-12 Noon 01.MTS,2784.683,4.843,Wiggle,Male,Subtle wiggle,Female,3,3.7,1.03,2.67,No,Yes,7,1005.539
D:/Pipefish Mesocosm Film/Trial 3/3-12-20/3-12 Noon 01.MTS,2789.527,5.408,Surrounding,Male,,,,3.7,1.03,2.67,No,Yes,7,1005.539
D:/Pipefish Mesocosm Film/Trial 3/3-12-20/3-12 Noon 01.MTS,2794.936,3.419,Wiggle,Male,Active wiggle,Female,5,3.7,1.03,2.67,No,Yes,7,1005.539
D:/Pipefish Mesocosm Film/Trial 3/3-12-20/3-12 Noon 01.MTS,2798.356,29.909,Inactive,Male,,,,3.7,1.03,2.67,No,Yes,7,1005.539
D:/Pipefish Mesocosm Film/Trial 3/3-12-20/3-12 Noon 01.MTS,2828.266,4.458,Wiggle,Male,Active wiggle,Female,4,3.7,1.03,2.67,No,Yes,7,1005.539
D:/Pipefish Mesocosm Film/Trial 3/3-12-20/3-12 Noon 01.MTS,2832.725,40.274,Inactive,Male,,,,3.7,1.03,2.67,No,Yes,7,1005.539
D:/Pipefish Mesocosm Film/Trial 3/3-12-20/3-12 Noon 01.MTS,2839.565,26.688,Pose,Female,Non-s pose,Male,Front,3.7,1.03,2.67,No,Yes,7,1005.539
D:/Pipefish Mesocosm Film/Trial 3/3-12-20/3-12 Noon 02.MTS,2866.255,8.549,Wiggle,Female,Active wiggle,Female,4,3.7,1.03,2.67,No,Yes,7,1005.539
D:/Pipefish Mesocosm Film/Trial 3/3-12-20/3-12 Noon 02.MTS,2873,2.564,Wiggle,Male,Active wiggle,Female,3,3.7,1.03,2.67,No,Yes,7,1005.539
D:/Pipefish Mesocosm Film/Trial 3/3-12-20/3-12 Noon 02.MTS,2874.805,18.036,Pose,Female,Non-s pose,Male,Front,3.7,1.03,2.67,No,Yes,7,1005.539
D:/Pipefish Mesocosm Film/Trial 3/3-12-20/3-12 Noon 02.MTS,2875.565,8.354,Inactive,Male,,,,3.7,1.03,2.67,No,Yes,7,1005.539
D:/Pipefish Mesocosm Film/Trial 3/3-12-20/3-12 Noon 02.MTS,2875.656,17.184,Inactive,Female,,,,3.7,1.03,2.67,No,Yes,7,1005.539
D:/Pipefish Mesocosm Film/Trial 3/3-12-20/3-12 Noon 02.MTS,2883.92,5.409,Surrounding,Male,,,,3.7,1.03,2.67,No,Yes,7,1005.539
D:/Pipefish Mesocosm Film/Trial 3/3-12-20/3-12 Noon 02.MTS,2889.33,7.308,Wiggle,Male,Active wiggle,Female,4,3.7,1.03,2.67,No,Yes,7,1005.539
D:/Pipefish Mesocosm Film/Trial 3/3-12-20/3-12 Noon 02.MTS,2896.639,17.469,Inactive,Male,,,,3.7,1.03,2.67,No,Yes,7,1005.539
D:/Pipefish Mesocosm Film/Trial 3/3-12-20/3-12 Noon 02.MTS,2900.44,25.821,Inactive,Female,,,,3.7,1.03,2.67,No,Yes,7,1005.539
D:/Pipefish Mesocosm Film/Trial 3/3-12-20/3-12 Noon 02.MTS,2914.109,4.463,Wiggle,Male,Active wiggle,Female,5,3.7,1.03,2.67,No,Yes,7,1005.539
D:/Pipefish Mesocosm Film/Trial 3/3-12-20/3-12 Noon 02.MTS,2918.573,30.666,Inactive,Male,,,,3.7,1.03,2.67,No,Yes,7,1005.539
D:/Pipefish Mesocosm Film/Trial 3/3-12-20/3-12 Noon 02.MTS,2926.262,6.267,Pose,Female,Non-s pose,Male,Front,3.7,1.03,2.67,No,Yes,7,1005.539
D:/Pipefish Mesocosm Film/Trial 3/3-12-20/3-12 Noon 02.MTS,2932.53,38.448,Inactive,Female,,,,3.7,1.03,2.67,No,Yes,7,1005.539
D:/Pipefish Mesocosm Film/Trial 3/3-12-20/3-12 Noon 02.MTS,2949.24,5.41,Wiggle,Male,Active wiggle,Female,5,3.7,1.03,2.67,No,Yes,7,1005.539
D:/Pipefish Mesocosm Film/Trial 3/3-12-20/3-12 Noon 02.MTS,2954.46,0,Move away,Female,,,,3.7,1.03,2.67,No,Yes,7,1005.539
D:/Pipefish Mesocosm Film/Trial 3/3-12-20/3-12 Noon 02.MTS,2954.651,11.394,Inactive,Male,,,,3.7,1.03,2.67,No,Yes,7,1005.539
D:/Pipefish Mesocosm Film/Trial 3/3-12-20/3-12 Noon 02.MTS,2966.046,4.083,Wiggle,Male,Active wiggle,Female,4,3.7,1.03,2.67,No,Yes,7,1005.539
D:/Pipefish Mesocosm Film/Trial 3/3-12-20/3-12 Noon 02.MTS,2970.13,6.262,Inactive,Male,,,,3.7,1.03,2.67,No,Yes,7,1005.539
D:/Pipefish Mesocosm Film/Trial 3/3-12-20/3-12 Noon 02.MTS,2970.979,2.469,Wiggle,Female,Subtle wiggle,Male,5,3.7,1.03,2.67,No,Yes,7,1005.539
D:/Pipefish Mesocosm Film/Trial 3/3-12-20/3-12 Noon 02.MTS,2973.449,2.282,Inactive,Female,,,,3.7,1.03,2.67,No,Yes,7,1005.539
D:/Pipefish Mesocosm Film/Trial 3/3-12-20/3-12 Noon 02.MTS,2975.732,6.356,Pose,Female,Non-s pose,Male,Front,3.7,1.03,2.67,No,Yes,7,1005.539
D:/Pipefish Mesocosm Film/Trial 3/3-12-20/3-12 Noon 02.MTS,2976.393,59.813,Surrounding,Male,,,,3.7,1.03,2.67,No,Yes,7,1005.539
D:/Pipefish Mesocosm Film/Trial 3/3-12-20/3-12 Noon 02.MTS,2982.089,111.75,Inactive,Female,,,,3.7,1.03,2.67,No,Yes,7,1005.539
D:/Pipefish Mesocosm Film/Trial 3/3-12-20/3-12 Noon 02.MTS,3036.207,2.374,Wiggle,Male,Active wiggle,Female,3,3.7,1.03,2.67,No,Yes,7,1005.539
D:/Pipefish Mesocosm Film/Trial 3/3-12-20/3-12 Noon 02.MTS,3038.582,44.531,Surrounding,Male,,,,3.7,1.03,2.67,No,Yes,7,1005.539
D:/Pipefish Mesocosm Film/Trial 3/3-12-20/3-12 Noon 02.MTS,3083.114,4.555,Wiggle,Male,Active wiggle,Female,3,3.7,1.03,2.67,No,Yes,7,1005.539
D:/Pipefish Mesocosm Film/Trial 3/3-12-20/3-12 Noon 02.MTS,3087.67,17.756,Inactive,Male,,,,3.7,1.03,2.67,No,Yes,7,1005.539
D:/Pipefish Mesocosm Film/Trial 3/3-12-20/3-12 Noon 02.MTS,3093.84,3.227,Pose,Female,Non-s pose,Male,Front,3.7,1.03,2.67,No,Yes,7,1005.539
D:/Pipefish Mesocosm Film/Trial 3/3-12-20/3-12 Noon 02.MTS,3097.068,3.893,Wiggle,Female,Active wiggle,Male,4,3.7,1.03,2.67,No,Yes,7,1005.539
D:/Pipefish Mesocosm Film/Trial 3/3-12-20/3-12 Noon 02.MTS,3100.962,6.171,Pose,Female,Non-s pose,Male,Front,3.7,1.03,2.67,No,Yes,7,1005.539
D:/Pipefish Mesocosm Film/Trial 3/3-12-20/3-12 Noon 02.MTS,3105.427,19.842,Surrounding,Male,,,,3.7,1.03,2.67,No,Yes,7,1005.539
D:/Pipefish Mesocosm Film/Trial 3/3-12-20/3-12 Noon 02.MTS,3107.134,45.383,Inactive,Female,,,,3.7,1.03,2.67,No,Yes,7,1005.539
D:/Pipefish Mesocosm Film/Trial 3/3-12-20/3-12 Noon 02.MTS,3125.27,11.388,Inactive,Male,,,,3.7,1.03,2.67,No,Yes,7,1005.539
D:/Pipefish Mesocosm Film/Trial 3/3-12-20/3-12 Noon 02.MTS,3136.659,3.608,Wiggle,Male,Active wiggle,Female,4,3.7,1.03,2.67,No,Yes,7,1005.539
D:/Pipefish Mesocosm Film/Trial 3/3-12-20/3-12 Noon 02.MTS,3140.268,10.539,Surrounding,Male,,,,3.7,1.03,2.67,No,Yes,7,1005.539
D:/Pipefish Mesocosm Film/Trial 3/3-12-20/3-12 Noon 02.MTS,3150.808,2.466,Wiggle,Male,Subtle wiggle,Female,3,3.7,1.03,2.67,No,Yes,7,1005.539
D:/Pipefish Mesocosm Film/Trial 3/3-12-20/3-12 Noon 02.MTS,3152.518,3.796,Pose,Female,Non-s pose,Male,Front,3.7,1.03,2.67,No,Yes,7,1005.539
D:/Pipefish Mesocosm Film/Trial 3/3-12-20/3-12 Noon 02.MTS,3153.275,9.118,Surrounding,Male,,,,3.7,1.03,2.67,No,Yes,7,1005.539
D:/Pipefish Mesocosm Film/Trial 3/3-12-20/3-12 Noon 02.MTS,3156.315,3.991,Inactive,Female,,,,3.7,1.03,2.67,No,Yes,7,1005.539
D:/Pipefish Mesocosm Film/Trial 3/3-12-20/3-12 Noon 02.MTS,3160.307,6.07,Swim away,Female,,,,3.7,1.03,2.67,No,Yes,7,1005.539
D:/Pipefish Mesocosm Film/Trial 3/3-12-20/3-12 Noon 02.MTS,3161.534,20.803,Swim away,Second female,,,,3.7,1.03,2.67,No,Yes,7,1005.539
D:/Pipefish Mesocosm Film/Trial 3/3-12-20/3-12 Noon 02.MTS,3162.394,11.87,Chasing,Male,,,,3.7,1.03,2.67,No,Yes,7,1005.539
D:/Pipefish Mesocosm Film/Trial 3/3-12-20/3-12 Noon 02.MTS,3166.378,9.114,Chasing,Female,,,,3.7,1.03,2.67,No,Yes,7,1005.539
D:/Pipefish Mesocosm Film/Trial 3/3-12-20/3-12 Noon 02.MTS,3174.265,165.2,Surrounding,Male,,,,3.7,1.03,2.67,No,Yes,7,1005.539
D:/Pipefish Mesocosm Film/Trial 3/3-12-20/3-12 Noon 02.MTS,3175.493,46.145,Inactive,Female,,,,3.7,1.03,2.67,No,Yes,7,1005.539
D:/Pipefish Mesocosm Film/Trial 3/3-12-20/3-12 Noon 02.MTS,3182.338,11.196,Inactive,Second female,,,,3.7,1.03,2.67,No,Yes,7,1005.539
D:/Pipefish Mesocosm Film/Trial 3/3-12-20/3-12 Noon 02.MTS,3193.915,0,Leave group,Second female,,,,3.7,1.03,2.67,No,Yes,7,1005.539
D:/Pipefish Mesocosm Film/Trial 3/3-12-20/3-12 Noon 02.MTS,3221.639,6.261,Pose,Female,Non-s pose,Male,Front,3.7,1.03,2.67,No,Yes,7,1005.539
D:/Pipefish Mesocosm Film/Trial 3/3-12-20/3-12 Noon 02.MTS,3227.901,43.864,Inactive,Female,,,,3.7,1.03,2.67,No,Yes,7,1005.539
D:/Pipefish Mesocosm Film/Trial 3/3-12-20/3-12 Noon 02.MTS,3271.766,2.469,Pose,Female,Non-s pose,Male,Front,3.7,1.03,2.67,No,Yes,7,1005.539
D:/Pipefish Mesocosm Film/Trial 3/3-12-20/3-12 Noon 02.MTS,3274.236,76.809,Inactive,Female,,,,3.7,1.03,2.67,No,Yes,7,1005.539
D:/Pipefish Mesocosm Film/Trial 3/3-12-20/3-12 Noon 02.MTS,3339.466,3.413,Wiggle,Male,Active wiggle,Female,4,3.7,1.03,2.67,No,Yes,7,1005.539
D:/Pipefish Mesocosm Film/Trial 3/3-12-20/3-12 Noon 02.MTS,3342.88,5.035,Surrounding,Male,,,,3.7,1.03,2.67,No,Yes,7,1005.539
D:/Pipefish Mesocosm Film/Trial 3/3-12-20/3-12 Noon 02.MTS,3347.916,3.129,Wiggle,Male,Active wiggle,Female,3,3.7,1.03,2.67,No,Yes,7,1005.539
D:/Pipefish Mesocosm Film/Trial 3/3-12-20/3-12 Noon 02.MTS,3351.046,3.801,Wiggle,Female,Active wiggle,Male,4,3.7,1.03,2.67,No,Yes,7,1005.539
D:/Pipefish Mesocosm Film/Trial 3/3-12-20/3-12 Noon 02.MTS,3351.046,45.667,Surrounding,Male,,,,3.7,1.03,2.67,No,Yes,7,1005.539
D:/Pipefish Mesocosm Film/Trial 3/3-12-20/3-12 Noon 02.MTS,3354.848,26.2,Inactive,Female,,,,3.7,1.03,2.67,No,Yes,7,1005.539
D:/Pipefish Mesocosm Film/Trial 3/3-12-20/3-12 Noon 02.MTS,3381.049,2.373,Wiggle,Female,Subtle wiggle,Male,4,3.7,1.03,2.67,No,Yes,7,1005.539
D:/Pipefish Mesocosm Film/Trial 3/3-12-20/3-12 Noon 02.MTS,3383.423,104.249,Inactive,Female,,,,3.7,1.03,2.67,No,Yes,7,1005.539
D:/Pipefish Mesocosm Film/Trial 3/3-12-20/3-12 Noon 02.MTS,3396.714,1.329,Wiggle,Male,Subtle wiggle,Female,3,3.7,1.03,2.67,No,Yes,7,1005.539
D:/Pipefish Mesocosm Film/Trial 3/3-12-20/3-12 Noon 02.MTS,3398.044,11.395,Inactive,Male,,,,3.7,1.03,2.67,No,Yes,7,1005.539
D:/Pipefish Mesocosm Film/Trial 3/3-12-20/3-12 Noon 02.MTS,3409.44,3.986,Wiggle,Male,Active wiggle,Female,4,3.7,1.03,2.67,No,Yes,7,1005.539
D:/Pipefish Mesocosm Film/Trial 3/3-12-20/3-12 Noon 02.MTS,3413.427,13.289,Surrounding,Male,,,,3.7,1.03,2.67,No,Yes,7,1005.539
D:/Pipefish Mesocosm Film/Trial 3/3-12-20/3-12 Noon 02.MTS,3426.717,3.326,Wiggle,Male,Active wiggle,Female,4,3.7,1.03,2.67,No,Yes,7,1005.539
D:/Pipefish Mesocosm Film/Trial 3/3-12-20/3-12 Noon 02.MTS,3430.044,53.639,Inactive,Male,,,,3.7,1.03,2.67,No,Yes,7,1005.539
D:/Pipefish Mesocosm Film/Trial 3/3-12-20/3-12 Noon 02.MTS,3483.684,3.989,Wiggle,Male,Active wiggle,Female,4,3.7,1.03,2.67,No,Yes,7,1005.539
D:/Pipefish Mesocosm Film/Trial 3/3-12-20/3-12 Noon 02.MTS,3487.673,2.372,Wiggle,Female,Active wiggle,Male,3,3.7,1.03,2.67,No,Yes,7,1005.539
D:/Pipefish Mesocosm Film/Trial 3/3-12-20/3-12 Noon 02.MTS,3487.674,50.508,Inactive,Male,,,,3.7,1.03,2.67,No,Yes,7,1005.539
D:/Pipefish Mesocosm Film/Trial 3/3-12-20/3-12 Noon 02.MTS,3490.046,2.849,Pose,Female,Non-s pose,Male,Front,3.7,1.03,2.67,No,Yes,7,1005.539
D:/Pipefish Mesocosm Film/Trial 3/3-12-20/3-12 Noon 02.MTS,3492.896,43.005,Inactive,Female,,,,3.7,1.03,2.67,No,Yes,7,1005.539
D:/Pipefish Mesocosm Film/Trial 3/3-12-20/3-12 Noon 02.MTS,3535.902,5.888,Pose,Female,S pose,Male,Front,3.7,1.03,2.67,No,Yes,7,1005.539
D:/Pipefish Mesocosm Film/Trial 3/3-12-20/3-12 Noon 02.MTS,3538.183,5.603,Wiggle,Male,Active wiggle,Female,3,3.7,1.03,2.67,No,Yes,7,1005.539
D:/Pipefish Mesocosm Film/Trial 3/3-12-20/3-12 Noon 02.MTS,3541.791,56.683,Inactive,Female,,,,3.7,1.03,2.67,No,Yes,7,1005.539
D:/Pipefish Mesocosm Film/Trial 3/3-12-20/3-12 Noon 02.MTS,3543.787,3.415,Inactive,Male,,,,3.7,1.03,2.67,No,Yes,7,1005.539
D:/Pipefish Mesocosm Film/Trial 3/3-12-20/3-12 Noon 02.MTS,3547.203,13.672,Surrounding,Male,,,,3.7,1.03,2.67,No,Yes,7,1005.539
D:/Pipefish Mesocosm Film/Trial 3/3-12-20/3-12 Noon 02.MTS,3560.876,30.76,Inactive,Male,,,,3.7,1.03,2.67,No,Yes,7,1005.539
D:/Pipefish Mesocosm Film/Trial 3/3-12-20/3-12 Noon 02.MTS,3575.971,0,Touch,Male,,,,3.7,1.03,2.67,No,Yes,7,1005.539
D:/Pipefish Mesocosm Film/Trial 3/3-12-20/3-12 Noon 02.MTS,3591.071,0,Move away,Female,,,,3.7,1.03,2.67,No,Yes,7,1005.539
D:/Pipefish Mesocosm Film/Trial 3/3-12-20/3-12 Noon 02.MTS,3591.637,3.228,Wiggle,Male,Active wiggle,Female,2,3.7,1.03,2.67,No,Yes,7,1005.539
D:/Pipefish Mesocosm Film/Trial 3/3-12-20/3-12 Noon 02.MTS,3594.866,1.139,Inactive,Male,,,,3.7,1.03,2.67,No,Yes,7,1005.539
D:/Pipefish Mesocosm Film/Trial 3/3-12-20/3-12 Noon 02.MTS,3596.006,5.979,Wiggle,Male,Active wiggle,Female,3,3.7,1.03,2.67,No,Yes,7,1005.539
D:/Pipefish Mesocosm Film/Trial 3/3-12-20/3-12 Noon 02.MTS,3598.475,7.024,Pose,Female,S pose,Male,Front,3.7,1.03,2.67,No,Yes,7,1005.539
D:/Pipefish Mesocosm Film/Trial 3/3-12-20/3-12 Noon 02.MTS,3601.986,19.423,Inactive,Male,,,,3.7,1.03,2.67,No,Yes,7,1005.539
D:/Pipefish Mesocosm Film/Trial 3/3-12-20/3-12 Noon 02.MTS,3605.5,4.27,Inactive,Female,,,,3.7,1.03,2.67,No,Yes,7,1005.539
D:/Pipefish Mesocosm Film/Trial 3/3-12-20/3-12 Noon 02.MTS,3609.771,2.752,Pose,Female,S pose,Male,Front,3.7,1.03,2.67,No,Yes,7,1005.539
D:/Pipefish Mesocosm Film/Trial 3/3-12-20/3-12 Noon 02.MTS,3612.524,8.884,Inactive,Female,,,,3.7,1.03,2.67,No,Yes,7,1005.539
