media_file_path,time_in_video,Duration,behavior,subject,modifier_1,modifier_2,modifier_3,Group size,Female,Male,Chasing_end,Chase_present,courtship_events,total_time_of_courtship
D:/Pipefish Mesocosm Film/Trial 8/10-12-20/10-12 Noon 01.MTS,181.386,2.657,Pose,Female,S pose,Male,Front,4,1,3,No,No,1,67.79
D:/Pipefish Mesocosm Film/Trial 8/10-12-20/10-12 Noon 01.MTS,181.861,66.556,Surrounding,Male,,,,4,1,3,No,No,1,67.79
D:/Pipefish Mesocosm Film/Trial 8/10-12-20/10-12 Noon 01.MTS,184.044,64.657,Inactive,Female,,,,4,1,3,No,No,1,67.79
D:/Pipefish Mesocosm Film/Trial 8/10-12-20/10-12 Noon 01.MTS,286.299,23.641,Inactive,Female,,,,2,1,1,No,No,2,24.042
D:/Pipefish Mesocosm Film/Trial 8/10-12-20/10-12 Noon 01.MTS,286.299,5.697,Wiggle,Male,Active wiggle,Female,2,2,1,1,No,No,2,24.042
D:/Pipefish Mesocosm Film/Trial 8/10-12-20/10-12 Noon 01.MTS,291.997,17.943,Inactive,Male,,,,2,1,1,No,No,2,24.042
D:/Pipefish Mesocosm Film/Trial 8/10-12-20/10-12 Noon 01.MTS,341.177,3.038,Wiggle,Male,Active wiggle,Female,3,3,1,2,No,No,3,90.672
D:/Pipefish Mesocosm Film/Trial 8/10-12-20/10-12 Noon 01.MTS,342.697,7.119,Inactive,Female,,,,3,1,2,No,No,3,90.672
D:/Pipefish Mesocosm Film/Trial 8/10-12-20/10-12 Noon 01.MTS,344.216,12.531,Inactive,Male,,,,3,1,2,No,No,3,90.672
D:/Pipefish Mesocosm Film/Trial 8/10-12-20/10-12 Noon 01.MTS,349.817,2.847,Wiggle,Female,Active wiggle,Male,3,3,1,2,No,No,3,90.672
D:/Pipefish Mesocosm Film/Trial 8/10-12-20/10-12 Noon 01.MTS,352.665,78.521,Inactive,Female,,,,3,1,2,No,No,3,90.672
D:/Pipefish Mesocosm Film/Trial 8/10-12-20/10-12 Noon 01.MTS,356.748,74.626,Surrounding,Male,,,,3,1,2,No,No,3,90.672
D:/Pipefish Mesocosm Film/Trial 8/10-12-20/10-12 Noon 01.MTS,524.041,3.323,Wiggle,Male,Active wiggle,Female,4,4,1,3,No,Yes,4,40.829
D:/Pipefish Mesocosm Film/Trial 8/10-12-20/10-12 Noon 01.MTS,524.232,29.527,Inactive,Female,,,,4,1,3,No,Yes,4,40.829
D:/Pipefish Mesocosm Film/Trial 8/10-12-20/10-12 Noon 01.MTS,527.365,5.411,Inactive,Male,,,,4,1,3,No,Yes,4,40.829
D:/Pipefish Mesocosm Film/Trial 8/10-12-20/10-12 Noon 01.MTS,532.777,22.215,Surrounding,Male,,,,4,1,3,No,Yes,4,40.829
D:/Pipefish Mesocosm Film/Trial 8/10-12-20/10-12 Noon 01.MTS,553.76,10.443,Out of sight,Female,,,,4,1,3,No,Yes,4,40.829
D:/Pipefish Mesocosm Film/Trial 8/10-12-20/10-12 Noon 01.MTS,554.993,8.737,Out of sight,Male,,,,4,1,3,No,Yes,4,40.829
D:/Pipefish Mesocosm Film/Trial 8/10-12-20/10-12 Noon 01.MTS,704.342,5.221,Wiggle,Male,Active wiggle,Female,3,3.5,1,2.5,No,No,5,226.085
D:/Pipefish Mesocosm Film/Trial 8/10-12-20/10-12 Noon 01.MTS,706.052,49.559,Inactive,Female,,,,3.5,1,2.5,No,No,5,226.085
D:/Pipefish Mesocosm Film/Trial 8/10-12-20/10-12 Noon 01.MTS,709.564,11.204,Inactive,Male,,,,3.5,1,2.5,No,No,5,226.085
D:/Pipefish Mesocosm Film/Trial 8/10-12-20/10-12 Noon 01.MTS,720.769,3.51,Wiggle,Male,Active wiggle,Female,3,3.5,1,2.5,No,No,5,226.085
D:/Pipefish Mesocosm Film/Trial 8/10-12-20/10-12 Noon 01.MTS,724.28,1.425,Inactive,Male,,,,3.5,1,2.5,No,No,5,226.085
D:/Pipefish Mesocosm Film/Trial 8/10-12-20/10-12 Noon 01.MTS,725.706,2.466,Wiggle,Male,Active wiggle,Female,4,3.5,1,2.5,No,No,5,226.085
D:/Pipefish Mesocosm Film/Trial 8/10-12-20/10-12 Noon 01.MTS,728.173,35.7,Inactive,Male,,,,3.5,1,2.5,No,No,5,226.085
D:/Pipefish Mesocosm Film/Trial 8/10-12-20/10-12 Noon 01.MTS,755.612,3.419,Wiggle,Female,Active wiggle,Male,4,3.5,1,2.5,No,No,5,226.085
D:/Pipefish Mesocosm Film/Trial 8/10-12-20/10-12 Noon 01.MTS,759.032,92.569,Inactive,Female,,,,3.5,1,2.5,No,No,5,226.085
D:/Pipefish Mesocosm Film/Trial 8/10-12-20/10-12 Noon 01.MTS,763.874,1.423,Wiggle,Male,Active wiggle,Female,4,3.5,1,2.5,No,No,5,226.085
D:/Pipefish Mesocosm Film/Trial 8/10-12-20/10-12 Noon 01.MTS,765.298,39.306,Inactive,Male,,,,3.5,1,2.5,No,No,5,226.085
D:/Pipefish Mesocosm Film/Trial 8/10-12-20/10-12 Noon 01.MTS,804.605,3.796,Wiggle,Male,Active wiggle,Female,3,3.5,1,2.5,No,No,5,226.085
D:/Pipefish Mesocosm Film/Trial 8/10-12-20/10-12 Noon 01.MTS,808.402,4.84,Inactive,Male,,,,3.5,1,2.5,No,No,5,226.085
D:/Pipefish Mesocosm Film/Trial 8/10-12-20/10-12 Noon 01.MTS,813.243,4.748,Wiggle,Male,Active wiggle,Female,4,3.5,1,2.5,No,No,5,226.085
D:/Pipefish Mesocosm Film/Trial 8/10-12-20/10-12 Noon 01.MTS,817.992,45.856,Inactive,Male,,,,3.5,1,2.5,No,No,5,226.085
D:/Pipefish Mesocosm Film/Trial 8/10-12-20/10-12 Noon 01.MTS,851.602,3.227,Pose,Female,S pose,Male,Front,3.5,1,2.5,No,No,5,226.085
D:/Pipefish Mesocosm Film/Trial 8/10-12-20/10-12 Noon 01.MTS,854.83,74.534,Inactive,Female,,,,3.5,1,2.5,No,No,5,226.085
D:/Pipefish Mesocosm Film/Trial 8/10-12-20/10-12 Noon 01.MTS,863.849,3.607,Wiggle,Male,Active wiggle,Female,3,3.5,1,2.5,No,No,5,226.085
D:/Pipefish Mesocosm Film/Trial 8/10-12-20/10-12 Noon 01.MTS,867.457,62.476,Inactive,Male,,,,3.5,1,2.5,No,No,5,226.085
D:/Pipefish Mesocosm Film/Trial 8/10-12-20/10-12 Noon 01.MTS,997.249,3.511,Wiggle,Male,Subtle wiggle,Female,2,2,1,1,No,No,6,47.946
D:/Pipefish Mesocosm Film/Trial 8/10-12-20/10-12 Noon 01.MTS,997.723,17.943,Inactive,Female,,,,2,1,1,No,No,6,47.946
D:/Pipefish Mesocosm Film/Trial 8/10-12-20/10-12 Noon 01.MTS,1000.761,41.301,Inactive,Male,,,,2,1,1,No,No,6,47.946
D:/Pipefish Mesocosm Film/Trial 8/10-12-20/10-12 Noon 01.MTS,1015.667,3.797,Wiggle,Female,Active wiggle,Male,2,2,1,1,No,No,6,47.946
D:/Pipefish Mesocosm Film/Trial 8/10-12-20/10-12 Noon 01.MTS,1019.465,7.499,Pose,Female,S pose,Male,Front,2,1,1,No,No,6,47.946
D:/Pipefish Mesocosm Film/Trial 8/10-12-20/10-12 Noon 01.MTS,1026.965,15.667,Inactive,Female,,,,2,1,1,No,No,6,47.946
D:/Pipefish Mesocosm Film/Trial 8/10-12-20/10-12 Noon 01.MTS,1491.153,4.176,Wiggle,Male,Active wiggle,Female,2,2.75,1,1.75,Yes,Yes,7,108.92
D:/Pipefish Mesocosm Film/Trial 8/10-12-20/10-12 Noon 01.MTS,1492.103,32.753,Inactive,Female,,,,2.75,1,1.75,Yes,Yes,7,108.92
D:/Pipefish Mesocosm Film/Trial 8/10-12-20/10-12 Noon 01.MTS,1495.33,8.641,Inactive,Male,,,,2.75,1,1.75,Yes,Yes,7,108.92
D:/Pipefish Mesocosm Film/Trial 8/10-12-20/10-12 Noon 01.MTS,1503.972,3.509,Wiggle,Male,Active wiggle,Female,3,2.75,1,1.75,Yes,Yes,7,108.92
D:/Pipefish Mesocosm Film/Trial 8/10-12-20/10-12 Noon 01.MTS,1507.482,30.192,Inactive,Male,,,,2.75,1,1.75,Yes,Yes,7,108.92
D:/Pipefish Mesocosm Film/Trial 8/10-12-20/10-12 Noon 01.MTS,1524.857,3.134,Wiggle,Female,Active wiggle,Male,3,2.75,1,1.75,Yes,Yes,7,108.92
D:/Pipefish Mesocosm Film/Trial 8/10-12-20/10-12 Noon 01.MTS,1527.992,71.493,Inactive,Female,,,,2.75,1,1.75,Yes,Yes,7,108.92
D:/Pipefish Mesocosm Film/Trial 8/10-12-20/10-12 Noon 01.MTS,1537.675,2.278,Wiggle,Male,Active wiggle,Female,3,2.75,1,1.75,Yes,Yes,7,108.92
D:/Pipefish Mesocosm Film/Trial 8/10-12-20/10-12 Noon 01.MTS,1539.954,59.531,Inactive,Male,,,,2.75,1,1.75,Yes,Yes,7,108.92
D:/Pipefish Mesocosm Film/Trial 8/10-12-20/10-12 Noon 01.MTS,1698.227,82.317,Inactive,Male,,,,4,1,3,No,Yes,8,83.075
D:/Pipefish Mesocosm Film/Trial 8/10-12-20/10-12 Noon 01.MTS,1698.608,3.894,Pose,Female,S pose,Male,Front,4,1,3,No,Yes,8,83.075
D:/Pipefish Mesocosm Film/Trial 8/10-12-20/10-12 Noon 01.MTS,1702.503,72.915,Inactive,Female,,,,4,1,3,No,Yes,8,83.075
D:/Pipefish Mesocosm Film/Trial 8/10-12-20/10-12 Noon 01.MTS,1856.119,2.848,Pose,Female,S pose,Male,Front,4,1,3,No,Yes,9,66.275
D:/Pipefish Mesocosm Film/Trial 8/10-12-20/10-12 Noon 01.MTS,1856.692,65.7,Inactive,Male,,,,4,1,3,No,Yes,9,66.275
D:/Pipefish Mesocosm Film/Trial 8/10-12-20/10-12 Noon 01.MTS,1858.968,63.424,Inactive,Female,,,,4,1,3,No,Yes,9,66.275
D:/Pipefish Mesocosm Film/Trial 8/10-12-20/10-12 Noon 01.MTS,1968.063,4.745,Wiggle,Male,Active wiggle,Female,3,3,1,2,Yes,Yes,10,72.821
D:/Pipefish Mesocosm Film/Trial 8/10-12-20/10-12 Noon 01.MTS,1969.581,58.673,Inactive,Female,,,,3,1,2,Yes,Yes,10,72.821
D:/Pipefish Mesocosm Film/Trial 8/10-12-20/10-12 Noon 01.MTS,1972.809,56.87,Inactive,Male,,,,3,1,2,Yes,Yes,10,72.821
D:/Pipefish Mesocosm Film/Trial 8/10-12-20/10-12 Noon 01.MTS,2028.255,12.249,Out of sight,Female,,,,3,1,2,Yes,Yes,10,72.821
D:/Pipefish Mesocosm Film/Trial 8/10-12-20/10-12 Noon 01.MTS,2029.68,10.349,Out of sight,Male,,,,3,1,2,Yes,Yes,10,72.821
D:/Pipefish Mesocosm Film/Trial 8/10-12-20/10-12 Noon 01.MTS,2073.166,7.878,Pose,Female,S pose,Female,Front,2.5,1,1.5,No,No,11,70.638
D:/Pipefish Mesocosm Film/Trial 8/10-12-20/10-12 Noon 01.MTS,2074.495,3.133,Wiggle,Male,Active wiggle,Female,3,2.5,1,1.5,No,No,11,70.638
D:/Pipefish Mesocosm Film/Trial 8/10-12-20/10-12 Noon 01.MTS,2077.629,26.773,Inactive,Male,,,,2.5,1,1.5,No,No,11,70.638
D:/Pipefish Mesocosm Film/Trial 8/10-12-20/10-12 Noon 01.MTS,2081.045,61.334,Inactive,Female,,,,2.5,1,1.5,No,No,11,70.638
D:/Pipefish Mesocosm Film/Trial 8/10-12-20/10-12 Noon 01.MTS,2104.403,3.322,Wiggle,Male,Active wiggle,Female,2,2.5,1,1.5,No,No,11,70.638
D:/Pipefish Mesocosm Film/Trial 8/10-12-20/10-12 Noon 01.MTS,2107.726,35.235,Inactive,Male,,,,2.5,1,1.5,No,No,11,70.638
D:/Pipefish Mesocosm Film/Trial 8/10-12-20/10-12 Noon 01.MTS,2192.32,4.748,Pose,Female,S pose,Male,Front,3,1,2,Yes,Yes,12,66.371
D:/Pipefish Mesocosm Film/Trial 8/10-12-20/10-12 Noon 01.MTS,2192.32,66.272,Inactive,Male,,,,3,1,2,Yes,Yes,12,66.371
D:/Pipefish Mesocosm Film/Trial 8/10-12-20/10-12 Noon 01.MTS,2197.069,60.765,Inactive,Female,,,,3,1,2,Yes,Yes,12,66.371
D:/Pipefish Mesocosm Film/Trial 8/10-12-20/10-12 Noon 01.MTS,2469.655,4.843,Wiggle,Male,Active wiggle,Female,3,3,1,2,No,No,13,75.292
D:/Pipefish Mesocosm Film/Trial 8/10-12-20/10-12 Noon 01.MTS,2470.701,73.675,Inactive,Female,,,,3,1,2,No,No,13,75.292
D:/Pipefish Mesocosm Film/Trial 8/10-12-20/10-12 Noon 01.MTS,2474.499,4.839,Inactive,Male,,,,3,1,2,No,No,13,75.292
D:/Pipefish Mesocosm Film/Trial 8/10-12-20/10-12 Noon 01.MTS,2479.339,2.186,Wiggle,Male,Active wiggle,Female,3,3,1,2,No,No,13,75.292
D:/Pipefish Mesocosm Film/Trial 8/10-12-20/10-12 Noon 01.MTS,2481.526,62.568,Inactive,Male,,,,3,1,2,No,No,13,75.292
D:/Pipefish Mesocosm Film/Trial 8/10-12-20/10-12 Noon 01.MTS,2652.614,6.077,Pose,Female,S pose,Male,Front,4,1,3,No,No,14,67.221
D:/Pipefish Mesocosm Film/Trial 8/10-12-20/10-12 Noon 01.MTS,2652.997,66.27,Inactive,Male,,,,4,1,3,No,No,14,67.221
D:/Pipefish Mesocosm Film/Trial 8/10-12-20/10-12 Noon 01.MTS,2658.692,60.577,Inactive,Female,,,,4,1,3,No,No,14,67.221
D:/Pipefish Mesocosm Film/Trial 8/10-12-20/10-12 Noon 02.MTS,3282.886,7.312,Pose,Female,S pose,Male,Front,4,1,3,Yes,Yes,15,68.55
D:/Pipefish Mesocosm Film/Trial 8/10-12-20/10-12 Noon 02.MTS,3284.312,66.744,Inactive,Male,,,,4,1,3,Yes,Yes,15,68.55
D:/Pipefish Mesocosm Film/Trial 8/10-12-20/10-12 Noon 02.MTS,3290.199,60.857,Inactive,Female,,,,4,1,3,Yes,Yes,15,68.55
D:/Pipefish Mesocosm Film/Trial 8/10-12-20/10-12 Noon 01.MTS,749.157,3.322,Wiggle,Male,Active wiggle,Female,2,2,1,1,No,No,16,26.486
D:/Pipefish Mesocosm Film/Trial 8/10-12-20/10-12 Noon 01.MTS,749.441,1.423,Inactive,Female,,,,2,1,1,No,No,16,26.486
D:/Pipefish Mesocosm Film/Trial 8/10-12-20/10-12 Noon 01.MTS,750.865,3.797,Pose,Female,S pose,Male,Front,2,1,1,No,No,16,26.486
D:/Pipefish Mesocosm Film/Trial 8/10-12-20/10-12 Noon 01.MTS,752.48,22.03,Inactive,Male,,,,2,1,1,No,No,16,26.486
D:/Pipefish Mesocosm Film/Trial 8/10-12-20/10-12 Noon 01.MTS,754.663,19.654,Inactive,Female,,,,2,1,1,No,No,16,26.486
D:/Pipefish Mesocosm Film/Trial 8/10-12-20/10-12 Noon 01.MTS,2088.071,3.038,Wiggle,Female,Active wiggle,Male,2,2,1,1,No,No,17,77.761
D:/Pipefish Mesocosm Film/Trial 8/10-12-20/10-12 Noon 01.MTS,2089.496,76.24,Surrounding,Male,,,,2,1,1,No,No,17,77.761
D:/Pipefish Mesocosm Film/Trial 8/10-12-20/10-12 Noon 01.MTS,2091.11,74.627,Inactive,Female,,,,2,1,1,No,No,17,77.761
D:/Pipefish Mesocosm Film/Trial 8/11-12-20/11-12 AM 01.MTS,55.966,6.169,Pose,Female,S pose,Male,Front,2.333333333,1,1.3,No,No,18,327.844
D:/Pipefish Mesocosm Film/Trial 8/11-12-20/11-12 AM 01.MTS,57.198,2.943,Wiggle,Male,Active wiggle,Female,3,2.333333333,1,1.3,No,No,18,327.844
D:/Pipefish Mesocosm Film/Trial 8/11-12-20/11-12 AM 01.MTS,60.142,22.595,Inactive,Male,,,,2.333333333,1,1.3,No,No,18,327.844
D:/Pipefish Mesocosm Film/Trial 8/11-12-20/11-12 AM 01.MTS,62.136,29.621,Inactive,Female,,,,2.333333333,1,1.3,No,No,18,327.844
D:/Pipefish Mesocosm Film/Trial 8/11-12-20/11-12 AM 01.MTS,82.738,4.273,Wiggle,Male,Active wiggle,Female,2,2.333333333,1,1.3,No,No,18,327.844
D:/Pipefish Mesocosm Film/Trial 8/11-12-20/11-12 AM 01.MTS,87.012,4.84,Inactive,Male,,,,2.333333333,1,1.3,No,No,18,327.844
D:/Pipefish Mesocosm Film/Trial 8/11-12-20/11-12 AM 01.MTS,91.758,14.335,Pose,Female,S pose,Male,Front,2.333333333,1,1.3,No,No,18,327.844
D:/Pipefish Mesocosm Film/Trial 8/11-12-20/11-12 AM 01.MTS,91.853,2.848,Wiggle,Male,Active wiggle,Female,2,2.333333333,1,1.3,No,No,18,327.844
D:/Pipefish Mesocosm Film/Trial 8/11-12-20/11-12 AM 01.MTS,94.702,15.38,Inactive,Male,,,,2.333333333,1,1.3,No,No,18,327.844
D:/Pipefish Mesocosm Film/Trial 8/11-12-20/11-12 AM 01.MTS,106.094,42.441,Inactive,Female,,,,2.333333333,1,1.3,No,No,18,327.844
D:/Pipefish Mesocosm Film/Trial 8/11-12-20/11-12 AM 01.MTS,110.083,2.466,Wiggle,Male,Active wiggle,Female,3,2.333333333,1,1.3,No,No,18,327.844
D:/Pipefish Mesocosm Film/Trial 8/11-12-20/11-12 AM 01.MTS,112.55,7.691,Inactive,Male,,,,2.333333333,1,1.3,No,No,18,327.844
D:/Pipefish Mesocosm Film/Trial 8/11-12-20/11-12 AM 01.MTS,120.242,22.977,Wiggle,Male,Active wiggle,Female,2,2.333333333,1,1.3,No,No,18,327.844
D:/Pipefish Mesocosm Film/Trial 8/11-12-20/11-12 AM 01.MTS,143.22,9.967,Inactive,Male,,,,2.333333333,1,1.3,No,No,18,327.844
D:/Pipefish Mesocosm Film/Trial 8/11-12-20/11-12 AM 01.MTS,148.536,16.14,Pose,Female,S pose,Male,Front,2.333333333,1,1.3,No,No,18,327.844
D:/Pipefish Mesocosm Film/Trial 8/11-12-20/11-12 AM 01.MTS,153.188,3.037,Wiggle,Male,Active wiggle,Female,2,2.333333333,1,1.3,No,No,18,327.844
D:/Pipefish Mesocosm Film/Trial 8/11-12-20/11-12 AM 01.MTS,156.226,33.99,Inactive,Male,,,,2.333333333,1,1.3,No,No,18,327.844
D:/Pipefish Mesocosm Film/Trial 8/11-12-20/11-12 AM 01.MTS,164.677,72.062,Inactive,Female,,,,2.333333333,1,1.3,No,No,18,327.844
D:/Pipefish Mesocosm Film/Trial 8/11-12-20/11-12 AM 01.MTS,190.217,9.494,Wiggle,Male,Active wiggle,Female,2,2.333333333,1,1.3,No,No,18,327.844
D:/Pipefish Mesocosm Film/Trial 8/11-12-20/11-12 AM 01.MTS,199.712,41.396,Inactive,Male,,,,2.333333333,1,1.3,No,No,18,327.844
D:/Pipefish Mesocosm Film/Trial 8/11-12-20/11-12 AM 01.MTS,236.74,1.614,Wiggle,Female,Active wiggle,Male,2,2.333333333,1,1.3,No,No,18,327.844
D:/Pipefish Mesocosm Film/Trial 8/11-12-20/11-12 AM 01.MTS,238.355,7.405,Pose,Female,S pose,Male,Front,2.333333333,1,1.3,No,No,18,327.844
D:/Pipefish Mesocosm Film/Trial 8/11-12-20/11-12 AM 01.MTS,241.109,3.794,Wiggle,Male,Active wiggle,Female,2,2.333333333,1,1.3,No,No,18,327.844
D:/Pipefish Mesocosm Film/Trial 8/11-12-20/11-12 AM 01.MTS,244.904,50.227,Inactive,Male,,,,2.333333333,1,1.3,No,No,18,327.844
D:/Pipefish Mesocosm Film/Trial 8/11-12-20/11-12 AM 01.MTS,245.761,47.566,Inactive,Female,,,,2.333333333,1,1.3,No,No,18,327.844
D:/Pipefish Mesocosm Film/Trial 8/11-12-20/11-12 AM 01.MTS,293.328,1.802,Wiggle,Female,Active wiggle,None,3,2.333333333,1,1.3,No,No,18,327.844
D:/Pipefish Mesocosm Film/Trial 8/11-12-20/11-12 AM 01.MTS,295.131,3.036,Pose,Female,S pose,Male,Front,2.333333333,1,1.3,No,No,18,327.844
D:/Pipefish Mesocosm Film/Trial 8/11-12-20/11-12 AM 01.MTS,295.132,1.612,Wiggle,Male,Active wiggle,Female,3,2.333333333,1,1.3,No,No,18,327.844
D:/Pipefish Mesocosm Film/Trial 8/11-12-20/11-12 AM 01.MTS,296.745,17.849,Inactive,Male,,,,2.333333333,1,1.3,No,No,18,327.844
D:/Pipefish Mesocosm Film/Trial 8/11-12-20/11-12 AM 01.MTS,298.168,6.174,Inactive,Female,,,,2.333333333,1,1.3,No,No,18,327.844
D:/Pipefish Mesocosm Film/Trial 8/11-12-20/11-12 AM 01.MTS,304.343,3.13,Pose,Female,S pose,Male,Front,2.333333333,1,1.3,No,No,18,327.844
D:/Pipefish Mesocosm Film/Trial 8/11-12-20/11-12 AM 01.MTS,307.474,6.265,Inactive,Female,,,,2.333333333,1,1.3,No,No,18,327.844
D:/Pipefish Mesocosm Film/Trial 8/11-12-20/11-12 AM 01.MTS,313.74,8.354,Pose,Female,S pose,Male,Front,2.333333333,1,1.3,No,No,18,327.844
D:/Pipefish Mesocosm Film/Trial 8/11-12-20/11-12 AM 01.MTS,314.595,5.98,Wiggle,Male,Active wiggle,Female,2,2.333333333,1,1.3,No,No,18,327.844
D:/Pipefish Mesocosm Film/Trial 8/11-12-20/11-12 AM 01.MTS,320.576,61.713,Inactive,Male,,,,2.333333333,1,1.3,No,No,18,327.844
D:/Pipefish Mesocosm Film/Trial 8/11-12-20/11-12 AM 01.MTS,322.095,61.24,Inactive,Female,,,,2.333333333,1,1.3,No,No,18,327.844
D:/Pipefish Mesocosm Film/Trial 8/11-12-20/11-12 AM 01.MTS,384.855,7.309,Wiggle,Male,Active wiggle,Female,3,2.6,1,1.6,No,Yes,19,188.561
D:/Pipefish Mesocosm Film/Trial 8/11-12-20/11-12 AM 01.MTS,388.556,21.173,Inactive,Female,,,,2.6,1,1.6,No,Yes,19,188.561
D:/Pipefish Mesocosm Film/Trial 8/11-12-20/11-12 AM 01.MTS,392.165,21.076,Inactive,Male,,,,2.6,1,1.6,No,Yes,19,188.561
D:/Pipefish Mesocosm Film/Trial 8/11-12-20/11-12 AM 01.MTS,409.73,8.923,Pose,Female,S pose,Male,Front,2.6,1,1.6,No,Yes,19,188.561
D:/Pipefish Mesocosm Film/Trial 8/11-12-20/11-12 AM 01.MTS,413.242,5.411,Wiggle,Male,Active wiggle,Female,2,2.6,1,1.6,No,Yes,19,188.561
D:/Pipefish Mesocosm Film/Trial 8/11-12-20/11-12 AM 01.MTS,418.654,34.274,Inactive,Female,,,,2.6,1,1.6,No,Yes,19,188.561
D:/Pipefish Mesocosm Film/Trial 8/11-12-20/11-12 AM 01.MTS,418.654,35.318,Inactive,Male,,,,2.6,1,1.6,No,Yes,19,188.561
D:/Pipefish Mesocosm Film/Trial 8/11-12-20/11-12 AM 01.MTS,452.929,14.336,Pose,Female,S pose,Male,Front,2.6,1,1.6,No,Yes,19,188.561
D:/Pipefish Mesocosm Film/Trial 8/11-12-20/11-12 AM 01.MTS,453.973,6.647,Wiggle,Male,Active wiggle,Female,2,2.6,1,1.6,No,Yes,19,188.561
D:/Pipefish Mesocosm Film/Trial 8/11-12-20/11-12 AM 01.MTS,460.621,66.649,Inactive,Male,,,,2.6,1,1.6,No,Yes,19,188.561
D:/Pipefish Mesocosm Film/Trial 8/11-12-20/11-12 AM 01.MTS,467.266,73.205,Inactive,Female,,,,2.6,1,1.6,No,Yes,19,188.561
D:/Pipefish Mesocosm Film/Trial 8/11-12-20/11-12 AM 01.MTS,527.271,3.228,Wiggle,Male,Active wiggle,Female,3,2.6,1,1.6,No,Yes,19,188.561
D:/Pipefish Mesocosm Film/Trial 8/11-12-20/11-12 AM 01.MTS,530.5,25.635,Inactive,Male,,,,2.6,1,1.6,No,Yes,19,188.561
D:/Pipefish Mesocosm Film/Trial 8/11-12-20/11-12 AM 01.MTS,540.471,2.752,Pose,Female,S pose,Male,Front,2.6,1,1.6,No,Yes,19,188.561
D:/Pipefish Mesocosm Film/Trial 8/11-12-20/11-12 AM 01.MTS,543.224,19.08,Inactive,Female,,,,2.6,1,1.6,No,Yes,19,188.561
D:/Pipefish Mesocosm Film/Trial 8/11-12-20/11-12 AM 01.MTS,556.136,1.802,Wiggle,Male,Active wiggle,Female,3,2.6,1,1.6,No,Yes,19,188.561
D:/Pipefish Mesocosm Film/Trial 8/11-12-20/11-12 AM 01.MTS,557.939,14.811,Inactive,Male,,,,2.6,1,1.6,No,Yes,19,188.561
D:/Pipefish Mesocosm Film/Trial 8/11-12-20/11-12 AM 01.MTS,562.305,10.826,Out of sight,Female,,,,2.6,1,1.6,No,Yes,19,188.561
D:/Pipefish Mesocosm Film/Trial 8/11-12-20/11-12 AM 01.MTS,584.81,3.7,Wiggle,Male,Active wiggle,Female,2,2.875,1,1.875,No,No,20,178.782
D:/Pipefish Mesocosm Film/Trial 8/11-12-20/11-12 AM 01.MTS,587.004,6.348,Inactive,Female,,,,2.875,1,1.875,No,No,20,178.782
D:/Pipefish Mesocosm Film/Trial 8/11-12-20/11-12 AM 01.MTS,588.511,10.252,Inactive,Male,,,,2.875,1,1.875,No,No,20,178.782
D:/Pipefish Mesocosm Film/Trial 8/11-12-20/11-12 AM 01.MTS,593.353,9.307,Pose,Female,S pose,Male,Front,2.875,1,1.875,No,No,20,178.782
D:/Pipefish Mesocosm Film/Trial 8/11-12-20/11-12 AM 01.MTS,598.764,6.172,Wiggle,Male,Active wiggle,Female,2,2.875,1,1.875,No,No,20,178.782
D:/Pipefish Mesocosm Film/Trial 8/11-12-20/11-12 AM 01.MTS,602.661,27.843,Inactive,Female,,,,2.875,1,1.875,No,No,20,178.782
D:/Pipefish Mesocosm Film/Trial 8/11-12-20/11-12 AM 01.MTS,604.937,31.426,Inactive,Male,,,,2.875,1,1.875,No,No,20,178.782
D:/Pipefish Mesocosm Film/Trial 8/11-12-20/11-12 AM 01.MTS,630.505,8.611,Pose,Female,S pose,Male,Front,2.875,1,1.875,No,No,20,178.782
D:/Pipefish Mesocosm Film/Trial 8/11-12-20/11-12 AM 01.MTS,636.364,3.796,Wiggle,Male,Active wiggle,Female,3,2.875,1,1.875,No,No,20,178.782
D:/Pipefish Mesocosm Film/Trial 8/11-12-20/11-12 AM 01.MTS,639.117,36.234,Inactive,Female,,,,2.875,1,1.875,No,No,20,178.782
D:/Pipefish Mesocosm Film/Trial 8/11-12-20/11-12 AM 01.MTS,640.161,1.709,Inactive,Male,,,,2.875,1,1.875,No,No,20,178.782
D:/Pipefish Mesocosm Film/Trial 8/11-12-20/11-12 AM 01.MTS,641.871,6.171,Wiggle,Male,Active wiggle,Female,3,2.875,1,1.875,No,No,20,178.782
D:/Pipefish Mesocosm Film/Trial 8/11-12-20/11-12 AM 01.MTS,648.044,33.797,Inactive,Male,,,,2.875,1,1.875,No,No,20,178.782
D:/Pipefish Mesocosm Film/Trial 8/11-12-20/11-12 AM 01.MTS,675.352,3.896,Wiggle,Female,Active wiggle,Male,3,2.875,1,1.875,No,No,20,178.782
D:/Pipefish Mesocosm Film/Trial 8/11-12-20/11-12 AM 01.MTS,679.249,20.375,Inactive,Female,,,,2.875,1,1.875,No,No,20,178.782
D:/Pipefish Mesocosm Film/Trial 8/11-12-20/11-12 AM 01.MTS,681.842,5.125,Wiggle,Male,Active wiggle,Female,3,2.875,1,1.875,No,No,20,178.782
D:/Pipefish Mesocosm Film/Trial 8/11-12-20/11-12 AM 01.MTS,686.968,4.652,Inactive,Male,,,,2.875,1,1.875,No,No,20,178.782
D:/Pipefish Mesocosm Film/Trial 8/11-12-20/11-12 AM 01.MTS,691.621,2.183,Wiggle,Male,Active wiggle,Female,4,2.875,1,1.875,No,No,20,178.782
D:/Pipefish Mesocosm Film/Trial 8/11-12-20/11-12 AM 01.MTS,693.805,5.981,Inactive,Male,,,,2.875,1,1.875,No,No,20,178.782
D:/Pipefish Mesocosm Film/Trial 8/11-12-20/11-12 AM 01.MTS,699.625,3.106,Pose,Female,S pose,Male,Front,2.875,1,1.875,No,No,20,178.782
D:/Pipefish Mesocosm Film/Trial 8/11-12-20/11-12 AM 01.MTS,699.787,1.423,Wiggle,Male,Subtle wiggle,Female,3,2.875,1,1.875,No,No,20,178.782
D:/Pipefish Mesocosm Film/Trial 8/11-12-20/11-12 AM 01.MTS,701.211,61.714,Inactive,Male,,,,2.875,1,1.875,No,No,20,178.782
D:/Pipefish Mesocosm Film/Trial 8/11-12-20/11-12 AM 01.MTS,702.732,60.193,Inactive,Female,,,,2.875,1,1.875,No,No,20,178.782
D:/Pipefish Mesocosm Film/Trial 8/11-12-20/11-12 AM 01.MTS,904.204,15.38,Pose,Female,S pose,Male,Front,2.5,1,1.5,No,No,21,123.428
D:/Pipefish Mesocosm Film/Trial 8/11-12-20/11-12 AM 01.MTS,906.576,12.724,Wiggle,Male,Active wiggle,Female,3,2.5,1,1.5,No,No,21,123.428
D:/Pipefish Mesocosm Film/Trial 8/11-12-20/11-12 AM 01.MTS,919.302,20.03,Inactive,Male,,,,2.5,1,1.5,No,No,21,123.428
D:/Pipefish Mesocosm Film/Trial 8/11-12-20/11-12 AM 01.MTS,919.585,18.227,Inactive,Female,,,,2.5,1,1.5,No,No,21,123.428
D:/Pipefish Mesocosm Film/Trial 8/11-12-20/11-12 AM 01.MTS,937.813,1.614,Wiggle,Female,Active wiggle,Female,2,2.5,1,1.5,No,No,21,123.428
D:/Pipefish Mesocosm Film/Trial 8/11-12-20/11-12 AM 01.MTS,939.333,4.936,Wiggle,Male,Active wiggle,Female,2,2.5,1,1.5,No,No,21,123.428
D:/Pipefish Mesocosm Film/Trial 8/11-12-20/11-12 AM 01.MTS,939.428,4.082,Pose,Female,S pose,Male,Front,2.5,1,1.5,No,No,21,123.428
D:/Pipefish Mesocosm Film/Trial 8/11-12-20/11-12 AM 01.MTS,943.511,27.627,Inactive,Female,,,,2.5,1,1.5,No,No,21,123.428
D:/Pipefish Mesocosm Film/Trial 8/11-12-20/11-12 AM 01.MTS,944.27,26.489,Inactive,Male,,,,2.5,1,1.5,No,No,21,123.428
D:/Pipefish Mesocosm Film/Trial 8/11-12-20/11-12 AM 01.MTS,970.76,5.79,Wiggle,Male,Active wiggle,Female,3,2.5,1,1.5,No,No,21,123.428
D:/Pipefish Mesocosm Film/Trial 8/11-12-20/11-12 AM 01.MTS,971.139,3.133,Pose,Female,S pose,Male,Front,2.5,1,1.5,No,No,21,123.428
D:/Pipefish Mesocosm Film/Trial 8/11-12-20/11-12 AM 01.MTS,974.273,52.222,Inactive,Female,,,,2.5,1,1.5,No,No,21,123.428
D:/Pipefish Mesocosm Film/Trial 8/11-12-20/11-12 AM 01.MTS,976.551,49.944,Inactive,Male,,,,2.5,1,1.5,No,No,21,123.428
D:/Pipefish Mesocosm Film/Trial 8/11-12-20/11-12 Noon 01.MTS,2.319,8.068,Wiggle,Male,Active wiggle,Female,3,3,1,2,No,Yes,22,139.588
D:/Pipefish Mesocosm Film/Trial 8/11-12-20/11-12 Noon 01.MTS,6.212,67.503,Inactive,Female,,,,3,1,2,No,Yes,22,139.588
D:/Pipefish Mesocosm Film/Trial 8/11-12-20/11-12 Noon 01.MTS,10.388,5.222,Surrounding,Male,,,,3,1,2,No,Yes,22,139.588
D:/Pipefish Mesocosm Film/Trial 8/11-12-20/11-12 Noon 01.MTS,15.611,3.227,Wiggle,Male,Active wiggle,Female,3,3,1,2,No,Yes,22,139.588
D:/Pipefish Mesocosm Film/Trial 8/11-12-20/11-12 Noon 01.MTS,18.839,92.474,Surrounding,Male,,,,3,1,2,No,Yes,22,139.588
D:/Pipefish Mesocosm Film/Trial 8/11-12-20/11-12 Noon 01.MTS,73.716,3.322,Pose,Female,S pose,Male,Front,3,1,2,No,Yes,22,139.588
D:/Pipefish Mesocosm Film/Trial 8/11-12-20/11-12 Noon 01.MTS,77.039,34.179,Inactive,Female,,,,3,1,2,No,Yes,22,139.588
D:/Pipefish Mesocosm Film/Trial 8/11-12-20/11-12 Noon 01.MTS,111.219,6.172,Swim away,Female,,,,3,1,2,No,Yes,22,139.588
D:/Pipefish Mesocosm Film/Trial 8/11-12-20/11-12 Noon 01.MTS,111.314,4.747,Chasing,Male,,,,3,1,2,No,Yes,22,139.588
D:/Pipefish Mesocosm Film/Trial 8/11-12-20/11-12 Noon 01.MTS,116.062,25.636,Surrounding,Male,,,,3,1,2,No,Yes,22,139.588
D:/Pipefish Mesocosm Film/Trial 8/11-12-20/11-12 Noon 01.MTS,117.392,24.212,Inactive,Female,,,,3,1,2,No,Yes,22,139.588
D:/Pipefish Mesocosm Film/Trial 8/11-12-20/11-12 Noon 01.MTS,260.665,6.548,Wiggle,Male,Active wiggle,Female,2,2.5,1,1.5,No,No,23,147.734
D:/Pipefish Mesocosm Film/Trial 8/11-12-20/11-12 Noon 01.MTS,262.089,5.03,Pose,Female,S pose,Male,Front,2.5,1,1.5,No,No,23,147.734
D:/Pipefish Mesocosm Film/Trial 8/11-12-20/11-12 Noon 01.MTS,267.12,46.712,Inactive,Female,,,,2.5,1,1.5,No,No,23,147.734
D:/Pipefish Mesocosm Film/Trial 8/11-12-20/11-12 Noon 01.MTS,267.214,0.192,Inactive,Male,,,,2.5,1,1.5,No,No,23,147.734
D:/Pipefish Mesocosm Film/Trial 8/11-12-20/11-12 Noon 01.MTS,267.407,2.371,Wiggle,Male,Active wiggle,Female,3,2.5,1,1.5,No,No,23,147.734
D:/Pipefish Mesocosm Film/Trial 8/11-12-20/11-12 Noon 01.MTS,269.779,47.375,Surrounding,Male,,,,2.5,1,1.5,No,No,23,147.734
D:/Pipefish Mesocosm Film/Trial 8/11-12-20/11-12 Noon 01.MTS,313.833,2.564,Pose,Female,S pose,Male,Front,2.5,1,1.5,No,No,23,147.734
D:/Pipefish Mesocosm Film/Trial 8/11-12-20/11-12 Noon 01.MTS,316.398,6.835,Out of sight,Female,,,,2.5,1,1.5,No,No,23,147.734
D:/Pipefish Mesocosm Film/Trial 8/11-12-20/11-12 Noon 01.MTS,317.155,5.696,Out of sight,Male,,,,2.5,1,1.5,No,No,23,147.734
D:/Pipefish Mesocosm Film/Trial 8/11-12-20/11-12 Noon 01.MTS,322.852,84.977,Surrounding,Male,,,,2.5,1,1.5,No,No,23,147.734
D:/Pipefish Mesocosm Film/Trial 8/11-12-20/11-12 Noon 01.MTS,323.234,84.881,Inactive,Female,,,,2.5,1,1.5,No,No,23,147.734
D:/Pipefish Mesocosm Film/Trial 8/11-12-20/11-12 Noon 01.MTS,430.66,3.752,Wiggle,Male,Active wiggle,Female,2,2,1,1,No,No,24,64.496
D:/Pipefish Mesocosm Film/Trial 8/11-12-20/11-12 Noon 01.MTS,432.324,61.932,Inactive,Female,,,,2,1,1,No,No,24,64.496
D:/Pipefish Mesocosm Film/Trial 8/11-12-20/11-12 Noon 01.MTS,434.413,59.843,Surrounding,Male,,,,2,1,1,No,No,24,64.496
D:/Pipefish Mesocosm Film/Trial 8/11-12-20/11-12 Noon 01.MTS,626.109,5.221,Pose,Female,S pose,Male,Front,3,1,2,No,Yes,25,40.446
D:/Pipefish Mesocosm Film/Trial 8/11-12-20/11-12 Noon 01.MTS,627.246,10.442,Wiggle,Male,Active wiggle,Female,3,3,1,2,No,Yes,25,40.446
D:/Pipefish Mesocosm Film/Trial 8/11-12-20/11-12 Noon 01.MTS,631.804,2.279,Wiggle,Female,Active wiggle,Male,3,3,1,2,No,Yes,25,40.446
D:/Pipefish Mesocosm Film/Trial 8/11-12-20/11-12 Noon 01.MTS,634.084,1.801,Pose,Female,S pose,Male,Front,3,1,2,No,Yes,25,40.446
D:/Pipefish Mesocosm Film/Trial 8/11-12-20/11-12 Noon 01.MTS,635.886,28.199,Inactive,Female,,,,3,1,2,No,Yes,25,40.446
D:/Pipefish Mesocosm Film/Trial 8/11-12-20/11-12 Noon 01.MTS,637.689,21.648,Surrounding,Male,,,,3,1,2,No,Yes,25,40.446
D:/Pipefish Mesocosm Film/Trial 8/11-12-20/11-12 Noon 01.MTS,659.338,5.032,Inactive,Male,,,,3,1,2,No,Yes,25,40.446
D:/Pipefish Mesocosm Film/Trial 8/11-12-20/11-12 Noon 01.MTS,857.679,7.404,Inactive,Male,,,,3,1,2,No,Yes,26,34.372
D:/Pipefish Mesocosm Film/Trial 8/11-12-20/11-12 Noon 01.MTS,858.154,9.685,Pose,Female,S pose,Male,Front,3,1,2,No,Yes,26,34.372
D:/Pipefish Mesocosm Film/Trial 8/11-12-20/11-12 Noon 01.MTS,865.084,1.518,Wiggle,Male,Active wiggle,Female,3,3,1,2,No,Yes,26,34.372
D:/Pipefish Mesocosm Film/Trial 8/11-12-20/11-12 Noon 01.MTS,866.603,8.448,Surrounding,Male,,,,3,1,2,No,Yes,26,34.372
D:/Pipefish Mesocosm Film/Trial 8/11-12-20/11-12 Noon 01.MTS,867.84,23.068,Inactive,Female,,,,3,1,2,No,Yes,26,34.372
D:/Pipefish Mesocosm Film/Trial 8/11-12-20/11-12 Noon 01.MTS,875.052,14.813,Inactive,Male,,,,3,1,2,No,Yes,26,34.372
D:/Pipefish Mesocosm Film/Trial 8/11-12-20/11-12 Noon 01.MTS,916.639,6.169,Wiggle,Female,Active wiggle,Male,2,2,1,1,No,No,27,148.78
D:/Pipefish Mesocosm Film/Trial 8/11-12-20/11-12 Noon 01.MTS,918.063,63.139,Inactive,Male,,,,2,1,1,No,No,27,148.78
D:/Pipefish Mesocosm Film/Trial 8/11-12-20/11-12 Noon 01.MTS,922.809,141.186,Inactive,Female,,,,2,1,1,No,No,27,148.78
D:/Pipefish Mesocosm Film/Trial 8/11-12-20/11-12 Noon 01.MTS,981.203,6.455,Wiggle,Male,Active wiggle,Female,2,2,1,1,No,No,27,148.78
D:/Pipefish Mesocosm Film/Trial 8/11-12-20/11-12 Noon 01.MTS,987.659,75.671,Inactive,Male,,,,2,1,1,No,No,27,148.78
D:/Pipefish Mesocosm Film/Trial 8/11-12-20/11-12 Noon 01.MTS,1092.479,9.398,Pose,Female,S pose,Male,Front,2.2,1,1.2,No,No,28,255.02
D:/Pipefish Mesocosm Film/Trial 8/11-12-20/11-12 Noon 01.MTS,1092.761,9.4,Wiggle,Male,Active wiggle,Female,2,2.2,1,1.2,No,No,28,255.02
D:/Pipefish Mesocosm Film/Trial 8/11-12-20/11-12 Noon 01.MTS,1101.878,6.55,Wiggle,Female,Active wiggle,Male,2,2.2,1,1.2,No,No,28,255.02
D:/Pipefish Mesocosm Film/Trial 8/11-12-20/11-12 Noon 01.MTS,1102.162,31.425,Inactive,Male,,,,2.2,1,1.2,No,No,28,255.02
D:/Pipefish Mesocosm Film/Trial 8/11-12-20/11-12 Noon 01.MTS,1108.429,179.35,Inactive,Female,,,,2.2,1,1.2,No,No,28,255.02
D:/Pipefish Mesocosm Film/Trial 8/11-12-20/11-12 Noon 01.MTS,1133.588,4.271,Wiggle,Male,Subtle wiggle,Male,2,2.2,1,1.2,No,No,28,255.02
D:/Pipefish Mesocosm Film/Trial 8/11-12-20/11-12 Noon 01.MTS,1137.86,67.507,Inactive,Male,,,,2.2,1,1.2,No,No,28,255.02
D:/Pipefish Mesocosm Film/Trial 8/11-12-20/11-12 Noon 01.MTS,1205.368,10.063,Wiggle,Male,Active wiggle,Female,2,2.2,1,1.2,No,No,28,255.02
D:/Pipefish Mesocosm Film/Trial 8/11-12-20/11-12 Noon 01.MTS,1215.432,131.404,Inactive,Male,,,,2.2,1,1.2,No,No,28,255.02
D:/Pipefish Mesocosm Film/Trial 8/11-12-20/11-12 Noon 01.MTS,1287.78,3.038,Wiggle,Female,Active wiggle,Male,3,2.2,1,1.2,No,No,28,255.02
D:/Pipefish Mesocosm Film/Trial 8/11-12-20/11-12 Noon 01.MTS,1290.819,55.732,Inactive,Female,,,,2.2,1,1.2,No,No,28,255.02
D:/Pipefish Mesocosm Film/Trial 8/11-12-20/11-12 Noon 01.MTS,1425.924,5.315,Wiggle,Female,Active wiggle,Male,2,2.125,1,1.125,No,No,29,417.757
D:/Pipefish Mesocosm Film/Trial 8/11-12-20/11-12 Noon 01.MTS,1426.495,7.023,Wiggle,Male,Active wiggle,Female,2,2.125,1,1.125,No,No,29,417.757
D:/Pipefish Mesocosm Film/Trial 8/11-12-20/11-12 Noon 01.MTS,1431.24,3.607,Pose,Female,S pose,Male,Front,2.125,1,1.125,No,No,29,417.757
D:/Pipefish Mesocosm Film/Trial 8/11-12-20/11-12 Noon 01.MTS,1433.519,15.476,Surrounding,Male,,,,2.125,1,1.125,No,No,29,417.757
D:/Pipefish Mesocosm Film/Trial 8/11-12-20/11-12 Noon 01.MTS,1434.848,140.518,Inactive,Female,,,,2.125,1,1.125,No,No,29,417.757
D:/Pipefish Mesocosm Film/Trial 8/11-12-20/11-12 Noon 01.MTS,1448.996,29.337,Inactive,Male,,,,2.125,1,1.125,No,No,29,417.757
D:/Pipefish Mesocosm Film/Trial 8/11-12-20/11-12 Noon 01.MTS,1478.334,7.025,Wiggle,Male,Active wiggle,Female,2,2.125,1,1.125,No,No,29,417.757
D:/Pipefish Mesocosm Film/Trial 8/11-12-20/11-12 Noon 01.MTS,1485.36,89.817,Inactive,Male,,,,2.125,1,1.125,No,No,29,417.757
D:/Pipefish Mesocosm Film/Trial 8/11-12-20/11-12 Noon 01.MTS,1575.178,8.543,Wiggle,Male,Active wiggle,Female,2,2.125,1,1.125,No,No,29,417.757
D:/Pipefish Mesocosm Film/Trial 8/11-12-20/11-12 Noon 01.MTS,1575.367,8.641,Pose,Female,Non-s pose,Male,Front,2.125,1,1.125,No,No,29,417.757
D:/Pipefish Mesocosm Film/Trial 8/11-12-20/11-12 Noon 01.MTS,1583.722,64.278,Inactive,Male,,,,2.125,1,1.125,No,No,29,417.757
D:/Pipefish Mesocosm Film/Trial 8/11-12-20/11-12 Noon 01.MTS,1584.009,7.118,Wiggle,Female,Active wiggle,Male,3,2.125,1,1.125,No,No,29,417.757
D:/Pipefish Mesocosm Film/Trial 8/11-12-20/11-12 Noon 01.MTS,1591.128,249.517,Inactive,Female,,,,2.125,1,1.125,No,No,29,417.757
D:/Pipefish Mesocosm Film/Trial 8/11-12-20/11-12 Noon 01.MTS,1648.001,6.74,Wiggle,Male,Active wiggle,Female,2,2.125,1,1.125,No,No,29,417.757
D:/Pipefish Mesocosm Film/Trial 8/11-12-20/11-12 Noon 01.MTS,1654.742,95.515,Inactive,Male,,,,2.125,1,1.125,No,No,29,417.757
D:/Pipefish Mesocosm Film/Trial 8/11-12-20/11-12 Noon 01.MTS,1750.258,3.89,Wiggle,Male,Active wiggle,Female,2,2.125,1,1.125,No,No,29,417.757
D:/Pipefish Mesocosm Film/Trial 8/11-12-20/11-12 Noon 01.MTS,1754.149,36.365,Inactive,Male,,,,2.125,1,1.125,No,No,29,417.757
D:/Pipefish Mesocosm Film/Trial 8/11-12-20/11-12 Noon 01.MTS,1790.515,5.028,Wiggle,Male,Active wiggle,Female,2,2.125,1,1.125,No,No,29,417.757
D:/Pipefish Mesocosm Film/Trial 8/11-12-20/11-12 Noon 01.MTS,1795.544,44.815,Inactive,Male,,,,2.125,1,1.125,No,No,29,417.757
D:/Pipefish Mesocosm Film/Trial 8/11-12-20/11-12 Noon 01.MTS,1869.223,1.327,Wiggle,Male,Subtle wiggle,Female,2,2,1,1,No,No,30,40.069
D:/Pipefish Mesocosm Film/Trial 8/11-12-20/11-12 Noon 01.MTS,1869.792,38.548,Inactive,Female,,,,2,1,1,No,No,30,40.069
D:/Pipefish Mesocosm Film/Trial 8/11-12-20/11-12 Noon 01.MTS,1870.551,23.547,Inactive,Male,,,,2,1,1,No,No,30,40.069
D:/Pipefish Mesocosm Film/Trial 8/11-12-20/11-12 Noon 01.MTS,1894.099,4.461,Wiggle,Male,Active wiggle,Female,2,2,1,1,No,No,30,40.069
D:/Pipefish Mesocosm Film/Trial 8/11-12-20/11-12 Noon 01.MTS,1898.561,9.779,Inactive,Male,,,,2,1,1,No,No,30,40.069
D:/Pipefish Mesocosm Film/Trial 8/11-12-20/11-12 Noon 01.MTS,1956.097,2.183,Wiggle,Male,Active wiggle,Female,2,2,1,1,No,No,31,78.995
D:/Pipefish Mesocosm Film/Trial 8/11-12-20/11-12 Noon 01.MTS,1957.237,7.5,Inactive,Female,,,,2,1,1,No,No,31,78.995
D:/Pipefish Mesocosm Film/Trial 8/11-12-20/11-12 Noon 01.MTS,1958.281,7.404,Inactive,Male,,,,2,1,1,No,No,31,78.995
D:/Pipefish Mesocosm Film/Trial 8/11-12-20/11-12 Noon 01.MTS,1964.738,8.924,Wiggle,Female,Active wiggle,Male,2,2,1,1,No,No,31,78.995
D:/Pipefish Mesocosm Film/Trial 8/11-12-20/11-12 Noon 01.MTS,1965.686,1.806,Wiggle,Male,Active wiggle,Female,2,2,1,1,No,No,31,78.995
D:/Pipefish Mesocosm Film/Trial 8/11-12-20/11-12 Noon 01.MTS,1967.493,66.46,Inactive,Male,,,,2,1,1,No,No,31,78.995
D:/Pipefish Mesocosm Film/Trial 8/11-12-20/11-12 Noon 01.MTS,1973.663,60.29,Inactive,Female,,,,2,1,1,No,No,31,78.995
D:/Pipefish Mesocosm Film/Trial 8/11-12-20/11-12 Noon 01.MTS,2069.556,3.418,Pose,Female,S pose,Male,Front,2,1,1,No,No,32,203.58
D:/Pipefish Mesocosm Film/Trial 8/11-12-20/11-12 Noon 01.MTS,2069.841,4.366,Wiggle,Male,Active wiggle,Female,2,2,1,1,No,No,32,203.58
D:/Pipefish Mesocosm Film/Trial 8/11-12-20/11-12 Noon 01.MTS,2072.975,18.227,Out of sight,Female,,,,2,1,1,No,No,32,203.58
D:/Pipefish Mesocosm Film/Trial 8/11-12-20/11-12 Noon 01.MTS,2074.208,79.091,Inactive,Male,,,,2,1,1,No,No,32,203.58
D:/Pipefish Mesocosm Film/Trial 8/11-12-20/11-12 Noon 01.MTS,2091.203,109.188,Inactive,Female,,,,2,1,1,No,No,32,203.58
D:/Pipefish Mesocosm Film/Trial 8/11-12-20/11-12 Noon 01.MTS,2153.3,6.55,Wiggle,Male,Active wiggle,Female,2,2,1,1,No,No,32,203.58
D:/Pipefish Mesocosm Film/Trial 8/11-12-20/11-12 Noon 01.MTS,2159.851,35.886,Inactive,Male,,,,2,1,1,No,No,32,203.58
D:/Pipefish Mesocosm Film/Trial 8/11-12-20/11-12 Noon 01.MTS,2195.738,7.785,Wiggle,Male,Active wiggle,Female,2,2,1,1,No,No,32,203.58
D:/Pipefish Mesocosm Film/Trial 8/11-12-20/11-12 Noon 01.MTS,2200.392,11.771,Wiggle,Female,Active wiggle,Male,2,2,1,1,No,No,32,203.58
D:/Pipefish Mesocosm Film/Trial 8/11-12-20/11-12 Noon 01.MTS,2203.524,69.024,Inactive,Male,,,,2,1,1,No,No,32,203.58
D:/Pipefish Mesocosm Film/Trial 8/11-12-20/11-12 Noon 01.MTS,2212.164,60.384,Inactive,Female,,,,2,1,1,No,No,32,203.58
D:/Pipefish Mesocosm Film/Trial 8/11-12-20/11-12 Noon 01.MTS,2300.748,5.031,Wiggle,Male,Subtle wiggle,Female,2,2,1,1,No,No,33,55.352
D:/Pipefish Mesocosm Film/Trial 8/11-12-20/11-12 Noon 01.MTS,2301.602,53.55,Inactive,Female,,,,2,1,1,No,No,33,55.352
D:/Pipefish Mesocosm Film/Trial 8/11-12-20/11-12 Noon 01.MTS,2305.78,32.944,Inactive,Male,,,,2,1,1,No,No,33,55.352
D:/Pipefish Mesocosm Film/Trial 8/11-12-20/11-12 Noon 01.MTS,2338.725,3.323,Wiggle,Male,Active wiggle,Female,2,2,1,1,No,No,33,55.352
D:/Pipefish Mesocosm Film/Trial 8/11-12-20/11-12 Noon 01.MTS,2342.049,13.387,Inactive,Male,,,,2,1,1,No,No,33,55.352
D:/Pipefish Mesocosm Film/Trial 8/11-12-20/11-12 Noon 01.MTS,2377.938,3.701,Wiggle,Male,Active wiggle,Female,3,2.333333333,1,1.33,No,No,34,231.951
D:/Pipefish Mesocosm Film/Trial 8/11-12-20/11-12 Noon 01.MTS,2378.697,230.433,Inactive,Female,,,,2.333333333,1,1.33,No,No,34,231.951
D:/Pipefish Mesocosm Film/Trial 8/11-12-20/11-12 Noon 01.MTS,2381.64,45.478,Inactive,Male,,,,2.333333333,1,1.33,No,No,34,231.951
D:/Pipefish Mesocosm Film/Trial 8/11-12-20/11-12 Noon 01.MTS,2427.119,7.689,Wiggle,Male,Active wiggle,Female,2,2.333333333,1,1.33,No,No,34,231.951
D:/Pipefish Mesocosm Film/Trial 8/11-12-20/11-12 Noon 01.MTS,2434.809,75.482,Inactive,Male,,,,2.333333333,1,1.33,No,No,34,231.951
D:/Pipefish Mesocosm Film/Trial 8/11-12-20/11-12 Noon 01.MTS,2510.292,2.278,Wiggle,Male,Active wiggle,Female,2,2.333333333,1,1.33,No,No,34,231.951
D:/Pipefish Mesocosm Film/Trial 8/11-12-20/11-12 Noon 01.MTS,2512.571,96.084,Inactive,Male,,,,2.333333333,1,1.33,No,No,34,231.951
D:/Pipefish Mesocosm Film/Trial 8/11-12-20/11-12 Noon 01.MTS,2619.099,33.8,Inactive,Female,,,,2,1,1,No,No,35,359.636
D:/Pipefish Mesocosm Film/Trial 8/11-12-20/11-12 Noon 01.MTS,2628.499,6.549,Wiggle,Male,Active wiggle,Female,2,2,1,1,No,No,35,359.636
D:/Pipefish Mesocosm Film/Trial 8/11-12-20/11-12 Noon 01.MTS,2635.049,93.331,Inactive,Male,,,,2,1,1,No,No,35,359.636
D:/Pipefish Mesocosm Film/Trial 8/11-12-20/11-12 Noon 01.MTS,2652.9,9.587,Wiggle,Female,Active wiggle,Male,2,2,1,1,No,No,35,359.636
D:/Pipefish Mesocosm Film/Trial 8/11-12-20/11-12 Noon 01.MTS,2662.488,139.857,Inactive,Female,,,,2,1,1,No,No,35,359.636
D:/Pipefish Mesocosm Film/Trial 8/11-12-20/11-12 Noon 01.MTS,2728.381,2.086,Wiggle,Male,Active wiggle,Female,2,2,1,1,No,No,35,359.636
D:/Pipefish Mesocosm Film/Trial 8/11-12-20/11-12 Noon 01.MTS,2730.468,9.115,Inactive,Male,,,,2,1,1,No,No,35,359.636
D:/Pipefish Mesocosm Film/Trial 8/11-12-20/11-12 Noon 01.MTS,2739.584,6.55,Wiggle,Male,Active wiggle,Female,2,2,1,1,No,No,35,359.636
D:/Pipefish Mesocosm Film/Trial 8/11-12-20/11-12 Noon 01.MTS,2746.135,52.504,Inactive,Male,,,,2,1,1,No,No,35,359.636
D:/Pipefish Mesocosm Film/Trial 8/11-12-20/11-12 Noon 01.MTS,2798.64,2.377,Wiggle,Male,Subtle wiggle,Female,2,2,1,1,No,No,35,359.636
D:/Pipefish Mesocosm Film/Trial 8/11-12-20/11-12 Noon 01.MTS,2801.018,50.678,Inactive,Male,,,,2,1,1,No,No,35,359.636
D:/Pipefish Mesocosm Film/Trial 8/11-12-20/11-12 Noon 01.MTS,2802.346,8.922,Wiggle,Female,Active wiggle,Male,2,2,1,1,No,No,35,359.636
D:/Pipefish Mesocosm Film/Trial 8/11-12-20/11-12 Noon 01.MTS,2811.269,166.517,Inactive,Female,,,,2,1,1,No,No,35,359.636
D:/Pipefish Mesocosm Film/Trial 8/11-12-20/11-12 Noon 02.MTS,2851.697,4.558,Wiggle,Male,Active wiggle,Female,2,2,1,1,No,No,35,359.636
D:/Pipefish Mesocosm Film/Trial 8/11-12-20/11-12 Noon 02.MTS,2856.256,43.293,Inactive,Male,,,,2,1,1,No,No,35,359.636
D:/Pipefish Mesocosm Film/Trial 8/11-12-20/11-12 Noon 02.MTS,2899.55,3.133,Wiggle,Male,Active wiggle,Female,2,2,1,1,No,No,35,359.636
D:/Pipefish Mesocosm Film/Trial 8/11-12-20/11-12 Noon 02.MTS,2902.684,15.95,Inactive,Male,,,,2,1,1,No,No,35,359.636
D:/Pipefish Mesocosm Film/Trial 8/11-12-20/11-12 Noon 02.MTS,2918.635,2.467,Wiggle,Male,Active wiggle,Female,2,2,1,1,No,No,35,359.636
D:/Pipefish Mesocosm Film/Trial 8/11-12-20/11-12 Noon 02.MTS,2921.103,56.682,Inactive,Male,,,,2,1,1,No,No,35,359.636
D:/Pipefish Mesocosm Film/Trial 8/11-12-20/11-12 Noon 02.MTS,3045.955,2.374,Wiggle,Male,Active wiggle,Male,2,2.2,1,1.2,No,No,36,471.592
D:/Pipefish Mesocosm Film/Trial 8/11-12-20/11-12 Noon 02.MTS,3046.24,12.439,Inactive,Female,,,,2.2,1,1.2,No,No,36,471.592
D:/Pipefish Mesocosm Film/Trial 8/11-12-20/11-12 Noon 02.MTS,3048.33,6.17,Inactive,Male,,,,2.2,1,1.2,No,No,36,471.592
D:/Pipefish Mesocosm Film/Trial 8/11-12-20/11-12 Noon 02.MTS,3054.501,3.606,Wiggle,Male,Active wiggle,Female,2,2.2,1,1.2,No,No,36,471.592
D:/Pipefish Mesocosm Film/Trial 8/11-12-20/11-12 Noon 02.MTS,3058.108,85.45,Inactive,Male,,,,2.2,1,1.2,No,No,36,471.592
D:/Pipefish Mesocosm Film/Trial 8/11-12-20/11-12 Noon 02.MTS,3058.68,10.252,Wiggle,Female,Active wiggle,Male,2,2.2,1,1.2,No,No,36,471.592
D:/Pipefish Mesocosm Film/Trial 8/11-12-20/11-12 Noon 02.MTS,3068.933,272.395,Inactive,Female,,,,2.2,1,1.2,No,No,36,471.592
D:/Pipefish Mesocosm Film/Trial 8/11-12-20/11-12 Noon 02.MTS,3143.559,2.278,Wiggle,Male,Active wiggle,Female,3,2.2,1,1.2,No,No,36,471.592
D:/Pipefish Mesocosm Film/Trial 8/11-12-20/11-12 Noon 02.MTS,3145.838,7.403,Inactive,Male,,,,2.2,1,1.2,No,No,36,471.592
D:/Pipefish Mesocosm Film/Trial 8/11-12-20/11-12 Noon 02.MTS,3153.242,5.981,Wiggle,Male,Active wiggle,Female,2,2.2,1,1.2,No,No,36,471.592
D:/Pipefish Mesocosm Film/Trial 8/11-12-20/11-12 Noon 02.MTS,3159.224,67.507,Inactive,Male,,,,2.2,1,1.2,No,No,36,471.592
D:/Pipefish Mesocosm Film/Trial 8/11-12-20/11-12 Noon 02.MTS,3226.732,2.752,Wiggle,Male,Active wiggle,Female,2,2.2,1,1.2,No,No,36,471.592
D:/Pipefish Mesocosm Film/Trial 8/11-12-20/11-12 Noon 02.MTS,3229.485,67.219,Inactive,Male,,,,2.2,1,1.2,No,No,36,471.592
D:/Pipefish Mesocosm Film/Trial 8/11-12-20/11-12 Noon 02.MTS,3296.705,1.995,Wiggle,Male,Active wiggle,Female,3,2.2,1,1.2,No,No,36,471.592
D:/Pipefish Mesocosm Film/Trial 8/11-12-20/11-12 Noon 02.MTS,3298.701,31.045,Inactive,Male,,,,2.2,1,1.2,No,No,36,471.592
D:/Pipefish Mesocosm Film/Trial 8/11-12-20/11-12 Noon 02.MTS,3329.747,2.468,Wiggle,Male,Active wiggle,Female,2,2.2,1,1.2,No,No,36,471.592
D:/Pipefish Mesocosm Film/Trial 8/11-12-20/11-12 Noon 02.MTS,3332.216,39.779,Inactive,Male,,,,2.2,1,1.2,No,No,36,471.592
D:/Pipefish Mesocosm Film/Trial 8/11-12-20/11-12 Noon 02.MTS,3341.329,10.066,Wiggle,Female,Active wiggle,Male,2,2.2,1,1.2,No,No,36,471.592
D:/Pipefish Mesocosm Film/Trial 8/11-12-20/11-12 Noon 02.MTS,3351.396,164.16,Inactive,Female,,,,2.2,1,1.2,No,No,36,471.592
D:/Pipefish Mesocosm Film/Trial 8/11-12-20/11-12 Noon 02.MTS,3371.996,6.36,Wiggle,Male,Active wiggle,Female,2,2.2,1,1.2,No,No,36,471.592
D:/Pipefish Mesocosm Film/Trial 8/11-12-20/11-12 Noon 02.MTS,3378.357,137.291,Inactive,Male,,,,2.2,1,1.2,No,No,36,471.592
D:/Pipefish Mesocosm Film/Trial 8/11-12-20/11-12 Noon 02.MTS,3525.807,5.128,Wiggle,Male,Active wiggle,Female,2,2,1,1,No,No,37,79.68
D:/Pipefish Mesocosm Film/Trial 8/11-12-20/11-12 Noon 02.MTS,3526.474,64.94,Inactive,Female,,,,2,1,1,No,No,37,79.68
D:/Pipefish Mesocosm Film/Trial 8/11-12-20/11-12 Noon 02.MTS,3530.936,60.763,Inactive,Male,,,,2,1,1,No,No,37,79.68
D:/Pipefish Mesocosm Film/Trial 8/11-12-20/11-12 Noon 02.MTS,3591.415,8.164,Pose,Female,S pose,Male,Front,2,1,1,No,No,37,79.68
D:/Pipefish Mesocosm Film/Trial 8/11-12-20/11-12 Noon 02.MTS,3591.7,7.31,Wiggle,Male,Active wiggle,Female,2,2,1,1,No,No,37,79.68
D:/Pipefish Mesocosm Film/Trial 8/11-12-20/11-12 Noon 02.MTS,3599.011,4.177,Inactive,Male,,,,2,1,1,No,No,37,79.68
D:/Pipefish Mesocosm Film/Trial 8/11-12-20/11-12 Noon 02.MTS,3599.58,3.993,Inactive,Female,,,,2,1,1,No,No,37,79.68
D:/Pipefish Mesocosm Film/Trial 8/13-12-20/13-12 AM 01.MTS,448.086,7.121,Wiggle,Male,Active wiggle,Female,2,2,1,1,No,No,38,36.224
D:/Pipefish Mesocosm Film/Trial 8/13-12-20/13-12 AM 01.MTS,448.276,8.258,Pose,Female,S pose,Male,Front,2,1,1,No,No,38,36.224
D:/Pipefish Mesocosm Film/Trial 8/13-12-20/13-12 AM 01.MTS,455.208,27.816,Inactive,Male,,,,2,1,1,No,No,38,36.224
D:/Pipefish Mesocosm Film/Trial 8/13-12-20/13-12 AM 01.MTS,456.535,27.058,Inactive,Female,,,,2,1,1,No,No,38,36.224
D:/Pipefish Mesocosm Film/Trial 8/13-12-20/13-12 Noon 01.MTS,2.89,9.303,Pose,Female,S pose,Male,Front,2,1,1,No,No,39,68.834
D:/Pipefish Mesocosm Film/Trial 8/13-12-20/13-12 Noon 01.MTS,3.746,20.85,Inactive,Male,,,,2,1,1,No,No,39,68.834
D:/Pipefish Mesocosm Film/Trial 8/13-12-20/13-12 Noon 01.MTS,12.194,58.961,Inactive,Female,,,,2,1,1,No,No,39,68.834
D:/Pipefish Mesocosm Film/Trial 8/13-12-20/13-12 Noon 01.MTS,24.597,2.596,Wiggle,Male,Subtle wiggle,Female,2,2,1,1,No,No,39,68.834
D:/Pipefish Mesocosm Film/Trial 8/13-12-20/13-12 Noon 01.MTS,27.194,44.152,Inactive,Male,,,,2,1,1,No,No,39,68.834
D:/Pipefish Mesocosm Film/Trial 8/13-12-20/13-12 Noon 01.MTS,95.176,3.324,Wiggle,Male,Active wiggle,Female,2,2,1,1,No,No,40,28.488
D:/Pipefish Mesocosm Film/Trial 8/13-12-20/13-12 Noon 01.MTS,96.887,4.46,Inactive,Female,,,,2,1,1,No,No,40,28.488
D:/Pipefish Mesocosm Film/Trial 8/13-12-20/13-12 Noon 01.MTS,98.501,25.16,Inactive,Male,,,,2,1,1,No,No,40,28.488
D:/Pipefish Mesocosm Film/Trial 8/13-12-20/13-12 Noon 01.MTS,101.348,6.931,Pose,Female,S pose,Male,Front,2,1,1,No,No,40,28.488
D:/Pipefish Mesocosm Film/Trial 8/13-12-20/13-12 Noon 01.MTS,108.28,15.381,Inactive,Female,,,,2,1,1,No,No,40,28.488
D:/Pipefish Mesocosm Film/Trial 8/13-12-20/13-12 Noon 01.MTS,225.441,4.841,Wiggle,Male,Active wiggle,Female,2,2,1,1,No,No,41,65.036
D:/Pipefish Mesocosm Film/Trial 8/13-12-20/13-12 Noon 01.MTS,227.909,62.377,Inactive,Female,,,,2,1,1,No,No,41,65.036
D:/Pipefish Mesocosm Film/Trial 8/13-12-20/13-12 Noon 01.MTS,230.283,60.099,Inactive,Male,,,,2,1,1,No,No,41,65.036
D:/Pipefish Mesocosm Film/Trial 8/13-12-20/13-12 Noon 01.MTS,312.694,5.601,Wiggle,Male,Active wiggle,Female,2,2,1,1,No,No,42,14.335
D:/Pipefish Mesocosm Film/Trial 8/13-12-20/13-12 Noon 01.MTS,313.358,13.007,Inactive,Female,,,,2,1,1,No,No,42,14.335
D:/Pipefish Mesocosm Film/Trial 8/13-12-20/13-12 Noon 01.MTS,318.296,7.974,Inactive,Male,,,,2,1,1,No,No,42,14.335
D:/Pipefish Mesocosm Film/Trial 8/13-12-20/13-12 Noon 01.MTS,578.159,3.988,Wiggle,Male,Active wiggle,Female,2,2,1,1,No,No,43,51.225
D:/Pipefish Mesocosm Film/Trial 8/13-12-20/13-12 Noon 01.MTS,579.299,4.272,Inactive,Female,,,,2,1,1,No,No,43,51.225
D:/Pipefish Mesocosm Film/Trial 8/13-12-20/13-12 Noon 01.MTS,582.148,45.193,Inactive,Male,,,,2,1,1,No,No,43,51.225
D:/Pipefish Mesocosm Film/Trial 8/13-12-20/13-12 Noon 01.MTS,583.572,4.555,Pose,Female,S pose,Male,Front,2,1,1,No,No,43,51.225
D:/Pipefish Mesocosm Film/Trial 8/13-12-20/13-12 Noon 01.MTS,588.128,8.83,Inactive,Female,,,,2,1,1,No,No,43,51.225
D:/Pipefish Mesocosm Film/Trial 8/13-12-20/13-12 Noon 01.MTS,596.959,2.562,Pose,Female,S pose,Male,Front,2,1,1,No,No,43,51.225
D:/Pipefish Mesocosm Film/Trial 8/13-12-20/13-12 Noon 01.MTS,599.522,28.483,Inactive,Female,,,,2,1,1,No,No,43,51.225
D:/Pipefish Mesocosm Film/Trial 8/13-12-20/13-12 Noon 01.MTS,683.358,4.082,Pose,Female,S pose,Male,Front,2,1,1,No,No,44,83.55
D:/Pipefish Mesocosm Film/Trial 8/13-12-20/13-12 Noon 01.MTS,683.929,4.271,Inactive,Male,,,,2,1,1,No,No,44,83.55
D:/Pipefish Mesocosm Film/Trial 8/13-12-20/13-12 Noon 01.MTS,687.441,4.556,Inactive,Female,,,,2,1,1,No,No,44,83.55
D:/Pipefish Mesocosm Film/Trial 8/13-12-20/13-12 Noon 01.MTS,688.201,3.132,Wiggle,Male,Active wiggle,Female,2,2,1,1,No,No,44,83.55
D:/Pipefish Mesocosm Film/Trial 8/13-12-20/13-12 Noon 01.MTS,691.334,74.248,Inactive,Male,,,,2,1,1,No,No,44,83.55
D:/Pipefish Mesocosm Film/Trial 8/13-12-20/13-12 Noon 01.MTS,691.998,3.799,Pose,Female,S pose,Male,Front,2,1,1,No,No,44,83.55
D:/Pipefish Mesocosm Film/Trial 8/13-12-20/13-12 Noon 01.MTS,695.798,69.783,Inactive,Female,,,,2,1,1,No,No,44,83.55
D:/Pipefish Mesocosm Film/Trial 8/13-12-20/13-12 Noon 01.MTS,905.531,8.924,Pose,Female,S pose,Male,Front,2,1,1,No,No,45,113.174
D:/Pipefish Mesocosm Film/Trial 8/13-12-20/13-12 Noon 01.MTS,906.291,4.46,Wiggle,Male,Active wiggle,Female,2,2,1,1,No,No,45,113.174
D:/Pipefish Mesocosm Film/Trial 8/13-12-20/13-12 Noon 01.MTS,910.752,8.83,Inactive,Male,,,,2,1,1,No,No,45,113.174
D:/Pipefish Mesocosm Film/Trial 8/13-12-20/13-12 Noon 01.MTS,914.456,62.756,Inactive,Female,,,,2,1,1,No,No,45,113.174
D:/Pipefish Mesocosm Film/Trial 8/13-12-20/13-12 Noon 01.MTS,919.583,1.804,Wiggle,Male,Active wiggle,Female,2,2,1,1,No,No,45,113.174
D:/Pipefish Mesocosm Film/Trial 8/13-12-20/13-12 Noon 01.MTS,921.388,96.936,Inactive,Male,,,,2,1,1,No,No,45,113.174
D:/Pipefish Mesocosm Film/Trial 8/13-12-20/13-12 Noon 01.MTS,977.213,7.784,Pose,Female,S pose,Male,Front,2,1,1,No,No,45,113.174
D:/Pipefish Mesocosm Film/Trial 8/13-12-20/13-12 Noon 01.MTS,984.998,33.327,Inactive,Female,,,,2,1,1,No,No,45,113.174
D:/Pipefish Mesocosm Film/Trial 8/13-12-20/13-12 Noon 01.MTS,1175.555,3.036,Pose,Female,S pose,Male,Front,2,1,1,No,No,46,130.168
D:/Pipefish Mesocosm Film/Trial 8/13-12-20/13-12 Noon 01.MTS,1176.979,7.783,Wiggle,Male,Active wiggle,Female,2,2,1,1,No,No,46,130.168
D:/Pipefish Mesocosm Film/Trial 8/13-12-20/13-12 Noon 01.MTS,1178.592,59.53,Inactive,Female,,,,2,1,1,No,No,46,130.168
D:/Pipefish Mesocosm Film/Trial 8/13-12-20/13-12 Noon 01.MTS,1184.763,120.867,Inactive,Male,,,,2,1,1,No,No,46,130.168
D:/Pipefish Mesocosm Film/Trial 8/13-12-20/13-12 Noon 01.MTS,1238.123,7.119,Pose,Female,S pose,Male,Front,2,1,1,No,No,46,130.168
D:/Pipefish Mesocosm Film/Trial 8/13-12-20/13-12 Noon 01.MTS,1245.243,60.195,Inactive,Female,,,,2,1,1,No,No,46,130.168
D:/Pipefish Mesocosm Film/Trial 8/13-12-20/13-12 Noon 01.MTS,1339.146,23.071,Inactive,Female,,,,3,1,2,No,No,47,23.356
D:/Pipefish Mesocosm Film/Trial 8/13-12-20/13-12 Noon 01.MTS,1339.146,3.416,Wiggle,Male,Active wiggle,Female,3,3,1,2,No,No,47,23.356
D:/Pipefish Mesocosm Film/Trial 8/13-12-20/13-12 Noon 01.MTS,1342.563,19.654,Inactive,Male,,,,3,1,2,No,No,47,23.356
D:/Pipefish Mesocosm Film/Trial 8/13-12-20/13-12 Noon 01.MTS,1527.23,13.958,Pose,Female,S pose,Male,Front,2,1,1,No,No,48,94.757
D:/Pipefish Mesocosm Film/Trial 8/13-12-20/13-12 Noon 01.MTS,1527.896,42.44,Inactive,Male,,,,2,1,1,No,No,48,94.757
D:/Pipefish Mesocosm Film/Trial 8/13-12-20/13-12 Noon 01.MTS,1541.189,29.052,Inactive,Female,,,,2,1,1,No,No,48,94.757
D:/Pipefish Mesocosm Film/Trial 8/13-12-20/13-12 Noon 01.MTS,1570.242,2.656,Pose,Female,S pose,Male,Front,2,1,1,No,No,48,94.757
D:/Pipefish Mesocosm Film/Trial 8/13-12-20/13-12 Noon 01.MTS,1570.337,3.035,Wiggle,Male,Active wiggle,Female,2,2,1,1,No,No,48,94.757
D:/Pipefish Mesocosm Film/Trial 8/13-12-20/13-12 Noon 01.MTS,1572.899,47.759,Inactive,Female,,,,2,1,1,No,No,48,94.757
D:/Pipefish Mesocosm Film/Trial 8/13-12-20/13-12 Noon 01.MTS,1573.373,47.285,Inactive,Male,,,,2,1,1,No,No,48,94.757
D:/Pipefish Mesocosm Film/Trial 8/13-12-20/13-12 Noon 01.MTS,1765.637,5.126,Pose,Female,S pose,Male,Front,2,1,1,No,No,49,18.419
D:/Pipefish Mesocosm Film/Trial 8/13-12-20/13-12 Noon 01.MTS,1765.637,17.851,Inactive,Male,,,,2,1,1,No,No,49,18.419
D:/Pipefish Mesocosm Film/Trial 8/13-12-20/13-12 Noon 01.MTS,1770.764,12.724,Inactive,Female,,,,2,1,1,No,No,49,18.419
D:/Pipefish Mesocosm Film/Trial 8/13-12-20/13-12 Noon 01.MTS,1876.819,19.179,Inactive,Female,,,,2,1,1,No,No,50,19.556
D:/Pipefish Mesocosm Film/Trial 8/13-12-20/13-12 Noon 01.MTS,1876.819,5.789,Wiggle,Male,Active wiggle,Female,2,2,1,1,No,No,50,19.556
D:/Pipefish Mesocosm Film/Trial 8/13-12-20/13-12 Noon 01.MTS,1882.609,13.389,Inactive,Male,,,,2,1,1,No,No,50,19.556
D:/Pipefish Mesocosm Film/Trial 8/13-12-20/13-12 Noon 01.MTS,2351.543,3.418,Pose,Female,S pose,Male,Front,2,1,1,No,No,51,25.826
D:/Pipefish Mesocosm Film/Trial 8/13-12-20/13-12 Noon 01.MTS,2352.304,24.209,Inactive,Male,,,,2,1,1,No,No,51,25.826
D:/Pipefish Mesocosm Film/Trial 8/13-12-20/13-12 Noon 01.MTS,2354.962,21.361,Inactive,Female,,,,2,1,1,No,No,51,25.826
D:/Pipefish Mesocosm Film/Trial 8/13-12-20/13-12 Noon 01.MTS,2774.524,13.862,Wiggle,Female,Active wiggle,Male,2,2,1,1,No,No,52,108.236
D:/Pipefish Mesocosm Film/Trial 8/13-12-20/13-12 Noon 01.MTS,2775.664,57.821,Inactive,Male,,,,2,1,1,No,No,52,108.236
D:/Pipefish Mesocosm Film/Trial 8/13-12-20/13-12 Noon 01.MTS,2788.387,5.693,Inactive,Female,,,,2,1,1,No,No,52,108.236
D:/Pipefish Mesocosm Film/Trial 8/13-12-20/13-12 Noon 01.MTS,2794.081,6.267,Pose,Female,S pose,Male,Front,2,1,1,No,No,52,108.236
D:/Pipefish Mesocosm Film/Trial 8/13-12-20/13-12 Noon 01.MTS,2800.349,80.703,Inactive,Female,,,,2,1,1,No,No,52,108.236
D:/Pipefish Mesocosm Film/Trial 8/13-12-20/13-12 Noon 02.MTS,2833.486,2.466,Wiggle,Male,Active wiggle,Female,2,2,1,1,No,No,52,108.236
D:/Pipefish Mesocosm Film/Trial 8/13-12-20/13-12 Noon 02.MTS,2835.953,45.1,Inactive,Male,,,,2,1,1,No,No,52,108.236
D:/Pipefish Mesocosm Film/Trial 8/13-12-20/13-12 Noon 02.MTS,3120.693,4.463,Wiggle,Female,Active wiggle,Male,2,2,1,1,No,No,53,17.185
D:/Pipefish Mesocosm Film/Trial 8/13-12-20/13-12 Noon 02.MTS,3121.643,15.856,Inactive,Male,,,,2,1,1,No,No,53,17.185
D:/Pipefish Mesocosm Film/Trial 8/13-12-20/13-12 Noon 02.MTS,3125.157,6.55,Pose,Female,S pose,Male,Front,2,1,1,No,No,53,17.185
D:/Pipefish Mesocosm Film/Trial 8/13-12-20/13-12 Noon 02.MTS,3131.708,5.695,Inactive,Female,,,,2,1,1,No,No,53,17.185
D:/Pipefish Mesocosm Film/Trial 8/14-12-20/14-12 Noon 01.MTS,86.156,9.684,Pose,Female,S pose,Male,Front,2,1,1,No,No,54,69.407
D:/Pipefish Mesocosm Film/Trial 8/14-12-20/14-12 Noon 01.MTS,87.01,1.71,Inactive,Male,,,,2,1,1,No,No,54,69.407
D:/Pipefish Mesocosm Film/Trial 8/14-12-20/14-12 Noon 01.MTS,88.721,6.929,Wiggle,Male,Subtle wiggle,Female,2,2,1,1,No,No,54,69.407
D:/Pipefish Mesocosm Film/Trial 8/14-12-20/14-12 Noon 01.MTS,95.651,59.91,Inactive,Male,,,,2,1,1,No,No,54,69.407
D:/Pipefish Mesocosm Film/Trial 8/14-12-20/14-12 Noon 01.MTS,95.841,59.72,Inactive,Female,,,,2,1,1,No,No,54,69.407
D:/Pipefish Mesocosm Film/Trial 8/14-12-20/14-12 Noon 01.MTS,190.218,2.277,Wiggle,Female,Active wiggle,Male,2,2.5,1,1.5,No,No,55,62.473
D:/Pipefish Mesocosm Film/Trial 8/14-12-20/14-12 Noon 01.MTS,190.785,2.754,Inactive,Male,,,,2.5,1,1.5,No,No,55,62.473
D:/Pipefish Mesocosm Film/Trial 8/14-12-20/14-12 Noon 01.MTS,192.496,60.193,Inactive,Female,,,,2.5,1,1.5,No,No,55,62.473
D:/Pipefish Mesocosm Film/Trial 8/14-12-20/14-12 Noon 01.MTS,193.54,5.41,Wiggle,Male,Active wiggle,Female,33,2.5,1,1.5,No,No,55,62.473
D:/Pipefish Mesocosm Film/Trial 8/14-12-20/14-12 Noon 01.MTS,198.951,53.738,Inactive,Male,,,,2.5,1,1.5,No,No,55,62.473
D:/Pipefish Mesocosm Film/Trial 8/14-12-20/14-12 Noon 01.MTS,335.955,5.513,Wiggle,Male,Active wiggle,Female,2,2,1,1,No,No,56,36.84
D:/Pipefish Mesocosm Film/Trial 8/14-12-20/14-12 Noon 01.MTS,336.527,35.983,Inactive,Female,,,,2,1,1,No,No,56,36.84
D:/Pipefish Mesocosm Film/Trial 8/14-12-20/14-12 Noon 01.MTS,341.469,6.828,Inactive,Male,,,,2,1,1,No,No,56,36.84
D:/Pipefish Mesocosm Film/Trial 8/14-12-20/14-12 Noon 01.MTS,348.298,2.754,Wiggle,Male,Active wiggle,Female,2,2,1,1,No,No,56,36.84
D:/Pipefish Mesocosm Film/Trial 8/14-12-20/14-12 Noon 01.MTS,351.053,1.676,Inactive,Male,,,,2,1,1,No,No,56,36.84
D:/Pipefish Mesocosm Film/Trial 8/14-12-20/14-12 Noon 01.MTS,352.73,1.076,Wiggle,Male,Active wiggle,Female,2,2,1,1,No,No,56,36.84
D:/Pipefish Mesocosm Film/Trial 8/14-12-20/14-12 Noon 01.MTS,353.807,18.703,Inactive,Male,,,,2,1,1,No,No,56,36.84
D:/Pipefish Mesocosm Film/Trial 8/14-12-20/14-12 Noon 01.MTS,609.683,32.946,Inactive,Female,,,,2,1,1,No,No,57,33.802
D:/Pipefish Mesocosm Film/Trial 8/14-12-20/14-12 Noon 01.MTS,609.683,2.467,Wiggle,Male,Active wiggle,Female,2,2,1,1,No,No,57,33.802
D:/Pipefish Mesocosm Film/Trial 8/14-12-20/14-12 Noon 01.MTS,612.151,30.478,Inactive,Male,,,,2,1,1,No,No,57,33.802
D:/Pipefish Mesocosm Film/Trial 8/14-12-20/14-12 Noon 01.MTS,661.143,25.258,Inactive,Female,,,,2,1,1,No,No,58,26.399
D:/Pipefish Mesocosm Film/Trial 8/14-12-20/14-12 Noon 01.MTS,661.143,5.91,Wiggle,Male,Active wiggle,Female,2,2,1,1,No,No,58,26.399
D:/Pipefish Mesocosm Film/Trial 8/14-12-20/14-12 Noon 01.MTS,667.054,19.347,Inactive,Male,,,,2,1,1,No,No,58,26.399
D:/Pipefish Mesocosm Film/Trial 8/14-12-20/14-12 Noon 01.MTS,716.688,1.993,Wiggle,Female,Active wiggle,Male,2,2,1,1,No,No,59,23.17
D:/Pipefish Mesocosm Film/Trial 8/14-12-20/14-12 Noon 01.MTS,716.688,22.404,Inactive,Male,,,,2,1,1,No,No,59,23.17
D:/Pipefish Mesocosm Film/Trial 8/14-12-20/14-12 Noon 01.MTS,718.682,20.41,Inactive,Female,,,,2,1,1,No,No,59,23.17
D:/Pipefish Mesocosm Film/Trial 8/14-12-20/14-12 Noon 01.MTS,14.282,4.272,Wiggle,Male,Active wiggle,Female,3,2.4,1,1.4,No,No,60,655.881
D:/Pipefish Mesocosm Film/Trial 8/14-12-20/14-12 Noon 01.MTS,15.327,4.749,Inactive,Female,,,,2.4,1,1.4,No,No,60,655.881
D:/Pipefish Mesocosm Film/Trial 8/14-12-20/14-12 Noon 01.MTS,18.555,12.532,Inactive,Male,,,,2.4,1,1.4,No,No,60,655.881
D:/Pipefish Mesocosm Film/Trial 8/14-12-20/14-12 Noon 01.MTS,20.077,5.219,Pose,Female,S pose,Male,Front,2.4,1,1.4,No,No,60,655.881
D:/Pipefish Mesocosm Film/Trial 8/14-12-20/14-12 Noon 01.MTS,25.297,26.644,Inactive,Female,,,,2.4,1,1.4,No,No,60,655.881
D:/Pipefish Mesocosm Film/Trial 8/14-12-20/14-12 Noon 01.MTS,31.088,1.707,Wiggle,Male,Active wiggle,Female,2,2.4,1,1.4,No,No,60,655.881
D:/Pipefish Mesocosm Film/Trial 8/14-12-20/14-12 Noon 01.MTS,32.796,27.723,Inactive,Male,,,,2.4,1,1.4,No,No,60,655.881
D:/Pipefish Mesocosm Film/Trial 8/14-12-20/14-12 Noon 01.MTS,51.942,6.991,Pose,Female,S pose,Male,Front,2.4,1,1.4,No,No,60,655.881
D:/Pipefish Mesocosm Film/Trial 8/14-12-20/14-12 Noon 01.MTS,58.934,61.116,Inactive,Female,,,,2.4,1,1.4,No,No,60,655.881
D:/Pipefish Mesocosm Film/Trial 8/14-12-20/14-12 Noon 01.MTS,60.52,5.506,Wiggle,Male,Active wiggle,Female,2,2.4,1,1.4,No,No,60,655.881
D:/Pipefish Mesocosm Film/Trial 8/14-12-20/14-12 Noon 01.MTS,66.027,14.432,Inactive,Male,,,,2.4,1,1.4,No,No,60,655.881
D:/Pipefish Mesocosm Film/Trial 8/14-12-20/14-12 Noon 01.MTS,80.46,2.277,Wiggle,Male,Active wiggle,Female,2,2.4,1,1.4,No,No,60,655.881
D:/Pipefish Mesocosm Film/Trial 8/14-12-20/14-12 Noon 01.MTS,82.738,42.941,Inactive,Male,,,,2.4,1,1.4,No,No,60,655.881
D:/Pipefish Mesocosm Film/Trial 8/14-12-20/14-12 Noon 01.MTS,120.051,3.799,Wiggle,Female,Active wiggle,Male,2,2.4,1,1.4,No,No,60,655.881
D:/Pipefish Mesocosm Film/Trial 8/14-12-20/14-12 Noon 01.MTS,123.851,5.792,Inactive,Female,,,,2.4,1,1.4,No,No,60,655.881
D:/Pipefish Mesocosm Film/Trial 8/14-12-20/14-12 Noon 01.MTS,125.68,2.251,Wiggle,Male,Active wiggle,Female,2,2.4,1,1.4,No,No,60,655.881
D:/Pipefish Mesocosm Film/Trial 8/14-12-20/14-12 Noon 01.MTS,127.932,57.155,Inactive,Male,,,,2.4,1,1.4,No,No,60,655.881
D:/Pipefish Mesocosm Film/Trial 8/14-12-20/14-12 Noon 01.MTS,129.644,13.287,Wiggle,Female,Active wiggle,Male,3,2.4,1,1.4,No,No,60,655.881
D:/Pipefish Mesocosm Film/Trial 8/14-12-20/14-12 Noon 01.MTS,142.932,71.305,Inactive,Female,,,,2.4,1,1.4,No,No,60,655.881
D:/Pipefish Mesocosm Film/Trial 8/14-12-20/14-12 Noon 01.MTS,185.088,2.564,Wiggle,Male,Active wiggle,Female,3,2.4,1,1.4,No,No,60,655.881
D:/Pipefish Mesocosm Film/Trial 8/14-12-20/14-12 Noon 01.MTS,187.653,6.266,Inactive,Male,,,,2.4,1,1.4,No,No,60,655.881
D:/Pipefish Mesocosm Film/Trial 8/14-12-20/14-12 Noon 01.MTS,193.92,1.612,Wiggle,Male,Active wiggle,Female,2,2.4,1,1.4,No,No,60,655.881
D:/Pipefish Mesocosm Film/Trial 8/14-12-20/14-12 Noon 01.MTS,195.533,88.011,Inactive,Male,,,,2.4,1,1.4,No,No,60,655.881
D:/Pipefish Mesocosm Film/Trial 8/14-12-20/14-12 Noon 01.MTS,214.238,9.114,Pose,Female,S pose,Male,Front,2.4,1,1.4,No,No,60,655.881
D:/Pipefish Mesocosm Film/Trial 8/14-12-20/14-12 Noon 01.MTS,223.353,42.25,Inactive,Female,,,,2.4,1,1.4,No,No,60,655.881
D:/Pipefish Mesocosm Film/Trial 8/14-12-20/14-12 Noon 01.MTS,265.604,2.085,Pose,Female,S pose,Male,Front,2.4,1,1.4,No,No,60,655.881
D:/Pipefish Mesocosm Film/Trial 8/14-12-20/14-12 Noon 01.MTS,267.69,9.687,Wiggle,Female,Active wiggle,Male,2,2.4,1,1.4,No,No,60,655.881
D:/Pipefish Mesocosm Film/Trial 8/14-12-20/14-12 Noon 01.MTS,277.378,87.347,Inactive,Female,,,,2.4,1,1.4,No,No,60,655.881
D:/Pipefish Mesocosm Film/Trial 8/14-12-20/14-12 Noon 01.MTS,283.545,3.417,Wiggle,Male,Active wiggle,Female,3,2.4,1,1.4,No,No,60,655.881
D:/Pipefish Mesocosm Film/Trial 8/14-12-20/14-12 Noon 01.MTS,286.963,62.093,Inactive,Male,,,,2.4,1,1.4,No,No,60,655.881
D:/Pipefish Mesocosm Film/Trial 8/14-12-20/14-12 Noon 01.MTS,349.057,2.942,Wiggle,Male,Active wiggle,Female,2,2.4,1,1.4,No,No,60,655.881
D:/Pipefish Mesocosm Film/Trial 8/14-12-20/14-12 Noon 01.MTS,352,12.818,Inactive,Male,,,,2.4,1,1.4,No,No,60,655.881
D:/Pipefish Mesocosm Film/Trial 8/14-12-20/14-12 Noon 01.MTS,364.726,5.598,Pose,Female,S pose,Male,Front,2.4,1,1.4,No,No,60,655.881
D:/Pipefish Mesocosm Film/Trial 8/14-12-20/14-12 Noon 01.MTS,364.819,5.03,Wiggle,Male,Active wiggle,Female,3,2.4,1,1.4,No,No,60,655.881
D:/Pipefish Mesocosm Film/Trial 8/14-12-20/14-12 Noon 01.MTS,369.85,154.761,Inactive,Male,,,,2.4,1,1.4,No,No,60,655.881
D:/Pipefish Mesocosm Film/Trial 8/14-12-20/14-12 Noon 01.MTS,370.325,4.018,Wiggle,Female,Active wiggle,Male,3,2.4,1,1.4,No,No,60,655.881
D:/Pipefish Mesocosm Film/Trial 8/14-12-20/14-12 Noon 01.MTS,374.344,26.389,Inactive,Female,,,,2.4,1,1.4,No,No,60,655.881
D:/Pipefish Mesocosm Film/Trial 8/14-12-20/14-12 Noon 01.MTS,400.734,5.481,Pose,Female,S pose,Male,Front,2.4,1,1.4,No,No,60,655.881
D:/Pipefish Mesocosm Film/Trial 8/14-12-20/14-12 Noon 01.MTS,406.216,20.983,Inactive,Female,,,,2.4,1,1.4,No,No,60,655.881
D:/Pipefish Mesocosm Film/Trial 8/14-12-20/14-12 Noon 01.MTS,427.2,5.151,Wiggle,Female,Subtle wiggle,Male,2,2.4,1,1.4,No,No,60,655.881
D:/Pipefish Mesocosm Film/Trial 8/14-12-20/14-12 Noon 01.MTS,432.352,127.198,Inactive,Female,,,,2.4,1,1.4,No,No,60,655.881
D:/Pipefish Mesocosm Film/Trial 8/14-12-20/14-12 Noon 01.MTS,524.612,2.655,Wiggle,Male,Subtle wiggle,Female,3,2.4,1,1.4,No,No,60,655.881
D:/Pipefish Mesocosm Film/Trial 8/14-12-20/14-12 Noon 01.MTS,527.268,34.749,Inactive,Male,,,,2.4,1,1.4,No,No,60,655.881
D:/Pipefish Mesocosm Film/Trial 8/14-12-20/14-12 Noon 01.MTS,559.551,3.134,Wiggle,Female,Active wiggle,Male,2,2.4,1,1.4,No,No,60,655.881
D:/Pipefish Mesocosm Film/Trial 8/14-12-20/14-12 Noon 01.MTS,562.018,3.039,Wiggle,Male,Active wiggle,Female,2,2.4,1,1.4,No,No,60,655.881
D:/Pipefish Mesocosm Film/Trial 8/14-12-20/14-12 Noon 01.MTS,562.686,3.13,Pose,Female,S pose,Male,Front,2.4,1,1.4,No,No,60,655.881
D:/Pipefish Mesocosm Film/Trial 8/14-12-20/14-12 Noon 01.MTS,565.058,104.249,Inactive,Male,,,,2.4,1,1.4,No,No,60,655.881
D:/Pipefish Mesocosm Film/Trial 8/14-12-20/14-12 Noon 01.MTS,565.817,5.248,Wiggle,Female,Active wiggle,Male,2,2.4,1,1.4,No,No,60,655.881
D:/Pipefish Mesocosm Film/Trial 8/14-12-20/14-12 Noon 01.MTS,571.066,32.883,Inactive,Female,,,,2.4,1,1.4,No,No,60,655.881
D:/Pipefish Mesocosm Film/Trial 8/14-12-20/14-12 Noon 01.MTS,603.95,5.066,Wiggle,Female,Active wiggle,Male,3,2.4,1,1.4,No,No,60,655.881
D:/Pipefish Mesocosm Film/Trial 8/14-12-20/14-12 Noon 01.MTS,609.017,60.29,Inactive,Female,,,,2.4,1,1.4,No,No,60,655.881
D:/Pipefish Mesocosm Film/Trial 8/14-12-20/14-12 Noon 01.MTS,722.005,4.747,Pose,Female,S pose,Male,Front,2.3,1,1.3,Yes,Yes,61,136.91
D:/Pipefish Mesocosm Film/Trial 8/14-12-20/14-12 Noon 01.MTS,723.051,44.334,Inactive,Male,,,,2.3,1,1.3,Yes,Yes,61,136.91
D:/Pipefish Mesocosm Film/Trial 8/14-12-20/14-12 Noon 01.MTS,726.753,64.464,Inactive,Female,,,,2.3,1,1.3,Yes,Yes,61,136.91
D:/Pipefish Mesocosm Film/Trial 8/14-12-20/14-12 Noon 01.MTS,767.386,1.327,Wiggle,Male,Subtle wiggle,Female,2,2.3,1,1.3,Yes,Yes,61,136.91
D:/Pipefish Mesocosm Film/Trial 8/14-12-20/14-12 Noon 01.MTS,768.714,89.912,Inactive,Male,,,,2.3,1,1.3,Yes,Yes,61,136.91
D:/Pipefish Mesocosm Film/Trial 8/14-12-20/14-12 Noon 01.MTS,791.218,3.323,Pose,Female,Non-s pose,Male,Front,2.3,1,1.3,Yes,Yes,61,136.91
D:/Pipefish Mesocosm Film/Trial 8/14-12-20/14-12 Noon 01.MTS,794.542,64.084,Inactive,Female,,,,2.3,1,1.3,Yes,Yes,61,136.91
