media_file_path,time_in_video,Duration,behavior,subject,modifier_1,modifier_2,modifier_3,Group size,Female,Male,Chasing_end,Chase_present,courtship_events,total_time_of_courtship
D:/Pipefish Mesocosm Film/Trial 4/7-12-20/7-12 Noon 01.MTS,49.032,3.892,Wiggle,Male,Active wiggle,Female,2,2,1,1,No,No,99,14.433
D:/Pipefish Mesocosm Film/Trial 4/7-12-20/7-12 Noon 01.MTS,49.886,13.009,Inactive,Female,,,,2,1,1,No,No,99,14.433
D:/Pipefish Mesocosm Film/Trial 4/7-12-20/7-12 Noon 01.MTS,52.925,9.97,Inactive,Male,,,,2,1,1,No,No,99,14.433
D:/Pipefish Mesocosm Film/Trial 4/7-12-20/7-12 Noon 01.MTS,323.329,3.986,Wiggle,Male,Active wiggle,Female,2,2,1,1,No,No,100,17.182
D:/Pipefish Mesocosm Film/Trial 4/7-12-20/7-12 Noon 01.MTS,324.183,15.097,Inactive,Female,,,,2,1,1,No,No,100,17.182
D:/Pipefish Mesocosm Film/Trial 4/7-12-20/7-12 Noon 01.MTS,327.316,11.964,Inactive,Male,,,,2,1,1,No,No,100,17.182
D:/Pipefish Mesocosm Film/Trial 4/7-12-20/7-12 Noon 01.MTS,474.862,5.886,Pose,Female,S pose,Male,Front,2,1,1,No,No,101,34.653
D:/Pipefish Mesocosm Film/Trial 4/7-12-20/7-12 Noon 01.MTS,476.57,32.942,Inactive,Male,,,,2,1,1,No,No,101,34.653
D:/Pipefish Mesocosm Film/Trial 4/7-12-20/7-12 Noon 01.MTS,480.749,27.911,Inactive,Female,,,,2,1,1,No,No,101,34.653
D:/Pipefish Mesocosm Film/Trial 4/7-12-20/7-12 Noon 01.MTS,700.165,8.449,Inactive,Female,,,,2,1,1,No,No,102,32.757
D:/Pipefish Mesocosm Film/Trial 4/7-12-20/7-12 Noon 01.MTS,700.735,3.987,Wiggle,Male,Active wiggle,Female,2,2,1,1,No,No,102,32.757
D:/Pipefish Mesocosm Film/Trial 4/7-12-20/7-12 Noon 01.MTS,704.723,27.343,Inactive,Male,,,,2,1,1,No,No,102,32.757
D:/Pipefish Mesocosm Film/Trial 4/7-12-20/7-12 Noon 01.MTS,708.615,5.98,Wiggle,Female,Active wiggle,Male,2,2,1,1,No,No,102,32.757
D:/Pipefish Mesocosm Film/Trial 4/7-12-20/7-12 Noon 01.MTS,714.596,17.851,Inactive,Female,,,,2,1,1,No,No,102,32.757
D:/Pipefish Mesocosm Film/Trial 4/7-12-20/7-12 Noon 01.MTS,906.291,4.368,Wiggle,Female,Active wiggle,Female,2,,,,,,103,9.779
D:/Pipefish Mesocosm Film/Trial 4/7-12-20/7-12 Noon 01.MTS,906.861,8.07,Inactive,Second female,,,,,,,,,103,9.779
D:/Pipefish Mesocosm Film/Trial 4/7-12-20/7-12 Noon 01.MTS,910.66,4.271,Inactive,Female,,,,,,,,,103,9.779
D:/Pipefish Mesocosm Film/Trial 4/7-12-20/7-12 Noon 01.MTS,1030.1,4.746,Pose,Female,S pose,Male,Front,2,1,1,No,No,104,22.786
D:/Pipefish Mesocosm Film/Trial 4/7-12-20/7-12 Noon 01.MTS,1030.1,21.552,Inactive,Male,,,,2,1,1,No,No,104,22.786
D:/Pipefish Mesocosm Film/Trial 4/7-12-20/7-12 Noon 01.MTS,1034.847,16.805,Inactive,Female,,,,2,1,1,No,No,104,22.786
D:/Pipefish Mesocosm Film/Trial 4/7-12-20/7-12 Noon 01.MTS,1507.767,12.816,Pose,Female,S pose,Male,Front,3,1.25,1.75,No,No,105,99.598
D:/Pipefish Mesocosm Film/Trial 4/7-12-20/7-12 Noon 01.MTS,1508.242,13.102,Inactive,Male,,,,3,1.25,1.75,No,No,105,99.598
D:/Pipefish Mesocosm Film/Trial 4/7-12-20/7-12 Noon 01.MTS,1520.584,85.83,Inactive,Female,,,,3,1.25,1.75,No,No,105,99.598
D:/Pipefish Mesocosm Film/Trial 4/7-12-20/7-12 Noon 01.MTS,1521.345,2.278,Wiggle,Male,Active wiggle,Female,3,3,1.25,1.75,No,No,105,99.598
D:/Pipefish Mesocosm Film/Trial 4/7-12-20/7-12 Noon 01.MTS,1523.624,13.099,Inactive,Male,,,,3,1.25,1.75,No,No,105,99.598
D:/Pipefish Mesocosm Film/Trial 4/7-12-20/7-12 Noon 01.MTS,1527.611,3.796,Pose,Second female,S pose,Male,Front,3,1.25,1.75,No,No,105,99.598
D:/Pipefish Mesocosm Film/Trial 4/7-12-20/7-12 Noon 01.MTS,1531.408,2.946,Inactive,Second female,,,,3,1.25,1.75,No,No,105,99.598
D:/Pipefish Mesocosm Film/Trial 4/7-12-20/7-12 Noon 01.MTS,1534.354,0,Leave group,Second female,,,,3,1.25,1.75,No,No,105,99.598
D:/Pipefish Mesocosm Film/Trial 4/7-12-20/7-12 Noon 01.MTS,1536.724,9.021,Wiggle,Male,Active wiggle,Female,3,3,1.25,1.75,No,No,105,99.598
D:/Pipefish Mesocosm Film/Trial 4/7-12-20/7-12 Noon 01.MTS,1545.746,60.669,Inactive,Male,,,,3,1.25,1.75,No,No,105,99.598
D:/Pipefish Mesocosm Film/Trial 4/7-12-20/7-12 Noon 01.MTS,1632.826,5.395,Pose,Female,S pose,Male,Front,3,1,2,No,No,106,46.715
D:/Pipefish Mesocosm Film/Trial 4/7-12-20/7-12 Noon 01.MTS,1632.999,3.798,Wiggle,Male,Active wiggle,Female,2,3,1,2,No,No,106,46.715
D:/Pipefish Mesocosm Film/Trial 4/7-12-20/7-12 Noon 01.MTS,1636.798,20.695,Inactive,Male,,,,3,1,2,No,No,106,46.715
D:/Pipefish Mesocosm Film/Trial 4/7-12-20/7-12 Noon 01.MTS,1638.222,37.504,Inactive,Female,,,,3,1,2,No,No,106,46.715
D:/Pipefish Mesocosm Film/Trial 4/7-12-20/7-12 Noon 01.MTS,1657.494,5.412,Swim away,Male,,,,3,1,2,No,No,106,46.715
D:/Pipefish Mesocosm Film/Trial 4/7-12-20/7-12 Noon 01.MTS,1662.907,12.532,Inactive,Male,,,,3,1,2,No,No,106,46.715
D:/Pipefish Mesocosm Film/Trial 4/7-12-20/7-12 Noon 01.MTS,1690.347,63.614,Inactive,Female,,,,2,1,1,No,No,107,65.132
D:/Pipefish Mesocosm Film/Trial 4/7-12-20/7-12 Noon 01.MTS,1690.347,3.512,Wiggle,Male,Active wiggle,Female,2,2,1,1,No,No,107,65.132
D:/Pipefish Mesocosm Film/Trial 4/7-12-20/7-12 Noon 01.MTS,1693.86,60.101,Inactive,Male,,,,2,1,1,No,No,107,65.132
D:/Pipefish Mesocosm Film/Trial 4/7-12-20/7-12 Noon 01.MTS,1877.769,3.893,Wiggle,Male,Active wiggle,Female,2,2.5,1,1.5,No,No,108,73.392
D:/Pipefish Mesocosm Film/Trial 4/7-12-20/7-12 Noon 01.MTS,1878.907,71.4,Inactive,Female,,,,2.5,1,1.5,No,No,108,73.392
D:/Pipefish Mesocosm Film/Trial 4/7-12-20/7-12 Noon 01.MTS,1881.663,9.205,Inactive,Male,,,,2.5,1,1.5,No,No,108,73.392
D:/Pipefish Mesocosm Film/Trial 4/7-12-20/7-12 Noon 01.MTS,1890.869,1.898,Wiggle,Male,Active wiggle,Female,3,2.5,1,1.5,No,No,108,73.392
D:/Pipefish Mesocosm Film/Trial 4/7-12-20/7-12 Noon 01.MTS,1892.768,57.539,Inactive,Male,,,,2.5,1,1.5,No,No,108,73.392
D:/Pipefish Mesocosm Film/Trial 4/7-12-20/7-12 Noon 01.MTS,2827.6,6.645,Wiggle,Male,Active wiggle,Female,2,2,1,1,No,No,109,26.139
D:/Pipefish Mesocosm Film/Trial 4/7-12-20/7-12 Noon 01.MTS,2828.357,5.129,Pose,Female,Non-s pose,Male,Front,2,1,1,No,No,109,26.139
D:/Pipefish Mesocosm Film/Trial 4/7-12-20/7-12 Noon 01.MTS,2833.487,10.053,Inactive,Female,,,,2,1,1,No,No,109,26.139
D:/Pipefish Mesocosm Film/Trial 4/7-12-20/7-12 Noon 01.MTS,2834.246,18.733,Inactive,Male,,,,2,1,1,No,No,109,26.139
D:/Pipefish Mesocosm Film/Trial 4/7-12-20/7-12 Noon 01.MTS,1517.357,16.52,Inactive,Female,,,,2,1,1,No,No,110,17.279
D:/Pipefish Mesocosm Film/Trial 4/7-12-20/7-12 Noon 01.MTS,1517.357,5.41,Wiggle,Male,Active wiggle,Female,2,2,1,1,No,No,110,17.279
D:/Pipefish Mesocosm Film/Trial 4/7-12-20/7-12 Noon 01.MTS,1522.768,11.109,Inactive,Male,,,,2,1,1,No,No,110,17.279
D:/Pipefish Mesocosm Film/Trial 4/7-12-20/7-12 Noon 01.MTS,1543.087,3.988,Wiggle,Male,Active wiggle,Female,2,2,1,1,No,No,111,13.197
D:/Pipefish Mesocosm Film/Trial 4/7-12-20/7-12 Noon 01.MTS,1543.944,2.752,Inactive,Female,,,,2,1,1,No,No,111,13.197
D:/Pipefish Mesocosm Film/Trial 4/7-12-20/7-12 Noon 01.MTS,1546.697,3.32,Wiggle,Female,Active wiggle,Male,2,2,1,1,No,No,111,13.197
D:/Pipefish Mesocosm Film/Trial 4/7-12-20/7-12 Noon 01.MTS,1547.076,3.13,Inactive,Male,,,,2,1,1,No,No,111,13.197
D:/Pipefish Mesocosm Film/Trial 4/7-12-20/7-12 Noon 01.MTS,1550.018,2.467,Pose,Female,S pose,Male,Front,2,1,1,No,No,111,13.197
D:/Pipefish Mesocosm Film/Trial 4/7-12-20/7-12 Noon 01.MTS,1550.207,5.697,Swim away,Male,,,,2,1,1,No,No,111,13.197
D:/Pipefish Mesocosm Film/Trial 4/7-12-20/7-12 Noon 01.MTS,1552.486,2.892,Inactive,Female,,,,2,1,1,No,No,111,13.197
D:/Pipefish Mesocosm Film/Trial 4/10-12-20/10-12 Noon 01.MTS,83.878,4.65,Wiggle,Male,Active wiggle,Female,2,2,1,1,No,No,112,421.934
D:/Pipefish Mesocosm Film/Trial 4/10-12-20/10-12 Noon 01.MTS,85.302,28.674,Inactive,Female,,,,2,1,1,No,No,112,421.934
D:/Pipefish Mesocosm Film/Trial 4/10-12-20/10-12 Noon 01.MTS,88.529,22.975,Inactive,Male,,,,2,1,1,No,No,112,421.934
D:/Pipefish Mesocosm Film/Trial 4/10-12-20/10-12 Noon 01.MTS,111.505,2.849,Wiggle,Male,Active wiggle,Female,2,2,1,1,No,No,112,421.934
D:/Pipefish Mesocosm Film/Trial 4/10-12-20/10-12 Noon 01.MTS,113.977,2.278,Pose,Female,Non-s pose,Male,Front,2,1,1,No,No,112,421.934
D:/Pipefish Mesocosm Film/Trial 4/10-12-20/10-12 Noon 01.MTS,114.355,16.52,Inactive,Male,,,,2,1,1,No,No,112,421.934
D:/Pipefish Mesocosm Film/Trial 4/10-12-20/10-12 Noon 01.MTS,116.256,13.293,Inactive,Female,,,,2,1,1,No,No,112,421.934
D:/Pipefish Mesocosm Film/Trial 4/10-12-20/10-12 Noon 01.MTS,129.55,12.687,Pose,Female,S pose,Male,Front,2,1,1,No,No,112,421.934
D:/Pipefish Mesocosm Film/Trial 4/10-12-20/10-12 Noon 01.MTS,130.876,3.322,Wiggle,Male,Active wiggle,Female,2,2,1,1,No,No,112,421.934
D:/Pipefish Mesocosm Film/Trial 4/10-12-20/10-12 Noon 01.MTS,134.199,2.276,Inactive,Male,,,,2,1,1,No,No,112,421.934
D:/Pipefish Mesocosm Film/Trial 4/10-12-20/10-12 Noon 01.MTS,136.476,5.602,Wiggle,Male,Active wiggle,Female,2,2,1,1,No,No,112,421.934
D:/Pipefish Mesocosm Film/Trial 4/10-12-20/10-12 Noon 01.MTS,142.079,13.102,Inactive,Male,,,,2,1,1,No,No,112,421.934
D:/Pipefish Mesocosm Film/Trial 4/10-12-20/10-12 Noon 01.MTS,142.238,49.022,Inactive,Female,,,,2,1,1,No,No,112,421.934
D:/Pipefish Mesocosm Film/Trial 4/10-12-20/10-12 Noon 01.MTS,155.182,2.373,Wiggle,Male,Active wiggle,Female,2,2,1,1,No,No,112,421.934
D:/Pipefish Mesocosm Film/Trial 4/10-12-20/10-12 Noon 01.MTS,157.556,30.761,Inactive,Male,,,,2,1,1,No,No,112,421.934
D:/Pipefish Mesocosm Film/Trial 4/10-12-20/10-12 Noon 01.MTS,188.318,2.371,Wiggle,Male,Active wiggle,Female,2,2,1,1,No,No,112,421.934
D:/Pipefish Mesocosm Film/Trial 4/10-12-20/10-12 Noon 01.MTS,190.69,6.55,Inactive,Male,,,,2,1,1,No,No,112,421.934
D:/Pipefish Mesocosm Film/Trial 4/10-12-20/10-12 Noon 01.MTS,191.261,2.849,Pose,Female,S pose,Male,Front,2,1,1,No,No,112,421.934
D:/Pipefish Mesocosm Film/Trial 4/10-12-20/10-12 Noon 01.MTS,194.111,19.617,Inactive,Female,,,,2,1,1,No,No,112,421.934
D:/Pipefish Mesocosm Film/Trial 4/10-12-20/10-12 Noon 01.MTS,197.241,3.322,Wiggle,Male,Active wiggle,Female,2,2,1,1,No,No,112,421.934
D:/Pipefish Mesocosm Film/Trial 4/10-12-20/10-12 Noon 01.MTS,200.564,22.217,Inactive,Male,,,,2,1,1,No,No,112,421.934
D:/Pipefish Mesocosm Film/Trial 4/10-12-20/10-12 Noon 01.MTS,213.729,6.017,Wiggle,Female,Active wiggle,Male,2,2,1,1,No,No,112,421.934
D:/Pipefish Mesocosm Film/Trial 4/10-12-20/10-12 Noon 01.MTS,219.747,64.274,Inactive,Female,,,,2,1,1,No,No,112,421.934
D:/Pipefish Mesocosm Film/Trial 4/10-12-20/10-12 Noon 01.MTS,222.782,6.835,Wiggle,Male,Active wiggle,Female,2,2,1,1,No,No,112,421.934
D:/Pipefish Mesocosm Film/Trial 4/10-12-20/10-12 Noon 01.MTS,229.618,34.083,Inactive,Male,,,,2,1,1,No,No,112,421.934
D:/Pipefish Mesocosm Film/Trial 4/10-12-20/10-12 Noon 01.MTS,263.702,1.614,Wiggle,Male,Active wiggle,Female,2,2,1,1,No,No,112,421.934
D:/Pipefish Mesocosm Film/Trial 4/10-12-20/10-12 Noon 01.MTS,265.317,1.995,Inactive,Male,,,,2,1,1,No,No,112,421.934
D:/Pipefish Mesocosm Film/Trial 4/10-12-20/10-12 Noon 01.MTS,267.313,4.461,Wiggle,Male,Active wiggle,Female,2,2,1,1,No,No,112,421.934
D:/Pipefish Mesocosm Film/Trial 4/10-12-20/10-12 Noon 01.MTS,271.775,10.253,Inactive,Male,,,,2,1,1,No,No,112,421.934
D:/Pipefish Mesocosm Film/Trial 4/10-12-20/10-12 Noon 01.MTS,282.029,10.821,Out of sight,Male,,,,2,1,1,No,No,112,421.934
D:/Pipefish Mesocosm Film/Trial 4/10-12-20/10-12 Noon 01.MTS,284.022,8.545,Out of sight,Female,,,,2,1,1,No,No,112,421.934
D:/Pipefish Mesocosm Film/Trial 4/10-12-20/10-12 Noon 01.MTS,292.568,4.368,Pose,Female,S pose,Female,Front,2,1,1,No,No,112,421.934
D:/Pipefish Mesocosm Film/Trial 4/10-12-20/10-12 Noon 01.MTS,292.851,3.607,Wiggle,Male,Active wiggle,Female,2,2,1,1,No,No,112,421.934
D:/Pipefish Mesocosm Film/Trial 4/10-12-20/10-12 Noon 01.MTS,296.459,14.527,Inactive,Male,,,,2,1,1,No,No,112,421.934
D:/Pipefish Mesocosm Film/Trial 4/10-12-20/10-12 Noon 01.MTS,296.937,96.843,Inactive,Female,,,,2,1,1,No,No,112,421.934
D:/Pipefish Mesocosm Film/Trial 4/10-12-20/10-12 Noon 01.MTS,310.987,3.987,Wiggle,Male,Active wiggle,Female,2,2,1,1,No,No,112,421.934
D:/Pipefish Mesocosm Film/Trial 4/10-12-20/10-12 Noon 01.MTS,314.975,58.58,Inactive,Male,,,,2,1,1,No,No,112,421.934
D:/Pipefish Mesocosm Film/Trial 4/10-12-20/10-12 Noon 01.MTS,373.556,4.366,Wiggle,Male,Active wiggle,Female,2,2,1,1,No,No,112,421.934
D:/Pipefish Mesocosm Film/Trial 4/10-12-20/10-12 Noon 01.MTS,377.923,18.799,Inactive,Male,,,,2,1,1,No,No,112,421.934
D:/Pipefish Mesocosm Film/Trial 4/10-12-20/10-12 Noon 01.MTS,393.781,16.611,Out of sight,Female,,,,2,1,1,No,No,112,421.934
D:/Pipefish Mesocosm Film/Trial 4/10-12-20/10-12 Noon 01.MTS,396.723,14.81,Out of sight,Male,,,,2,1,1,No,No,112,421.934
D:/Pipefish Mesocosm Film/Trial 4/10-12-20/10-12 Noon 01.MTS,410.393,6.647,Inactive,Female,,,,2,1,1,No,No,112,421.934
D:/Pipefish Mesocosm Film/Trial 4/10-12-20/10-12 Noon 01.MTS,411.534,1.802,Wiggle,Male,Active wiggle,Female,2,2,1,1,No,No,112,421.934
D:/Pipefish Mesocosm Film/Trial 4/10-12-20/10-12 Noon 01.MTS,413.337,16.52,Inactive,Male,,,,2,1,1,No,No,112,421.934
D:/Pipefish Mesocosm Film/Trial 4/10-12-20/10-12 Noon 01.MTS,417.041,7.149,Wiggle,Female,Active wiggle,Male,2,2,1,1,No,No,112,421.934
D:/Pipefish Mesocosm Film/Trial 4/10-12-20/10-12 Noon 01.MTS,424.191,71.751,Inactive,Female,,,,2,1,1,No,No,112,421.934
D:/Pipefish Mesocosm Film/Trial 4/10-12-20/10-12 Noon 01.MTS,429.858,5.887,Wiggle,Male,Active wiggle,Female,2,2,1,1,No,No,112,421.934
D:/Pipefish Mesocosm Film/Trial 4/10-12-20/10-12 Noon 01.MTS,435.746,22.214,Inactive,Male,,,,2,1,1,No,No,112,421.934
D:/Pipefish Mesocosm Film/Trial 4/10-12-20/10-12 Noon 01.MTS,457.961,2.278,Wiggle,Male,Active wiggle,Female,2,2,1,1,No,No,112,421.934
D:/Pipefish Mesocosm Film/Trial 4/10-12-20/10-12 Noon 01.MTS,460.24,37.976,Inactive,Male,,,,2,1,1,No,No,112,421.934
D:/Pipefish Mesocosm Film/Trial 4/10-12-20/10-12 Noon 01.MTS,495.943,4.841,Out of sight,Female,,,,2,1,1,No,No,112,421.934
D:/Pipefish Mesocosm Film/Trial 4/10-12-20/10-12 Noon 01.MTS,498.217,7.121,Out of sight,Male,,,,2,1,1,No,No,112,421.934
D:/Pipefish Mesocosm Film/Trial 4/10-12-20/10-12 Noon 01.MTS,500.785,4.553,Inactive,Female,,,,2,1,1,No,No,112,421.934
D:/Pipefish Mesocosm Film/Trial 4/10-12-20/10-12 Noon 01.MTS,549.394,2.086,Wiggle,Male,Active wiggle,Female,2,2,1,1,No,No,113,38.271
D:/Pipefish Mesocosm Film/Trial 4/10-12-20/10-12 Noon 01.MTS,550.249,4.649,Pose,Female,S pose,Male,Front,2,1,1,No,No,113,38.271
D:/Pipefish Mesocosm Film/Trial 4/10-12-20/10-12 Noon 01.MTS,551.481,35.32,Inactive,Male,,,,2,1,1,No,No,113,38.271
D:/Pipefish Mesocosm Film/Trial 4/10-12-20/10-12 Noon 01.MTS,554.899,31.523,Inactive,Female,,,,2,1,1,No,No,113,38.271
D:/Pipefish Mesocosm Film/Trial 4/10-12-20/10-12 Noon 01.MTS,636.269,2.656,Pose,Female,S pose,Male,Front,2,1,1,No,No,114,40.542
D:/Pipefish Mesocosm Film/Trial 4/10-12-20/10-12 Noon 01.MTS,637.502,4.273,Wiggle,Male,Active wiggle,Female,2,2,1,1,No,No,114,40.542
D:/Pipefish Mesocosm Film/Trial 4/10-12-20/10-12 Noon 01.MTS,638.926,37.314,Inactive,Female,,,,2,1,1,No,No,114,40.542
D:/Pipefish Mesocosm Film/Trial 4/10-12-20/10-12 Noon 01.MTS,641.776,34.655,Inactive,Male,,,,2,1,1,No,No,114,40.542
D:/Pipefish Mesocosm Film/Trial 4/10-12-20/10-12 Noon 01.MTS,703.396,4.081,Wiggle,Male,Active wiggle,Female,2,2,1,1,No,No,115,43.88
D:/Pipefish Mesocosm Film/Trial 4/10-12-20/10-12 Noon 01.MTS,703.964,42.598,Inactive,Female,,,,2,1,1,No,No,115,43.88
D:/Pipefish Mesocosm Film/Trial 4/10-12-20/10-12 Noon 01.MTS,707.478,39.084,Inactive,Male,,,,2,1,1,No,No,115,43.88
D:/Pipefish Mesocosm Film/Trial 4/10-12-20/10-12 Noon 01.MTS,764.174,2.039,Wiggle,Female,Active wiggle,Male,2,2,1,1,No,No,116,14.433
D:/Pipefish Mesocosm Film/Trial 4/10-12-20/10-12 Noon 01.MTS,765.012,12.438,Inactive,Male,,,,2,1,1,No,No,116,14.433
D:/Pipefish Mesocosm Film/Trial 4/10-12-20/10-12 Noon 01.MTS,766.214,11.236,Inactive,Female,,,,2,1,1,No,No,116,14.433
D:/Pipefish Mesocosm Film/Trial 4/10-12-20/10-12 Noon 01.MTS,783.244,4.177,Wiggle,Female,Active wiggle,Male,2,2,1,1,No,No,117,71.967
D:/Pipefish Mesocosm Film/Trial 4/10-12-20/10-12 Noon 01.MTS,784.917,1.898,Inactive,Male,,,,2,1,1,No,No,117,71.967
D:/Pipefish Mesocosm Film/Trial 4/10-12-20/10-12 Noon 01.MTS,786.816,7.44,Wiggle,Male,Active wiggle,Female,2,2,1,1,No,No,117,71.967
D:/Pipefish Mesocosm Film/Trial 4/10-12-20/10-12 Noon 01.MTS,787.422,4.486,Pose,Female,S pose,Male,Front,2,1,1,No,No,117,71.967
D:/Pipefish Mesocosm Film/Trial 4/10-12-20/10-12 Noon 01.MTS,791.909,62.547,Inactive,Female,,,,2,1,1,No,No,117,71.967
D:/Pipefish Mesocosm Film/Trial 4/10-12-20/10-12 Noon 01.MTS,794.257,60.295,Inactive,Male,,,,2,1,1,No,No,117,71.967
D:/Pipefish Mesocosm Film/Trial 4/10-12-20/10-12 Noon 01.MTS,877.333,3.418,Wiggle,Male,Active wiggle,Female,2,2,1,1,No,No,118,23.139
D:/Pipefish Mesocosm Film/Trial 4/10-12-20/10-12 Noon 01.MTS,878.473,21.268,Inactive,Female,,,,2,1,1,No,No,118,23.139
D:/Pipefish Mesocosm Film/Trial 4/10-12-20/10-12 Noon 01.MTS,880.752,13.887,Inactive,Male,,,,2,1,1,No,No,118,23.139
D:/Pipefish Mesocosm Film/Trial 4/10-12-20/10-12 Noon 01.MTS,894.64,5.1,Wiggle,Male,Active wiggle,Female,2,2,1,1,No,No,118,23.139
D:/Pipefish Mesocosm Film/Trial 4/10-12-20/10-12 Noon 01.MTS,83.784,4.46,Wiggle,Male,Active wiggle,Female,2,2,1,1,No,No,1,24.97
D:/Pipefish Mesocosm Film/Trial 4/10-12-20/10-12 Noon 01.MTS,83.785,24.304,Inactive,Female,,,,2,1,1,No,No,1,24.97
D:/Pipefish Mesocosm Film/Trial 4/10-12-20/10-12 Noon 01.MTS,88.245,19.844,Inactive,Male,,,,2,1,1,No,No,1,24.97
D:/Pipefish Mesocosm Film/Trial 4/10-12-20/10-12 Noon 01.MTS,110.558,1.991,Wiggle,Male,Active wiggle,Female,2,2,1,1,No,No,2,147.448
D:/Pipefish Mesocosm Film/Trial 4/10-12-20/10-12 Noon 01.MTS,111.316,1.899,Inactive,Female,,,,2,1,1,No,No,2,147.448
D:/Pipefish Mesocosm Film/Trial 4/10-12-20/10-12 Noon 01.MTS,112.55,18.325,Inactive,Male,,,,2,1,1,No,No,2,147.448
D:/Pipefish Mesocosm Film/Trial 4/10-12-20/10-12 Noon 01.MTS,113.216,1.898,Pose,Female,Flash,Male,Front,2,1,1,No,No,2,147.448
D:/Pipefish Mesocosm Film/Trial 4/10-12-20/10-12 Noon 01.MTS,115.115,14.525,Inactive,Female,,,,2,1,1,No,No,2,147.448
D:/Pipefish Mesocosm Film/Trial 4/10-12-20/10-12 Noon 01.MTS,129.641,13.006,Pose,Female,S pose,Male,Front,2,1,1,No,No,2,147.448
D:/Pipefish Mesocosm Film/Trial 4/10-12-20/10-12 Noon 01.MTS,130.876,3.036,Wiggle,Male,Active wiggle,Female,2,2,1,1,No,No,2,147.448
D:/Pipefish Mesocosm Film/Trial 4/10-12-20/10-12 Noon 01.MTS,133.913,2.277,Inactive,Male,,,,2,1,1,No,No,2,147.448
D:/Pipefish Mesocosm Film/Trial 4/10-12-20/10-12 Noon 01.MTS,136.191,5.508,Wiggle,Male,Active wiggle,Female,2,2,1,1,No,No,2,147.448
D:/Pipefish Mesocosm Film/Trial 4/10-12-20/10-12 Noon 01.MTS,141.7,13.099,Inactive,Male,,,,2,1,1,No,No,2,147.448
D:/Pipefish Mesocosm Film/Trial 4/10-12-20/10-12 Noon 01.MTS,142.648,49.085,Inactive,Female,,,,2,1,1,No,No,2,147.448
D:/Pipefish Mesocosm Film/Trial 4/10-12-20/10-12 Noon 01.MTS,154.8,3.229,Wiggle,Male,Active wiggle,Female,2,2,1,1,No,No,2,147.448
D:/Pipefish Mesocosm Film/Trial 4/10-12-20/10-12 Noon 01.MTS,158.03,30.192,Inactive,Male,,,,2,1,1,No,No,2,147.448
D:/Pipefish Mesocosm Film/Trial 4/10-12-20/10-12 Noon 01.MTS,188.223,2.753,Wiggle,Male,Active wiggle,Female,2,2,1,1,No,No,2,147.448
D:/Pipefish Mesocosm Film/Trial 4/10-12-20/10-12 Noon 01.MTS,190.977,5.22,Inactive,Male,,,,2,1,1,No,No,2,147.448
D:/Pipefish Mesocosm Film/Trial 4/10-12-20/10-12 Noon 01.MTS,191.734,2.47,Pose,Female,S pose,Male,Front,2,1,1,No,No,2,147.448
D:/Pipefish Mesocosm Film/Trial 4/10-12-20/10-12 Noon 01.MTS,194.205,38.925,Inactive,Female,,,,2,1,1,No,No,2,147.448
D:/Pipefish Mesocosm Film/Trial 4/10-12-20/10-12 Noon 01.MTS,196.198,3.418,Wiggle,Male,Active wiggle,Female,2,2,1,1,No,No,2,147.448
D:/Pipefish Mesocosm Film/Trial 4/10-12-20/10-12 Noon 01.MTS,199.617,22.879,Inactive,Male,,,,2,1,1,No,No,2,147.448
D:/Pipefish Mesocosm Film/Trial 4/10-12-20/10-12 Noon 01.MTS,222.497,7.12,Wiggle,Male,Active wiggle,Female,2,2,1,1,No,No,2,147.448
D:/Pipefish Mesocosm Film/Trial 4/10-12-20/10-12 Noon 01.MTS,229.618,28.386,Inactive,Male,,,,2,1,1,No,No,2,147.448
