media_file_path,time_in_video,Duration,behavior,subject,modifier_1,modifier_2,modifier_3,Group size,Female,Male,Chasing_end,Chase_present,courtship_events,total_time_of_courtship
D:/Pipefish Mesocosm Film/Trial 5/10-12-20/10-12 AM 01.MTS,842.491,2.277,Pose,Second female,S pose,Female,Front,,,,,,1,8.696
D:/Pipefish Mesocosm Film/Trial 5/10-12-20/10-12 AM 01.MTS,842.587,4.555,Pose,Female,S pose,Female,Front,,,,,,1,8.696
D:/Pipefish Mesocosm Film/Trial 5/10-12-20/10-12 AM 01.MTS,844.769,2.374,Inactive,Second female,,,,,,,,,1,8.696
D:/Pipefish Mesocosm Film/Trial 5/10-12-20/10-12 AM 01.MTS,847.143,4.041,Inactive,Female,,,,,,,,,1,8.696
D:/Pipefish Mesocosm Film/Trial 5/10-12-20/10-12 AM 01.MTS,1248.38,10.159,Pose,Female,S pose,Female,Front,,,,,,2,28.391
D:/Pipefish Mesocosm Film/Trial 5/10-12-20/10-12 AM 01.MTS,1248.57,10.064,Pose,Second female,S pose,Female,Front,,,,,,2,28.391
D:/Pipefish Mesocosm Film/Trial 5/10-12-20/10-12 AM 01.MTS,1258.54,15.95,Inactive,Female,,,,,,,,,2,28.391
D:/Pipefish Mesocosm Film/Trial 5/10-12-20/10-12 AM 01.MTS,1258.635,15.761,Inactive,Second female,,,,,,,,,2,28.391
D:/Pipefish Mesocosm Film/Trial 5/10-12-20/10-12 AM 01.MTS,1822.419,1.994,Inactive,Female,,,,2,1,1,No,No,3,31.903
D:/Pipefish Mesocosm Film/Trial 5/10-12-20/10-12 AM 01.MTS,1822.419,1.993,Wiggle,Male,Active wiggle,Female,2,2,1,1,No,No,3,31.903
D:/Pipefish Mesocosm Film/Trial 5/10-12-20/10-12 AM 01.MTS,1824.413,24.21,Inactive,Male,,,,2,1,1,No,No,3,31.903
D:/Pipefish Mesocosm Film/Trial 5/10-12-20/10-12 AM 01.MTS,1824.414,8.542,Pose,Female,S pose,Male,Front,2,1,1,No,No,3,31.903
D:/Pipefish Mesocosm Film/Trial 5/10-12-20/10-12 AM 01.MTS,1832.957,15.096,Inactive,Female,,,,2,1,1,No,No,3,31.903
D:/Pipefish Mesocosm Film/Trial 5/10-12-20/10-12 AM 02.MTS,3648.147,6.547,Wiggle,Male,Active wiggle,Female,2,2,1,1,No,No,4,47.376
D:/Pipefish Mesocosm Film/Trial 5/10-12-20/10-12 AM 02.MTS,3648.432,45.856,Inactive,Female,,,,2,1,1,No,No,4,47.376
D:/Pipefish Mesocosm Film/Trial 5/10-12-20/10-12 AM 02.MTS,3654.695,40.163,Inactive,Male,,,,2,1,1,No,No,4,47.376
D:/Pipefish Mesocosm Film/Trial 5/10-12-20/10-12 AM 02.MTS,3782.873,5.41,Inactive,Female,,,,2,1,1,No,No,5,12.217
D:/Pipefish Mesocosm Film/Trial 5/10-12-20/10-12 AM 02.MTS,3783.538,2.467,Wiggle,Male,Active wiggle,Female,2,2,1,1,No,No,5,12.217
D:/Pipefish Mesocosm Film/Trial 5/10-12-20/10-12 AM 02.MTS,3786.006,8.098,Inactive,Male,,,,2,1,1,No,No,5,12.217
D:/Pipefish Mesocosm Film/Trial 5/10-12-20/10-12 AM 02.MTS,3788.284,6.267,Swim away,Female,,,,2,1,1,No,No,5,12.217
