media_file_path,time_in_video,Duration,behavior,subject,modifier_1,modifier_2,modifier_3,Group size,Female,Male,Chasing_end,Chase_present,courtship_events,total_time_of_courtship
D:/Pipefish Mesocosm Film/Trial 10/12-12-20/12-12 AM 02.MTS,5406.21,4.077,Wiggle,Female,Active wiggle,Male,2,2,1,1,No,No,1,24.871
D:/Pipefish Mesocosm Film/Trial 10/12-12-20/12-12 AM 02.MTS,5406.21,24.491,Inactive,Male,,,,2,1,1,No,No,1,24.871
D:/Pipefish Mesocosm Film/Trial 10/12-12-20/12-12 AM 02.MTS,5410.288,20.413,Inactive,Female,,,,2,1,1,No,No,1,24.871
D:/Pipefish Mesocosm Film/Trial 9/10-12-20/10-12 AM 01.MTS,503.058,2.563,Pose,Female,S pose,Male,Front,2,1,1,No,No,2,63.161
D:/Pipefish Mesocosm Film/Trial 9/10-12-20/10-12 AM 01.MTS,503.058,62.665,Inactive,Male,,,,2,1,1,No,No,2,63.161
D:/Pipefish Mesocosm Film/Trial 9/10-12-20/10-12 AM 01.MTS,505.622,60.101,Inactive,Female,,,,2,1,1,No,No,2,63.161
D:/Pipefish Mesocosm Film/Trial 9/10-12-20/10-12 AM 01.MTS,2190.232,114.503,Inactive,Female,,,,2.3,1,1.3,No,No,3,115.263
D:/Pipefish Mesocosm Film/Trial 9/10-12-20/10-12 AM 01.MTS,2190.232,4.937,Wiggle,Male,Active wiggle,Female,2,2.3,1,1.3,No,No,3,115.263
D:/Pipefish Mesocosm Film/Trial 9/10-12-20/10-12 AM 01.MTS,2195.17,12.53,Inactive,Male,,,,2.3,1,1.3,No,No,3,115.263
D:/Pipefish Mesocosm Film/Trial 9/10-12-20/10-12 AM 01.MTS,2207.701,2.563,Wiggle,Male,Active wiggle,Female,3,2.3,1,1.3,No,No,3,115.263
D:/Pipefish Mesocosm Film/Trial 9/10-12-20/10-12 AM 01.MTS,2210.265,25.634,Inactive,Male,,,,2.3,1,1.3,No,No,3,115.263
D:/Pipefish Mesocosm Film/Trial 9/10-12-20/10-12 AM 01.MTS,2235.9,2.657,Wiggle,Male,Active wiggle,Female,2,2.3,1,1.3,No,No,3,115.263
D:/Pipefish Mesocosm Film/Trial 9/10-12-20/10-12 AM 01.MTS,2238.558,66.177,Inactive,Male,,,,2.3,1,1.3,No,No,3,115.263
D:/Pipefish Mesocosm Film/Trial 9/10-12-20/10-12 AM 02.MTS,4399.525,2.277,Pose,Female,S pose,Male,Front,2,1,1,No,No,4,23.608
D:/Pipefish Mesocosm Film/Trial 9/10-12-20/10-12 AM 02.MTS,4399.525,22.789,Inactive,Male,,,,2,1,1,No,No,4,23.608
D:/Pipefish Mesocosm Film/Trial 9/10-12-20/10-12 AM 02.MTS,4401.803,20.511,Inactive,Female,,,,2,1,1,No,No,4,23.608
D:/Pipefish Mesocosm Film/Trial 9/10-12-20/10-12 AM 02.MTS,4478.518,5.411,Wiggle,Female,Active wiggle,Male,2,2,1,1,No,No,5,78.235
D:/Pipefish Mesocosm Film/Trial 9/10-12-20/10-12 AM 02.MTS,4478.518,77.57,Inactive,Male,,,,2,1,1,No,No,5,78.235
D:/Pipefish Mesocosm Film/Trial 9/10-12-20/10-12 AM 02.MTS,4483.93,8.259,Inactive,Female,,,,2,1,1,No,No,5,78.235
D:/Pipefish Mesocosm Film/Trial 9/10-12-20/10-12 AM 02.MTS,4492.19,4.082,Wiggle,Female,Active wiggle,Male,2,2,1,1,No,No,5,78.235
D:/Pipefish Mesocosm Film/Trial 9/10-12-20/10-12 AM 02.MTS,4496.273,59.815,Inactive,Female,,,,2,1,1,No,No,5,78.235
D:/Pipefish Mesocosm Film/Trial 9/11-12-20/11-12 AM 01.MTS,1840.644,4.368,Pose,Female,Non-s pose,Male,Front,2,1,1,No,No,6,20.507
D:/Pipefish Mesocosm Film/Trial 9/11-12-20/11-12 AM 01.MTS,1840.644,20.224,Inactive,Male,,,,2,1,1,No,No,6,20.507
D:/Pipefish Mesocosm Film/Trial 9/11-12-20/11-12 AM 01.MTS,1845.013,15.855,Inactive,Female,,,,2,1,1,No,No,6,20.507
D:/Pipefish Mesocosm Film/Trial 9/11-12-20/11-12 AM 01.MTS,2795.698,7.402,Wiggle,Female,Active wiggle,Male,2,2,1,1,No,No,7,419.581
D:/Pipefish Mesocosm Film/Trial 9/11-12-20/11-12 AM 01.MTS,2796.93,9.305,Inactive,Male,,,,2,1,1,No,No,7,419.581
D:/Pipefish Mesocosm Film/Trial 9/11-12-20/11-12 AM 01.MTS,2803.101,47.283,Inactive,Female,,,,2,1,1,No,No,7,419.581
D:/Pipefish Mesocosm Film/Trial 9/11-12-20/11-12 AM 01.MTS,2806.236,7.024,Wiggle,Male,Active wiggle,Female,2,2,1,1,No,No,7,419.581
D:/Pipefish Mesocosm Film/Trial 9/11-12-20/11-12 AM 01.MTS,2813.261,27.344,Inactive,Male,,,,2,1,1,No,No,7,419.581
D:/Pipefish Mesocosm Film/Trial 9/11-12-20/11-12 AM 01.MTS,2840.606,9.493,Wiggle,Male,Active wiggle,Female,2,2,1,1,No,No,7,419.581
D:/Pipefish Mesocosm Film/Trial 9/11-12-20/11-12 AM 01.MTS,2850.1,38.566,Inactive,Male,,,,2,1,1,No,No,7,419.581
D:/Pipefish Mesocosm Film/Trial 9/11-12-20/11-12 AM 01.MTS,2850.385,9.357,Pose,Female,S pose,Male,Front,2,1,1,No,No,7,419.581
D:/Pipefish Mesocosm Film/Trial 9/11-12-20/11-12 AM 01.MTS,2859.743,52.565,Inactive,Female,,,,2,1,1,No,No,7,419.581
D:/Pipefish Mesocosm Film/Trial 9/11-12-20/11-12 AM 02.MTS,2888.667,3.419,Wiggle,Male,Active wiggle,Female,2,2,1,1,No,No,7,419.581
D:/Pipefish Mesocosm Film/Trial 9/11-12-20/11-12 AM 02.MTS,2892.087,9.969,Inactive,Male,,,,2,1,1,No,No,7,419.581
D:/Pipefish Mesocosm Film/Trial 9/11-12-20/11-12 AM 02.MTS,2902.057,3.132,Wiggle,Male,Active wiggle,Female,2,2,1,1,No,No,7,419.581
D:/Pipefish Mesocosm Film/Trial 9/11-12-20/11-12 AM 02.MTS,2905.19,24.493,Inactive,Male,,,,2,1,1,No,No,7,419.581
D:/Pipefish Mesocosm Film/Trial 9/11-12-20/11-12 AM 02.MTS,2912.309,2.755,Pose,Female,S pose,Male,Front,2,1,1,No,No,7,419.581
D:/Pipefish Mesocosm Film/Trial 9/11-12-20/11-12 AM 02.MTS,2915.065,7.308,Wiggle,Female,Active wiggle,Male,2,2,1,1,No,No,7,419.581
D:/Pipefish Mesocosm Film/Trial 9/11-12-20/11-12 AM 02.MTS,2922.374,26.774,Inactive,Female,,,,2,1,1,No,No,7,419.581
D:/Pipefish Mesocosm Film/Trial 9/11-12-20/11-12 AM 02.MTS,2929.684,2.658,Wiggle,Male,Active wiggle,Female,2,2,1,1,No,No,7,419.581
D:/Pipefish Mesocosm Film/Trial 9/11-12-20/11-12 AM 02.MTS,2932.343,6.931,Inactive,Male,,,,2,1,1,No,No,7,419.581
D:/Pipefish Mesocosm Film/Trial 9/11-12-20/11-12 AM 02.MTS,2939.275,3.038,Wiggle,Male,Subtle wiggle,Female,2,2,1,1,No,No,7,419.581
D:/Pipefish Mesocosm Film/Trial 9/11-12-20/11-12 AM 02.MTS,2942.314,16.517,Inactive,Male,,,,2,1,1,No,No,7,419.581
D:/Pipefish Mesocosm Film/Trial 9/11-12-20/11-12 AM 02.MTS,2949.149,5.413,Pose,Female,S pose,Male,Front,2,1,1,No,No,7,419.581
D:/Pipefish Mesocosm Film/Trial 9/11-12-20/11-12 AM 02.MTS,2954.563,85.069,Inactive,Female,,,,2,1,1,No,No,7,419.581
D:/Pipefish Mesocosm Film/Trial 9/11-12-20/11-12 AM 02.MTS,2958.832,3.608,Wiggle,Male,Active wiggle,Female,2,2,1,1,No,No,7,419.581
D:/Pipefish Mesocosm Film/Trial 9/11-12-20/11-12 AM 02.MTS,2962.441,36.458,Inactive,Male,,,,2,1,1,No,No,7,419.581
D:/Pipefish Mesocosm Film/Trial 9/11-12-20/11-12 AM 02.MTS,2998.9,3.513,Wiggle,Male,Active wiggle,Female,2,2,1,1,No,No,7,419.581
D:/Pipefish Mesocosm Film/Trial 9/11-12-20/11-12 AM 02.MTS,3002.414,53.261,Inactive,Male,,,,2,1,1,No,No,7,419.581
D:/Pipefish Mesocosm Film/Trial 9/11-12-20/11-12 AM 02.MTS,3039.633,4.175,Pose,Female,S pose,Male,Front,2,1,1,No,No,7,419.581
D:/Pipefish Mesocosm Film/Trial 9/11-12-20/11-12 AM 02.MTS,3043.809,4.178,Wiggle,Female,Active wiggle,Male,2,2,1,1,No,No,7,419.581
D:/Pipefish Mesocosm Film/Trial 9/11-12-20/11-12 AM 02.MTS,3047.988,51.554,Inactive,Female,,,,2,1,1,No,No,7,419.581
D:/Pipefish Mesocosm Film/Trial 9/11-12-20/11-12 AM 02.MTS,3055.676,3.702,Wiggle,Male,Active wiggle,Female,2,2,1,1,No,No,7,419.581
D:/Pipefish Mesocosm Film/Trial 9/11-12-20/11-12 AM 02.MTS,3059.379,28.483,Inactive,Male,,,,2,1,1,No,No,7,419.581
D:/Pipefish Mesocosm Film/Trial 9/11-12-20/11-12 AM 02.MTS,3087.863,2.943,Wiggle,Male,Active wiggle,Female,2,2,1,1,No,No,7,419.581
D:/Pipefish Mesocosm Film/Trial 9/11-12-20/11-12 AM 02.MTS,3090.807,25.064,Inactive,Male,,,,2,1,1,No,No,7,419.581
D:/Pipefish Mesocosm Film/Trial 9/11-12-20/11-12 AM 02.MTS,3099.543,3.511,Wiggle,Female,Active wiggle,Male,2,2,1,1,No,No,7,419.581
D:/Pipefish Mesocosm Film/Trial 9/11-12-20/11-12 AM 02.MTS,3103.055,43.484,Inactive,Female,,,,2,1,1,No,No,7,419.581
D:/Pipefish Mesocosm Film/Trial 9/11-12-20/11-12 AM 02.MTS,3115.872,4.747,Wiggle,Male,Active wiggle,Female,2,2,1,1,No,No,7,419.581
D:/Pipefish Mesocosm Film/Trial 9/11-12-20/11-12 AM 02.MTS,3120.62,25.539,Inactive,Male,,,,2,1,1,No,No,7,419.581
D:/Pipefish Mesocosm Film/Trial 9/11-12-20/11-12 AM 02.MTS,3146.16,3.795,Wiggle,Male,Active wiggle,Female,2,2,1,1,No,No,7,419.581
D:/Pipefish Mesocosm Film/Trial 9/11-12-20/11-12 AM 02.MTS,3146.54,8.069,Pose,Female,S pose,Male,Front,2,1,1,No,No,7,419.581
D:/Pipefish Mesocosm Film/Trial 9/11-12-20/11-12 AM 02.MTS,3149.956,64.564,Inactive,Male,,,,2,1,1,No,No,7,419.581
D:/Pipefish Mesocosm Film/Trial 9/11-12-20/11-12 AM 02.MTS,3154.61,60.101,Inactive,Female,,,,2,1,1,No,No,7,419.581
D:/Pipefish Mesocosm Film/Trial 9/11-12-20/11-12 AM 02.MTS,3228.097,3.607,Wiggle,Male,Active wiggle,Female,2,2,1,1,No,No,8,521.257
D:/Pipefish Mesocosm Film/Trial 9/11-12-20/11-12 AM 02.MTS,3231.705,28.673,Inactive,Male,,,,2,1,1,No,No,8,521.257
D:/Pipefish Mesocosm Film/Trial 9/11-12-20/11-12 AM 02.MTS,3236.483,4.811,Pose,Female,S pose,Male,Front,2,1,1,No,No,8,521.257
D:/Pipefish Mesocosm Film/Trial 9/11-12-20/11-12 AM 02.MTS,3241.295,33.421,Inactive,Female,,,,2,1,1,No,No,8,521.257
D:/Pipefish Mesocosm Film/Trial 9/11-12-20/11-12 AM 02.MTS,3260.379,5.509,Wiggle,Male,Active wiggle,Female,2,2,1,1,No,No,8,521.257
D:/Pipefish Mesocosm Film/Trial 9/11-12-20/11-12 AM 02.MTS,3265.889,81.84,Inactive,Male,,,,2,1,1,No,No,8,521.257
D:/Pipefish Mesocosm Film/Trial 9/11-12-20/11-12 AM 02.MTS,3274.717,6.361,Wiggle,Female,Active wiggle,Male,2,2,1,1,No,No,8,521.257
D:/Pipefish Mesocosm Film/Trial 9/11-12-20/11-12 AM 02.MTS,3281.079,28.862,Inactive,Female,,,,2,1,1,No,No,8,521.257
D:/Pipefish Mesocosm Film/Trial 9/11-12-20/11-12 AM 02.MTS,3309.942,5.791,Wiggle,Female,Active wiggle,Male,2,2,1,1,No,No,8,521.257
D:/Pipefish Mesocosm Film/Trial 9/11-12-20/11-12 AM 02.MTS,3315.734,63.799,Inactive,Female,,,,2,1,1,No,No,8,521.257
D:/Pipefish Mesocosm Film/Trial 9/11-12-20/11-12 AM 02.MTS,3347.73,5.031,Wiggle,Male,Active wiggle,Female,2,2,1,1,No,No,8,521.257
D:/Pipefish Mesocosm Film/Trial 9/11-12-20/11-12 AM 02.MTS,3352.762,45.477,Inactive,Male,,,,2,1,1,No,No,8,521.257
D:/Pipefish Mesocosm Film/Trial 9/11-12-20/11-12 AM 02.MTS,3379.534,6.267,Wiggle,Female,Active wiggle,Male,2,2,1,1,No,No,8,521.257
D:/Pipefish Mesocosm Film/Trial 9/11-12-20/11-12 AM 02.MTS,3385.802,41.013,Inactive,Female,,,,2,1,1,No,No,8,521.257
D:/Pipefish Mesocosm Film/Trial 9/11-12-20/11-12 AM 02.MTS,3398.24,3.036,Wiggle,Male,Active wiggle,Female,2,2,1,1,No,No,8,521.257
D:/Pipefish Mesocosm Film/Trial 9/11-12-20/11-12 AM 02.MTS,3401.277,14.241,Inactive,Male,,,,2,1,1,No,No,8,521.257
D:/Pipefish Mesocosm Film/Trial 9/11-12-20/11-12 AM 02.MTS,3415.519,2.944,Wiggle,Male,Active wiggle,Female,2,2,1,1,No,No,8,521.257
D:/Pipefish Mesocosm Film/Trial 9/11-12-20/11-12 AM 02.MTS,3418.464,51.269,Inactive,Male,,,,2,1,1,No,No,8,521.257
D:/Pipefish Mesocosm Film/Trial 9/11-12-20/11-12 AM 02.MTS,3426.816,3.704,Wiggle,Female,Active wiggle,Male,2,2,1,1,No,No,8,521.257
D:/Pipefish Mesocosm Film/Trial 9/11-12-20/11-12 AM 02.MTS,3430.521,91.999,Inactive,Female,,,,2,1,1,No,No,8,521.257
D:/Pipefish Mesocosm Film/Trial 9/11-12-20/11-12 AM 02.MTS,3469.734,3.131,Wiggle,Male,Subtle wiggle,Female,2,2,1,1,No,No,8,521.257
D:/Pipefish Mesocosm Film/Trial 9/11-12-20/11-12 AM 02.MTS,3472.866,60.288,Inactive,Male,,,,2,1,1,No,No,8,521.257
D:/Pipefish Mesocosm Film/Trial 9/11-12-20/11-12 AM 02.MTS,3522.521,8.354,Pose,Female,S pose,Male,Front,2,1,1,No,No,8,521.257
D:/Pipefish Mesocosm Film/Trial 9/11-12-20/11-12 AM 02.MTS,3530.876,10.824,Inactive,Female,,,,2,1,1,No,No,8,521.257
D:/Pipefish Mesocosm Film/Trial 9/11-12-20/11-12 AM 02.MTS,3533.155,3.039,Wiggle,Male,Active wiggle,Female,2,2,1,1,No,No,8,521.257
D:/Pipefish Mesocosm Film/Trial 9/11-12-20/11-12 AM 02.MTS,3536.195,51.839,Inactive,Male,,,,2,1,1,No,No,8,521.257
D:/Pipefish Mesocosm Film/Trial 9/11-12-20/11-12 AM 02.MTS,3541.701,4.462,Wiggle,Female,Active wiggle,Male,2,2,1,1,No,No,8,521.257
D:/Pipefish Mesocosm Film/Trial 9/11-12-20/11-12 AM 02.MTS,3546.164,59.53,Inactive,Female,,,,2,1,1,No,No,8,521.257
D:/Pipefish Mesocosm Film/Trial 9/11-12-20/11-12 AM 02.MTS,3588.035,3.512,Wiggle,Male,Active wiggle,Female,2,2,1,1,No,No,8,521.257
D:/Pipefish Mesocosm Film/Trial 9/11-12-20/11-12 AM 02.MTS,3591.548,22.406,Inactive,Male,,,,2,1,1,No,No,8,521.257
D:/Pipefish Mesocosm Film/Trial 9/11-12-20/11-12 AM 02.MTS,3605.695,5.033,Wiggle,Female,Active wiggle,Male,2,2,1,1,No,No,8,521.257
D:/Pipefish Mesocosm Film/Trial 9/11-12-20/11-12 AM 02.MTS,3610.729,137.858,Inactive,Female,,,,2,1,1,No,No,8,521.257
D:/Pipefish Mesocosm Film/Trial 9/11-12-20/11-12 AM 02.MTS,3613.955,2.467,Wiggle,Male,Active wiggle,Female,2,2,1,1,No,No,8,521.257
D:/Pipefish Mesocosm Film/Trial 9/11-12-20/11-12 AM 02.MTS,3616.423,48.896,Inactive,Male,,,,2,1,1,No,No,8,521.257
D:/Pipefish Mesocosm Film/Trial 9/11-12-20/11-12 AM 02.MTS,3665.32,3.605,Wiggle,Male,Subtle wiggle,Female,2,2,1,1,No,No,8,521.257
D:/Pipefish Mesocosm Film/Trial 9/11-12-20/11-12 AM 02.MTS,3668.926,79.661,Inactive,Male,,,,2,1,1,No,No,8,521.257
D:/Pipefish Mesocosm Film/Trial 9/11-12-20/11-12 AM 02.MTS,3767.103,5.789,Wiggle,Male,Active wiggle,Female,2,2,1,1,No,No,9,403.325
D:/Pipefish Mesocosm Film/Trial 9/11-12-20/11-12 AM 02.MTS,3772.419,2.468,Inactive,Female,,,,2,1,1,No,No,9,403.325
D:/Pipefish Mesocosm Film/Trial 9/11-12-20/11-12 AM 02.MTS,3772.893,33.892,Inactive,Male,,,,2,1,1,No,No,9,403.325
D:/Pipefish Mesocosm Film/Trial 9/11-12-20/11-12 AM 02.MTS,3774.888,4.363,Wiggle,Female,Active wiggle,Male,2,2,1,1,No,No,9,403.325
D:/Pipefish Mesocosm Film/Trial 9/11-12-20/11-12 AM 02.MTS,3779.252,70.545,Inactive,Female,,,,2,1,1,No,No,9,403.325
D:/Pipefish Mesocosm Film/Trial 9/11-12-20/11-12 AM 02.MTS,3806.786,5.412,Wiggle,Male,Active wiggle,Female,2,2,1,1,No,No,9,403.325
D:/Pipefish Mesocosm Film/Trial 9/11-12-20/11-12 AM 02.MTS,3812.199,32.755,Inactive,Male,,,,2,1,1,No,No,9,403.325
D:/Pipefish Mesocosm Film/Trial 9/11-12-20/11-12 AM 02.MTS,3844.955,3.416,Wiggle,Male,Active wiggle,Female,2,2,1,1,No,No,9,403.325
D:/Pipefish Mesocosm Film/Trial 9/11-12-20/11-12 AM 02.MTS,3848.372,17.092,Inactive,Male,,,,2,1,1,No,No,9,403.325
D:/Pipefish Mesocosm Film/Trial 9/11-12-20/11-12 AM 02.MTS,3849.798,4.936,Wiggle,Female,Active wiggle,Male,2,2,1,1,No,No,9,403.325
D:/Pipefish Mesocosm Film/Trial 9/11-12-20/11-12 AM 02.MTS,3854.735,47.185,Inactive,Female,,,,2,1,1,No,No,9,403.325
D:/Pipefish Mesocosm Film/Trial 9/11-12-20/11-12 AM 02.MTS,3865.465,3.227,Wiggle,Male,Active wiggle,Female,2,2,1,1,No,No,9,403.325
D:/Pipefish Mesocosm Film/Trial 9/11-12-20/11-12 AM 02.MTS,3868.693,13.669,Inactive,Male,,,,2,1,1,No,No,9,403.325
D:/Pipefish Mesocosm Film/Trial 9/11-12-20/11-12 AM 02.MTS,3882.363,5.128,Wiggle,Male,Active wiggle,Female,2,2,1,1,No,No,9,403.325
D:/Pipefish Mesocosm Film/Trial 9/11-12-20/11-12 AM 02.MTS,3887.492,44.149,Inactive,Male,,,,2,1,1,No,No,9,403.325
D:/Pipefish Mesocosm Film/Trial 9/11-12-20/11-12 AM 02.MTS,3901.921,3.513,Wiggle,Female,Active wiggle,Male,2,2,1,1,No,No,9,403.325
D:/Pipefish Mesocosm Film/Trial 9/11-12-20/11-12 AM 02.MTS,3905.435,23.357,Inactive,Female,,,,2,1,1,No,No,9,403.325
D:/Pipefish Mesocosm Film/Trial 9/11-12-20/11-12 AM 02.MTS,3928.793,2.276,Wiggle,Female,Active wiggle,Male,2,2,1,1,No,No,9,403.325
D:/Pipefish Mesocosm Film/Trial 9/11-12-20/11-12 AM 02.MTS,3931.07,94.376,Inactive,Female,,,,2,1,1,No,No,9,403.325
D:/Pipefish Mesocosm Film/Trial 9/11-12-20/11-12 AM 02.MTS,3931.642,4.84,Wiggle,Male,Active wiggle,Female,2,2,1,1,No,No,9,403.325
D:/Pipefish Mesocosm Film/Trial 9/11-12-20/11-12 AM 02.MTS,3936.483,12.815,Inactive,Male,,,,2,1,1,No,No,9,403.325
D:/Pipefish Mesocosm Film/Trial 9/11-12-20/11-12 AM 02.MTS,3949.299,3.607,Wiggle,Male,Active wiggle,Female,2,2,1,1,No,No,9,403.325
D:/Pipefish Mesocosm Film/Trial 9/11-12-20/11-12 AM 02.MTS,3952.907,20.225,Inactive,Male,,,,2,1,1,No,No,9,403.325
D:/Pipefish Mesocosm Film/Trial 9/11-12-20/11-12 AM 02.MTS,3973.133,3.227,Wiggle,Male,Active wiggle,Female,2,2,1,1,No,No,9,403.325
D:/Pipefish Mesocosm Film/Trial 9/11-12-20/11-12 AM 02.MTS,3976.361,92.569,Inactive,Male,,,,2,1,1,No,No,9,403.325
D:/Pipefish Mesocosm Film/Trial 9/11-12-20/11-12 AM 02.MTS,4025.447,12.247,Pose,Female,S pose,Male,Front,2,1,1,No,No,9,403.325
D:/Pipefish Mesocosm Film/Trial 9/11-12-20/11-12 AM 02.MTS,4037.695,73.012,Inactive,Female,,,,2,1,1,No,No,9,403.325
D:/Pipefish Mesocosm Film/Trial 9/11-12-20/11-12 AM 02.MTS,4068.931,3.511,Wiggle,Male,Active wiggle,Female,2,2,1,1,No,No,9,403.325
D:/Pipefish Mesocosm Film/Trial 9/11-12-20/11-12 AM 02.MTS,4072.443,96.845,Inactive,Male,,,,2,1,1,No,No,9,403.325
D:/Pipefish Mesocosm Film/Trial 9/11-12-20/11-12 AM 02.MTS,4120.297,7.5,Wiggle,Female,Active wiggle,Male,2,2,1,1,No,No,9,403.325
D:/Pipefish Mesocosm Film/Trial 9/11-12-20/11-12 AM 02.MTS,4127.798,29.622,Inactive,Female,,,,2,1,1,No,No,9,403.325
D:/Pipefish Mesocosm Film/Trial 9/11-12-20/11-12 AM 02.MTS,4157.421,11.867,Out of sight,Female,,,,2,1,1,No,No,9,403.325
D:/Pipefish Mesocosm Film/Trial 9/11-12-20/11-12 AM 02.MTS,4324.808,4.367,Wiggle,Male,Active wiggle,Female,2,2,1,1,No,No,10,99.596
D:/Pipefish Mesocosm Film/Trial 9/11-12-20/11-12 AM 02.MTS,4325.188,9.113,Inactive,Female,,,,2,1,1,No,No,10,99.596
D:/Pipefish Mesocosm Film/Trial 9/11-12-20/11-12 AM 02.MTS,4329.176,24.4,Inactive,Male,,,,2,1,1,No,No,10,99.596
D:/Pipefish Mesocosm Film/Trial 9/11-12-20/11-12 AM 02.MTS,4334.302,6.929,Wiggle,Female,Active wiggle,Male,2,2,1,1,No,No,10,99.596
D:/Pipefish Mesocosm Film/Trial 9/11-12-20/11-12 AM 02.MTS,4341.232,73.014,Inactive,Female,,,,2,1,1,No,No,10,99.596
D:/Pipefish Mesocosm Film/Trial 9/11-12-20/11-12 AM 02.MTS,4353.577,4.84,Wiggle,Male,Active wiggle,Female,2,2,1,1,No,No,10,99.596
D:/Pipefish Mesocosm Film/Trial 9/11-12-20/11-12 AM 02.MTS,4358.418,54.117,Inactive,Male,,,,2,1,1,No,No,10,99.596
D:/Pipefish Mesocosm Film/Trial 9/11-12-20/11-12 AM 02.MTS,4412.536,10.54,Out of sight,Male,,,,2,1,1,No,No,10,99.596
D:/Pipefish Mesocosm Film/Trial 9/11-12-20/11-12 AM 02.MTS,4414.247,9.495,Out of sight,Female,,,,2,1,1,No,No,10,99.596
D:/Pipefish Mesocosm Film/Trial 9/13-12-20/13-12 Noon 01.MTS,59.476,9.019,Pose,Female,S pose,Male,Front,2,1,1,No,No,11,53.077
D:/Pipefish Mesocosm Film/Trial 9/13-12-20/13-12 Noon 01.MTS,60.522,41.678,Inactive,Male,,,,2,1,1,No,No,11,53.077
D:/Pipefish Mesocosm Film/Trial 9/13-12-20/13-12 Noon 01.MTS,68.496,34.084,Inactive,Female,,,,2,1,1,No,No,11,53.077
D:/Pipefish Mesocosm Film/Trial 9/13-12-20/13-12 Noon 01.MTS,102.201,10.256,Out of sight,Male,,,,2,1,1,No,No,11,53.077
D:/Pipefish Mesocosm Film/Trial 9/13-12-20/13-12 Noon 01.MTS,102.581,9.97,Out of sight,Female,,,,2,1,1,No,No,11,53.077
