media_file_path,time_in_video,Duration,behavior,subject,modifier_1,modifier_2,modifier_3,Group size,Female,Male,Chasing_end,Chase_present,courtship_events,total_time_of_courtship
D:/Pipefish Mesocosm Film/Trial 5/10-12-20/10-12 AM 01.MTS,23.398,15.855,Wiggle,Male,Active wiggle,Female,2,2.060606061,1,1.06,No,No,35,747.159
D:/Pipefish Mesocosm Film/Trial 5/10-12-20/10-12 AM 01.MTS,25.771,19.559,Pose,Female,S pose,Male,Front,2.060606061,1,1.06,No,No,35,747.159
D:/Pipefish Mesocosm Film/Trial 5/10-12-20/10-12 AM 01.MTS,39.254,2.657,Inactive,Male,,,,2.060606061,1,1.06,No,No,35,747.159
D:/Pipefish Mesocosm Film/Trial 5/10-12-20/10-12 AM 01.MTS,41.912,4.272,Wiggle,Male,Active wiggle,Female,2,2.060606061,1,1.06,No,No,35,747.159
D:/Pipefish Mesocosm Film/Trial 5/10-12-20/10-12 AM 01.MTS,45.331,39.591,Inactive,Female,,,,2.060606061,1,1.06,No,No,35,747.159
D:/Pipefish Mesocosm Film/Trial 5/10-12-20/10-12 AM 01.MTS,46.185,36.552,Inactive,Male,,,,2.060606061,1,1.06,No,No,35,747.159
D:/Pipefish Mesocosm Film/Trial 5/10-12-20/10-12 AM 01.MTS,82.738,2.373,Wiggle,Male,Active wiggle,Female,2,2.060606061,1,1.06,No,No,35,747.159
D:/Pipefish Mesocosm Film/Trial 5/10-12-20/10-12 AM 01.MTS,84.923,8.164,Pose,Female,S pose,Male,Front,2.060606061,1,1.06,No,No,35,747.159
D:/Pipefish Mesocosm Film/Trial 5/10-12-20/10-12 AM 01.MTS,85.112,1.992,Inactive,Male,,,,2.060606061,1,1.06,No,No,35,747.159
D:/Pipefish Mesocosm Film/Trial 5/10-12-20/10-12 AM 01.MTS,87.105,4.178,Wiggle,Male,Active wiggle,Female,2,2.060606061,1,1.06,No,No,35,747.159
D:/Pipefish Mesocosm Film/Trial 5/10-12-20/10-12 AM 01.MTS,91.284,10.727,Inactive,Male,,,,2.060606061,1,1.06,No,No,35,747.159
D:/Pipefish Mesocosm Film/Trial 5/10-12-20/10-12 AM 01.MTS,93.088,37.503,Inactive,Female,,,,2.060606061,1,1.06,No,No,35,747.159
D:/Pipefish Mesocosm Film/Trial 5/10-12-20/10-12 AM 01.MTS,102.012,7.974,Wiggle,Male,Active wiggle,Female,2,2.060606061,1,1.06,No,No,35,747.159
D:/Pipefish Mesocosm Film/Trial 5/10-12-20/10-12 AM 01.MTS,109.987,16.045,Inactive,Male,,,,2.060606061,1,1.06,No,No,35,747.159
D:/Pipefish Mesocosm Film/Trial 5/10-12-20/10-12 AM 01.MTS,126.033,9.305,Wiggle,Male,Active wiggle,Female,2,2.060606061,1,1.06,No,No,35,747.159
D:/Pipefish Mesocosm Film/Trial 5/10-12-20/10-12 AM 01.MTS,130.592,7.596,Pose,Female,S pose,Male,Front,2.060606061,1,1.06,No,No,35,747.159
D:/Pipefish Mesocosm Film/Trial 5/10-12-20/10-12 AM 01.MTS,135.339,24.78,Inactive,Male,,,,2.060606061,1,1.06,No,No,35,747.159
D:/Pipefish Mesocosm Film/Trial 5/10-12-20/10-12 AM 01.MTS,138.189,53.833,Inactive,Female,,,,2.060606061,1,1.06,No,No,35,747.159
D:/Pipefish Mesocosm Film/Trial 5/10-12-20/10-12 AM 01.MTS,160.12,3.038,Wiggle,Male,Active wiggle,Female,2,2.060606061,1,1.06,No,No,35,747.159
D:/Pipefish Mesocosm Film/Trial 5/10-12-20/10-12 AM 01.MTS,163.159,13.006,Inactive,Male,,,,2.060606061,1,1.06,No,No,35,747.159
D:/Pipefish Mesocosm Film/Trial 5/10-12-20/10-12 AM 01.MTS,176.166,9.208,Wiggle,Male,Active wiggle,Female,2,2.060606061,1,1.06,No,No,35,747.159
D:/Pipefish Mesocosm Film/Trial 5/10-12-20/10-12 AM 01.MTS,185.375,7.31,Inactive,Male,,,,2.060606061,1,1.06,No,No,35,747.159
D:/Pipefish Mesocosm Film/Trial 5/10-12-20/10-12 AM 01.MTS,192.023,5.696,Pose,Female,S pose,Male,Front,2.060606061,1,1.06,No,No,35,747.159
D:/Pipefish Mesocosm Film/Trial 5/10-12-20/10-12 AM 01.MTS,192.686,6.646,Wiggle,Male,Active wiggle,Female,2,2.060606061,1,1.06,No,No,35,747.159
D:/Pipefish Mesocosm Film/Trial 5/10-12-20/10-12 AM 01.MTS,197.72,45.287,Inactive,Female,,,,2.060606061,1,1.06,No,No,35,747.159
D:/Pipefish Mesocosm Film/Trial 5/10-12-20/10-12 AM 01.MTS,199.333,36.837,Inactive,Male,,,,2.060606061,1,1.06,No,No,35,747.159
D:/Pipefish Mesocosm Film/Trial 5/10-12-20/10-12 AM 01.MTS,236.171,11.108,Wiggle,Male,Active wiggle,Female,2,2.060606061,1,1.06,No,No,35,747.159
D:/Pipefish Mesocosm Film/Trial 5/10-12-20/10-12 AM 01.MTS,243.008,1.803,Pose,Female,S pose,Male,Front,2.060606061,1,1.06,No,No,35,747.159
D:/Pipefish Mesocosm Film/Trial 5/10-12-20/10-12 AM 01.MTS,244.812,6.264,Inactive,Female,,,,2.060606061,1,1.06,No,No,35,747.159
D:/Pipefish Mesocosm Film/Trial 5/10-12-20/10-12 AM 01.MTS,247.28,4.272,Inactive,Male,,,,2.060606061,1,1.06,No,No,35,747.159
D:/Pipefish Mesocosm Film/Trial 5/10-12-20/10-12 AM 01.MTS,251.077,6.266,Pose,Female,S pose,Male,Front,2.060606061,1,1.06,No,No,35,747.159
D:/Pipefish Mesocosm Film/Trial 5/10-12-20/10-12 AM 01.MTS,251.553,6.455,Wiggle,Male,Active wiggle,Female,2,2.060606061,1,1.06,No,No,35,747.159
D:/Pipefish Mesocosm Film/Trial 5/10-12-20/10-12 AM 01.MTS,257.344,30.76,Inactive,Female,,,,2.060606061,1,1.06,No,No,35,747.159
D:/Pipefish Mesocosm Film/Trial 5/10-12-20/10-12 AM 01.MTS,258.009,7.973,Inactive,Male,,,,2.060606061,1,1.06,No,No,35,747.159
D:/Pipefish Mesocosm Film/Trial 5/10-12-20/10-12 AM 01.MTS,265.983,3.704,Wiggle,Male,Active wiggle,Female,2,2.060606061,1,1.06,No,No,35,747.159
D:/Pipefish Mesocosm Film/Trial 5/10-12-20/10-12 AM 01.MTS,269.688,14.905,Inactive,Male,,,,2.060606061,1,1.06,No,No,35,747.159
D:/Pipefish Mesocosm Film/Trial 5/10-12-20/10-12 AM 01.MTS,284.594,9.493,Wiggle,Male,Active wiggle,Female,2,2.060606061,1,1.06,No,No,35,747.159
D:/Pipefish Mesocosm Film/Trial 5/10-12-20/10-12 AM 01.MTS,288.105,12.724,Pose,Female,S pose,Male,Front,2.060606061,1,1.06,No,No,35,747.159
D:/Pipefish Mesocosm Film/Trial 5/10-12-20/10-12 AM 01.MTS,294.088,1.804,Inactive,Male,,,,2.060606061,1,1.06,No,No,35,747.159
D:/Pipefish Mesocosm Film/Trial 5/10-12-20/10-12 AM 01.MTS,295.893,4.366,Wiggle,Male,Active wiggle,Female,2,2.060606061,1,1.06,No,No,35,747.159
D:/Pipefish Mesocosm Film/Trial 5/10-12-20/10-12 AM 01.MTS,300.26,54.687,Inactive,Male,,,,2.060606061,1,1.06,No,No,35,747.159
D:/Pipefish Mesocosm Film/Trial 5/10-12-20/10-12 AM 01.MTS,300.83,125.515,Inactive,Female,,,,2.060606061,1,1.06,No,No,35,747.159
D:/Pipefish Mesocosm Film/Trial 5/10-12-20/10-12 AM 01.MTS,354.948,4.841,Wiggle,Male,Active wiggle,Female,2,2.060606061,1,1.06,No,No,35,747.159
D:/Pipefish Mesocosm Film/Trial 5/10-12-20/10-12 AM 01.MTS,359.79,37.312,Inactive,Male,,,,2.060606061,1,1.06,No,No,35,747.159
D:/Pipefish Mesocosm Film/Trial 5/10-12-20/10-12 AM 01.MTS,397.103,4.081,Wiggle,Male,Active wiggle,Female,2,2.060606061,1,1.06,No,No,35,747.159
D:/Pipefish Mesocosm Film/Trial 5/10-12-20/10-12 AM 01.MTS,401.185,18.135,Inactive,Male,,,,2.060606061,1,1.06,No,No,35,747.159
D:/Pipefish Mesocosm Film/Trial 5/10-12-20/10-12 AM 01.MTS,419.321,16.994,Wiggle,Male,Active wiggle,Female,2,2.060606061,1,1.06,No,No,35,747.159
D:/Pipefish Mesocosm Film/Trial 5/10-12-20/10-12 AM 01.MTS,426.346,8.07,Pose,Female,S pose,Male,Front,2.060606061,1,1.06,No,No,35,747.159
D:/Pipefish Mesocosm Film/Trial 5/10-12-20/10-12 AM 01.MTS,434.417,17.943,Inactive,Female,,,,2.060606061,1,1.06,No,No,35,747.159
D:/Pipefish Mesocosm Film/Trial 5/10-12-20/10-12 AM 01.MTS,436.316,9.399,Inactive,Male,,,,2.060606061,1,1.06,No,No,35,747.159
D:/Pipefish Mesocosm Film/Trial 5/10-12-20/10-12 AM 01.MTS,445.716,1.897,Wiggle,Male,Active wiggle,Female,2,2.060606061,1,1.06,No,No,35,747.159
D:/Pipefish Mesocosm Film/Trial 5/10-12-20/10-12 AM 01.MTS,447.614,5.505,Inactive,Male,,,,2.060606061,1,1.06,No,No,35,747.159
D:/Pipefish Mesocosm Film/Trial 5/10-12-20/10-12 AM 01.MTS,452.361,7.88,Pose,Female,S pose,Male,Front,2.060606061,1,1.06,No,No,35,747.159
D:/Pipefish Mesocosm Film/Trial 5/10-12-20/10-12 AM 01.MTS,453.12,6.173,Wiggle,Male,Active wiggle,Female,2,2.060606061,1,1.06,No,No,35,747.159
D:/Pipefish Mesocosm Film/Trial 5/10-12-20/10-12 AM 01.MTS,459.294,10.442,Inactive,Male,,,,2.060606061,1,1.06,No,No,35,747.159
D:/Pipefish Mesocosm Film/Trial 5/10-12-20/10-12 AM 01.MTS,460.242,35.033,Inactive,Female,,,,2.060606061,1,1.06,No,No,35,747.159
D:/Pipefish Mesocosm Film/Trial 5/10-12-20/10-12 AM 01.MTS,469.737,7.405,Wiggle,Male,Active wiggle,Female,2,2.060606061,1,1.06,No,No,35,747.159
D:/Pipefish Mesocosm Film/Trial 5/10-12-20/10-12 AM 01.MTS,477.143,14.81,Inactive,Male,,,,2.060606061,1,1.06,No,No,35,747.159
D:/Pipefish Mesocosm Film/Trial 5/10-12-20/10-12 AM 01.MTS,491.954,10.727,Wiggle,Male,Active wiggle,Female,2,2.060606061,1,1.06,No,No,35,747.159
D:/Pipefish Mesocosm Film/Trial 5/10-12-20/10-12 AM 01.MTS,495.276,7.501,Pose,Female,S pose,Male,Front,2.060606061,1,1.06,No,No,35,747.159
D:/Pipefish Mesocosm Film/Trial 5/10-12-20/10-12 AM 01.MTS,502.682,21.934,Inactive,Male,,,,2.060606061,1,1.06,No,No,35,747.159
D:/Pipefish Mesocosm Film/Trial 5/10-12-20/10-12 AM 01.MTS,502.778,33.04,Inactive,Female,,,,2.060606061,1,1.06,No,No,35,747.159
D:/Pipefish Mesocosm Film/Trial 5/10-12-20/10-12 AM 01.MTS,524.617,3.225,Wiggle,Male,Active wiggle,Female,2,2.060606061,1,1.06,No,No,35,747.159
D:/Pipefish Mesocosm Film/Trial 5/10-12-20/10-12 AM 01.MTS,527.843,9.4,Inactive,Male,,,,2.060606061,1,1.06,No,No,35,747.159
D:/Pipefish Mesocosm Film/Trial 5/10-12-20/10-12 AM 01.MTS,535.819,2.465,Pose,Female,Non-s pose,Male,Front,2.060606061,1,1.06,No,No,35,747.159
D:/Pipefish Mesocosm Film/Trial 5/10-12-20/10-12 AM 01.MTS,537.244,4.65,Wiggle,Male,Active wiggle,Female,2,2.060606061,1,1.06,No,No,35,747.159
D:/Pipefish Mesocosm Film/Trial 5/10-12-20/10-12 AM 01.MTS,538.285,57.348,Inactive,Female,,,,2.060606061,1,1.06,No,No,35,747.159
D:/Pipefish Mesocosm Film/Trial 5/10-12-20/10-12 AM 01.MTS,541.895,3.133,Inactive,Male,,,,2.060606061,1,1.06,No,No,35,747.159
D:/Pipefish Mesocosm Film/Trial 5/10-12-20/10-12 AM 01.MTS,545.029,3.795,Wiggle,Male,Active wiggle,Female,3,2.060606061,1,1.06,No,No,35,747.159
D:/Pipefish Mesocosm Film/Trial 5/10-12-20/10-12 AM 01.MTS,548.825,17.945,Inactive,Male,,,,2.060606061,1,1.06,No,No,35,747.159
D:/Pipefish Mesocosm Film/Trial 5/10-12-20/10-12 AM 01.MTS,566.771,7.783,Wiggle,Male,Active wiggle,Female,2,2.060606061,1,1.06,No,No,35,747.159
D:/Pipefish Mesocosm Film/Trial 5/10-12-20/10-12 AM 01.MTS,574.555,3.989,Inactive,Male,,,,2.060606061,1,1.06,No,No,35,747.159
D:/Pipefish Mesocosm Film/Trial 5/10-12-20/10-12 AM 01.MTS,578.545,2.942,Wiggle,Male,Active wiggle,Female,2,2.060606061,1,1.06,No,No,35,747.159
D:/Pipefish Mesocosm Film/Trial 5/10-12-20/10-12 AM 01.MTS,581.488,15.378,Inactive,Male,,,,2.060606061,1,1.06,No,No,35,747.159
D:/Pipefish Mesocosm Film/Trial 5/10-12-20/10-12 AM 01.MTS,595.634,2.943,Pose,Female,Non-s pose,Male,Front,2.060606061,1,1.06,No,No,35,747.159
D:/Pipefish Mesocosm Film/Trial 5/10-12-20/10-12 AM 01.MTS,596.867,3.608,Wiggle,Male,Active wiggle,Female,2,2.060606061,1,1.06,No,No,35,747.159
D:/Pipefish Mesocosm Film/Trial 5/10-12-20/10-12 AM 01.MTS,598.578,17.657,Inactive,Female,,,,2.060606061,1,1.06,No,No,35,747.159
D:/Pipefish Mesocosm Film/Trial 5/10-12-20/10-12 AM 01.MTS,600.476,17.088,Inactive,Male,,,,2.060606061,1,1.06,No,No,35,747.159
D:/Pipefish Mesocosm Film/Trial 5/10-12-20/10-12 AM 01.MTS,616.236,8.735,Pose,Female,S pose,Male,Front,2.060606061,1,1.06,No,No,35,747.159
D:/Pipefish Mesocosm Film/Trial 5/10-12-20/10-12 AM 01.MTS,617.565,3.419,Wiggle,Male,Active wiggle,Female,2,2.060606061,1,1.06,No,No,35,747.159
D:/Pipefish Mesocosm Film/Trial 5/10-12-20/10-12 AM 01.MTS,620.985,11.391,Inactive,Male,,,,2.060606061,1,1.06,No,No,35,747.159
D:/Pipefish Mesocosm Film/Trial 5/10-12-20/10-12 AM 01.MTS,624.972,22.88,Inactive,Female,,,,2.060606061,1,1.06,No,No,35,747.159
D:/Pipefish Mesocosm Film/Trial 5/10-12-20/10-12 AM 01.MTS,632.377,2.182,Wiggle,Male,Subtle wiggle,Female,2,2.060606061,1,1.06,No,No,35,747.159
D:/Pipefish Mesocosm Film/Trial 5/10-12-20/10-12 AM 01.MTS,634.56,13.672,Inactive,Male,,,,2.060606061,1,1.06,No,No,35,747.159
D:/Pipefish Mesocosm Film/Trial 5/10-12-20/10-12 AM 01.MTS,647.853,3.987,Pose,Female,S pose,Male,Front,2.060606061,1,1.06,No,No,35,747.159
D:/Pipefish Mesocosm Film/Trial 5/10-12-20/10-12 AM 01.MTS,648.233,7.026,Wiggle,Male,Active wiggle,Female,2,2.060606061,1,1.06,No,No,35,747.159
D:/Pipefish Mesocosm Film/Trial 5/10-12-20/10-12 AM 01.MTS,651.841,51.079,Inactive,Female,,,,2.060606061,1,1.06,No,No,35,747.159
D:/Pipefish Mesocosm Film/Trial 5/10-12-20/10-12 AM 01.MTS,655.26,16.519,Inactive,Male,,,,2.060606061,1,1.06,No,No,35,747.159
D:/Pipefish Mesocosm Film/Trial 5/10-12-20/10-12 AM 01.MTS,671.78,4.367,Wiggle,Male,Active wiggle,Female,2,2.060606061,1,1.06,No,No,35,747.159
D:/Pipefish Mesocosm Film/Trial 5/10-12-20/10-12 AM 01.MTS,676.148,22.501,Inactive,Male,,,,2.060606061,1,1.06,No,No,35,747.159
D:/Pipefish Mesocosm Film/Trial 5/10-12-20/10-12 AM 01.MTS,698.65,3.51,Wiggle,Male,Active wiggle,Female,3,2.060606061,1,1.06,No,No,35,747.159
D:/Pipefish Mesocosm Film/Trial 5/10-12-20/10-12 AM 01.MTS,702.161,3.417,Inactive,Male,,,,2.060606061,1,1.06,No,No,35,747.159
D:/Pipefish Mesocosm Film/Trial 5/10-12-20/10-12 AM 01.MTS,702.921,5.127,Pose,Female,S pose,Male,Front,2.060606061,1,1.06,No,No,35,747.159
D:/Pipefish Mesocosm Film/Trial 5/10-12-20/10-12 AM 01.MTS,705.579,3.609,Wiggle,Male,Active wiggle,Female,2,2.060606061,1,1.06,No,No,35,747.159
D:/Pipefish Mesocosm Film/Trial 5/10-12-20/10-12 AM 01.MTS,708.049,62.505,Inactive,Female,,,,2.060606061,1,1.06,No,No,35,747.159
D:/Pipefish Mesocosm Film/Trial 5/10-12-20/10-12 AM 01.MTS,709.189,61.365,Inactive,Male,,,,2.060606061,1,1.06,No,No,35,747.159
D:/Pipefish Mesocosm Film/Trial 5/10-12-20/10-12 AM 01.MTS,773.751,2.562,Wiggle,Male,Active wiggle,Female,2,2.04,1,1.04,No,No,36,1656.712
D:/Pipefish Mesocosm Film/Trial 5/10-12-20/10-12 AM 01.MTS,775.906,30.599,Inactive,Female,,,,2.04,1,1.04,No,No,36,1656.712
D:/Pipefish Mesocosm Film/Trial 5/10-12-20/10-12 AM 01.MTS,776.314,23.356,Inactive,Male,,,,2.04,1,1.04,No,No,36,1656.712
D:/Pipefish Mesocosm Film/Trial 5/10-12-20/10-12 AM 01.MTS,799.671,7.309,Wiggle,Male,Active wiggle,Female,2,2.04,1,1.04,No,No,36,1656.712
D:/Pipefish Mesocosm Film/Trial 5/10-12-20/10-12 AM 01.MTS,806.506,14.051,Pose,Female,S pose,Male,Front,2.04,1,1.04,No,No,36,1656.712
D:/Pipefish Mesocosm Film/Trial 5/10-12-20/10-12 AM 01.MTS,806.981,1.857,Inactive,Male,,,,2.04,1,1.04,No,No,36,1656.712
D:/Pipefish Mesocosm Film/Trial 5/10-12-20/10-12 AM 01.MTS,808.839,4.789,Wiggle,Male,Active wiggle,Female,2,2.04,1,1.04,No,No,36,1656.712
D:/Pipefish Mesocosm Film/Trial 5/10-12-20/10-12 AM 01.MTS,813.629,5.124,Inactive,Male,,,,2.04,1,1.04,No,No,36,1656.712
D:/Pipefish Mesocosm Film/Trial 5/10-12-20/10-12 AM 01.MTS,818.754,3.134,Wiggle,Male,Active wiggle,Female,2,2.04,1,1.04,No,No,36,1656.712
D:/Pipefish Mesocosm Film/Trial 5/10-12-20/10-12 AM 01.MTS,820.558,84.786,Inactive,Female,,,,2.04,1,1.04,No,No,36,1656.712
D:/Pipefish Mesocosm Film/Trial 5/10-12-20/10-12 AM 01.MTS,821.889,27.532,Inactive,Male,,,,2.04,1,1.04,No,No,36,1656.712
D:/Pipefish Mesocosm Film/Trial 5/10-12-20/10-12 AM 01.MTS,849.422,6.265,Wiggle,Male,Active wiggle,Female,2,2.04,1,1.04,No,No,36,1656.712
D:/Pipefish Mesocosm Film/Trial 5/10-12-20/10-12 AM 01.MTS,855.688,10.537,Inactive,Male,,,,2.04,1,1.04,No,No,36,1656.712
D:/Pipefish Mesocosm Film/Trial 5/10-12-20/10-12 AM 01.MTS,866.226,4.271,Wiggle,Male,Active wiggle,Female,2,2.04,1,1.04,No,No,36,1656.712
D:/Pipefish Mesocosm Film/Trial 5/10-12-20/10-12 AM 01.MTS,870.498,31.333,Inactive,Male,,,,2.04,1,1.04,No,No,36,1656.712
D:/Pipefish Mesocosm Film/Trial 5/10-12-20/10-12 AM 01.MTS,901.832,4.462,Wiggle,Male,Active wiggle,Female,2,2.04,1,1.04,No,No,36,1656.712
D:/Pipefish Mesocosm Film/Trial 5/10-12-20/10-12 AM 01.MTS,905.345,3.511,Pose,Female,S pose,Male,Front,2.04,1,1.04,No,No,36,1656.712
D:/Pipefish Mesocosm Film/Trial 5/10-12-20/10-12 AM 01.MTS,906.295,11.105,Inactive,Male,,,,2.04,1,1.04,No,No,36,1656.712
D:/Pipefish Mesocosm Film/Trial 5/10-12-20/10-12 AM 01.MTS,908.857,14.811,Inactive,Female,,,,2.04,1,1.04,No,No,36,1656.712
D:/Pipefish Mesocosm Film/Trial 5/10-12-20/10-12 AM 01.MTS,917.401,5.222,Wiggle,Male,Active wiggle,Female,2,2.04,1,1.04,No,No,36,1656.712
D:/Pipefish Mesocosm Film/Trial 5/10-12-20/10-12 AM 01.MTS,922.624,4.84,Inactive,Male,,,,2.04,1,1.04,No,No,36,1656.712
D:/Pipefish Mesocosm Film/Trial 5/10-12-20/10-12 AM 01.MTS,923.669,12.342,Pose,Female,S pose,Male,Front,2.04,1,1.04,No,No,36,1656.712
D:/Pipefish Mesocosm Film/Trial 5/10-12-20/10-12 AM 01.MTS,927.465,4.654,Wiggle,Male,Subtle wiggle,Female,2,2.04,1,1.04,No,No,36,1656.712
D:/Pipefish Mesocosm Film/Trial 5/10-12-20/10-12 AM 01.MTS,932.12,24.779,Inactive,Male,,,,2.04,1,1.04,No,No,36,1656.712
D:/Pipefish Mesocosm Film/Trial 5/10-12-20/10-12 AM 01.MTS,936.012,53.548,Inactive,Female,,,,2.04,1,1.04,No,No,36,1656.712
D:/Pipefish Mesocosm Film/Trial 5/10-12-20/10-12 AM 01.MTS,956.9,7.974,Wiggle,Male,Active wiggle,Female,2,2.04,1,1.04,No,No,36,1656.712
D:/Pipefish Mesocosm Film/Trial 5/10-12-20/10-12 AM 01.MTS,964.875,19.936,Inactive,Male,,,,2.04,1,1.04,No,No,36,1656.712
D:/Pipefish Mesocosm Film/Trial 5/10-12-20/10-12 AM 01.MTS,984.812,5.506,Wiggle,Male,Active wiggle,Female,2,2.04,1,1.04,No,No,36,1656.712
D:/Pipefish Mesocosm Film/Trial 5/10-12-20/10-12 AM 01.MTS,989.561,13.386,Pose,Female,S pose,Male,Front,2.04,1,1.04,No,No,36,1656.712
D:/Pipefish Mesocosm Film/Trial 5/10-12-20/10-12 AM 01.MTS,990.319,2.566,Inactive,Male,,,,2.04,1,1.04,No,No,36,1656.712
D:/Pipefish Mesocosm Film/Trial 5/10-12-20/10-12 AM 01.MTS,992.886,6.739,Wiggle,Male,Active wiggle,Female,2,2.04,1,1.04,No,No,36,1656.712
D:/Pipefish Mesocosm Film/Trial 5/10-12-20/10-12 AM 01.MTS,999.626,4.84,Inactive,Male,,,,2.04,1,1.04,No,No,36,1656.712
D:/Pipefish Mesocosm Film/Trial 5/10-12-20/10-12 AM 01.MTS,1002.948,65.226,Inactive,Female,,,,2.04,1,1.04,No,No,36,1656.712
D:/Pipefish Mesocosm Film/Trial 5/10-12-20/10-12 AM 01.MTS,1004.467,6.265,Wiggle,Male,Subtle wiggle,Female,2,2.04,1,1.04,No,No,36,1656.712
D:/Pipefish Mesocosm Film/Trial 5/10-12-20/10-12 AM 01.MTS,1010.733,24.21,Inactive,Male,,,,2.04,1,1.04,No,No,36,1656.712
D:/Pipefish Mesocosm Film/Trial 5/10-12-20/10-12 AM 01.MTS,1034.944,3.416,Wiggle,Male,Active wiggle,Female,2,2.04,1,1.04,No,No,36,1656.712
D:/Pipefish Mesocosm Film/Trial 5/10-12-20/10-12 AM 01.MTS,1038.361,31.333,Inactive,Male,,,,2.04,1,1.04,No,No,36,1656.712
D:/Pipefish Mesocosm Film/Trial 5/10-12-20/10-12 AM 01.MTS,1068.175,9.779,Pose,Female,S pose,Male,Front,2.04,1,1.04,No,No,36,1656.712
D:/Pipefish Mesocosm Film/Trial 5/10-12-20/10-12 AM 01.MTS,1069.695,8.068,Wiggle,Male,Active wiggle,Female,2,2.04,1,1.04,No,No,36,1656.712
D:/Pipefish Mesocosm Film/Trial 5/10-12-20/10-12 AM 01.MTS,1077.764,32.185,Inactive,Male,,,,2.04,1,1.04,No,No,36,1656.712
D:/Pipefish Mesocosm Film/Trial 5/10-12-20/10-12 AM 01.MTS,1077.955,32.47,Inactive,Female,,,,2.04,1,1.04,No,No,36,1656.712
D:/Pipefish Mesocosm Film/Trial 5/10-12-20/10-12 AM 01.MTS,1109.95,3.228,Wiggle,Male,Subtle wiggle,Female,2,2.04,1,1.04,No,No,36,1656.712
D:/Pipefish Mesocosm Film/Trial 5/10-12-20/10-12 AM 01.MTS,1110.426,0.664,Pose,Female,Flash,Male,Front,2.04,1,1.04,No,No,36,1656.712
D:/Pipefish Mesocosm Film/Trial 5/10-12-20/10-12 AM 01.MTS,1111.091,92.853,Inactive,Female,,,,2.04,1,1.04,No,No,36,1656.712
D:/Pipefish Mesocosm Film/Trial 5/10-12-20/10-12 AM 01.MTS,1113.179,23.356,Inactive,Male,,,,2.04,1,1.04,No,No,36,1656.712
D:/Pipefish Mesocosm Film/Trial 5/10-12-20/10-12 AM 01.MTS,1136.536,2.656,Wiggle,Male,Active wiggle,Female,2,2.04,1,1.04,No,No,36,1656.712
D:/Pipefish Mesocosm Film/Trial 5/10-12-20/10-12 AM 01.MTS,1139.193,50.132,Inactive,Male,,,,2.04,1,1.04,No,No,36,1656.712
D:/Pipefish Mesocosm Film/Trial 5/10-12-20/10-12 AM 01.MTS,1189.326,2.657,Wiggle,Male,Active wiggle,Female,2,2.04,1,1.04,No,No,36,1656.712
D:/Pipefish Mesocosm Film/Trial 5/10-12-20/10-12 AM 01.MTS,1191.984,12.817,Inactive,Male,,,,2.04,1,1.04,No,No,36,1656.712
D:/Pipefish Mesocosm Film/Trial 5/10-12-20/10-12 AM 01.MTS,1203.945,9.876,Pose,Female,S pose,Male,Front,2.04,1,1.04,No,No,36,1656.712
D:/Pipefish Mesocosm Film/Trial 5/10-12-20/10-12 AM 01.MTS,1204.802,2.277,Wiggle,Male,Active wiggle,Female,2,2.04,1,1.04,No,No,36,1656.712
D:/Pipefish Mesocosm Film/Trial 5/10-12-20/10-12 AM 01.MTS,1207.08,1.424,Inactive,Male,,,,2.04,1,1.04,No,No,36,1656.712
D:/Pipefish Mesocosm Film/Trial 5/10-12-20/10-12 AM 01.MTS,1208.505,1.802,Wiggle,Male,Active wiggle,Female,2,2.04,1,1.04,No,No,36,1656.712
D:/Pipefish Mesocosm Film/Trial 5/10-12-20/10-12 AM 01.MTS,1210.308,31.9,Inactive,Male,,,,2.04,1,1.04,No,No,36,1656.712
D:/Pipefish Mesocosm Film/Trial 5/10-12-20/10-12 AM 01.MTS,1213.822,35.316,Inactive,Female,,,,2.04,1,1.04,No,No,36,1656.712
D:/Pipefish Mesocosm Film/Trial 5/10-12-20/10-12 AM 01.MTS,1242.209,4.106,Wiggle,Male,Active wiggle,Female,3,2.04,1,1.04,No,No,36,1656.712
D:/Pipefish Mesocosm Film/Trial 5/10-12-20/10-12 AM 01.MTS,1246.316,3.393,Inactive,Male,,,,2.04,1,1.04,No,No,36,1656.712
D:/Pipefish Mesocosm Film/Trial 5/10-12-20/10-12 AM 01.MTS,1249.139,4.748,Pose,Female,S pose,Male,Front,2.04,1,1.04,No,No,36,1656.712
D:/Pipefish Mesocosm Film/Trial 5/10-12-20/10-12 AM 01.MTS,1249.71,3.226,Wiggle,Male,Active wiggle,Female,3,2.04,1,1.04,No,No,36,1656.712
D:/Pipefish Mesocosm Film/Trial 5/10-12-20/10-12 AM 01.MTS,1252.937,33.041,Inactive,Male,,,,2.04,1,1.04,No,No,36,1656.712
D:/Pipefish Mesocosm Film/Trial 5/10-12-20/10-12 AM 01.MTS,1253.888,72.062,Inactive,Female,,,,2.04,1,1.04,No,No,36,1656.712
D:/Pipefish Mesocosm Film/Trial 5/10-12-20/10-12 AM 01.MTS,1285.979,2.468,Wiggle,Male,Active wiggle,Female,2,2.04,1,1.04,No,No,36,1656.712
D:/Pipefish Mesocosm Film/Trial 5/10-12-20/10-12 AM 01.MTS,1288.448,1.423,Inactive,Male,,,,2.04,1,1.04,No,No,36,1656.712
D:/Pipefish Mesocosm Film/Trial 5/10-12-20/10-12 AM 01.MTS,1289.872,2.847,Wiggle,Male,Active wiggle,Female,2,2.04,1,1.04,No,No,36,1656.712
D:/Pipefish Mesocosm Film/Trial 5/10-12-20/10-12 AM 01.MTS,1292.72,22.786,Inactive,Male,,,,2.04,1,1.04,No,No,36,1656.712
D:/Pipefish Mesocosm Film/Trial 5/10-12-20/10-12 AM 01.MTS,1315.507,2.657,Wiggle,Male,Active wiggle,Female,2,2.04,1,1.04,No,No,36,1656.712
D:/Pipefish Mesocosm Film/Trial 5/10-12-20/10-12 AM 01.MTS,1318.165,8.258,Inactive,Male,,,,2.04,1,1.04,No,No,36,1656.712
D:/Pipefish Mesocosm Film/Trial 5/10-12-20/10-12 AM 01.MTS,1325.951,22.596,Pose,Female,S pose,Male,Front,2.04,1,1.04,No,No,36,1656.712
D:/Pipefish Mesocosm Film/Trial 5/10-12-20/10-12 AM 01.MTS,1326.424,5.412,Wiggle,Male,Subtle wiggle,Female,2,2.04,1,1.04,No,No,36,1656.712
D:/Pipefish Mesocosm Film/Trial 5/10-12-20/10-12 AM 01.MTS,1331.837,7.119,Inactive,Male,,,,2.04,1,1.04,No,No,36,1656.712
D:/Pipefish Mesocosm Film/Trial 5/10-12-20/10-12 AM 01.MTS,1338.957,4.462,Wiggle,Male,Active wiggle,Female,2,2.04,1,1.04,No,No,36,1656.712
D:/Pipefish Mesocosm Film/Trial 5/10-12-20/10-12 AM 01.MTS,1343.42,27.913,Inactive,Male,,,,2.04,1,1.04,No,No,36,1656.712
D:/Pipefish Mesocosm Film/Trial 5/10-12-20/10-12 AM 01.MTS,1348.548,36.457,Inactive,Female,,,,2.04,1,1.04,No,No,36,1656.712
D:/Pipefish Mesocosm Film/Trial 5/10-12-20/10-12 AM 01.MTS,1371.334,3.323,Wiggle,Male,Active wiggle,Female,2,2.04,1,1.04,No,No,36,1656.712
D:/Pipefish Mesocosm Film/Trial 5/10-12-20/10-12 AM 01.MTS,1374.658,12.532,Inactive,Male,,,,2.04,1,1.04,No,No,36,1656.712
D:/Pipefish Mesocosm Film/Trial 5/10-12-20/10-12 AM 01.MTS,1385.006,9.59,Pose,Female,S pose,Male,Front,2.04,1,1.04,No,No,36,1656.712
D:/Pipefish Mesocosm Film/Trial 5/10-12-20/10-12 AM 01.MTS,1387.191,12.72,Wiggle,Male,Active wiggle,Female,2,2.04,1,1.04,No,No,36,1656.712
D:/Pipefish Mesocosm Film/Trial 5/10-12-20/10-12 AM 01.MTS,1394.597,23.544,Inactive,Female,,,,2.04,1,1.04,No,No,36,1656.712
D:/Pipefish Mesocosm Film/Trial 5/10-12-20/10-12 AM 01.MTS,1399.912,17.754,Inactive,Male,,,,2.04,1,1.04,No,No,36,1656.712
D:/Pipefish Mesocosm Film/Trial 5/10-12-20/10-12 AM 01.MTS,1417.667,4.558,Wiggle,Male,Active wiggle,Female,2,2.04,1,1.04,No,No,36,1656.712
D:/Pipefish Mesocosm Film/Trial 5/10-12-20/10-12 AM 01.MTS,1418.142,16.141,Pose,Female,S pose,Male,Front,2.04,1,1.04,No,No,36,1656.712
D:/Pipefish Mesocosm Film/Trial 5/10-12-20/10-12 AM 01.MTS,1422.226,3.702,Inactive,Male,,,,2.04,1,1.04,No,No,36,1656.712
D:/Pipefish Mesocosm Film/Trial 5/10-12-20/10-12 AM 01.MTS,1425.929,5.6,Wiggle,Male,Active wiggle,Female,2,2.04,1,1.04,No,No,36,1656.712
D:/Pipefish Mesocosm Film/Trial 5/10-12-20/10-12 AM 01.MTS,1431.53,33.895,Inactive,Male,,,,2.04,1,1.04,No,No,36,1656.712
D:/Pipefish Mesocosm Film/Trial 5/10-12-20/10-12 AM 01.MTS,1434.284,55.447,Inactive,Female,,,,2.04,1,1.04,No,No,36,1656.712
D:/Pipefish Mesocosm Film/Trial 5/10-12-20/10-12 AM 01.MTS,1465.426,4.936,Wiggle,Male,Active wiggle,Female,2,2.04,1,1.04,No,No,36,1656.712
D:/Pipefish Mesocosm Film/Trial 5/10-12-20/10-12 AM 01.MTS,1470.363,12.818,Inactive,Male,,,,2.04,1,1.04,No,No,36,1656.712
D:/Pipefish Mesocosm Film/Trial 5/10-12-20/10-12 AM 01.MTS,1483.182,2.56,Wiggle,Male,Subtle wiggle,Female,2,2.04,1,1.04,No,No,36,1656.712
D:/Pipefish Mesocosm Film/Trial 5/10-12-20/10-12 AM 01.MTS,1485.743,7.975,Inactive,Male,,,,2.04,1,1.04,No,No,36,1656.712
D:/Pipefish Mesocosm Film/Trial 5/10-12-20/10-12 AM 01.MTS,1489.732,16.707,Pose,Female,S pose,Male,Front,2.04,1,1.04,No,No,36,1656.712
D:/Pipefish Mesocosm Film/Trial 5/10-12-20/10-12 AM 01.MTS,1493.719,5.126,Wiggle,Male,Active wiggle,Female,2,2.04,1,1.04,No,No,36,1656.712
D:/Pipefish Mesocosm Film/Trial 5/10-12-20/10-12 AM 01.MTS,1498.846,3.135,Inactive,Male,,,,2.04,1,1.04,No,No,36,1656.712
D:/Pipefish Mesocosm Film/Trial 5/10-12-20/10-12 AM 01.MTS,1501.982,2.941,Wiggle,Male,Active wiggle,Female,2,2.04,1,1.04,No,No,36,1656.712
D:/Pipefish Mesocosm Film/Trial 5/10-12-20/10-12 AM 01.MTS,1504.924,46.519,Inactive,Male,,,,2.04,1,1.04,No,No,36,1656.712
D:/Pipefish Mesocosm Film/Trial 5/10-12-20/10-12 AM 01.MTS,1506.44,48.072,Inactive,Female,,,,2.04,1,1.04,No,No,36,1656.712
D:/Pipefish Mesocosm Film/Trial 5/10-12-20/10-12 AM 01.MTS,1551.444,2.47,Wiggle,Male,Subtle wiggle,Female,2,2.04,1,1.04,No,No,36,1656.712
D:/Pipefish Mesocosm Film/Trial 5/10-12-20/10-12 AM 01.MTS,1553.915,2.752,Inactive,Male,,,,2.04,1,1.04,No,No,36,1656.712
D:/Pipefish Mesocosm Film/Trial 5/10-12-20/10-12 AM 01.MTS,1554.513,11.107,Pose,Female,S pose,Male,Front,2.04,1,1.04,No,No,36,1656.712
D:/Pipefish Mesocosm Film/Trial 5/10-12-20/10-12 AM 01.MTS,1556.668,8.261,Wiggle,Male,Active wiggle,Female,2,2.04,1,1.04,No,No,36,1656.712
D:/Pipefish Mesocosm Film/Trial 5/10-12-20/10-12 AM 01.MTS,1564.93,27.341,Inactive,Male,,,,2.04,1,1.04,No,No,36,1656.712
D:/Pipefish Mesocosm Film/Trial 5/10-12-20/10-12 AM 01.MTS,1565.621,56.777,Inactive,Female,,,,2.04,1,1.04,No,No,36,1656.712
D:/Pipefish Mesocosm Film/Trial 5/10-12-20/10-12 AM 01.MTS,1592.272,3.037,Wiggle,Male,Active wiggle,Female,2,2.04,1,1.04,No,No,36,1656.712
D:/Pipefish Mesocosm Film/Trial 5/10-12-20/10-12 AM 01.MTS,1595.31,24.021,Inactive,Male,,,,2.04,1,1.04,No,No,36,1656.712
D:/Pipefish Mesocosm Film/Trial 5/10-12-20/10-12 AM 01.MTS,1619.332,8.067,Wiggle,Male,Active wiggle,Female,2,2.04,1,1.04,No,No,36,1656.712
D:/Pipefish Mesocosm Film/Trial 5/10-12-20/10-12 AM 01.MTS,1622.399,10.631,Pose,Female,S pose,Male,Front,2.04,1,1.04,No,No,36,1656.712
D:/Pipefish Mesocosm Film/Trial 5/10-12-20/10-12 AM 01.MTS,1627.4,19.653,Inactive,Male,,,,2.04,1,1.04,No,No,36,1656.712
D:/Pipefish Mesocosm Film/Trial 5/10-12-20/10-12 AM 01.MTS,1633.031,20.222,Inactive,Female,,,,2.04,1,1.04,No,No,36,1656.712
D:/Pipefish Mesocosm Film/Trial 5/10-12-20/10-12 AM 01.MTS,1647.054,2.753,Wiggle,Male,Active wiggle,Female,2,2.04,1,1.04,No,No,36,1656.712
D:/Pipefish Mesocosm Film/Trial 5/10-12-20/10-12 AM 01.MTS,1649.808,3.702,Inactive,Male,,,,2.04,1,1.04,No,No,36,1656.712
D:/Pipefish Mesocosm Film/Trial 5/10-12-20/10-12 AM 01.MTS,1653.254,14.337,Pose,Female,S pose,Male,Front,2.04,1,1.04,No,No,36,1656.712
D:/Pipefish Mesocosm Film/Trial 5/10-12-20/10-12 AM 01.MTS,1653.511,3.797,Wiggle,Male,Active wiggle,Female,2,2.04,1,1.04,No,No,36,1656.712
D:/Pipefish Mesocosm Film/Trial 5/10-12-20/10-12 AM 01.MTS,1657.309,9.683,Inactive,Male,,,,2.04,1,1.04,No,No,36,1656.712
D:/Pipefish Mesocosm Film/Trial 5/10-12-20/10-12 AM 01.MTS,1666.993,2.657,Wiggle,Male,Active wiggle,Female,2,2.04,1,1.04,No,No,36,1656.712
D:/Pipefish Mesocosm Film/Trial 5/10-12-20/10-12 AM 01.MTS,1667.592,40.255,Inactive,Female,,,,2.04,1,1.04,No,No,36,1656.712
D:/Pipefish Mesocosm Film/Trial 5/10-12-20/10-12 AM 01.MTS,1669.651,25.539,Inactive,Male,,,,2.04,1,1.04,No,No,36,1656.712
D:/Pipefish Mesocosm Film/Trial 5/10-12-20/10-12 AM 01.MTS,1695.191,2.468,Wiggle,Male,Active wiggle,Female,2,2.04,1,1.04,No,No,36,1656.712
D:/Pipefish Mesocosm Film/Trial 5/10-12-20/10-12 AM 01.MTS,1697.66,11.299,Inactive,Male,,,,2.04,1,1.04,No,No,36,1656.712
D:/Pipefish Mesocosm Film/Trial 5/10-12-20/10-12 AM 01.MTS,1707.848,8.353,Pose,Female,S pose,Male,Front,2.04,1,1.04,No,No,36,1656.712
D:/Pipefish Mesocosm Film/Trial 5/10-12-20/10-12 AM 01.MTS,1708.96,5.03,Wiggle,Male,Active wiggle,Female,2,2.04,1,1.04,No,No,36,1656.712
D:/Pipefish Mesocosm Film/Trial 5/10-12-20/10-12 AM 01.MTS,1713.991,33.324,Inactive,Male,,,,2.04,1,1.04,No,No,36,1656.712
D:/Pipefish Mesocosm Film/Trial 5/10-12-20/10-12 AM 01.MTS,1716.202,29.624,Inactive,Female,,,,2.04,1,1.04,No,No,36,1656.712
D:/Pipefish Mesocosm Film/Trial 5/10-12-20/10-12 AM 01.MTS,1745.827,3.132,Pose,Female,S pose,Male,Front,2.04,1,1.04,No,No,36,1656.712
D:/Pipefish Mesocosm Film/Trial 5/10-12-20/10-12 AM 01.MTS,1747.316,2.468,Wiggle,Male,Subtle wiggle,Female,2,2.04,1,1.04,No,No,36,1656.712
D:/Pipefish Mesocosm Film/Trial 5/10-12-20/10-12 AM 01.MTS,1748.96,83.077,Inactive,Female,,,,2.04,1,1.04,No,No,36,1656.712
D:/Pipefish Mesocosm Film/Trial 5/10-12-20/10-12 AM 01.MTS,1749.785,49.466,Inactive,Male,,,,2.04,1,1.04,No,No,36,1656.712
D:/Pipefish Mesocosm Film/Trial 5/10-12-20/10-12 AM 01.MTS,1799.252,4.935,Wiggle,Male,Active wiggle,Female,2,2.04,1,1.04,No,No,36,1656.712
D:/Pipefish Mesocosm Film/Trial 5/10-12-20/10-12 AM 01.MTS,1804.188,14.81,Inactive,Male,,,,2.04,1,1.04,No,No,36,1656.712
D:/Pipefish Mesocosm Film/Trial 5/10-12-20/10-12 AM 01.MTS,1818.999,4.083,Wiggle,Male,Active wiggle,Female,2,2.04,1,1.04,No,No,36,1656.712
D:/Pipefish Mesocosm Film/Trial 5/10-12-20/10-12 AM 01.MTS,1823.083,10.348,Inactive,Male,,,,2.04,1,1.04,No,No,36,1656.712
D:/Pipefish Mesocosm Film/Trial 5/10-12-20/10-12 AM 01.MTS,1832.038,8.068,Pose,Female,S pose,Male,Front,2.04,1,1.04,No,No,36,1656.712
D:/Pipefish Mesocosm Film/Trial 5/10-12-20/10-12 AM 01.MTS,1833.432,4.555,Wiggle,Male,Subtle wiggle,Female,2,2.04,1,1.04,No,No,36,1656.712
D:/Pipefish Mesocosm Film/Trial 5/10-12-20/10-12 AM 01.MTS,1837.988,11.965,Inactive,Male,,,,2.04,1,1.04,No,No,36,1656.712
D:/Pipefish Mesocosm Film/Trial 5/10-12-20/10-12 AM 01.MTS,1840.107,51.079,Inactive,Female,,,,2.04,1,1.04,No,No,36,1656.712
D:/Pipefish Mesocosm Film/Trial 5/10-12-20/10-12 AM 01.MTS,1849.954,3.319,Wiggle,Male,Active wiggle,Female,2,2.04,1,1.04,No,No,36,1656.712
D:/Pipefish Mesocosm Film/Trial 5/10-12-20/10-12 AM 01.MTS,1853.274,39.022,Inactive,Male,,,,2.04,1,1.04,No,No,36,1656.712
D:/Pipefish Mesocosm Film/Trial 5/10-12-20/10-12 AM 01.MTS,1891.187,8.83,Pose,Female,S pose,Male,Front,2.04,1,1.04,No,No,36,1656.712
D:/Pipefish Mesocosm Film/Trial 5/10-12-20/10-12 AM 01.MTS,1892.297,4.746,Wiggle,Male,Active wiggle,Female,2,2.04,1,1.04,No,No,36,1656.712
D:/Pipefish Mesocosm Film/Trial 5/10-12-20/10-12 AM 01.MTS,1897.044,10.823,Inactive,Male,,,,2.04,1,1.04,No,No,36,1656.712
D:/Pipefish Mesocosm Film/Trial 5/10-12-20/10-12 AM 01.MTS,1900.018,35.794,Inactive,Female,,,,2.04,1,1.04,No,No,36,1656.712
D:/Pipefish Mesocosm Film/Trial 5/10-12-20/10-12 AM 01.MTS,1907.868,4.082,Wiggle,Male,Active wiggle,Female,3,2.04,1,1.04,No,No,36,1656.712
D:/Pipefish Mesocosm Film/Trial 5/10-12-20/10-12 AM 01.MTS,1911.951,20.032,Inactive,Male,,,,2.04,1,1.04,No,No,36,1656.712
D:/Pipefish Mesocosm Film/Trial 5/10-12-20/10-12 AM 01.MTS,1931.984,4.273,Wiggle,Male,Active wiggle,Female,2,2.04,1,1.04,No,No,36,1656.712
D:/Pipefish Mesocosm Film/Trial 5/10-12-20/10-12 AM 01.MTS,1935.813,8.638,Pose,Female,S pose,Male,Front,2.04,1,1.04,No,No,36,1656.712
D:/Pipefish Mesocosm Film/Trial 5/10-12-20/10-12 AM 01.MTS,1936.258,1.706,Inactive,Male,,,,2.04,1,1.04,No,No,36,1656.712
D:/Pipefish Mesocosm Film/Trial 5/10-12-20/10-12 AM 01.MTS,1937.965,2.659,Wiggle,Male,Active wiggle,Female,2,2.04,1,1.04,No,No,36,1656.712
D:/Pipefish Mesocosm Film/Trial 5/10-12-20/10-12 AM 01.MTS,1940.625,3.131,Inactive,Male,,,,2.04,1,1.04,No,No,36,1656.712
D:/Pipefish Mesocosm Film/Trial 5/10-12-20/10-12 AM 01.MTS,1943.757,2.183,Wiggle,Male,Active wiggle,Female,2,2.04,1,1.04,No,No,36,1656.712
D:/Pipefish Mesocosm Film/Trial 5/10-12-20/10-12 AM 01.MTS,1944.452,56.967,Inactive,Female,,,,2.04,1,1.04,No,No,36,1656.712
D:/Pipefish Mesocosm Film/Trial 5/10-12-20/10-12 AM 01.MTS,1945.941,33.421,Inactive,Male,,,,2.04,1,1.04,No,No,36,1656.712
D:/Pipefish Mesocosm Film/Trial 5/10-12-20/10-12 AM 01.MTS,1979.363,1.708,Wiggle,Male,Subtle wiggle,Female,2,2.04,1,1.04,No,No,36,1656.712
D:/Pipefish Mesocosm Film/Trial 5/10-12-20/10-12 AM 01.MTS,1981.072,11.201,Inactive,Male,,,,2.04,1,1.04,No,No,36,1656.712
D:/Pipefish Mesocosm Film/Trial 5/10-12-20/10-12 AM 01.MTS,1992.274,2.753,Wiggle,Male,Active wiggle,Female,2,2.04,1,1.04,No,No,36,1656.712
D:/Pipefish Mesocosm Film/Trial 5/10-12-20/10-12 AM 01.MTS,1995.028,5.125,Inactive,Male,,,,2.04,1,1.04,No,No,36,1656.712
D:/Pipefish Mesocosm Film/Trial 5/10-12-20/10-12 AM 01.MTS,2000.154,9.874,Wiggle,Male,Active wiggle,Female,2,2.04,1,1.04,No,No,36,1656.712
D:/Pipefish Mesocosm Film/Trial 5/10-12-20/10-12 AM 01.MTS,2001.42,12.246,Pose,Female,S pose,Male,Front,2.04,1,1.04,No,No,36,1656.712
D:/Pipefish Mesocosm Film/Trial 5/10-12-20/10-12 AM 01.MTS,2010.029,54.974,Inactive,Male,,,,2.04,1,1.04,No,No,36,1656.712
D:/Pipefish Mesocosm Film/Trial 5/10-12-20/10-12 AM 01.MTS,2013.667,47.565,Inactive,Female,,,,2.04,1,1.04,No,No,36,1656.712
D:/Pipefish Mesocosm Film/Trial 5/10-12-20/10-12 AM 01.MTS,2061.233,3.608,Pose,Female,S pose,Male,Front,2.04,1,1.04,No,No,36,1656.712
D:/Pipefish Mesocosm Film/Trial 5/10-12-20/10-12 AM 01.MTS,2064.842,38.358,Inactive,Female,,,,2.04,1,1.04,No,No,36,1656.712
D:/Pipefish Mesocosm Film/Trial 5/10-12-20/10-12 AM 01.MTS,2065.004,3.322,Wiggle,Male,Active wiggle,Female,2,2.04,1,1.04,No,No,36,1656.712
D:/Pipefish Mesocosm Film/Trial 5/10-12-20/10-12 AM 01.MTS,2068.327,32.184,Inactive,Male,,,,2.04,1,1.04,No,No,36,1656.712
D:/Pipefish Mesocosm Film/Trial 5/10-12-20/10-12 AM 01.MTS,2100.512,7.216,Wiggle,Male,Active wiggle,Female,2,2.04,1,1.04,No,No,36,1656.712
D:/Pipefish Mesocosm Film/Trial 5/10-12-20/10-12 AM 01.MTS,2103.201,4.841,Pose,Female,S pose,Male,Front,2.04,1,1.04,No,No,36,1656.712
D:/Pipefish Mesocosm Film/Trial 5/10-12-20/10-12 AM 01.MTS,2107.729,24.78,Inactive,Male,,,,2.04,1,1.04,No,No,36,1656.712
D:/Pipefish Mesocosm Film/Trial 5/10-12-20/10-12 AM 01.MTS,2108.043,32.185,Inactive,Female,,,,2.04,1,1.04,No,No,36,1656.712
D:/Pipefish Mesocosm Film/Trial 5/10-12-20/10-12 AM 01.MTS,2132.51,3.131,Wiggle,Male,Active wiggle,Female,2,2.04,1,1.04,No,No,36,1656.712
D:/Pipefish Mesocosm Film/Trial 5/10-12-20/10-12 AM 01.MTS,2135.642,7.69,Inactive,Male,,,,2.04,1,1.04,No,No,36,1656.712
D:/Pipefish Mesocosm Film/Trial 5/10-12-20/10-12 AM 01.MTS,2140.229,15.855,Pose,Female,S pose,Male,Front,2.04,1,1.04,No,No,36,1656.712
D:/Pipefish Mesocosm Film/Trial 5/10-12-20/10-12 AM 01.MTS,2143.333,5.886,Wiggle,Male,Active wiggle,Female,2,2.04,1,1.04,No,No,36,1656.712
D:/Pipefish Mesocosm Film/Trial 5/10-12-20/10-12 AM 01.MTS,2149.22,23.734,Inactive,Male,,,,2.04,1,1.04,No,No,36,1656.712
D:/Pipefish Mesocosm Film/Trial 5/10-12-20/10-12 AM 01.MTS,2156.085,75.1,Inactive,Female,,,,2.04,1,1.04,No,No,36,1656.712
D:/Pipefish Mesocosm Film/Trial 5/10-12-20/10-12 AM 01.MTS,2172.955,3.038,Wiggle,Male,Active wiggle,Female,2,2.04,1,1.04,No,No,36,1656.712
D:/Pipefish Mesocosm Film/Trial 5/10-12-20/10-12 AM 01.MTS,2175.994,43.961,Inactive,Male,,,,2.04,1,1.04,No,No,36,1656.712
D:/Pipefish Mesocosm Film/Trial 5/10-12-20/10-12 AM 01.MTS,2219.956,3.509,Wiggle,Male,Active wiggle,Female,2,2.04,1,1.04,No,No,36,1656.712
D:/Pipefish Mesocosm Film/Trial 5/10-12-20/10-12 AM 01.MTS,2223.466,6.267,Inactive,Male,,,,2.04,1,1.04,No,No,36,1656.712
D:/Pipefish Mesocosm Film/Trial 5/10-12-20/10-12 AM 01.MTS,2229.734,2.751,Wiggle,Male,Active wiggle,Female,2,2.04,1,1.04,No,No,36,1656.712
D:/Pipefish Mesocosm Film/Trial 5/10-12-20/10-12 AM 01.MTS,2231.186,10.633,Pose,Female,S pose,Male,Front,2.04,1,1.04,No,No,36,1656.712
D:/Pipefish Mesocosm Film/Trial 5/10-12-20/10-12 AM 01.MTS,2232.486,1.709,Inactive,Male,,,,2.04,1,1.04,No,No,36,1656.712
D:/Pipefish Mesocosm Film/Trial 5/10-12-20/10-12 AM 01.MTS,2234.196,4.936,Wiggle,Male,Active wiggle,Female,2,2.04,1,1.04,No,No,36,1656.712
D:/Pipefish Mesocosm Film/Trial 5/10-12-20/10-12 AM 01.MTS,2239.133,2.277,Inactive,Male,,,,2.04,1,1.04,No,No,36,1656.712
D:/Pipefish Mesocosm Film/Trial 5/10-12-20/10-12 AM 01.MTS,2241.411,2.372,Wiggle,Male,Active wiggle,Female,2,2.04,1,1.04,No,No,36,1656.712
D:/Pipefish Mesocosm Film/Trial 5/10-12-20/10-12 AM 01.MTS,2241.82,71.683,Inactive,Female,,,,2.04,1,1.04,No,No,36,1656.712
D:/Pipefish Mesocosm Film/Trial 5/10-12-20/10-12 AM 01.MTS,2243.784,25.35,Inactive,Male,,,,2.04,1,1.04,No,No,36,1656.712
D:/Pipefish Mesocosm Film/Trial 5/10-12-20/10-12 AM 01.MTS,2269.135,3.892,Wiggle,Male,Active wiggle,Female,2,2.04,1,1.04,No,No,36,1656.712
D:/Pipefish Mesocosm Film/Trial 5/10-12-20/10-12 AM 01.MTS,2273.028,13.955,Inactive,Male,,,,2.04,1,1.04,No,No,36,1656.712
D:/Pipefish Mesocosm Film/Trial 5/10-12-20/10-12 AM 01.MTS,2286.984,2.468,Wiggle,Male,Active wiggle,Female,2,2.04,1,1.04,No,No,36,1656.712
D:/Pipefish Mesocosm Film/Trial 5/10-12-20/10-12 AM 01.MTS,2289.453,24.78,Inactive,Male,,,,2.04,1,1.04,No,No,36,1656.712
D:/Pipefish Mesocosm Film/Trial 5/10-12-20/10-12 AM 01.MTS,2313.504,1.898,Pose,Female,S pose,Male,Front,2.04,1,1.04,No,No,36,1656.712
D:/Pipefish Mesocosm Film/Trial 5/10-12-20/10-12 AM 01.MTS,2314.234,3.036,Wiggle,Male,Active wiggle,Female,2,2.04,1,1.04,No,No,36,1656.712
D:/Pipefish Mesocosm Film/Trial 5/10-12-20/10-12 AM 01.MTS,2315.403,16.521,Inactive,Female,,,,2.04,1,1.04,No,No,36,1656.712
D:/Pipefish Mesocosm Film/Trial 5/10-12-20/10-12 AM 01.MTS,2317.271,17.85,Inactive,Male,,,,2.04,1,1.04,No,No,36,1656.712
D:/Pipefish Mesocosm Film/Trial 5/10-12-20/10-12 AM 01.MTS,2331.925,3.984,Pose,Female,S pose,Male,Front,2.04,1,1.04,No,No,36,1656.712
D:/Pipefish Mesocosm Film/Trial 5/10-12-20/10-12 AM 01.MTS,2335.122,4.177,Wiggle,Male,Active wiggle,Female,2,2.04,1,1.04,No,No,36,1656.712
D:/Pipefish Mesocosm Film/Trial 5/10-12-20/10-12 AM 01.MTS,2335.91,94.156,Inactive,Female,,,,2.04,1,1.04,No,No,36,1656.712
D:/Pipefish Mesocosm Film/Trial 5/10-12-20/10-12 AM 01.MTS,2339.3,25.065,Inactive,Male,,,,2.04,1,1.04,No,No,36,1656.712
D:/Pipefish Mesocosm Film/Trial 5/10-12-20/10-12 AM 01.MTS,2364.366,5.029,Wiggle,Male,Active wiggle,Female,2,2.04,1,1.04,No,No,36,1656.712
D:/Pipefish Mesocosm Film/Trial 5/10-12-20/10-12 AM 01.MTS,2369.396,60.67,Inactive,Male,,,,2.04,1,1.04,No,No,36,1656.712
D:/Pipefish Mesocosm Film/Trial 5/10-12-20/10-12 AM 01.MTS,2434.054,2.658,Wiggle,Male,Active wiggle,Female,2,2,1,1,No,No,37,99.6
D:/Pipefish Mesocosm Film/Trial 5/10-12-20/10-12 AM 01.MTS,2434.624,23.954,Inactive,Female,,,,2,1,1,No,No,37,99.6
D:/Pipefish Mesocosm Film/Trial 5/10-12-20/10-12 AM 01.MTS,2436.713,3.702,Inactive,Male,,,,2,1,1,No,No,37,99.6
D:/Pipefish Mesocosm Film/Trial 5/10-12-20/10-12 AM 01.MTS,2440.416,3.038,Wiggle,Male,Active wiggle,Female,2,2,1,1,No,No,37,99.6
D:/Pipefish Mesocosm Film/Trial 5/10-12-20/10-12 AM 01.MTS,2443.455,16.233,Inactive,Male,,,,2,1,1,No,No,37,99.6
D:/Pipefish Mesocosm Film/Trial 5/10-12-20/10-12 AM 01.MTS,2458.579,6.455,Pose,Female,S pose,Male,Front,2,1,1,No,No,37,99.6
D:/Pipefish Mesocosm Film/Trial 5/10-12-20/10-12 AM 01.MTS,2459.689,5.316,Wiggle,Male,Active wiggle,Female,2,2,1,1,No,No,37,99.6
D:/Pipefish Mesocosm Film/Trial 5/10-12-20/10-12 AM 01.MTS,2465.006,4.558,Inactive,Male,,,,2,1,1,No,No,37,99.6
D:/Pipefish Mesocosm Film/Trial 5/10-12-20/10-12 AM 01.MTS,2465.035,68.618,Inactive,Female,,,,2,1,1,No,No,37,99.6
D:/Pipefish Mesocosm Film/Trial 5/10-12-20/10-12 AM 01.MTS,2469.565,2.468,Wiggle,Male,Active wiggle,Female,2,2,1,1,No,No,37,99.6
D:/Pipefish Mesocosm Film/Trial 5/10-12-20/10-12 AM 01.MTS,2472.034,61.619,Inactive,Male,,,,2,1,1,No,No,37,99.6
D:/Pipefish Mesocosm Film/Trial 5/10-12-20/10-12 AM 01.MTS,2685.929,12.435,Wiggle,Male,Active wiggle,Female,2,2.083333333,1,1.08,No,No,38,454.928
D:/Pipefish Mesocosm Film/Trial 5/10-12-20/10-12 AM 01.MTS,2686.513,4.491,Inactive,Female,,,,2.083333333,1,1.08,No,No,38,454.928
D:/Pipefish Mesocosm Film/Trial 5/10-12-20/10-12 AM 01.MTS,2691.005,5.79,Pose,Female,S pose,Male,Front,2.083333333,1,1.08,No,No,38,454.928
D:/Pipefish Mesocosm Film/Trial 5/10-12-20/10-12 AM 01.MTS,2696.796,44.718,Inactive,Female,,,,2.083333333,1,1.08,No,No,38,454.928
D:/Pipefish Mesocosm Film/Trial 5/10-12-20/10-12 AM 01.MTS,2698.365,39.688,Inactive,Male,,,,2.083333333,1,1.08,No,No,38,454.928
D:/Pipefish Mesocosm Film/Trial 5/10-12-20/10-12 AM 01.MTS,2738.054,13.767,Wiggle,Male,Active wiggle,Female,2,2.083333333,1,1.08,No,No,38,454.928
D:/Pipefish Mesocosm Film/Trial 5/10-12-20/10-12 AM 01.MTS,2741.515,10.159,Pose,Female,S pose,Male,Front,2.083333333,1,1.08,No,No,38,454.928
D:/Pipefish Mesocosm Film/Trial 5/10-12-20/10-12 AM 01.MTS,2751.675,75.099,Inactive,Female,,,,2.083333333,1,1.08,No,No,38,454.928
D:/Pipefish Mesocosm Film/Trial 5/10-12-20/10-12 AM 01.MTS,2751.822,17.375,Inactive,Male,,,,2.083333333,1,1.08,No,No,38,454.928
D:/Pipefish Mesocosm Film/Trial 5/10-12-20/10-12 AM 01.MTS,2769.198,3.508,Wiggle,Male,Active wiggle,Female,2,2.083333333,1,1.08,No,No,38,454.928
D:/Pipefish Mesocosm Film/Trial 5/10-12-20/10-12 AM 01.MTS,2772.707,52.073,Inactive,Male,,,,2.083333333,1,1.08,No,No,38,454.928
D:/Pipefish Mesocosm Film/Trial 5/10-12-20/10-12 AM 02.MTS,2824.781,2.564,Wiggle,Male,Subtle wiggle,Female,2,2.083333333,1,1.08,No,No,38,454.928
D:/Pipefish Mesocosm Film/Trial 5/10-12-20/10-12 AM 02.MTS,2826.775,13.577,Pose,Female,S pose,Male,Front,2.083333333,1,1.08,No,No,38,454.928
D:/Pipefish Mesocosm Film/Trial 5/10-12-20/10-12 AM 02.MTS,2827.346,1.422,Inactive,Male,,,,2.083333333,1,1.08,No,No,38,454.928
D:/Pipefish Mesocosm Film/Trial 5/10-12-20/10-12 AM 02.MTS,2828.769,7.121,Wiggle,Male,Active wiggle,Female,2,2.083333333,1,1.08,No,No,38,454.928
D:/Pipefish Mesocosm Film/Trial 5/10-12-20/10-12 AM 02.MTS,2835.891,47.281,Inactive,Male,,,,2.083333333,1,1.08,No,No,38,454.928
D:/Pipefish Mesocosm Film/Trial 5/10-12-20/10-12 AM 02.MTS,2840.353,92,Inactive,Female,,,,2.083333333,1,1.08,No,No,38,454.928
D:/Pipefish Mesocosm Film/Trial 5/10-12-20/10-12 AM 02.MTS,2883.173,3.132,Wiggle,Male,Active wiggle,Female,2,2.083333333,1,1.08,No,No,38,454.928
D:/Pipefish Mesocosm Film/Trial 5/10-12-20/10-12 AM 02.MTS,2886.306,9.114,Inactive,Male,,,,2.083333333,1,1.08,No,No,38,454.928
D:/Pipefish Mesocosm Film/Trial 5/10-12-20/10-12 AM 02.MTS,2895.421,2.941,Wiggle,Male,Active wiggle,Male,2,2.083333333,1,1.08,No,No,38,454.928
D:/Pipefish Mesocosm Film/Trial 5/10-12-20/10-12 AM 02.MTS,2898.363,14.811,Inactive,Male,,,,2.083333333,1,1.08,No,No,38,454.928
D:/Pipefish Mesocosm Film/Trial 5/10-12-20/10-12 AM 02.MTS,2913.175,2.467,Wiggle,Male,Active wiggle,Female,3,2.083333333,1,1.08,No,No,38,454.928
D:/Pipefish Mesocosm Film/Trial 5/10-12-20/10-12 AM 02.MTS,2915.643,12.248,Inactive,Male,,,,2.083333333,1,1.08,No,No,38,454.928
D:/Pipefish Mesocosm Film/Trial 5/10-12-20/10-12 AM 02.MTS,2927.892,9.494,Wiggle,Male,Active wiggle,Female,2,2.083333333,1,1.08,No,No,38,454.928
D:/Pipefish Mesocosm Film/Trial 5/10-12-20/10-12 AM 02.MTS,2932.354,5.316,Pose,Female,S pose,Male,Front,2.083333333,1,1.08,No,No,38,454.928
D:/Pipefish Mesocosm Film/Trial 5/10-12-20/10-12 AM 02.MTS,2937.387,39.306,Inactive,Male,,,,2.083333333,1,1.08,No,No,38,454.928
D:/Pipefish Mesocosm Film/Trial 5/10-12-20/10-12 AM 02.MTS,2937.671,43.009,Inactive,Female,,,,2.083333333,1,1.08,No,No,38,454.928
D:/Pipefish Mesocosm Film/Trial 5/10-12-20/10-12 AM 02.MTS,2976.694,9.683,Wiggle,Male,Active wiggle,Female,2,2.083333333,1,1.08,No,No,38,454.928
D:/Pipefish Mesocosm Film/Trial 5/10-12-20/10-12 AM 02.MTS,2980.681,11.392,Pose,Female,S pose,Male,Front,2.083333333,1,1.08,No,No,38,454.928
D:/Pipefish Mesocosm Film/Trial 5/10-12-20/10-12 AM 02.MTS,2986.378,60.384,Inactive,Male,,,,2.083333333,1,1.08,No,No,38,454.928
D:/Pipefish Mesocosm Film/Trial 5/10-12-20/10-12 AM 02.MTS,2992.074,76.716,Inactive,Female,,,,2.083333333,1,1.08,No,No,38,454.928
D:/Pipefish Mesocosm Film/Trial 5/10-12-20/10-12 AM 02.MTS,3046.763,3.038,Wiggle,Male,Active wiggle,Female,2,2.083333333,1,1.08,No,No,38,454.928
D:/Pipefish Mesocosm Film/Trial 5/10-12-20/10-12 AM 02.MTS,3049.802,16.234,Inactive,Male,,,,2.083333333,1,1.08,No,No,38,454.928
D:/Pipefish Mesocosm Film/Trial 5/10-12-20/10-12 AM 02.MTS,3066.037,12.153,Wiggle,Male,Active wiggle,Female,2,2.083333333,1,1.08,No,No,38,454.928
D:/Pipefish Mesocosm Film/Trial 5/10-12-20/10-12 AM 02.MTS,3068.791,11.297,Pose,Female,S pose,Male,Front,2.083333333,1,1.08,No,No,38,454.928
D:/Pipefish Mesocosm Film/Trial 5/10-12-20/10-12 AM 02.MTS,3078.191,62.664,Inactive,Male,,,,2.083333333,1,1.08,No,No,38,454.928
D:/Pipefish Mesocosm Film/Trial 5/10-12-20/10-12 AM 02.MTS,3080.089,60.766,Inactive,Female,,,,2.083333333,1,1.08,No,No,38,454.928
D:/Pipefish Mesocosm Film/Trial 5/10-12-20/10-12 AM 02.MTS,3145.981,5.411,Wiggle,Male,Active wiggle,Female,2,2.076923077,1,1.08,No,No,39,445.199
D:/Pipefish Mesocosm Film/Trial 5/10-12-20/10-12 AM 02.MTS,3146.55,41.965,Inactive,Female,,,,2.076923077,1,1.08,No,No,39,445.199
D:/Pipefish Mesocosm Film/Trial 5/10-12-20/10-12 AM 02.MTS,3151.393,37.121,Inactive,Male,,,,2.076923077,1,1.08,No,No,39,445.199
D:/Pipefish Mesocosm Film/Trial 5/10-12-20/10-12 AM 02.MTS,3188.515,4.653,Wiggle,Male,Active wiggle,Female,2,2.076923077,1,1.08,No,No,39,445.199
D:/Pipefish Mesocosm Film/Trial 5/10-12-20/10-12 AM 02.MTS,3188.516,2.468,Pose,Female,Non-s pose,Male,Back,2.076923077,1,1.08,No,No,39,445.199
D:/Pipefish Mesocosm Film/Trial 5/10-12-20/10-12 AM 02.MTS,3190.985,105.103,Inactive,Female,,,,2.076923077,1,1.08,No,No,39,445.199
D:/Pipefish Mesocosm Film/Trial 5/10-12-20/10-12 AM 02.MTS,3193.169,23.638,Inactive,Male,,,,2.076923077,1,1.08,No,No,39,445.199
D:/Pipefish Mesocosm Film/Trial 5/10-12-20/10-12 AM 02.MTS,3216.808,3.799,Wiggle,Male,Active wiggle,Female,2,2.076923077,1,1.08,No,No,39,445.199
D:/Pipefish Mesocosm Film/Trial 5/10-12-20/10-12 AM 02.MTS,3220.608,38.166,Inactive,Male,,,,2.076923077,1,1.08,No,No,39,445.199
D:/Pipefish Mesocosm Film/Trial 5/10-12-20/10-12 AM 02.MTS,3258.775,3.701,Wiggle,Male,Active wiggle,Female,2,2.076923077,1,1.08,No,No,39,445.199
D:/Pipefish Mesocosm Film/Trial 5/10-12-20/10-12 AM 02.MTS,3262.477,34.181,Inactive,Male,,,,2.076923077,1,1.08,No,No,39,445.199
D:/Pipefish Mesocosm Film/Trial 5/10-12-20/10-12 AM 02.MTS,3296.089,12.056,Pose,Female,S pose,Male,Front,2.076923077,1,1.08,No,No,39,445.199
D:/Pipefish Mesocosm Film/Trial 5/10-12-20/10-12 AM 02.MTS,3296.659,7.688,Wiggle,Male,Active wiggle,Female,3,2.076923077,1,1.08,No,No,39,445.199
D:/Pipefish Mesocosm Film/Trial 5/10-12-20/10-12 AM 02.MTS,3304.348,39.119,Inactive,Male,,,,2.076923077,1,1.08,No,No,39,445.199
D:/Pipefish Mesocosm Film/Trial 5/10-12-20/10-12 AM 02.MTS,3308.146,99.407,Inactive,Female,,,,2.076923077,1,1.08,No,No,39,445.199
D:/Pipefish Mesocosm Film/Trial 5/10-12-20/10-12 AM 02.MTS,3343.468,3.319,Wiggle,Male,Subtle wiggle,Female,2,2.076923077,1,1.08,No,No,39,445.199
D:/Pipefish Mesocosm Film/Trial 5/10-12-20/10-12 AM 02.MTS,3346.788,45.574,Inactive,Male,,,,2.076923077,1,1.08,No,No,39,445.199
D:/Pipefish Mesocosm Film/Trial 5/10-12-20/10-12 AM 02.MTS,3392.363,2.563,Wiggle,Male,Active wiggle,Female,2,2.076923077,1,1.08,No,No,39,445.199
D:/Pipefish Mesocosm Film/Trial 5/10-12-20/10-12 AM 02.MTS,3394.927,9.967,Inactive,Male,,,,2.076923077,1,1.08,No,No,39,445.199
D:/Pipefish Mesocosm Film/Trial 5/10-12-20/10-12 AM 02.MTS,3404.895,3.512,Wiggle,Male,Active wiggle,Female,2,2.076923077,1,1.08,No,No,39,445.199
D:/Pipefish Mesocosm Film/Trial 5/10-12-20/10-12 AM 02.MTS,3407.554,2.372,Pose,Female,S pose,Male,Front,2.076923077,1,1.08,No,No,39,445.199
D:/Pipefish Mesocosm Film/Trial 5/10-12-20/10-12 AM 02.MTS,3408.408,9.114,Inactive,Male,,,,2.076923077,1,1.08,No,No,39,445.199
D:/Pipefish Mesocosm Film/Trial 5/10-12-20/10-12 AM 02.MTS,3409.927,92.571,Inactive,Female,,,,2.076923077,1,1.08,No,No,39,445.199
D:/Pipefish Mesocosm Film/Trial 5/10-12-20/10-12 AM 02.MTS,3417.523,3.417,Wiggle,Male,Active wiggle,Female,2,2.076923077,1,1.08,No,No,39,445.199
D:/Pipefish Mesocosm Film/Trial 5/10-12-20/10-12 AM 02.MTS,3420.941,18.514,Inactive,Male,,,,2.076923077,1,1.08,No,No,39,445.199
D:/Pipefish Mesocosm Film/Trial 5/10-12-20/10-12 AM 02.MTS,3439.456,2.087,Wiggle,Male,Active wiggle,Female,2,2.076923077,1,1.08,No,No,39,445.199
D:/Pipefish Mesocosm Film/Trial 5/10-12-20/10-12 AM 02.MTS,3441.544,20.794,Inactive,Male,,,,2.076923077,1,1.08,No,No,39,445.199
D:/Pipefish Mesocosm Film/Trial 5/10-12-20/10-12 AM 02.MTS,3462.339,4.08,Wiggle,Male,Active wiggle,Female,2,2.076923077,1,1.08,No,No,39,445.199
D:/Pipefish Mesocosm Film/Trial 5/10-12-20/10-12 AM 02.MTS,3466.42,33.039,Inactive,Male,,,,2.076923077,1,1.08,No,No,39,445.199
D:/Pipefish Mesocosm Film/Trial 5/10-12-20/10-12 AM 02.MTS,3499.46,9.589,Wiggle,Male,Active wiggle,Female,2,2.076923077,1,1.08,No,No,39,445.199
D:/Pipefish Mesocosm Film/Trial 5/10-12-20/10-12 AM 02.MTS,3502.499,7.88,Pose,Female,S pose,Male,Front,2.076923077,1,1.08,No,No,39,445.199
D:/Pipefish Mesocosm Film/Trial 5/10-12-20/10-12 AM 02.MTS,3509.05,15.667,Inactive,Male,,,,2.076923077,1,1.08,No,No,39,445.199
D:/Pipefish Mesocosm Film/Trial 5/10-12-20/10-12 AM 02.MTS,3510.38,15.096,Inactive,Female,,,,2.076923077,1,1.08,No,No,39,445.199
D:/Pipefish Mesocosm Film/Trial 5/10-12-20/10-12 AM 02.MTS,3524.718,5.599,Wiggle,Male,Active wiggle,Female,2,2.076923077,1,1.08,No,No,39,445.199
D:/Pipefish Mesocosm Film/Trial 5/10-12-20/10-12 AM 02.MTS,3525.477,5.413,Pose,Female,S pose,Male,Front,2.076923077,1,1.08,No,No,39,445.199
D:/Pipefish Mesocosm Film/Trial 5/10-12-20/10-12 AM 02.MTS,3530.318,60.1,Inactive,Male,,,,2.076923077,1,1.08,No,No,39,445.199
D:/Pipefish Mesocosm Film/Trial 5/10-12-20/10-12 AM 02.MTS,3530.891,59.527,Inactive,Female,,,,2.076923077,1,1.08,No,No,39,445.199
D:/Pipefish Mesocosm Film/Trial 5/10-12-20/10-12 AM 02.MTS,3603.522,5.03,Wiggle,Male,Active wiggle,Female,2,2.142857143,1,1.14,No,No,40,238.598
D:/Pipefish Mesocosm Film/Trial 5/10-12-20/10-12 AM 02.MTS,3604.514,38.03,Inactive,Female,,,,2.142857143,1,1.14,No,No,40,238.598
D:/Pipefish Mesocosm Film/Trial 5/10-12-20/10-12 AM 02.MTS,3608.553,31.9,Inactive,Male,,,,2.142857143,1,1.14,No,No,40,238.598
D:/Pipefish Mesocosm Film/Trial 5/10-12-20/10-12 AM 02.MTS,3640.454,8.353,Wiggle,Male,Active wiggle,Female,2,2.142857143,1,1.14,No,No,40,238.598
D:/Pipefish Mesocosm Film/Trial 5/10-12-20/10-12 AM 02.MTS,3642.545,7.878,Pose,Female,S pose,Male,Front,2.142857143,1,1.14,No,No,40,238.598
D:/Pipefish Mesocosm Film/Trial 5/10-12-20/10-12 AM 02.MTS,3648.808,2.563,Inactive,Male,,,,2.142857143,1,1.14,No,No,40,238.598
D:/Pipefish Mesocosm Film/Trial 5/10-12-20/10-12 AM 02.MTS,3650.424,146.22,Inactive,Female,,,,2.142857143,1,1.14,No,No,40,238.598
D:/Pipefish Mesocosm Film/Trial 5/10-12-20/10-12 AM 02.MTS,3651.372,2.563,Wiggle,Male,Active wiggle,Female,2,2.142857143,1,1.14,No,No,40,238.598
D:/Pipefish Mesocosm Film/Trial 5/10-12-20/10-12 AM 02.MTS,3653.936,27.344,Inactive,Male,,,,2.142857143,1,1.14,No,No,40,238.598
D:/Pipefish Mesocosm Film/Trial 5/10-12-20/10-12 AM 02.MTS,3681.281,2.562,Wiggle,Male,Subtle wiggle,Female,2,2.142857143,1,1.14,No,No,40,238.598
D:/Pipefish Mesocosm Film/Trial 5/10-12-20/10-12 AM 02.MTS,3683.844,38.452,Inactive,Male,,,,2.142857143,1,1.14,No,No,40,238.598
D:/Pipefish Mesocosm Film/Trial 5/10-12-20/10-12 AM 02.MTS,3722.297,1.993,Wiggle,Male,Subtle wiggle,Female,2,2.142857143,1,1.14,No,No,40,238.598
D:/Pipefish Mesocosm Film/Trial 5/10-12-20/10-12 AM 02.MTS,3724.291,71.113,Inactive,Male,,,,2.142857143,1,1.14,No,No,40,238.598
D:/Pipefish Mesocosm Film/Trial 5/10-12-20/10-12 AM 02.MTS,3795.405,4.46,Wiggle,Male,Active wiggle,Female,2,2.142857143,1,1.14,No,No,40,238.598
D:/Pipefish Mesocosm Film/Trial 5/10-12-20/10-12 AM 02.MTS,3796.645,4.741,Pose,Female,S pose,Male,Front,2.142857143,1,1.14,No,No,40,238.598
D:/Pipefish Mesocosm Film/Trial 5/10-12-20/10-12 AM 02.MTS,3799.866,27.914,Inactive,Male,,,,2.142857143,1,1.14,No,No,40,238.598
D:/Pipefish Mesocosm Film/Trial 5/10-12-20/10-12 AM 02.MTS,3801.387,39.118,Inactive,Female,,,,2.142857143,1,1.14,No,No,40,238.598
D:/Pipefish Mesocosm Film/Trial 5/10-12-20/10-12 AM 02.MTS,3827.781,2.183,Wiggle,Male,Subtle wiggle,Female,3,2.142857143,1,1.14,No,No,40,238.598
D:/Pipefish Mesocosm Film/Trial 5/10-12-20/10-12 AM 02.MTS,3829.965,10.54,Inactive,Male,,,,2.142857143,1,1.14,No,No,40,238.598
D:/Pipefish Mesocosm Film/Trial 5/10-12-20/10-12 AM 02.MTS,3962.032,3.894,Pose,Female,S pose,Male,Front,2,1,1,No,No,41,563.471
D:/Pipefish Mesocosm Film/Trial 5/10-12-20/10-12 AM 02.MTS,3963.362,3.418,Wiggle,Male,Active wiggle,Female,2,2,1,1,No,No,41,563.471
D:/Pipefish Mesocosm Film/Trial 5/10-12-20/10-12 AM 02.MTS,3965.927,3.985,Inactive,Female,,,,2,1,1,No,No,41,563.471
D:/Pipefish Mesocosm Film/Trial 5/10-12-20/10-12 AM 02.MTS,3966.781,8.818,Inactive,Male,,,,2,1,1,No,No,41,563.471
D:/Pipefish Mesocosm Film/Trial 5/10-12-20/10-12 AM 02.MTS,3969.913,5.507,Pose,Female,S pose,Male,Front,2,1,1,No,No,41,563.471
D:/Pipefish Mesocosm Film/Trial 5/10-12-20/10-12 AM 02.MTS,3975.421,3.702,Inactive,Female,,,,2,1,1,No,No,41,563.471
D:/Pipefish Mesocosm Film/Trial 5/10-12-20/10-12 AM 02.MTS,3975.6,10.253,Wiggle,Male,Active wiggle,Female,2,2,1,1,No,No,41,563.471
D:/Pipefish Mesocosm Film/Trial 5/10-12-20/10-12 AM 02.MTS,3979.124,3.607,Pose,Female,S pose,Male,Front,2,1,1,No,No,41,563.471
D:/Pipefish Mesocosm Film/Trial 5/10-12-20/10-12 AM 02.MTS,3982.732,10.158,Inactive,Female,,,,2,1,1,No,No,41,563.471
D:/Pipefish Mesocosm Film/Trial 5/10-12-20/10-12 AM 02.MTS,3985.854,4.842,Inactive,Male,,,,2,1,1,No,No,41,563.471
D:/Pipefish Mesocosm Film/Trial 5/10-12-20/10-12 AM 02.MTS,3990.697,3.227,Wiggle,Male,Subtle wiggle,Female,2,2,1,1,No,No,41,563.471
D:/Pipefish Mesocosm Film/Trial 5/10-12-20/10-12 AM 02.MTS,3992.891,8.642,Pose,Female,S pose,Male,Front,2,1,1,No,No,41,563.471
D:/Pipefish Mesocosm Film/Trial 5/10-12-20/10-12 AM 02.MTS,3993.925,2.278,Inactive,Male,,,,2,1,1,No,No,41,563.471
D:/Pipefish Mesocosm Film/Trial 5/10-12-20/10-12 AM 02.MTS,3996.204,2.847,Wiggle,Male,Active wiggle,Female,2,2,1,1,No,No,41,563.471
D:/Pipefish Mesocosm Film/Trial 5/10-12-20/10-12 AM 02.MTS,3999.052,38.166,Inactive,Male,,,,2,1,1,No,No,41,563.471
D:/Pipefish Mesocosm Film/Trial 5/10-12-20/10-12 AM 02.MTS,4001.535,159.314,Inactive,Female,,,,2,1,1,No,No,41,563.471
D:/Pipefish Mesocosm Film/Trial 5/10-12-20/10-12 AM 02.MTS,4037.219,3.133,Wiggle,Male,Subtle wiggle,Female,2,2,1,1,No,No,41,563.471
D:/Pipefish Mesocosm Film/Trial 5/10-12-20/10-12 AM 02.MTS,4040.353,51.157,Inactive,Male,,,,2,1,1,No,No,41,563.471
D:/Pipefish Mesocosm Film/Trial 5/10-12-20/10-12 AM 02.MTS,4091.511,9.02,Wiggle,Male,Active wiggle,Female,2,2,1,1,No,No,41,563.471
D:/Pipefish Mesocosm Film/Trial 5/10-12-20/10-12 AM 02.MTS,4100.532,28.482,Inactive,Male,,,,2,1,1,No,No,41,563.471
D:/Pipefish Mesocosm Film/Trial 5/10-12-20/10-12 AM 02.MTS,4129.015,1.613,Wiggle,Male,Active wiggle,Female,2,2,1,1,No,No,41,563.471
D:/Pipefish Mesocosm Film/Trial 5/10-12-20/10-12 AM 02.MTS,4130.629,28.198,Inactive,Male,,,,2,1,1,No,No,41,563.471
D:/Pipefish Mesocosm Film/Trial 5/10-12-20/10-12 AM 02.MTS,4158.828,7.689,Wiggle,Male,Active wiggle,Female,2,2,1,1,No,No,41,563.471
D:/Pipefish Mesocosm Film/Trial 5/10-12-20/10-12 AM 02.MTS,4160.85,9.872,Pose,Female,S pose,Male,Front,2,1,1,No,No,41,563.471
D:/Pipefish Mesocosm Film/Trial 5/10-12-20/10-12 AM 02.MTS,4166.518,32.281,Inactive,Male,,,,2,1,1,No,No,41,563.471
D:/Pipefish Mesocosm Film/Trial 5/10-12-20/10-12 AM 02.MTS,4170.723,52.883,Inactive,Female,,,,2,1,1,No,No,41,563.471
D:/Pipefish Mesocosm Film/Trial 5/10-12-20/10-12 AM 02.MTS,4198.8,2.847,Wiggle,Male,Active wiggle,Female,2,2,1,1,No,No,41,563.471
D:/Pipefish Mesocosm Film/Trial 5/10-12-20/10-12 AM 02.MTS,4201.648,17.088,Inactive,Male,,,,2,1,1,No,No,41,563.471
D:/Pipefish Mesocosm Film/Trial 5/10-12-20/10-12 AM 02.MTS,4218.737,4.842,Wiggle,Male,Active wiggle,Female,2,2,1,1,No,No,41,563.471
D:/Pipefish Mesocosm Film/Trial 5/10-12-20/10-12 AM 02.MTS,4223.58,29.906,Inactive,Male,,,,2,1,1,No,No,41,563.471
D:/Pipefish Mesocosm Film/Trial 5/10-12-20/10-12 AM 02.MTS,4223.607,10.538,Pose,Female,S pose,Male,Front,2,1,1,No,No,41,563.471
D:/Pipefish Mesocosm Film/Trial 5/10-12-20/10-12 AM 02.MTS,4234.146,18.42,Inactive,Female,,,,2,1,1,No,No,41,563.471
D:/Pipefish Mesocosm Film/Trial 5/10-12-20/10-12 AM 02.MTS,4252.567,5.028,Pose,Female,S pose,Male,Front,2,1,1,No,No,41,563.471
D:/Pipefish Mesocosm Film/Trial 5/10-12-20/10-12 AM 02.MTS,4253.487,5.602,Wiggle,Male,Active wiggle,Female,2,2,1,1,No,No,41,563.471
D:/Pipefish Mesocosm Film/Trial 5/10-12-20/10-12 AM 02.MTS,4257.596,53.172,Inactive,Female,,,,2,1,1,No,No,41,563.471
D:/Pipefish Mesocosm Film/Trial 5/10-12-20/10-12 AM 02.MTS,4259.09,47.281,Inactive,Male,,,,2,1,1,No,No,41,563.471
D:/Pipefish Mesocosm Film/Trial 5/10-12-20/10-12 AM 02.MTS,4306.372,4.178,Wiggle,Male,Active wiggle,Female,2,2,1,1,No,No,41,563.471
D:/Pipefish Mesocosm Film/Trial 5/10-12-20/10-12 AM 02.MTS,4310.551,3.986,Inactive,Male,,,,2,1,1,No,No,41,563.471
D:/Pipefish Mesocosm Film/Trial 5/10-12-20/10-12 AM 02.MTS,4310.769,9.397,Pose,Female,S pose,Male,Front,2,1,1,No,No,41,563.471
D:/Pipefish Mesocosm Film/Trial 5/10-12-20/10-12 AM 02.MTS,4314.538,2.277,Wiggle,Male,Active wiggle,Female,2,2,1,1,No,No,41,563.471
D:/Pipefish Mesocosm Film/Trial 5/10-12-20/10-12 AM 02.MTS,4316.816,3.986,Inactive,Male,,,,2,1,1,No,No,41,563.471
D:/Pipefish Mesocosm Film/Trial 5/10-12-20/10-12 AM 02.MTS,4320.167,48.61,Inactive,Female,,,,2,1,1,No,No,41,563.471
D:/Pipefish Mesocosm Film/Trial 5/10-12-20/10-12 AM 02.MTS,4320.803,2.373,Wiggle,Male,Active wiggle,Female,2,2,1,1,No,No,41,563.471
D:/Pipefish Mesocosm Film/Trial 5/10-12-20/10-12 AM 02.MTS,4323.177,15.666,Inactive,Male,,,,2,1,1,No,No,41,563.471
D:/Pipefish Mesocosm Film/Trial 5/10-12-20/10-12 AM 02.MTS,4338.844,2.088,Wiggle,Male,Subtle wiggle,Female,2,2,1,1,No,No,41,563.471
D:/Pipefish Mesocosm Film/Trial 5/10-12-20/10-12 AM 02.MTS,4340.933,26.678,Inactive,Male,,,,2,1,1,No,No,41,563.471
D:/Pipefish Mesocosm Film/Trial 5/10-12-20/10-12 AM 02.MTS,4367.612,1.612,Wiggle,Male,Subtle wiggle,Female,2,2,1,1,No,No,41,563.471
D:/Pipefish Mesocosm Film/Trial 5/10-12-20/10-12 AM 02.MTS,4368.778,6.075,Pose,Female,S pose,Male,Front,2,1,1,No,No,41,563.471
D:/Pipefish Mesocosm Film/Trial 5/10-12-20/10-12 AM 02.MTS,4369.225,53.265,Inactive,Male,,,,2,1,1,No,No,41,563.471
D:/Pipefish Mesocosm Film/Trial 5/10-12-20/10-12 AM 02.MTS,4374.854,54.024,Inactive,Female,,,,2,1,1,No,No,41,563.471
D:/Pipefish Mesocosm Film/Trial 5/10-12-20/10-12 AM 02.MTS,4422.491,2.467,Wiggle,Male,Active wiggle,Female,2,2,1,1,No,No,41,563.471
D:/Pipefish Mesocosm Film/Trial 5/10-12-20/10-12 AM 02.MTS,4424.959,3.132,Inactive,Male,,,,2,1,1,No,No,41,563.471
D:/Pipefish Mesocosm Film/Trial 5/10-12-20/10-12 AM 02.MTS,4428.092,4.176,Wiggle,Male,Active wiggle,Female,2,2,1,1,No,No,41,563.471
D:/Pipefish Mesocosm Film/Trial 5/10-12-20/10-12 AM 02.MTS,4428.879,4.176,Pose,Female,Non-s pose,Male,Front,2,1,1,No,No,41,563.471
D:/Pipefish Mesocosm Film/Trial 5/10-12-20/10-12 AM 02.MTS,4432.269,26.774,Inactive,Male,,,,2,1,1,No,No,41,563.471
D:/Pipefish Mesocosm Film/Trial 5/10-12-20/10-12 AM 02.MTS,4433.056,2.942,Wiggle,Female,Subtle wiggle,Male,2,2,1,1,No,No,41,563.471
D:/Pipefish Mesocosm Film/Trial 5/10-12-20/10-12 AM 02.MTS,4435.999,88.583,Inactive,Female,,,,2,1,1,No,No,41,563.471
D:/Pipefish Mesocosm Film/Trial 5/10-12-20/10-12 AM 02.MTS,4459.044,3.892,Wiggle,Male,Subtle wiggle,Female,2,2,1,1,No,No,41,563.471
D:/Pipefish Mesocosm Film/Trial 5/10-12-20/10-12 AM 02.MTS,4462.937,61.645,Inactive,Male,,,,2,1,1,No,No,41,563.471
D:/Pipefish Mesocosm Film/Trial 5/10-12-20/10-12 AM 02.MTS,4566.807,3.228,Wiggle,Male,Active wiggle,Female,2,2,1,1,Yes,Yes,42,271.959
D:/Pipefish Mesocosm Film/Trial 5/10-12-20/10-12 AM 02.MTS,4567.519,69.669,Inactive,Female,,,,2,1,1,Yes,Yes,42,271.959
D:/Pipefish Mesocosm Film/Trial 5/10-12-20/10-12 AM 02.MTS,4570.036,31.806,Inactive,Male,,,,2,1,1,Yes,Yes,42,271.959
D:/Pipefish Mesocosm Film/Trial 5/10-12-20/10-12 AM 02.MTS,4601.843,1.8,Wiggle,Male,Active wiggle,Female,2,2,1,1,Yes,Yes,42,271.959
D:/Pipefish Mesocosm Film/Trial 5/10-12-20/10-12 AM 02.MTS,4603.644,29.908,Inactive,Male,,,,2,1,1,Yes,Yes,42,271.959
D:/Pipefish Mesocosm Film/Trial 5/10-12-20/10-12 AM 02.MTS,4633.553,12.532,Wiggle,Male,Active wiggle,Female,2,2,1,1,Yes,Yes,42,271.959
D:/Pipefish Mesocosm Film/Trial 5/10-12-20/10-12 AM 02.MTS,4637.189,10.252,Pose,Female,S pose,Male,Front,2,1,1,Yes,Yes,42,271.959
D:/Pipefish Mesocosm Film/Trial 5/10-12-20/10-12 AM 02.MTS,4646.086,9.969,Inactive,Male,,,,2,1,1,Yes,Yes,42,271.959
D:/Pipefish Mesocosm Film/Trial 5/10-12-20/10-12 AM 02.MTS,4647.442,61.144,Inactive,Female,,,,2,1,1,Yes,Yes,42,271.959
D:/Pipefish Mesocosm Film/Trial 5/10-12-20/10-12 AM 02.MTS,4656.056,1.99,Wiggle,Male,Subtle wiggle,Female,2,2,1,1,Yes,Yes,42,271.959
D:/Pipefish Mesocosm Film/Trial 5/10-12-20/10-12 AM 02.MTS,4658.047,24.78,Inactive,Male,,,,2,1,1,Yes,Yes,42,271.959
D:/Pipefish Mesocosm Film/Trial 5/10-12-20/10-12 AM 02.MTS,4682.828,5.412,Wiggle,Male,Active wiggle,Female,2,2,1,1,Yes,Yes,42,271.959
D:/Pipefish Mesocosm Film/Trial 5/10-12-20/10-12 AM 02.MTS,4688.241,22.691,Inactive,Male,,,,2,1,1,Yes,Yes,42,271.959
D:/Pipefish Mesocosm Film/Trial 5/10-12-20/10-12 AM 02.MTS,4708.587,5.885,Pose,Female,S pose,Male,Front,2,1,1,Yes,Yes,42,271.959
D:/Pipefish Mesocosm Film/Trial 5/10-12-20/10-12 AM 02.MTS,4710.933,4.936,Wiggle,Male,Active wiggle,Female,2,2,1,1,Yes,Yes,42,271.959
D:/Pipefish Mesocosm Film/Trial 5/10-12-20/10-12 AM 02.MTS,4714.473,56.018,Inactive,Female,,,,2,1,1,Yes,Yes,42,271.959
D:/Pipefish Mesocosm Film/Trial 5/10-12-20/10-12 AM 02.MTS,4715.87,58.106,Inactive,Male,,,,2,1,1,Yes,Yes,42,271.959
D:/Pipefish Mesocosm Film/Trial 5/10-12-20/10-12 AM 02.MTS,4770.492,4.84,Pose,Female,S pose,Male,Front,2,1,1,Yes,Yes,42,271.959
D:/Pipefish Mesocosm Film/Trial 5/10-12-20/10-12 AM 02.MTS,4773.977,3.227,Wiggle,Male,Active wiggle,Female,2,2,1,1,Yes,Yes,42,271.959
D:/Pipefish Mesocosm Film/Trial 5/10-12-20/10-12 AM 02.MTS,4775.333,62.665,Inactive,Female,,,,2,1,1,Yes,Yes,42,271.959
D:/Pipefish Mesocosm Film/Trial 5/10-12-20/10-12 AM 02.MTS,4777.205,60.793,Inactive,Male,,,,2,1,1,Yes,Yes,42,271.959
D:/Pipefish Mesocosm Film/Trial 5/10-12-20/10-12 AM 02.MTS,4847.178,11.678,Wiggle,Male,Active wiggle,Female,2,2,1,1,No,No,43,131.736
D:/Pipefish Mesocosm Film/Trial 5/10-12-20/10-12 AM 02.MTS,4853.378,6.074,Pose,Female,S pose,Male,Front,2,1,1,No,No,43,131.736
D:/Pipefish Mesocosm Film/Trial 5/10-12-20/10-12 AM 02.MTS,4858.857,30.476,Inactive,Male,,,,2,1,1,No,No,43,131.736
D:/Pipefish Mesocosm Film/Trial 5/10-12-20/10-12 AM 02.MTS,4859.453,55.163,Inactive,Female,,,,2,1,1,No,No,43,131.736
D:/Pipefish Mesocosm Film/Trial 5/10-12-20/10-12 AM 02.MTS,4889.334,2.182,Wiggle,Male,Active wiggle,Female,2,2,1,1,No,No,43,131.736
D:/Pipefish Mesocosm Film/Trial 5/10-12-20/10-12 AM 02.MTS,4891.517,14.053,Inactive,Male,,,,2,1,1,No,No,43,131.736
D:/Pipefish Mesocosm Film/Trial 5/10-12-20/10-12 AM 02.MTS,4905.571,3.225,Wiggle,Male,Active wiggle,Female,2,2,1,1,No,No,43,131.736
D:/Pipefish Mesocosm Film/Trial 5/10-12-20/10-12 AM 02.MTS,4908.797,7.121,Inactive,Male,,,,2,1,1,No,No,43,131.736
D:/Pipefish Mesocosm Film/Trial 5/10-12-20/10-12 AM 02.MTS,4914.617,2.847,Pose,Female,S pose,Male,Front,2,1,1,No,No,43,131.736
D:/Pipefish Mesocosm Film/Trial 5/10-12-20/10-12 AM 02.MTS,4915.919,1.992,Wiggle,Male,Active wiggle,Female,2,2,1,1,No,No,43,131.736
D:/Pipefish Mesocosm Film/Trial 5/10-12-20/10-12 AM 02.MTS,4917.465,60.578,Inactive,Female,,,,2,1,1,No,No,43,131.736
D:/Pipefish Mesocosm Film/Trial 5/10-12-20/10-12 AM 02.MTS,4917.912,60.131,Inactive,Male,,,,2,1,1,No,No,43,131.736
D:/Pipefish Mesocosm Film/Trial 5/10-12-20/10-12 AM 02.MTS,4984.591,5.886,Pose,Female,S pose,Male,Front,2.058823529,1,1.059,No,No,44,529.591
D:/Pipefish Mesocosm Film/Trial 5/10-12-20/10-12 AM 02.MTS,4986.843,5.506,Wiggle,Male,Active wiggle,Female,2,2.058823529,1,1.059,No,No,44,529.591
D:/Pipefish Mesocosm Film/Trial 5/10-12-20/10-12 AM 02.MTS,4990.478,31.428,Inactive,Female,,,,2.058823529,1,1.059,No,No,44,529.591
D:/Pipefish Mesocosm Film/Trial 5/10-12-20/10-12 AM 02.MTS,4992.35,28.103,Inactive,Male,,,,2.058823529,1,1.059,No,No,44,529.591
D:/Pipefish Mesocosm Film/Trial 5/10-12-20/10-12 AM 02.MTS,5020.454,6.931,Wiggle,Male,Active wiggle,Female,2,2.058823529,1,1.059,No,No,44,529.591
D:/Pipefish Mesocosm Film/Trial 5/10-12-20/10-12 AM 02.MTS,5021.907,7.118,Pose,Female,S pose,Male,Front,2.058823529,1,1.059,No,No,44,529.591
D:/Pipefish Mesocosm Film/Trial 5/10-12-20/10-12 AM 02.MTS,5027.386,32.754,Inactive,Male,,,,2.058823529,1,1.059,No,No,44,529.591
D:/Pipefish Mesocosm Film/Trial 5/10-12-20/10-12 AM 02.MTS,5029.026,34.844,Inactive,Female,,,,2.058823529,1,1.059,No,No,44,529.591
D:/Pipefish Mesocosm Film/Trial 5/10-12-20/10-12 AM 02.MTS,5060.141,9.399,Wiggle,Male,Active wiggle,Female,2,2.058823529,1,1.059,No,No,44,529.591
D:/Pipefish Mesocosm Film/Trial 5/10-12-20/10-12 AM 02.MTS,5063.871,7.499,Pose,Female,S pose,Male,Front,2.058823529,1,1.059,No,No,44,529.591
D:/Pipefish Mesocosm Film/Trial 5/10-12-20/10-12 AM 02.MTS,5069.541,23.07,Inactive,Male,,,,2.058823529,1,1.059,No,No,44,529.591
D:/Pipefish Mesocosm Film/Trial 5/10-12-20/10-12 AM 02.MTS,5071.371,127.605,Inactive,Female,,,,2.058823529,1,1.059,No,No,44,529.591
D:/Pipefish Mesocosm Film/Trial 5/10-12-20/10-12 AM 02.MTS,5092.612,6.36,Wiggle,Male,Active wiggle,Female,2,2.058823529,1,1.059,No,No,44,529.591
D:/Pipefish Mesocosm Film/Trial 5/10-12-20/10-12 AM 02.MTS,5098.973,6.551,Inactive,Male,,,,2.058823529,1,1.059,No,No,44,529.591
D:/Pipefish Mesocosm Film/Trial 5/10-12-20/10-12 AM 02.MTS,5105.525,3.131,Wiggle,Male,Subtle wiggle,Female,3,2.058823529,1,1.059,No,No,44,529.591
D:/Pipefish Mesocosm Film/Trial 5/10-12-20/10-12 AM 02.MTS,5108.657,91.432,Inactive,Male,,,,2.058823529,1,1.059,No,No,44,529.591
D:/Pipefish Mesocosm Film/Trial 5/10-12-20/10-12 AM 02.MTS,5198.977,5.317,Pose,Female,S pose,Male,Front,2.058823529,1,1.059,No,No,44,529.591
D:/Pipefish Mesocosm Film/Trial 5/10-12-20/10-12 AM 02.MTS,5200.09,2.942,Wiggle,Male,Active wiggle,Female,2,2.058823529,1,1.059,No,No,44,529.591
D:/Pipefish Mesocosm Film/Trial 5/10-12-20/10-12 AM 02.MTS,5203.033,55.826,Inactive,Male,,,,2.058823529,1,1.059,No,No,44,529.591
D:/Pipefish Mesocosm Film/Trial 5/10-12-20/10-12 AM 02.MTS,5204.295,129.408,Inactive,Female,,,,2.058823529,1,1.059,No,No,44,529.591
D:/Pipefish Mesocosm Film/Trial 5/10-12-20/10-12 AM 02.MTS,5209.584,0,Touch,Male,,,,2.058823529,1,1.059,No,No,44,529.591
D:/Pipefish Mesocosm Film/Trial 5/10-12-20/10-12 AM 02.MTS,5209.611,0,Move away,Female,,,,2.058823529,1,1.059,No,No,44,529.591
D:/Pipefish Mesocosm Film/Trial 5/10-12-20/10-12 AM 02.MTS,5258.86,5.031,Wiggle,Male,Subtle wiggle,Female,2,2.058823529,1,1.059,No,No,44,529.591
D:/Pipefish Mesocosm Film/Trial 5/10-12-20/10-12 AM 02.MTS,5263.892,67.221,Inactive,Male,,,,2.058823529,1,1.059,No,No,44,529.591
D:/Pipefish Mesocosm Film/Trial 5/10-12-20/10-12 AM 02.MTS,5331.114,9.303,Wiggle,Male,Active wiggle,Female,2,2.058823529,1,1.059,No,No,44,529.591
D:/Pipefish Mesocosm Film/Trial 5/10-12-20/10-12 AM 02.MTS,5333.704,6.551,Pose,Female,S pose,Male,Front,2.058823529,1,1.059,No,No,44,529.591
D:/Pipefish Mesocosm Film/Trial 5/10-12-20/10-12 AM 02.MTS,5340.256,33.611,Inactive,Female,,,,2.058823529,1,1.059,No,No,44,529.591
D:/Pipefish Mesocosm Film/Trial 5/10-12-20/10-12 AM 02.MTS,5340.418,28.863,Inactive,Male,,,,2.058823529,1,1.059,No,No,44,529.591
D:/Pipefish Mesocosm Film/Trial 5/10-12-20/10-12 AM 02.MTS,5369.282,3.987,Wiggle,Male,Active wiggle,Female,2,2.058823529,1,1.059,No,No,44,529.591
D:/Pipefish Mesocosm Film/Trial 5/10-12-20/10-12 AM 02.MTS,5373.27,2.277,Inactive,Male,,,,2.058823529,1,1.059,No,No,44,529.591
D:/Pipefish Mesocosm Film/Trial 5/10-12-20/10-12 AM 02.MTS,5373.868,2.561,Pose,Female,Non-s pose,Male,Front,2.058823529,1,1.059,No,No,44,529.591
D:/Pipefish Mesocosm Film/Trial 5/10-12-20/10-12 AM 02.MTS,5375.548,2.278,Wiggle,Male,Active wiggle,Female,2,2.058823529,1,1.059,No,No,44,529.591
D:/Pipefish Mesocosm Film/Trial 5/10-12-20/10-12 AM 02.MTS,5376.43,137.101,Inactive,Female,,,,2.058823529,1,1.059,No,No,44,529.591
D:/Pipefish Mesocosm Film/Trial 5/10-12-20/10-12 AM 02.MTS,5377.827,35.698,Inactive,Male,,,,2.058823529,1,1.059,No,No,44,529.591
D:/Pipefish Mesocosm Film/Trial 5/10-12-20/10-12 AM 02.MTS,5413.526,7.785,Wiggle,Male,Subtle wiggle,Female,2,2.058823529,1,1.059,No,No,44,529.591
D:/Pipefish Mesocosm Film/Trial 5/10-12-20/10-12 AM 02.MTS,5421.312,28.102,Inactive,Male,,,,2.058823529,1,1.059,No,No,44,529.591
D:/Pipefish Mesocosm Film/Trial 5/10-12-20/10-12 AM 02.MTS,5449.415,3.417,Wiggle,Male,Active wiggle,Female,2,2.058823529,1,1.059,No,No,44,529.591
D:/Pipefish Mesocosm Film/Trial 5/10-12-20/10-12 AM 02.MTS,5452.833,60.698,Inactive,Male,,,,2.058823529,1,1.059,No,No,44,529.591
D:/Pipefish Mesocosm Film/Trial 5/10-12-20/10-12 AM 02.MTS,5528.695,15,Wiggle,Male,Active wiggle,Female,2,2.058823529,1,1.059,No,No,45,228.519
D:/Pipefish Mesocosm Film/Trial 5/10-12-20/10-12 AM 02.MTS,5531.002,7.498,Pose,Female,S pose,Male,Front,2.058823529,1,1.059,No,No,45,228.519
D:/Pipefish Mesocosm Film/Trial 5/10-12-20/10-12 AM 02.MTS,5538.501,56.111,Inactive,Female,,,,2.058823529,1,1.059,No,No,45,228.519
D:/Pipefish Mesocosm Film/Trial 5/10-12-20/10-12 AM 02.MTS,5543.696,30.285,Inactive,Male,,,,2.058823529,1,1.059,No,No,45,228.519
D:/Pipefish Mesocosm Film/Trial 5/10-12-20/10-12 AM 02.MTS,5573.982,3.609,Wiggle,Male,Active wiggle,Female,2,2.058823529,1,1.059,No,No,45,228.519
D:/Pipefish Mesocosm Film/Trial 5/10-12-20/10-12 AM 02.MTS,5577.592,15.379,Inactive,Male,,,,2.058823529,1,1.059,No,No,45,228.519
D:/Pipefish Mesocosm Film/Trial 5/10-12-20/10-12 AM 02.MTS,5592.972,6.931,Wiggle,Male,Active wiggle,Female,2,2.058823529,1,1.059,No,No,45,228.519
D:/Pipefish Mesocosm Film/Trial 5/10-12-20/10-12 AM 02.MTS,5594.613,4.842,Pose,Female,S pose,Male,Front,2.058823529,1,1.059,No,No,45,228.519
D:/Pipefish Mesocosm Film/Trial 5/10-12-20/10-12 AM 02.MTS,5599.456,93.3,Inactive,Female,,,,2.058823529,1,1.059,No,No,45,228.519
D:/Pipefish Mesocosm Film/Trial 5/10-12-20/10-12 AM 02.MTS,5599.904,35.22,Inactive,Male,,,,2.058823529,1,1.059,No,No,45,228.519
D:/Pipefish Mesocosm Film/Trial 5/10-12-20/10-12 AM 03.MTS,5635.125,2.752,Wiggle,Male,Active wiggle,Female,2,2.058823529,1,1.059,No,No,45,228.519
D:/Pipefish Mesocosm Film/Trial 5/10-12-20/10-12 AM 03.MTS,5637.878,50.701,Inactive,Male,,,,2.058823529,1,1.059,No,No,45,228.519
D:/Pipefish Mesocosm Film/Trial 5/10-12-20/10-12 AM 03.MTS,5688.58,7.784,Wiggle,Male,Active wiggle,Female,2,2.058823529,1,1.059,No,No,45,228.519
D:/Pipefish Mesocosm Film/Trial 5/10-12-20/10-12 AM 03.MTS,5692.757,3.513,Pose,Female,S pose,Male,Front,2.058823529,1,1.059,No,No,45,228.519
D:/Pipefish Mesocosm Film/Trial 5/10-12-20/10-12 AM 03.MTS,5696.271,60.766,Inactive,Female,,,,2.058823529,1,1.059,No,No,45,228.519
D:/Pipefish Mesocosm Film/Trial 5/10-12-20/10-12 AM 03.MTS,5696.365,60.672,Inactive,Male,,,,2.058823529,1,1.059,No,No,45,228.519
D:/Pipefish Mesocosm Film/Trial 5/10-12-20/10-12 AM 03.MTS,5765.296,3.795,Wiggle,Male,Active wiggle,Female,2,2,1,1,No,No,46,134.538
D:/Pipefish Mesocosm Film/Trial 5/10-12-20/10-12 AM 03.MTS,5766.279,9.174,Inactive,Female,,,,2,1,1,No,No,46,134.538
D:/Pipefish Mesocosm Film/Trial 5/10-12-20/10-12 AM 03.MTS,5769.092,7.025,Inactive,Male,,,,2,1,1,No,No,46,134.538
D:/Pipefish Mesocosm Film/Trial 5/10-12-20/10-12 AM 03.MTS,5775.454,3.987,Pose,Female,S pose,Male,Front,2,1,1,No,No,46,134.538
D:/Pipefish Mesocosm Film/Trial 5/10-12-20/10-12 AM 03.MTS,5776.118,5.127,Wiggle,Male,Active wiggle,Female,2,2,1,1,No,No,46,134.538
D:/Pipefish Mesocosm Film/Trial 5/10-12-20/10-12 AM 03.MTS,5779.442,34.846,Inactive,Female,,,,2,1,1,No,No,46,134.538
D:/Pipefish Mesocosm Film/Trial 5/10-12-20/10-12 AM 03.MTS,5781.246,34.464,Inactive,Male,,,,2,1,1,No,No,46,134.538
D:/Pipefish Mesocosm Film/Trial 5/10-12-20/10-12 AM 03.MTS,5814.289,9.017,Pose,Female,S pose,Male,Front,2,1,1,No,No,46,134.538
D:/Pipefish Mesocosm Film/Trial 5/10-12-20/10-12 AM 03.MTS,5815.711,4.745,Wiggle,Male,Active wiggle,Female,2,2,1,1,No,No,46,134.538
D:/Pipefish Mesocosm Film/Trial 5/10-12-20/10-12 AM 03.MTS,5820.457,13.388,Inactive,Male,,,,2,1,1,No,No,46,134.538
D:/Pipefish Mesocosm Film/Trial 5/10-12-20/10-12 AM 03.MTS,5823.307,75.669,Inactive,Female,,,,2,1,1,No,No,46,134.538
D:/Pipefish Mesocosm Film/Trial 5/10-12-20/10-12 AM 03.MTS,5833.846,2.371,Wiggle,Male,Active wiggle,Female,2,2,1,1,No,No,46,134.538
D:/Pipefish Mesocosm Film/Trial 5/10-12-20/10-12 AM 03.MTS,5836.218,62.758,Inactive,Male,,,,2,1,1,No,No,46,134.538
D:/Pipefish Mesocosm Film/Trial 5/10-12-20/10-12 AM 03.MTS,5922.904,2.562,Wiggle,Male,Active wiggle,Female,2,2,1,1,No,No,47,132.835
D:/Pipefish Mesocosm Film/Trial 5/10-12-20/10-12 AM 03.MTS,5924.35,63.023,Inactive,Female,,,,2,1,1,No,No,47,132.835
D:/Pipefish Mesocosm Film/Trial 5/10-12-20/10-12 AM 03.MTS,5925.467,9.97,Inactive,Male,,,,2,1,1,No,No,47,132.835
D:/Pipefish Mesocosm Film/Trial 5/10-12-20/10-12 AM 03.MTS,5935.438,4.174,Wiggle,Male,Active wiggle,Female,2,2,1,1,No,No,47,132.835
D:/Pipefish Mesocosm Film/Trial 5/10-12-20/10-12 AM 03.MTS,5939.613,48.137,Inactive,Male,,,,2,1,1,No,No,47,132.835
D:/Pipefish Mesocosm Film/Trial 5/10-12-20/10-12 AM 03.MTS,5987.374,6.927,Pose,Female,S pose,Male,Front,2,1,1,No,No,47,132.835
D:/Pipefish Mesocosm Film/Trial 5/10-12-20/10-12 AM 03.MTS,5987.751,4.746,Wiggle,Male,Active wiggle,Female,2,2,1,1,No,No,47,132.835
D:/Pipefish Mesocosm Film/Trial 5/10-12-20/10-12 AM 03.MTS,5992.498,63.239,Inactive,Male,,,,2,1,1,No,No,47,132.835
D:/Pipefish Mesocosm Film/Trial 5/10-12-20/10-12 AM 03.MTS,5994.302,61.435,Inactive,Female,,,,2,1,1,No,No,47,132.835
D:/Pipefish Mesocosm Film/Trial 5/10-12-20/10-12 AM 03.MTS,6093.521,4.082,Wiggle,Male,Active wiggle,Female,2,2.047619048,1,1.05,No,No,48,689.586
D:/Pipefish Mesocosm Film/Trial 5/10-12-20/10-12 AM 03.MTS,6094.571,47.565,Inactive,Female,,,,2.047619048,1,1.05,No,No,48,689.586
D:/Pipefish Mesocosm Film/Trial 5/10-12-20/10-12 AM 03.MTS,6097.604,43.578,Inactive,Male,,,,2.047619048,1,1.05,No,No,48,689.586
D:/Pipefish Mesocosm Film/Trial 5/10-12-20/10-12 AM 03.MTS,6141.183,4.936,Wiggle,Male,Active wiggle,Female,2,2.047619048,1,1.05,No,No,48,689.586
D:/Pipefish Mesocosm Film/Trial 5/10-12-20/10-12 AM 03.MTS,6142.137,4.839,Pose,Female,S pose,Male,Front,2.047619048,1,1.05,No,No,48,689.586
D:/Pipefish Mesocosm Film/Trial 5/10-12-20/10-12 AM 03.MTS,6146.12,17.374,Inactive,Male,,,,2.047619048,1,1.05,No,No,48,689.586
D:/Pipefish Mesocosm Film/Trial 5/10-12-20/10-12 AM 03.MTS,6146.977,160.93,Inactive,Female,,,,2.047619048,1,1.05,No,No,48,689.586
D:/Pipefish Mesocosm Film/Trial 5/10-12-20/10-12 AM 03.MTS,6163.495,4.272,Wiggle,Male,Active wiggle,Female,2,2.047619048,1,1.05,No,No,48,689.586
D:/Pipefish Mesocosm Film/Trial 5/10-12-20/10-12 AM 03.MTS,6167.768,21.931,Inactive,Male,,,,2.047619048,1,1.05,No,No,48,689.586
D:/Pipefish Mesocosm Film/Trial 5/10-12-20/10-12 AM 03.MTS,6189.7,2.657,Wiggle,Male,Active wiggle,Female,2,2.047619048,1,1.05,No,No,48,689.586
D:/Pipefish Mesocosm Film/Trial 5/10-12-20/10-12 AM 03.MTS,6192.358,25.065,Inactive,Male,,,,2.047619048,1,1.05,No,No,48,689.586
D:/Pipefish Mesocosm Film/Trial 5/10-12-20/10-12 AM 03.MTS,6217.424,2.847,Wiggle,Male,Subtle wiggle,Female,2,2.047619048,1,1.05,No,No,48,689.586
D:/Pipefish Mesocosm Film/Trial 5/10-12-20/10-12 AM 03.MTS,6220.272,20.412,Inactive,Male,,,,2.047619048,1,1.05,No,No,48,689.586
D:/Pipefish Mesocosm Film/Trial 5/10-12-20/10-12 AM 03.MTS,6240.685,3.041,Wiggle,Male,Subtle wiggle,Female,2,2.047619048,1,1.05,No,No,48,689.586
D:/Pipefish Mesocosm Film/Trial 5/10-12-20/10-12 AM 03.MTS,6243.727,28.763,Inactive,Male,,,,2.047619048,1,1.05,No,No,48,689.586
D:/Pipefish Mesocosm Film/Trial 5/10-12-20/10-12 AM 03.MTS,6272.491,3.323,Wiggle,Male,Subtle wiggle,Female,2,2.047619048,1,1.05,No,No,48,689.586
D:/Pipefish Mesocosm Film/Trial 5/10-12-20/10-12 AM 03.MTS,6275.815,31.711,Inactive,Male,,,,2.047619048,1,1.05,No,No,48,689.586
D:/Pipefish Mesocosm Film/Trial 5/10-12-20/10-12 AM 03.MTS,6307.527,2.847,Wiggle,Male,Active wiggle,Female,2,2.047619048,1,1.05,No,No,48,689.586
D:/Pipefish Mesocosm Film/Trial 5/10-12-20/10-12 AM 03.MTS,6307.908,1.517,Pose,Female,Flash,Male,Front,2.047619048,1,1.05,No,No,48,689.586
D:/Pipefish Mesocosm Film/Trial 5/10-12-20/10-12 AM 03.MTS,6309.426,78.613,Inactive,Female,,,,2.047619048,1,1.05,No,No,48,689.586
D:/Pipefish Mesocosm Film/Trial 5/10-12-20/10-12 AM 03.MTS,6310.375,13.102,Inactive,Male,,,,2.047619048,1,1.05,No,No,48,689.586
D:/Pipefish Mesocosm Film/Trial 5/10-12-20/10-12 AM 03.MTS,6323.478,3.036,Wiggle,Male,Subtle wiggle,Female,2,2.047619048,1,1.05,No,No,48,689.586
D:/Pipefish Mesocosm Film/Trial 5/10-12-20/10-12 AM 03.MTS,6326.515,25.064,Inactive,Male,,,,2.047619048,1,1.05,No,No,48,689.586
D:/Pipefish Mesocosm Film/Trial 5/10-12-20/10-12 AM 03.MTS,6351.58,5.793,Wiggle,Male,Active wiggle,Female,2,2.047619048,1,1.05,No,No,48,689.586
D:/Pipefish Mesocosm Film/Trial 5/10-12-20/10-12 AM 03.MTS,6357.374,32.468,Inactive,Male,,,,2.047619048,1,1.05,No,No,48,689.586
D:/Pipefish Mesocosm Film/Trial 5/10-12-20/10-12 AM 03.MTS,6388.04,10.253,Pose,Female,S pose,Male,Front,2.047619048,1,1.05,No,No,48,689.586
D:/Pipefish Mesocosm Film/Trial 5/10-12-20/10-12 AM 03.MTS,6389.843,3.702,Wiggle,Male,Active wiggle,Female,2,2.047619048,1,1.05,No,No,48,689.586
D:/Pipefish Mesocosm Film/Trial 5/10-12-20/10-12 AM 03.MTS,6393.546,2.848,Inactive,Male,,,,2.047619048,1,1.05,No,No,48,689.586
D:/Pipefish Mesocosm Film/Trial 5/10-12-20/10-12 AM 03.MTS,6396.395,4.938,Wiggle,Male,Active wiggle,Female,3,2.047619048,1,1.05,No,No,48,689.586
D:/Pipefish Mesocosm Film/Trial 5/10-12-20/10-12 AM 03.MTS,6398.294,82.602,Inactive,Female,,,,2.047619048,1,1.05,No,No,48,689.586
D:/Pipefish Mesocosm Film/Trial 5/10-12-20/10-12 AM 03.MTS,6401.334,43.294,Inactive,Male,,,,2.047619048,1,1.05,No,No,48,689.586
D:/Pipefish Mesocosm Film/Trial 5/10-12-20/10-12 AM 03.MTS,6444.629,8.353,Wiggle,Male,Active wiggle,Female,2,2.047619048,1,1.05,No,No,48,689.586
D:/Pipefish Mesocosm Film/Trial 5/10-12-20/10-12 AM 03.MTS,6452.983,23.924,Inactive,Male,,,,2.047619048,1,1.05,No,No,48,689.586
D:/Pipefish Mesocosm Film/Trial 5/10-12-20/10-12 AM 03.MTS,6476.908,3.702,Wiggle,Male,Active wiggle,Female,2,2.047619048,1,1.05,No,No,48,689.586
D:/Pipefish Mesocosm Film/Trial 5/10-12-20/10-12 AM 03.MTS,6480.611,3.418,Inactive,Male,,,,2.047619048,1,1.05,No,No,48,689.586
D:/Pipefish Mesocosm Film/Trial 5/10-12-20/10-12 AM 03.MTS,6480.897,9.683,Pose,Female,S pose,Male,Front,2.047619048,1,1.05,No,No,48,689.586
D:/Pipefish Mesocosm Film/Trial 5/10-12-20/10-12 AM 03.MTS,6484.03,6.361,Wiggle,Male,Active wiggle,Female,2,2.047619048,1,1.05,No,No,48,689.586
D:/Pipefish Mesocosm Film/Trial 5/10-12-20/10-12 AM 03.MTS,6490.392,50.984,Inactive,Male,,,,2.047619048,1,1.05,No,No,48,689.586
D:/Pipefish Mesocosm Film/Trial 5/10-12-20/10-12 AM 03.MTS,6490.581,225.398,Inactive,Female,,,,2.047619048,1,1.05,No,No,48,689.586
D:/Pipefish Mesocosm Film/Trial 5/10-12-20/10-12 AM 03.MTS,6541.377,5.98,Wiggle,Male,Active wiggle,Female,2,2.047619048,1,1.05,No,No,48,689.586
D:/Pipefish Mesocosm Film/Trial 5/10-12-20/10-12 AM 03.MTS,6547.358,23.355,Inactive,Male,,,,2.047619048,1,1.05,No,No,48,689.586
D:/Pipefish Mesocosm Film/Trial 5/10-12-20/10-12 AM 03.MTS,6570.714,3.134,Wiggle,Male,Active wiggle,Female,2,2.047619048,1,1.05,No,No,48,689.586
D:/Pipefish Mesocosm Film/Trial 5/10-12-20/10-12 AM 03.MTS,6573.849,21.645,Inactive,Male,,,,2.047619048,1,1.05,No,No,48,689.586
D:/Pipefish Mesocosm Film/Trial 5/10-12-20/10-12 AM 03.MTS,6595.495,3.133,Wiggle,Male,Active wiggle,Female,2,2.047619048,1,1.05,No,No,48,689.586
D:/Pipefish Mesocosm Film/Trial 5/10-12-20/10-12 AM 03.MTS,6598.629,44.72,Inactive,Male,,,,2.047619048,1,1.05,No,No,48,689.586
D:/Pipefish Mesocosm Film/Trial 5/10-12-20/10-12 AM 03.MTS,6643.35,4.273,Wiggle,Male,Active wiggle,Female,2,2.047619048,1,1.05,No,No,48,689.586
D:/Pipefish Mesocosm Film/Trial 5/10-12-20/10-12 AM 03.MTS,6647.624,18.034,Inactive,Male,,,,2.047619048,1,1.05,No,No,48,689.586
D:/Pipefish Mesocosm Film/Trial 5/10-12-20/10-12 AM 03.MTS,6665.659,1.235,Wiggle,Male,Subtle wiggle,Female,2,2.047619048,1,1.05,No,No,48,689.586
D:/Pipefish Mesocosm Film/Trial 5/10-12-20/10-12 AM 03.MTS,6666.895,19.938,Inactive,Male,,,,2.047619048,1,1.05,No,No,48,689.586
D:/Pipefish Mesocosm Film/Trial 5/10-12-20/10-12 AM 03.MTS,6686.834,3.225,Wiggle,Male,Active wiggle,Female,2,2.047619048,1,1.05,No,No,48,689.586
D:/Pipefish Mesocosm Film/Trial 5/10-12-20/10-12 AM 03.MTS,6690.06,29.337,Inactive,Male,,,,2.047619048,1,1.05,No,No,48,689.586
D:/Pipefish Mesocosm Film/Trial 5/10-12-20/10-12 AM 03.MTS,6715.98,2.467,Pose,Female,S pose,Male,Front,2.047619048,1,1.05,No,No,48,689.586
D:/Pipefish Mesocosm Film/Trial 5/10-12-20/10-12 AM 03.MTS,6718.448,64.279,Inactive,Female,,,,2.047619048,1,1.05,No,No,48,689.586
D:/Pipefish Mesocosm Film/Trial 5/10-12-20/10-12 AM 03.MTS,6719.398,2.563,Wiggle,Male,Subtle wiggle,Female,2,2.047619048,1,1.05,No,No,48,689.586
D:/Pipefish Mesocosm Film/Trial 5/10-12-20/10-12 AM 03.MTS,6721.962,60.765,Inactive,Male,,,,2.047619048,1,1.05,No,No,48,689.586
D:/Pipefish Mesocosm Film/Trial 5/10-12-20/10-12 AM 03.MTS,6791.271,5.127,Pose,Female,S pose,Male,Front,2,1,1,No,No,49,436.708
D:/Pipefish Mesocosm Film/Trial 5/10-12-20/10-12 AM 03.MTS,6792.436,27.791,Inactive,Male,,,,2,1,1,No,No,49,436.708
D:/Pipefish Mesocosm Film/Trial 5/10-12-20/10-12 AM 03.MTS,6796.399,31.522,Inactive,Female,,,,2,1,1,No,No,49,436.708
D:/Pipefish Mesocosm Film/Trial 5/10-12-20/10-12 AM 03.MTS,6820.228,4.939,Wiggle,Male,Active wiggle,Female,2,2,1,1,No,No,49,436.708
D:/Pipefish Mesocosm Film/Trial 5/10-12-20/10-12 AM 03.MTS,6825.168,9.4,Inactive,Male,,,,2,1,1,No,No,49,436.708
D:/Pipefish Mesocosm Film/Trial 5/10-12-20/10-12 AM 03.MTS,6827.922,7.972,Pose,Female,S pose,Male,Front,2,1,1,No,No,49,436.708
D:/Pipefish Mesocosm Film/Trial 5/10-12-20/10-12 AM 03.MTS,6834.569,4.08,Wiggle,Male,Active wiggle,Female,2,2,1,1,No,No,49,436.708
D:/Pipefish Mesocosm Film/Trial 5/10-12-20/10-12 AM 03.MTS,6835.895,58.961,Inactive,Female,,,,2,1,1,No,No,49,436.708
D:/Pipefish Mesocosm Film/Trial 5/10-12-20/10-12 AM 03.MTS,6838.65,21.362,Inactive,Male,,,,2,1,1,No,No,49,436.708
D:/Pipefish Mesocosm Film/Trial 5/10-12-20/10-12 AM 03.MTS,6860.013,5.031,Wiggle,Male,Active wiggle,Female,2,2,1,1,No,No,49,436.708
D:/Pipefish Mesocosm Film/Trial 5/10-12-20/10-12 AM 03.MTS,6865.045,27.626,Inactive,Male,,,,2,1,1,No,No,49,436.708
D:/Pipefish Mesocosm Film/Trial 5/10-12-20/10-12 AM 03.MTS,6892.672,7.312,Wiggle,Male,Active wiggle,Female,2,2,1,1,No,No,49,436.708
D:/Pipefish Mesocosm Film/Trial 5/10-12-20/10-12 AM 03.MTS,6894.857,5.22,Pose,Female,S pose,Male,Front,2,1,1,No,No,49,436.708
D:/Pipefish Mesocosm Film/Trial 5/10-12-20/10-12 AM 03.MTS,6899.985,26.298,Inactive,Male,,,,2,1,1,No,No,49,436.708
D:/Pipefish Mesocosm Film/Trial 5/10-12-20/10-12 AM 03.MTS,6900.078,75.481,Inactive,Female,,,,2,1,1,No,No,49,436.708
D:/Pipefish Mesocosm Film/Trial 5/10-12-20/10-12 AM 03.MTS,6926.284,7.5,Wiggle,Male,Active wiggle,Female,2,2,1,1,No,No,49,436.708
D:/Pipefish Mesocosm Film/Trial 5/10-12-20/10-12 AM 03.MTS,6933.785,5.98,Inactive,Male,,,,2,1,1,No,No,49,436.708
D:/Pipefish Mesocosm Film/Trial 5/10-12-20/10-12 AM 03.MTS,6939.766,2.089,Wiggle,Male,Active wiggle,Female,2,2,1,1,No,No,49,436.708
D:/Pipefish Mesocosm Film/Trial 5/10-12-20/10-12 AM 03.MTS,6941.856,28.48,Inactive,Male,,,,2,1,1,No,No,49,436.708
D:/Pipefish Mesocosm Film/Trial 5/10-12-20/10-12 AM 03.MTS,6970.337,4.653,Wiggle,Male,Active wiggle,Female,2,2,1,1,No,No,49,436.708
D:/Pipefish Mesocosm Film/Trial 5/10-12-20/10-12 AM 03.MTS,6974.991,18.512,Inactive,Male,,,,2,1,1,No,No,49,436.708
D:/Pipefish Mesocosm Film/Trial 5/10-12-20/10-12 AM 03.MTS,6975.56,4.937,Pose,Female,S pose,Male,Front,2,1,1,No,No,49,436.708
D:/Pipefish Mesocosm Film/Trial 5/10-12-20/10-12 AM 03.MTS,6980.498,247.48,Inactive,Female,,,,2,1,1,No,No,49,436.708
D:/Pipefish Mesocosm Film/Trial 5/10-12-20/10-12 AM 03.MTS,6993.504,2.565,Wiggle,Male,Active wiggle,Female,2,2,1,1,No,No,49,436.708
D:/Pipefish Mesocosm Film/Trial 5/10-12-20/10-12 AM 03.MTS,6996.07,40.444,Inactive,Male,,,,2,1,1,No,No,49,436.708
D:/Pipefish Mesocosm Film/Trial 5/10-12-20/10-12 AM 03.MTS,7036.515,5.125,Wiggle,Male,Active wiggle,Female,2,2,1,1,No,No,49,436.708
D:/Pipefish Mesocosm Film/Trial 5/10-12-20/10-12 AM 03.MTS,7041.641,41.302,Inactive,Male,,,,2,1,1,No,No,49,436.708
D:/Pipefish Mesocosm Film/Trial 5/10-12-20/10-12 AM 03.MTS,7082.944,3.321,Wiggle,Male,Active wiggle,Female,2,2,1,1,No,No,49,436.708
D:/Pipefish Mesocosm Film/Trial 5/10-12-20/10-12 AM 03.MTS,7086.266,16.995,Inactive,Male,,,,2,1,1,No,No,49,436.708
D:/Pipefish Mesocosm Film/Trial 5/10-12-20/10-12 AM 03.MTS,7099.37,3.89,Wiggle,Male,Active wiggle,Female,3,2,1,1,No,No,49,436.708
D:/Pipefish Mesocosm Film/Trial 5/10-12-20/10-12 AM 03.MTS,7114.939,2.848,Wiggle,Male,Active wiggle,Female,2,2,1,1,No,No,49,436.708
D:/Pipefish Mesocosm Film/Trial 5/10-12-20/10-12 AM 03.MTS,7117.788,48.706,Inactive,Male,,,,2,1,1,No,No,49,436.708
D:/Pipefish Mesocosm Film/Trial 5/10-12-20/10-12 AM 03.MTS,7166.495,2.087,Wiggle,Male,Subtle wiggle,Female,2,2,1,1,No,No,49,436.708
D:/Pipefish Mesocosm Film/Trial 5/10-12-20/10-12 AM 03.MTS,7168.583,19.085,Inactive,Male,,,,2,1,1,No,No,49,436.708
D:/Pipefish Mesocosm Film/Trial 5/10-12-20/10-12 AM 03.MTS,7187.669,6.265,Wiggle,Male,Active wiggle,Female,2,2,1,1,No,No,49,436.708
D:/Pipefish Mesocosm Film/Trial 5/10-12-20/10-12 AM 03.MTS,7193.935,34.043,Inactive,Male,,,,2,1,1,No,No,49,436.708
