media_file_path,time_in_video,Duration,behavior,subject,modifier_1,modifier_2,modifier_3,Group size,Female,Male,Chasing_end,Chase_present,courtship_events,total_time_of_courtship
D:/Pipefish Mesocosm Film/Trial 3/5-12-20/5-12 AM 01.MTS,736.054,2.753,Wiggle,Male,Active wiggle,Female,2,2,1,1,Yes,Yes,1,148.919
D:/Pipefish Mesocosm Film/Trial 3/5-12-20/5-12 AM 01.MTS,737.193,22.407,Inactive,Female,,,,2,1,1,Yes,Yes,1,148.919
D:/Pipefish Mesocosm Film/Trial 3/5-12-20/5-12 AM 01.MTS,738.808,24.113,Inactive,Male,,,,2,1,1,Yes,Yes,1,148.919
D:/Pipefish Mesocosm Film/Trial 3/5-12-20/5-12 AM 01.MTS,759.601,7.974,Out of sight,Female,,,,2,1,1,Yes,Yes,1,148.919
D:/Pipefish Mesocosm Film/Trial 3/5-12-20/5-12 AM 01.MTS,762.922,7.122,Out of sight,Male,,,,2,1,1,Yes,Yes,1,148.919
D:/Pipefish Mesocosm Film/Trial 3/5-12-20/5-12 AM 01.MTS,767.576,7.692,Inactive,Female,,,,2,1,1,Yes,Yes,1,148.919
D:/Pipefish Mesocosm Film/Trial 3/5-12-20/5-12 AM 01.MTS,770.045,32.755,Inactive,Male,,,,2,1,1,Yes,Yes,1,148.919
D:/Pipefish Mesocosm Film/Trial 3/5-12-20/5-12 AM 01.MTS,775.269,6.454,Pose,Female,Non-s pose,Male,Front,2,1,1,Yes,Yes,1,148.919
D:/Pipefish Mesocosm Film/Trial 3/5-12-20/5-12 AM 01.MTS,781.724,26.773,Inactive,Female,,,,2,1,1,Yes,Yes,1,148.919
D:/Pipefish Mesocosm Film/Trial 3/5-12-20/5-12 AM 01.MTS,802.801,4.299,Wiggle,Male,Active wiggle,Female,2,2,1,1,Yes,Yes,1,148.919
D:/Pipefish Mesocosm Film/Trial 3/5-12-20/5-12 AM 01.MTS,807.101,9.755,Inactive,Male,,,,2,1,1,Yes,Yes,1,148.919
D:/Pipefish Mesocosm Film/Trial 3/5-12-20/5-12 AM 01.MTS,808.498,5.316,Pose,Female,S pose,Male,Front,2,1,1,Yes,Yes,1,148.919
D:/Pipefish Mesocosm Film/Trial 3/5-12-20/5-12 AM 01.MTS,813.815,70.833,Inactive,Female,,,,2,1,1,Yes,Yes,1,148.919
D:/Pipefish Mesocosm Film/Trial 3/5-12-20/5-12 AM 01.MTS,816.857,3.319,Wiggle,Male,Subtle wiggle,Female,2,2,1,1,Yes,Yes,1,148.919
D:/Pipefish Mesocosm Film/Trial 3/5-12-20/5-12 AM 01.MTS,820.177,64.471,Inactive,Male,,,,2,1,1,Yes,Yes,1,148.919
D:/Pipefish Mesocosm Film/Trial 3/5-12-20/5-12 AM 01.MTS,1192.913,2.371,Wiggle,Male,Active wiggle,Female,3,2.090909091,1,1.09,Yes,Yes,2,366.203
D:/Pipefish Mesocosm Film/Trial 3/5-12-20/5-12 AM 01.MTS,1193.007,23.358,Inactive,Female,,,,2.090909091,1,1.09,Yes,Yes,2,366.203
D:/Pipefish Mesocosm Film/Trial 3/5-12-20/5-12 AM 01.MTS,1195.285,19.084,Inactive,Male,,,,2.090909091,1,1.09,Yes,Yes,2,366.203
D:/Pipefish Mesocosm Film/Trial 3/5-12-20/5-12 AM 01.MTS,1214.37,2.278,Wiggle,Male,Active wiggle,Female,2,2.090909091,1,1.09,Yes,Yes,2,366.203
D:/Pipefish Mesocosm Film/Trial 3/5-12-20/5-12 AM 01.MTS,1216.366,8.921,Pose,Female,S pose,Male,Front,2.090909091,1,1.09,Yes,Yes,2,366.203
D:/Pipefish Mesocosm Film/Trial 3/5-12-20/5-12 AM 01.MTS,1216.649,38.926,Inactive,Male,,,,2.090909091,1,1.09,Yes,Yes,2,366.203
D:/Pipefish Mesocosm Film/Trial 3/5-12-20/5-12 AM 01.MTS,1225.288,76.719,Inactive,Female,,,,2.090909091,1,1.09,Yes,Yes,2,366.203
D:/Pipefish Mesocosm Film/Trial 3/5-12-20/5-12 AM 01.MTS,1255.576,4.651,Wiggle,Male,Active wiggle,Female,2,2.090909091,1,1.09,Yes,Yes,2,366.203
D:/Pipefish Mesocosm Film/Trial 3/5-12-20/5-12 AM 01.MTS,1260.228,35.89,Inactive,Male,,,,2.090909091,1,1.09,Yes,Yes,2,366.203
D:/Pipefish Mesocosm Film/Trial 3/5-12-20/5-12 AM 01.MTS,1296.119,4.84,Wiggle,Male,Active wiggle,Female,2,2.090909091,1,1.09,Yes,Yes,2,366.203
D:/Pipefish Mesocosm Film/Trial 3/5-12-20/5-12 AM 01.MTS,1300.96,8.543,Inactive,Male,,,,2.090909091,1,1.09,Yes,Yes,2,366.203
D:/Pipefish Mesocosm Film/Trial 3/5-12-20/5-12 AM 01.MTS,1302.008,7.115,Pose,Female,S pose,Male,Front,2.090909091,1,1.09,Yes,Yes,2,366.203
D:/Pipefish Mesocosm Film/Trial 3/5-12-20/5-12 AM 01.MTS,1309.124,107.481,Inactive,Female,,,,2.090909091,1,1.09,Yes,Yes,2,366.203
D:/Pipefish Mesocosm Film/Trial 3/5-12-20/5-12 AM 01.MTS,1309.504,4.557,Wiggle,Male,Active wiggle,Female,2,2.090909091,1,1.09,Yes,Yes,2,366.203
D:/Pipefish Mesocosm Film/Trial 3/5-12-20/5-12 AM 01.MTS,1314.062,34.463,Inactive,Male,,,,2.090909091,1,1.09,Yes,Yes,2,366.203
D:/Pipefish Mesocosm Film/Trial 3/5-12-20/5-12 AM 01.MTS,1348.526,2.847,Wiggle,Male,Active wiggle,Female,2,2.090909091,1,1.09,Yes,Yes,2,366.203
D:/Pipefish Mesocosm Film/Trial 3/5-12-20/5-12 AM 01.MTS,1351.374,20.795,Inactive,Male,,,,2.090909091,1,1.09,Yes,Yes,2,366.203
D:/Pipefish Mesocosm Film/Trial 3/5-12-20/5-12 AM 01.MTS,1372.17,2.845,Wiggle,Male,Active wiggle,Female,2,2.090909091,1,1.09,Yes,Yes,2,366.203
D:/Pipefish Mesocosm Film/Trial 3/5-12-20/5-12 AM 01.MTS,1375.016,34.751,Inactive,Male,,,,2.090909091,1,1.09,Yes,Yes,2,366.203
D:/Pipefish Mesocosm Film/Trial 3/5-12-20/5-12 AM 01.MTS,1409.768,4.365,Wiggle,Male,Active wiggle,Female,2,2.090909091,1,1.09,Yes,Yes,2,366.203
D:/Pipefish Mesocosm Film/Trial 3/5-12-20/5-12 AM 01.MTS,1414.134,8.355,Inactive,Male,,,,2.090909091,1,1.09,Yes,Yes,2,366.203
D:/Pipefish Mesocosm Film/Trial 3/5-12-20/5-12 AM 01.MTS,1416.606,7.497,Pose,Female,S pose,Male,Front,2.090909091,1,1.09,Yes,Yes,2,366.203
D:/Pipefish Mesocosm Film/Trial 3/5-12-20/5-12 AM 01.MTS,1422.49,2.374,Wiggle,Male,Active wiggle,Female,2,2.090909091,1,1.09,Yes,Yes,2,366.203
D:/Pipefish Mesocosm Film/Trial 3/5-12-20/5-12 AM 01.MTS,1424.104,134.727,Inactive,Female,,,,2.090909091,1,1.09,Yes,Yes,2,366.203
D:/Pipefish Mesocosm Film/Trial 3/5-12-20/5-12 AM 01.MTS,1424.865,33.895,Inactive,Male,,,,2.090909091,1,1.09,Yes,Yes,2,366.203
D:/Pipefish Mesocosm Film/Trial 3/5-12-20/5-12 AM 01.MTS,1458.761,2.56,Wiggle,Male,Active wiggle,Female,2,2.090909091,1,1.09,Yes,Yes,2,366.203
D:/Pipefish Mesocosm Film/Trial 3/5-12-20/5-12 AM 01.MTS,1461.322,31.711,Inactive,Male,,,,2.090909091,1,1.09,Yes,Yes,2,366.203
D:/Pipefish Mesocosm Film/Trial 3/5-12-20/5-12 AM 01.MTS,1493.034,2.941,Wiggle,Male,Active wiggle,Female,2,2.090909091,1,1.09,Yes,Yes,2,366.203
D:/Pipefish Mesocosm Film/Trial 3/5-12-20/5-12 AM 01.MTS,1495.976,62.664,Inactive,Male,,,,2.090909091,1,1.09,Yes,Yes,2,366.203
D:/Pipefish Mesocosm Film/Trial 3/8-12-20/8-12 AM 02.MTS,1771.05,52.685,Inactive,Female,,,,2,1,1,No,No,3,52.697
D:/Pipefish Mesocosm Film/Trial 3/8-12-20/8-12 AM 02.MTS,1773.045,4.46,Wiggle,Male,Active wiggle,Female,2,2,1,1,No,No,3,52.697
D:/Pipefish Mesocosm Film/Trial 3/8-12-20/8-12 AM 02.MTS,1777.506,46.229,Inactive,Male,,,,2,1,1,No,No,3,52.697
D:/Pipefish Mesocosm Film/Trial 3/8-12-20/8-12 AM 02.MTS,1787.951,0,Move away,Female,,,,2,1,1,No,No,3,52.697
D:/Pipefish Mesocosm Film/Trial 3/8-12-20/8-12 AM 02.MTS,1788.996,0,Touch,Male,,,,2,1,1,No,No,3,52.697
D:/Pipefish Mesocosm Film/Trial 3/8-12-20/8-12 AM 02.MTS,1794.501,0,Move away,Male,,,,2,1,1,No,No,3,52.697
D:/Pipefish Mesocosm Film/Trial 3/8-12-20/8-12 AM 02.MTS,1802.192,0,Follow,Male,,,,2,1,1,No,No,3,52.697
D:/Pipefish Mesocosm Film/Trial 3/8-12-20/8-12 AM 02.MTS,1812.732,0,Move away,Female,,,,2,1,1,No,No,3,52.697
D:/Pipefish Mesocosm Film/Trial 3/8-12-20/8-12 AM 02.MTS,1813.587,0,Touch,Male,,,,2,1,1,No,No,3,52.697
D:/Pipefish Mesocosm Film/Trial 3/8-12-20/8-12 AM 02.MTS,1846.723,50.129,Inactive,Female,,,,2,1,1,No,No,4,71.306
D:/Pipefish Mesocosm Film/Trial 3/8-12-20/8-12 AM 02.MTS,1849.189,5.221,Wiggle,Male,Subtle wiggle,Female,2,2,1,1,No,No,4,71.306
D:/Pipefish Mesocosm Film/Trial 3/8-12-20/8-12 AM 02.MTS,1854.411,9.401,Inactive,Male,,,,2,1,1,No,No,4,71.306
D:/Pipefish Mesocosm Film/Trial 3/8-12-20/8-12 AM 02.MTS,1863.813,3.226,Wiggle,Male,Subtle wiggle,Female,2,2,1,1,No,No,4,71.306
D:/Pipefish Mesocosm Film/Trial 3/8-12-20/8-12 AM 02.MTS,1867.04,3.132,Inactive,Male,,,,2,1,1,No,No,4,71.306
D:/Pipefish Mesocosm Film/Trial 3/8-12-20/8-12 AM 02.MTS,1870.173,5.981,Wiggle,Male,Subtle wiggle,Female,2,2,1,1,No,No,4,71.306
D:/Pipefish Mesocosm Film/Trial 3/8-12-20/8-12 AM 02.MTS,1876.155,18.799,Inactive,Male,,,,2,1,1,No,No,4,71.306
D:/Pipefish Mesocosm Film/Trial 3/8-12-20/8-12 AM 02.MTS,1892.865,0,Move away,Female,,,,2,1,1,No,No,4,71.306
D:/Pipefish Mesocosm Film/Trial 3/8-12-20/8-12 AM 02.MTS,1894.955,11.933,Out of sight,Male,,,,2,1,1,No,No,4,71.306
D:/Pipefish Mesocosm Film/Trial 3/8-12-20/8-12 AM 02.MTS,1896.853,5.126,Out of sight,Female,,,,2,1,1,No,No,4,71.306
D:/Pipefish Mesocosm Film/Trial 3/8-12-20/8-12 AM 02.MTS,1902.264,4.624,Inactive,Female,,,,2,1,1,No,No,4,71.306
