media_file_path,time_in_video,Duration,behavior,subject,modifier_1,modifier_2,modifier_3,Group size,Female,Male,Chasing_end,Chase_present,courtship_events,total_time_of_courtship,,,,,,,,,,,,
D:/Pipefish Mesocosm Film/Trial 4/10-12-20/10-12 Noon 01.MTS,95.461,70.544,Inactive,Female,,,,2,1,1,No,Yes,1,71.588,,,,,,,,,,,,
D:/Pipefish Mesocosm Film/Trial 4/10-12-20/10-12 Noon 01.MTS,95.461,7.119,Wiggle,Male,Active wiggle,Female,2,2,1,1,No,Yes,1,71.588,,,,,,,,,,,,
D:/Pipefish Mesocosm Film/Trial 4/10-12-20/10-12 Noon 01.MTS,102.581,63.424,Inactive,Male,,,,2,1,1,No,Yes,1,71.588,,,,,,,,,,,,
D:/Pipefish Mesocosm Film/Trial 4/10-12-20/10-12 Noon 01.MTS,205.599,9.3,Pose,Female,S pose,Male,Front,2,1,1,No,No,2,152.209,,,,,,,,,,,,
D:/Pipefish Mesocosm Film/Trial 4/10-12-20/10-12 Noon 01.MTS,207.21,3.609,Wiggle,Male,Active wiggle,Female,2,2,1,1,No,No,2,152.209,,,,,,,,,,,,
D:/Pipefish Mesocosm Film/Trial 4/10-12-20/10-12 Noon 01.MTS,210.82,8.545,Inactive,Male,,,,2,1,1,No,No,2,152.209,,,,,,,,,,,,
D:/Pipefish Mesocosm Film/Trial 4/10-12-20/10-12 Noon 01.MTS,214.9,94.122,Inactive,Female,,,,2,1,1,No,No,2,152.209,,,,,,,,Group size,Female,Male,Chasing_end,Chase_present
D:/Pipefish Mesocosm Film/Trial 4/10-12-20/10-12 Noon 01.MTS,219.366,3.7,Wiggle,Male,Subtle wiggle,Female,2,2,1,1,No,No,2,152.209,,,,,,,,,,,,
D:/Pipefish Mesocosm Film/Trial 4/10-12-20/10-12 Noon 01.MTS,223.067,55.541,Inactive,Male,,,,2,1,1,No,No,2,152.209,,,,,,,,,,,,
D:/Pipefish Mesocosm Film/Trial 4/10-12-20/10-12 Noon 01.MTS,278.609,5.031,Wiggle,Male,Active wiggle,Female,2,2,1,1,No,No,2,152.209,,,,,,,,,,,,
D:/Pipefish Mesocosm Film/Trial 4/10-12-20/10-12 Noon 01.MTS,283.641,73.489,Inactive,Male,,,,2,1,1,No,No,2,152.209,,,,,,,,,,,,
D:/Pipefish Mesocosm Film/Trial 4/10-12-20/10-12 Noon 01.MTS,338.236,2.372,Pose,Female,S pose,Male,Front,2,1,1,No,No,2,152.209,,,,,,,,,,,,
D:/Pipefish Mesocosm Film/Trial 4/10-12-20/10-12 Noon 01.MTS,340.609,16.521,Inactive,Female,,,,2,1,1,No,No,2,152.209,,,,,,,,,,,,
D:/Pipefish Mesocosm Film/Trial 4/10-12-20/10-12 Noon 01.MTS,366.814,2.942,Wiggle,Male,Active wiggle,Female,2,2,1,1,No,No,3,68.647,,,,,,,,,,,,
D:/Pipefish Mesocosm Film/Trial 4/10-12-20/10-12 Noon 01.MTS,368.996,6.741,Pose,Female,S pose,Male,Front,2,1,1,No,No,3,68.647,,,,,,,,,,,,
D:/Pipefish Mesocosm Film/Trial 4/10-12-20/10-12 Noon 01.MTS,369.757,63.897,Inactive,Male,,,,2,1,1,No,No,3,68.647,,,,,,,,,,,,
D:/Pipefish Mesocosm Film/Trial 4/10-12-20/10-12 Noon 01.MTS,375.738,57.916,Inactive,Female,,,,2,1,1,No,No,3,68.647,,,,,,,,,,,,
D:/Pipefish Mesocosm Film/Trial 4/10-12-20/10-12 Noon 01.MTS,667.798,68.451,Inactive,Female,,,,2.5,1,1.5,No,No,4,69.599,,,,,,,,,,,,
D:/Pipefish Mesocosm Film/Trial 4/10-12-20/10-12 Noon 01.MTS,667.798,3.506,Wiggle,Male,Subtle wiggle,Female,2,2.5,1,1.5,No,No,4,69.599,,,,,,,,,,,,
D:/Pipefish Mesocosm Film/Trial 4/10-12-20/10-12 Noon 01.MTS,671.305,32.494,Inactive,Male,,,,2.5,1,1.5,No,No,4,69.599,,,,,,,,,,,,
D:/Pipefish Mesocosm Film/Trial 4/10-12-20/10-12 Noon 01.MTS,703.8,3.296,Wiggle,Male,Active wiggle,Female,3,2.5,1,1.5,No,No,4,69.599,,,,,,,,,,,,
D:/Pipefish Mesocosm Film/Trial 4/10-12-20/10-12 Noon 01.MTS,707.097,29.152,Inactive,Male,,,,2.5,1,1.5,No,No,4,69.599,,,,,,,,,,,,
D:/Pipefish Mesocosm Film/Trial 4/10-12-20/10-12 Noon 01.MTS,759.033,32.944,Inactive,Female,,,,2,1,1,No,No,5,33.513,,,,,,,,,,,,
D:/Pipefish Mesocosm Film/Trial 4/10-12-20/10-12 Noon 01.MTS,759.033,3.61,Wiggle,Male,Active wiggle,Female,2,2,1,1,No,No,5,33.513,,,,,,,,,,,,
D:/Pipefish Mesocosm Film/Trial 4/10-12-20/10-12 Noon 01.MTS,762.644,29.333,Inactive,Male,,,,2,1,1,No,No,5,33.513,,,,,,,,,,,,
D:/Pipefish Mesocosm Film/Trial 4/10-12-20/10-12 Noon 01.MTS,799.293,9.117,Pose,Female,S pose,Male,Front,2,1,1,No,No,6,38.746,,,,,,,,,,,,
D:/Pipefish Mesocosm Film/Trial 4/10-12-20/10-12 Noon 01.MTS,799.293,0,Move away,Male,,,,2,1,1,No,No,6,38.746,,,,,,,,,,,,
D:/Pipefish Mesocosm Film/Trial 4/10-12-20/10-12 Noon 01.MTS,808.411,29.626,Inactive,Female,,,,2,1,1,No,No,6,38.746,,,,,,,,,,,,
D:/Pipefish Mesocosm Film/Trial 4/10-12-20/10-12 Noon 01.MTS,838.037,0,Move away,Male,,,,2,1,1,No,No,6,38.746,,,,,,,,,,,,
D:/Pipefish Mesocosm Film/Trial 4/10-12-20/10-12 Noon 01.MTS,856.256,4.081,Wiggle,Female,Active wiggle,Male,2,2,1,1,No,No,7,41.397,,,,,,,,,,,,
D:/Pipefish Mesocosm Film/Trial 4/10-12-20/10-12 Noon 01.MTS,857.109,8.545,Inactive,Male,,,,2,1,1,No,No,7,41.397,,,,,,,,,,,,
D:/Pipefish Mesocosm Film/Trial 4/10-12-20/10-12 Noon 01.MTS,860.338,31.109,Inactive,Female,,,,2,1,1,No,No,7,41.397,,,,,,,,,,,,
D:/Pipefish Mesocosm Film/Trial 4/10-12-20/10-12 Noon 01.MTS,865.655,3.036,Wiggle,Male,Active wiggle,Female,2,2,1,1,No,No,7,41.397,,,,,,,,,,,,
D:/Pipefish Mesocosm Film/Trial 4/10-12-20/10-12 Noon 01.MTS,868.692,28.392,Inactive,Male,,,,2,1,1,No,No,7,41.397,,,,,,,,,,,,
D:/Pipefish Mesocosm Film/Trial 4/10-12-20/10-12 Noon 01.MTS,891.448,5.636,Out of sight,Female,,,,2,1,1,No,No,7,41.397,,,,,,,,,,,,
D:/Pipefish Mesocosm Film/Trial 5/9-12-20/9-12 AM 01.MTS,1461.053,15.762,Pose,Female,S pose,Male,Front,2.25,1,1.25,No,Yes,8,207.952,,,,,,,,,,,,
D:/Pipefish Mesocosm Film/Trial 5/9-12-20/9-12 AM 01.MTS,1461.813,7.023,Inactive,Male,,,,2.25,1,1.25,No,Yes,8,207.952,,,,,,,,,,,,
D:/Pipefish Mesocosm Film/Trial 5/9-12-20/9-12 AM 01.MTS,1468.837,4.082,Wiggle,Male,Active wiggle,Female,2,2.25,1,1.25,No,Yes,8,207.952,,,,,,,,,,,,
D:/Pipefish Mesocosm Film/Trial 5/9-12-20/9-12 AM 01.MTS,1472.92,13.673,Inactive,Male,,,,2.25,1,1.25,No,Yes,8,207.952,,,,,,,,,,,,
D:/Pipefish Mesocosm Film/Trial 5/9-12-20/9-12 AM 01.MTS,1476.816,20.219,Inactive,Female,,,,2.25,1,1.25,No,Yes,8,207.952,,,,,,,,,,,,
D:/Pipefish Mesocosm Film/Trial 5/9-12-20/9-12 AM 01.MTS,1486.594,2.561,Wiggle,Male,Active wiggle,Female,2,2.25,1,1.25,No,Yes,8,207.952,,,,,,,,,,,,
D:/Pipefish Mesocosm Film/Trial 5/9-12-20/9-12 AM 01.MTS,1489.156,10.824,Inactive,Male,,,,2.25,1,1.25,No,Yes,8,207.952,,,,,,,,,,,,
D:/Pipefish Mesocosm Film/Trial 5/9-12-20/9-12 AM 01.MTS,1497.036,7.121,Pose,Female,S pose,Male,Front,2.25,1,1.25,No,Yes,8,207.952,,,,,,,,,,,,
D:/Pipefish Mesocosm Film/Trial 5/9-12-20/9-12 AM 01.MTS,1499.981,19.936,Surrounding,Male,,,,2.25,1,1.25,No,Yes,8,207.952,,,,,,,,,,,,
D:/Pipefish Mesocosm Film/Trial 5/9-12-20/9-12 AM 01.MTS,1504.158,14.241,Inactive,Female,,,,2.25,1,1.25,No,Yes,8,207.952,,,,,,,,,,,,
D:/Pipefish Mesocosm Film/Trial 5/9-12-20/9-12 AM 01.MTS,1518.4,14.146,Swim away,Female,,,,2.25,1,1.25,No,Yes,8,207.952,,,,,,,,,,,,
D:/Pipefish Mesocosm Film/Trial 5/9-12-20/9-12 AM 01.MTS,1519.918,22.502,Chasing,Male,,,,2.25,1,1.25,No,Yes,8,207.952,,,,,,,,,,,,
D:/Pipefish Mesocosm Film/Trial 5/9-12-20/9-12 AM 01.MTS,1532.547,3.701,Pose,Female,S pose,Male,Front,2.25,1,1.25,No,Yes,8,207.952,,,,,,,,,,,,
D:/Pipefish Mesocosm Film/Trial 5/9-12-20/9-12 AM 01.MTS,1536.249,4.844,Inactive,Female,,,,2.25,1,1.25,No,Yes,8,207.952,,,,,,,,,,,,
D:/Pipefish Mesocosm Film/Trial 5/9-12-20/9-12 AM 01.MTS,1541.094,2.373,Pose,Female,S pose,Male,Front,2.25,1,1.25,No,Yes,8,207.952,,,,,,,,,,,,
D:/Pipefish Mesocosm Film/Trial 5/9-12-20/9-12 AM 01.MTS,1542.421,1.517,Wiggle,Male,Active wiggle,Female,3,2.25,1,1.25,No,Yes,8,207.952,,,,,,,,,,,,
D:/Pipefish Mesocosm Film/Trial 5/9-12-20/9-12 AM 01.MTS,1543.468,10.155,Swim away,Female,,,,2.25,1,1.25,No,Yes,8,207.952,,,,,,,,,,,,
D:/Pipefish Mesocosm Film/Trial 5/9-12-20/9-12 AM 01.MTS,1543.939,3.798,Surrounding,Male,,,,2.25,1,1.25,No,Yes,8,207.952,,,,,,,,,,,,
D:/Pipefish Mesocosm Film/Trial 5/9-12-20/9-12 AM 01.MTS,1547.738,10.252,Chasing,Male,,,,2.25,1,1.25,No,Yes,8,207.952,,,,,,,,,,,,
D:/Pipefish Mesocosm Film/Trial 5/9-12-20/9-12 AM 01.MTS,1553.624,19.178,Inactive,Female,,,,2.25,1,1.25,No,Yes,8,207.952,,,,,,,,,,,,
D:/Pipefish Mesocosm Film/Trial 5/9-12-20/9-12 AM 01.MTS,1557.991,8.448,Surrounding,Male,,,,2.25,1,1.25,No,Yes,8,207.952,,,,,,,,,,,,
D:/Pipefish Mesocosm Film/Trial 5/9-12-20/9-12 AM 01.MTS,1566.44,23.454,Chasing,Male,,,,2.25,1,1.25,No,Yes,8,207.952,,,,,,,,,,,,
D:/Pipefish Mesocosm Film/Trial 5/9-12-20/9-12 AM 01.MTS,1572.803,23.642,Swim away,Female,,,,2.25,1,1.25,No,Yes,8,207.952,,,,,,,,,,,,
D:/Pipefish Mesocosm Film/Trial 5/9-12-20/9-12 AM 01.MTS,1589.895,6.075,Inactive,Male,,,,2.25,1,1.25,No,Yes,8,207.952,,,,,,,,,,,,
D:/Pipefish Mesocosm Film/Trial 5/9-12-20/9-12 AM 01.MTS,1595.971,6.358,Wiggle,Male,Active wiggle,Female,2,2.25,1,1.25,No,Yes,8,207.952,,,,,,,,,,,,
D:/Pipefish Mesocosm Film/Trial 5/9-12-20/9-12 AM 01.MTS,1596.446,10.536,Pose,Female,S pose,Male,Front,2.25,1,1.25,No,Yes,8,207.952,,,,,,,,,,,,
D:/Pipefish Mesocosm Film/Trial 5/9-12-20/9-12 AM 01.MTS,1602.33,13.102,Inactive,Male,,,,2.25,1,1.25,No,Yes,8,207.952,,,,,,,,,,,,
D:/Pipefish Mesocosm Film/Trial 5/9-12-20/9-12 AM 01.MTS,1606.983,42.633,Inactive,Female,,,,2.25,1,1.25,No,Yes,8,207.952,,,,,,,,,,,,
D:/Pipefish Mesocosm Film/Trial 5/9-12-20/9-12 AM 01.MTS,1615.433,6.361,Swim away,Male,,,,2.25,1,1.25,No,Yes,8,207.952,,,,,,,,,,,,
D:/Pipefish Mesocosm Film/Trial 5/9-12-20/9-12 AM 01.MTS,1621.795,45.003,Inactive,Male,,,,2.25,1,1.25,No,Yes,8,207.952,,,,,,,,,,,,
D:/Pipefish Mesocosm Film/Trial 5/9-12-20/9-12 AM 01.MTS,1649.617,3.984,Swim away,Female,,,,2.25,1,1.25,No,Yes,8,207.952,,,,,,,,,,,,
D:/Pipefish Mesocosm Film/Trial 5/9-12-20/9-12 AM 01.MTS,1653.602,13.196,Inactive,Female,,,,2.25,1,1.25,No,Yes,8,207.952,,,,,,,,,,,,
D:/Pipefish Mesocosm Film/Trial 5/9-12-20/9-12 AM 01.MTS,2317.362,7.025,Pose,Female,S pose,Male,Front,2.31,1,1.31,No,Yes,9,335.535,,,,,,,,,,,,
D:/Pipefish Mesocosm Film/Trial 5/9-12-20/9-12 AM 01.MTS,2318.216,1.329,Inactive,Male,,,,2.31,1,1.31,No,Yes,9,335.535,,,,,,,,,,,,
D:/Pipefish Mesocosm Film/Trial 5/9-12-20/9-12 AM 01.MTS,2319.546,3.512,Wiggle,Male,Active wiggle,Female,2,2.31,1,1.31,No,Yes,9,335.535,,,,,,,,,,,,
D:/Pipefish Mesocosm Film/Trial 5/9-12-20/9-12 AM 01.MTS,2323.059,3.797,Inactive,Male,,,,2.31,1,1.31,No,Yes,9,335.535,,,,,,,,,,,,
D:/Pipefish Mesocosm Film/Trial 5/9-12-20/9-12 AM 01.MTS,2324.388,2.847,Inactive,Female,,,,2.31,1,1.31,No,Yes,9,335.535,,,,,,,,,,,,
D:/Pipefish Mesocosm Film/Trial 5/9-12-20/9-12 AM 01.MTS,2326.857,1.328,Chasing,Male,,,,2.31,1,1.31,No,Yes,9,335.535,,,,,,,,,,,,
D:/Pipefish Mesocosm Film/Trial 5/9-12-20/9-12 AM 01.MTS,2327.236,7.688,Pose,Female,S pose,Male,Front,2.31,1,1.31,No,Yes,9,335.535,,,,,,,,,,,,
D:/Pipefish Mesocosm Film/Trial 5/9-12-20/9-12 AM 01.MTS,2328.186,3.701,Wiggle,Male,Active wiggle,Female,2,2.31,1,1.31,No,Yes,9,335.535,,,,,,,,,,,,
D:/Pipefish Mesocosm Film/Trial 5/9-12-20/9-12 AM 01.MTS,2331.888,4.082,Inactive,Male,,,,2.31,1,1.31,No,Yes,9,335.535,,,,,,,,,,,,
D:/Pipefish Mesocosm Film/Trial 5/9-12-20/9-12 AM 01.MTS,2334.925,20.328,Inactive,Female,,,,2.31,1,1.31,No,Yes,9,335.535,,,,,,,,,,,,
D:/Pipefish Mesocosm Film/Trial 5/9-12-20/9-12 AM 01.MTS,2335.971,9.019,Surrounding,Male,,,,2.31,1,1.31,No,Yes,9,335.535,,,,,,,,,,,,
D:/Pipefish Mesocosm Film/Trial 5/9-12-20/9-12 AM 01.MTS,2344.991,5.22,Chasing,Male,,,,2.31,1,1.31,No,Yes,9,335.535,,,,,,,,,,,,
D:/Pipefish Mesocosm Film/Trial 5/9-12-20/9-12 AM 01.MTS,2350.212,3.417,Inactive,Male,,,,2.31,1,1.31,No,Yes,9,335.535,,,,,,,,,,,,
D:/Pipefish Mesocosm Film/Trial 5/9-12-20/9-12 AM 01.MTS,2353.63,5.791,Wiggle,Male,Active wiggle,Female,2,2.31,1,1.31,No,Yes,9,335.535,,,,,,,,,,,,
D:/Pipefish Mesocosm Film/Trial 5/9-12-20/9-12 AM 01.MTS,2355.254,6.744,Pose,Female,S pose,Male,Front,2.31,1,1.31,No,Yes,9,335.535,,,,,,,,,,,,
D:/Pipefish Mesocosm Film/Trial 5/9-12-20/9-12 AM 01.MTS,2359.422,2.942,Inactive,Male,,,,2.31,1,1.31,No,Yes,9,335.535,,,,,,,,,,,,
D:/Pipefish Mesocosm Film/Trial 5/9-12-20/9-12 AM 01.MTS,2361.999,8.732,Out of sight,Female,,,,2.31,1,1.31,No,Yes,9,335.535,,,,,,,,,,,,
D:/Pipefish Mesocosm Film/Trial 5/9-12-20/9-12 AM 01.MTS,2362.365,9.494,Out of sight,Male,,,,2.31,1,1.31,No,Yes,9,335.535,,,,,,,,,,,,
D:/Pipefish Mesocosm Film/Trial 5/9-12-20/9-12 AM 01.MTS,2370.732,10.441,Inactive,Female,,,,2.31,1,1.31,No,Yes,9,335.535,,,,,,,,,,,,
D:/Pipefish Mesocosm Film/Trial 5/9-12-20/9-12 AM 01.MTS,2371.86,0.095,Inactive,Male,,,,2.31,1,1.31,No,Yes,9,335.535,,,,,,,,,,,,
D:/Pipefish Mesocosm Film/Trial 5/9-12-20/9-12 AM 01.MTS,2372.904,1.803,Wiggle,Male,Subtle wiggle,Female,2,2.31,1,1.31,No,Yes,9,335.535,,,,,,,,,,,,
D:/Pipefish Mesocosm Film/Trial 5/9-12-20/9-12 AM 01.MTS,2374.708,2.469,Inactive,Male,,,,2.31,1,1.31,No,Yes,9,335.535,,,,,,,,,,,,
D:/Pipefish Mesocosm Film/Trial 5/9-12-20/9-12 AM 01.MTS,2377.178,4.365,Wiggle,Male,Active wiggle,Female,2,2.31,1,1.31,No,Yes,9,335.535,,,,,,,,,,,,
D:/Pipefish Mesocosm Film/Trial 5/9-12-20/9-12 AM 01.MTS,2381.174,4.366,Pose,Female,S pose,Male,Front,2.31,1,1.31,No,Yes,9,335.535,,,,,,,,,,,,
D:/Pipefish Mesocosm Film/Trial 5/9-12-20/9-12 AM 01.MTS,2381.544,6.361,Inactive,Male,,,,2.31,1,1.31,No,Yes,9,335.535,,,,,,,,,,,,
D:/Pipefish Mesocosm Film/Trial 5/9-12-20/9-12 AM 01.MTS,2385.541,3.6,Inactive,Female,,,,2.31,1,1.31,No,Yes,9,335.535,,,,,,,,,,,,
D:/Pipefish Mesocosm Film/Trial 5/9-12-20/9-12 AM 01.MTS,2387.906,1.707,Wiggle,Male,Subtle wiggle,Female,2,2.31,1,1.31,No,Yes,9,335.535,,,,,,,,,,,,
D:/Pipefish Mesocosm Film/Trial 5/9-12-20/9-12 AM 01.MTS,2389.142,3.045,Pose,Female,S pose,Male,Front,2.31,1,1.31,No,Yes,9,335.535,,,,,,,,,,,,
D:/Pipefish Mesocosm Film/Trial 5/9-12-20/9-12 AM 01.MTS,2389.614,16.806,Inactive,Male,,,,2.31,1,1.31,No,Yes,9,335.535,,,,,,,,,,,,
D:/Pipefish Mesocosm Film/Trial 5/9-12-20/9-12 AM 01.MTS,2392.188,10.432,Inactive,Female,,,,2.31,1,1.31,No,Yes,9,335.535,,,,,,,,,,,,
D:/Pipefish Mesocosm Film/Trial 5/9-12-20/9-12 AM 01.MTS,2402.621,2.279,Pose,Female,S pose,Male,Front,2.31,1,1.31,No,Yes,9,335.535,,,,,,,,,,,,
D:/Pipefish Mesocosm Film/Trial 5/9-12-20/9-12 AM 01.MTS,2404.901,33.895,Inactive,Female,,,,2.31,1,1.31,No,Yes,9,335.535,,,,,,,,,,,,
D:/Pipefish Mesocosm Film/Trial 5/9-12-20/9-12 AM 01.MTS,2406.421,1.517,Wiggle,Male,Subtle wiggle,Female,3,2.31,1,1.31,No,Yes,9,335.535,,,,,,,,,,,,
D:/Pipefish Mesocosm Film/Trial 5/9-12-20/9-12 AM 01.MTS,2407.939,24.589,Inactive,Male,,,,2.31,1,1.31,No,Yes,9,335.535,,,,,,,,,,,,
D:/Pipefish Mesocosm Film/Trial 5/9-12-20/9-12 AM 01.MTS,2432.529,4.177,Wiggle,Male,Active wiggle,Female,2,2.31,1,1.31,No,Yes,9,335.535,,,,,,,,,,,,
D:/Pipefish Mesocosm Film/Trial 5/9-12-20/9-12 AM 01.MTS,2436.707,1.898,Inactive,Male,,,,2.31,1,1.31,No,Yes,9,335.535,,,,,,,,,,,,
D:/Pipefish Mesocosm Film/Trial 5/9-12-20/9-12 AM 01.MTS,2438.606,9.114,Out of sight,Male,,,,2.31,1,1.31,No,Yes,9,335.535,,,,,,,,,,,,
D:/Pipefish Mesocosm Film/Trial 5/9-12-20/9-12 AM 01.MTS,2438.797,8.827,Out of sight,Female,,,,2.31,1,1.31,No,Yes,9,335.535,,,,,,,,,,,,
D:/Pipefish Mesocosm Film/Trial 5/9-12-20/9-12 AM 01.MTS,2447.625,3.99,Inactive,Female,,,,2.31,1,1.31,No,Yes,9,335.535,,,,,,,,,,,,
D:/Pipefish Mesocosm Film/Trial 5/9-12-20/9-12 AM 01.MTS,2447.721,3.417,Inactive,Male,,,,2.31,1,1.31,No,Yes,9,335.535,,,,,,,,,,,,
D:/Pipefish Mesocosm Film/Trial 5/9-12-20/9-12 AM 01.MTS,2451.139,1.519,Chasing,Male,,,,2.31,1,1.31,No,Yes,9,335.535,,,,,,,,,,,,
D:/Pipefish Mesocosm Film/Trial 5/9-12-20/9-12 AM 01.MTS,2451.616,8.448,Pose,Female,S pose,Male,Front,2.31,1,1.31,No,Yes,9,335.535,,,,,,,,,,,,
D:/Pipefish Mesocosm Film/Trial 5/9-12-20/9-12 AM 01.MTS,2452.659,6.454,Wiggle,Male,Active wiggle,Female,2,2.31,1,1.31,No,Yes,9,335.535,,,,,,,,,,,,
D:/Pipefish Mesocosm Film/Trial 5/9-12-20/9-12 AM 01.MTS,2459.114,28.863,Inactive,Male,,,,2.31,1,1.31,No,Yes,9,335.535,,,,,,,,,,,,
D:/Pipefish Mesocosm Film/Trial 5/9-12-20/9-12 AM 01.MTS,2460.73,0.853,Pose,Female,Flash,Male,Front,2.31,1,1.31,No,Yes,9,335.535,,,,,,,,,,,,
D:/Pipefish Mesocosm Film/Trial 5/9-12-20/9-12 AM 01.MTS,2461.584,27.343,Inactive,Female,,,,2.31,1,1.31,No,Yes,9,335.535,,,,,,,,,,,,
D:/Pipefish Mesocosm Film/Trial 5/9-12-20/9-12 AM 01.MTS,2487.978,2.942,Wiggle,Male,Active wiggle,Female,3,2.31,1,1.31,No,Yes,9,335.535,,,,,,,,,,,,
D:/Pipefish Mesocosm Film/Trial 5/9-12-20/9-12 AM 01.MTS,2488.928,3.227,Pose,Female,S pose,Male,Front,2.31,1,1.31,No,Yes,9,335.535,,,,,,,,,,,,
D:/Pipefish Mesocosm Film/Trial 5/9-12-20/9-12 AM 01.MTS,2490.921,2.277,Inactive,Male,,,,2.31,1,1.31,No,Yes,9,335.535,,,,,,,,,,,,
D:/Pipefish Mesocosm Film/Trial 5/9-12-20/9-12 AM 01.MTS,2492.156,6.549,Inactive,Female,,,,2.31,1,1.31,No,Yes,9,335.535,,,,,,,,,,,,
D:/Pipefish Mesocosm Film/Trial 5/9-12-20/9-12 AM 01.MTS,2493.199,2.66,Wiggle,Male,Active wiggle,Female,3,2.31,1,1.31,No,Yes,9,335.535,,,,,,,,,,,,
D:/Pipefish Mesocosm Film/Trial 5/9-12-20/9-12 AM 01.MTS,2495.86,2.466,Inactive,Male,,,,2.31,1,1.31,No,Yes,9,335.535,,,,,,,,,,,,
D:/Pipefish Mesocosm Film/Trial 5/9-12-20/9-12 AM 01.MTS,2498.327,11.202,Out of sight,Male,,,,2.31,1,1.31,No,Yes,9,335.535,,,,,,,,,,,,
D:/Pipefish Mesocosm Film/Trial 5/9-12-20/9-12 AM 01.MTS,2498.706,15.381,Out of sight,Female,,,,2.31,1,1.31,No,Yes,9,335.535,,,,,,,,,,,,
D:/Pipefish Mesocosm Film/Trial 5/9-12-20/9-12 AM 01.MTS,2509.53,23.736,Surrounding,Male,,,,2.31,1,1.31,No,Yes,9,335.535,,,,,,,,,,,,
D:/Pipefish Mesocosm Film/Trial 5/9-12-20/9-12 AM 01.MTS,2514.088,19.654,Inactive,Female,,,,2.31,1,1.31,No,Yes,9,335.535,,,,,,,,,,,,
D:/Pipefish Mesocosm Film/Trial 5/9-12-20/9-12 AM 01.MTS,2533.267,2.181,Wiggle,Male,Active wiggle,Female,2,2.31,1,1.31,No,Yes,9,335.535,,,,,,,,,,,,
D:/Pipefish Mesocosm Film/Trial 5/9-12-20/9-12 AM 01.MTS,2533.743,4.08,Pose,Female,S pose,Male,Front,2.31,1,1.31,No,Yes,9,335.535,,,,,,,,,,,,
D:/Pipefish Mesocosm Film/Trial 5/9-12-20/9-12 AM 01.MTS,2535.449,7.596,Inactive,Male,,,,2.31,1,1.31,No,Yes,9,335.535,,,,,,,,,,,,
D:/Pipefish Mesocosm Film/Trial 5/9-12-20/9-12 AM 01.MTS,2537.824,3.132,Inactive,Female,,,,2.31,1,1.31,No,Yes,9,335.535,,,,,,,,,,,,
D:/Pipefish Mesocosm Film/Trial 5/9-12-20/9-12 AM 01.MTS,2540.957,13.101,Out of sight,Female,,,,2.31,1,1.31,No,Yes,9,335.535,,,,,,,,,,,,
D:/Pipefish Mesocosm Film/Trial 5/9-12-20/9-12 AM 01.MTS,2543.046,4.841,Out of sight,Male,,,,2.31,1,1.31,No,Yes,9,335.535,,,,,,,,,,,,
D:/Pipefish Mesocosm Film/Trial 5/9-12-20/9-12 AM 01.MTS,2547.888,21.931,Inactive,Male,,,,2.31,1,1.31,No,Yes,9,335.535,,,,,,,,,,,,
D:/Pipefish Mesocosm Film/Trial 5/9-12-20/9-12 AM 01.MTS,2554.059,97.699,Inactive,Female,,,,2.31,1,1.31,No,Yes,9,335.535,,,,,,,,,,,,
D:/Pipefish Mesocosm Film/Trial 5/9-12-20/9-12 AM 01.MTS,2569.82,18.705,Surrounding,Male,,,,2.31,1,1.31,No,Yes,9,335.535,,,,,,,,,,,,
D:/Pipefish Mesocosm Film/Trial 5/9-12-20/9-12 AM 01.MTS,2588.526,2.182,Wiggle,Male,Subtle wiggle,Female,3,2.31,1,1.31,No,Yes,9,335.535,,,,,,,,,,,,
D:/Pipefish Mesocosm Film/Trial 5/9-12-20/9-12 AM 01.MTS,2590.709,61.049,Surrounding,Male,,,,2.31,1,1.31,No,Yes,9,335.535,,,,,,,,,,,,
D:/Pipefish Mesocosm Film/Trial 5/9-12-20/9-12 AM 01.MTS,2695.052,4.467,Pose,Female,S pose,Male,Front,2,1,1,No,Yes,10,132.657,,,,,,,,,,,,
D:/Pipefish Mesocosm Film/Trial 5/9-12-20/9-12 AM 01.MTS,2695.527,2.658,Wiggle,Male,Active wiggle,Female,2,2,1,1,No,Yes,10,132.657,,,,,,,,,,,,
D:/Pipefish Mesocosm Film/Trial 5/9-12-20/9-12 AM 01.MTS,2698.186,6.551,Surrounding,Male,,,,2,1,1,No,Yes,10,132.657,,,,,,,,,,,,
D:/Pipefish Mesocosm Film/Trial 5/9-12-20/9-12 AM 01.MTS,2699.52,4.837,Inactive,Female,,,,2,1,1,No,Yes,10,132.657,,,,,,,,,,,,
D:/Pipefish Mesocosm Film/Trial 5/9-12-20/9-12 AM 01.MTS,2704.358,6.171,Pose,Female,S pose,Male,Front,2,1,1,No,Yes,10,132.657,,,,,,,,,,,,
D:/Pipefish Mesocosm Film/Trial 5/9-12-20/9-12 AM 01.MTS,2704.738,2.941,Wiggle,Male,Active wiggle,Female,2,2,1,1,No,Yes,10,132.657,,,,,,,,,,,,
D:/Pipefish Mesocosm Film/Trial 5/9-12-20/9-12 AM 01.MTS,2707.68,53.358,Inactive,Male,,,,2,1,1,No,Yes,10,132.657,,,,,,,,,,,,
D:/Pipefish Mesocosm Film/Trial 5/9-12-20/9-12 AM 01.MTS,2710.53,49.274,Inactive,Female,,,,2,1,1,No,Yes,10,132.657,,,,,,,,,,,,
D:/Pipefish Mesocosm Film/Trial 5/9-12-20/9-12 AM 01.MTS,2759.805,6.931,Pose,Female,S pose,Male,Front,2,1,1,No,Yes,10,132.657,,,,,,,,,,,,
D:/Pipefish Mesocosm Film/Trial 5/9-12-20/9-12 AM 01.MTS,2761.039,5.222,Wiggle,Male,Active wiggle,Female,2,2,1,1,No,Yes,10,132.657,,,,,,,,,,,,
D:/Pipefish Mesocosm Film/Trial 5/9-12-20/9-12 AM 01.MTS,2766.262,60.862,Inactive,Male,,,,2,1,1,No,Yes,10,132.657,,,,,,,,,,,,
D:/Pipefish Mesocosm Film/Trial 5/9-12-20/9-12 AM 01.MTS,2766.737,60.387,Inactive,Female,,,,2,1,1,No,Yes,10,132.657,,,,,,,,,,,,
D:/Pipefish Mesocosm Film/Trial 5/9-12-20/9-12 AM 01.MTS,2854.561,8.335,Pose,Female,S pose,Male,Front,3,1,2,No,No,11,98.629,,,,,,,,,,,,
D:/Pipefish Mesocosm Film/Trial 5/9-12-20/9-12 AM 01.MTS,2854.846,10.328,Wiggle,Male,Active wiggle,Female,3,3,1,2,No,No,11,98.629,,,,,,,,,,,,
D:/Pipefish Mesocosm Film/Trial 5/9-12-20/9-12 AM 02.MTS,2862.897,89.947,Inactive,Female,,,,3,1,2,No,No,11,98.629,,,,,,,,,,,,
D:/Pipefish Mesocosm Film/Trial 5/9-12-20/9-12 AM 02.MTS,2865.175,87.734,Inactive,Male,,,,3,1,2,No,No,11,98.629,,,,,,,,,,,,
D:/Pipefish Mesocosm Film/Trial 5/9-12-20/9-12 AM 02.MTS,3974.133,3.894,Wiggle,Male,Subtle wiggle,Female,2,2,1,1,No,No,12,34.278,,,,,,,,,,,,
D:/Pipefish Mesocosm Film/Trial 5/9-12-20/9-12 AM 02.MTS,3974.989,4.082,Pose,Female,S pose,Male,Front,2,1,1,No,No,12,34.278,,,,,,,,,,,,
D:/Pipefish Mesocosm Film/Trial 5/9-12-20/9-12 AM 02.MTS,3978.028,12.815,Surrounding,Male,,,,2,1,1,No,No,12,34.278,,,,,,,,,,,,
D:/Pipefish Mesocosm Film/Trial 5/9-12-20/9-12 AM 02.MTS,3979.072,5.315,Wiggle,Female,Active wiggle,Male,2,2,1,1,No,No,12,34.278,,,,,,,,,,,,
D:/Pipefish Mesocosm Film/Trial 5/9-12-20/9-12 AM 02.MTS,3984.388,23.073,Inactive,Female,,,,2,1,1,No,No,12,34.278,,,,,,,,,,,,
D:/Pipefish Mesocosm Film/Trial 5/9-12-20/9-12 AM 02.MTS,3990.844,16.806,Inactive,Male,,,,2,1,1,No,No,12,34.278,,,,,,,,,,,,
D:/Pipefish Mesocosm Film/Trial 5/9-12-20/9-12 AM 02.MTS,4070.409,2.182,Wiggle,Male,Active wiggle,Female,3,3,1,2,No,Yes,13,69.318,,,,,,,,,,,,
D:/Pipefish Mesocosm Film/Trial 5/9-12-20/9-12 AM 02.MTS,4071.452,33.326,Inactive,Female,,,,3,1,2,No,Yes,13,69.318,,,,,,,,,,,,
D:/Pipefish Mesocosm Film/Trial 5/9-12-20/9-12 AM 02.MTS,4072.592,34.654,Surrounding,Male,,,,3,1,2,No,Yes,13,69.318,,,,,,,,,,,,
D:/Pipefish Mesocosm Film/Trial 5/9-12-20/9-12 AM 02.MTS,4104.779,6.266,Swim away,Female,,,,3,1,2,No,Yes,13,69.318,,,,,,,,,,,,
D:/Pipefish Mesocosm Film/Trial 5/9-12-20/9-12 AM 02.MTS,4107.247,6.075,Chasing,Male,,,,3,1,2,No,Yes,13,69.318,,,,,,,,,,,,
D:/Pipefish Mesocosm Film/Trial 5/9-12-20/9-12 AM 02.MTS,4111.046,27.342,Inactive,Female,,,,3,1,2,No,Yes,13,69.318,,,,,,,,,,,,
D:/Pipefish Mesocosm Film/Trial 5/9-12-20/9-12 AM 02.MTS,4113.323,6.836,Surrounding,Male,,,,3,1,2,No,Yes,13,69.318,,,,,,,,,,,,
D:/Pipefish Mesocosm Film/Trial 5/9-12-20/9-12 AM 02.MTS,4120.16,18.134,Inactive,Male,,,,3,1,2,No,Yes,13,69.318,,,,,,,,,,,,
D:/Pipefish Mesocosm Film/Trial 5/10-12-20/10-12 Noon 01.MTS,68.97,3.512,Pose,Female,S pose,Male,Front,3,1,2,No,Yes,14,131.784,,,,,,,,,,,,
D:/Pipefish Mesocosm Film/Trial 5/10-12-20/10-12 Noon 01.MTS,69.825,10.444,Inactive,Male,,,,3,1,2,No,Yes,14,131.784,,,,,,,,,,,,
D:/Pipefish Mesocosm Film/Trial 5/10-12-20/10-12 Noon 01.MTS,72.483,59.625,Inactive,Female,,,,3,1,2,No,Yes,14,131.784,,,,,,,,,,,,
D:/Pipefish Mesocosm Film/Trial 5/10-12-20/10-12 Noon 01.MTS,80.27,1.897,Wiggle,Male,Subtle wiggle,Female,3,3,1,2,No,Yes,14,131.784,,,,,,,,,,,,
D:/Pipefish Mesocosm Film/Trial 5/10-12-20/10-12 Noon 01.MTS,82.168,118.302,Inactive,Male,,,,3,1,2,No,Yes,14,131.784,,,,,,,,,,,,
D:/Pipefish Mesocosm Film/Trial 5/10-12-20/10-12 Noon 01.MTS,132.109,3.131,Pose,Female,Non-s pose,Male,Front,3,1,2,No,Yes,14,131.784,,,,,,,,,,,,
D:/Pipefish Mesocosm Film/Trial 5/10-12-20/10-12 Noon 01.MTS,135.241,65.229,Inactive,Female,,,,3,1,2,No,Yes,14,131.784,,,,,,,,,,,,
D:/Pipefish Mesocosm Film/Trial 7/9-12-20/9-12 AM 01.MTS,2.698,5.601,Pose,Female,S pose,Male,Front,2.333333333,1,1.33,No,No,15,100.734,,,,,,,,,,,,
D:/Pipefish Mesocosm Film/Trial 7/9-12-20/9-12 AM 01.MTS,4.692,2.847,Out of sight,Male,,,,2.333333333,1,1.33,No,No,15,100.734,,,,,,,,,,,,
D:/Pipefish Mesocosm Film/Trial 7/9-12-20/9-12 AM 01.MTS,7.54,9.778,Wiggle,Male,Active wiggle,Female,2,2.333333333,1,1.33,No,No,15,100.734,,,,,,,,,,,,
D:/Pipefish Mesocosm Film/Trial 7/9-12-20/9-12 AM 01.MTS,8.3,72.06,Inactive,Female,,,,2.333333333,1,1.33,No,No,15,100.734,,,,,,,,,,,,
D:/Pipefish Mesocosm Film/Trial 7/9-12-20/9-12 AM 01.MTS,17.319,21.265,Inactive,Male,,,,2.333333333,1,1.33,No,No,15,100.734,,,,,,,,,,,,
D:/Pipefish Mesocosm Film/Trial 7/9-12-20/9-12 AM 01.MTS,38.585,2.754,Wiggle,Male,Active wiggle,Female,3,2.333333333,1,1.33,No,No,15,100.734,,,,,,,,,,,,
D:/Pipefish Mesocosm Film/Trial 7/9-12-20/9-12 AM 01.MTS,41.34,42.724,Inactive,Male,,,,2.333333333,1,1.33,No,No,15,100.734,,,,,,,,,,,,
D:/Pipefish Mesocosm Film/Trial 7/9-12-20/9-12 AM 01.MTS,80.361,3.702,Pose,Female,S pose,Female,Front,2.333333333,1,1.33,No,No,15,100.734,,,,,,,,,,,,
D:/Pipefish Mesocosm Film/Trial 7/9-12-20/9-12 AM 01.MTS,84.064,1.521,Wiggle,Female,Active wiggle,Male,2,2.333333333,1,1.33,No,No,15,100.734,,,,,,,,,,,,
D:/Pipefish Mesocosm Film/Trial 7/9-12-20/9-12 AM 01.MTS,84.065,5.41,Out of sight,Male,,,,2.333333333,1,1.33,No,No,15,100.734,,,,,,,,,,,,
D:/Pipefish Mesocosm Film/Trial 7/9-12-20/9-12 AM 01.MTS,85.586,3.131,Pose,Female,S pose,Male,Front,2.333333333,1,1.33,No,No,15,100.734,,,,,,,,,,,,
D:/Pipefish Mesocosm Film/Trial 7/9-12-20/9-12 AM 01.MTS,88.718,6.359,Inactive,Female,,,,2.333333333,1,1.33,No,No,15,100.734,,,,,,,,,,,,
D:/Pipefish Mesocosm Film/Trial 7/9-12-20/9-12 AM 01.MTS,89.476,4.462,Inactive,Male,,,,2.333333333,1,1.33,No,No,15,100.734,,,,,,,,,,,,
D:/Pipefish Mesocosm Film/Trial 7/9-12-20/9-12 AM 01.MTS,93.939,8.64,Out of sight,Male,,,,2.333333333,1,1.33,No,No,15,100.734,,,,,,,,,,,,
D:/Pipefish Mesocosm Film/Trial 7/9-12-20/9-12 AM 01.MTS,95.078,7.501,Out of sight,Female,,,,2.333333333,1,1.33,No,No,15,100.734,,,,,,,,,,,,
D:/Pipefish Mesocosm Film/Trial 7/9-12-20/9-12 AM 01.MTS,238.542,3.796,Wiggle,Male,Active wiggle,Female,2,2,1,1,No,No,16,23.638,,,,,,,,,,,,
D:/Pipefish Mesocosm Film/Trial 7/9-12-20/9-12 AM 01.MTS,239.3,2.087,Pose,Female,S pose,Male,Front,2,1,1,No,No,16,23.638,,,,,,,,,,,,
D:/Pipefish Mesocosm Film/Trial 7/9-12-20/9-12 AM 01.MTS,241.388,3.417,Inactive,Female,,,,2,1,1,No,No,16,23.638,,,,,,,,,,,,
D:/Pipefish Mesocosm Film/Trial 7/9-12-20/9-12 AM 01.MTS,242.339,18.421,Inactive,Male,,,,2,1,1,No,No,16,23.638,,,,,,,,,,,,
D:/Pipefish Mesocosm Film/Trial 7/9-12-20/9-12 AM 01.MTS,244.806,5.126,Out of sight,Female,,,,2,1,1,No,No,16,23.638,,,,,,,,,,,,
D:/Pipefish Mesocosm Film/Trial 7/9-12-20/9-12 AM 01.MTS,249.933,10.257,Inactive,Female,,,,2,1,1,No,No,16,23.638,,,,,,,,,,,,
D:/Pipefish Mesocosm Film/Trial 7/9-12-20/9-12 AM 01.MTS,285.539,7.593,Wiggle,Male,Active wiggle,Female,2,2,1,1,No,No,17,44.353,,,,,,,,,,,,
D:/Pipefish Mesocosm Film/Trial 7/9-12-20/9-12 AM 01.MTS,286.204,5.6,Pose,Female,S pose,Male,Front,2,1,1,No,No,17,44.353,,,,,,,,,,,,
D:/Pipefish Mesocosm Film/Trial 7/9-12-20/9-12 AM 01.MTS,291.805,11.678,Inactive,Female,,,,2,1,1,No,No,17,44.353,,,,,,,,,,,,
D:/Pipefish Mesocosm Film/Trial 7/9-12-20/9-12 AM 01.MTS,293.133,11.109,Inactive,Male,,,,2,1,1,No,No,17,44.353,,,,,,,,,,,,
D:/Pipefish Mesocosm Film/Trial 7/9-12-20/9-12 AM 01.MTS,303.484,6.075,Pose,Female,S pose,Male,Front,2,1,1,No,No,17,44.353,,,,,,,,,,,,
D:/Pipefish Mesocosm Film/Trial 7/9-12-20/9-12 AM 01.MTS,304.243,5.603,Wiggle,Male,Active wiggle,Female,2,2,1,1,No,No,17,44.353,,,,,,,,,,,,
D:/Pipefish Mesocosm Film/Trial 7/9-12-20/9-12 AM 01.MTS,309.56,5.126,Inactive,Female,,,,2,1,1,No,No,17,44.353,,,,,,,,,,,,
D:/Pipefish Mesocosm Film/Trial 7/9-12-20/9-12 AM 01.MTS,309.847,6.072,Inactive,Male,,,,2,1,1,No,No,17,44.353,,,,,,,,,,,,
D:/Pipefish Mesocosm Film/Trial 7/9-12-20/9-12 AM 01.MTS,314.687,14.81,Out of sight,Female,,,,2,1,1,No,No,17,44.353,,,,,,,,,,,,
D:/Pipefish Mesocosm Film/Trial 7/9-12-20/9-12 AM 01.MTS,315.92,13.482,Out of sight,Male,,,,2,1,1,No,No,17,44.353,,,,,,,,,,,,
D:/Pipefish Mesocosm Film/Trial 7/9-12-20/9-12 AM 01.MTS,438.209,5.14,Pose,Female,S pose,Male,Front,2,1,1,No,No,18,24.211,,,,,,,,,,,,
D:/Pipefish Mesocosm Film/Trial 7/9-12-20/9-12 AM 01.MTS,438.209,23.073,Inactive,Male,,,,2,1,1,No,No,18,24.211,,,,,,,,,,,,
D:/Pipefish Mesocosm Film/Trial 7/9-12-20/9-12 AM 01.MTS,443.35,17.932,Inactive,Female,,,,2,1,1,No,No,18,24.211,,,,,,,,,,,,
D:/Pipefish Mesocosm Film/Trial 7/9-12-20/9-12 AM 01.MTS,573.507,10.822,Pose,Female,S pose,Male,Front,2,1,1,No,No,19,71.589,,,,,,,,,,,,
D:/Pipefish Mesocosm Film/Trial 7/9-12-20/9-12 AM 01.MTS,574.741,8.735,Out of sight,Male,,,,2,1,1,No,No,19,71.589,,,,,,,,,,,,
D:/Pipefish Mesocosm Film/Trial 7/9-12-20/9-12 AM 01.MTS,583.477,61.049,Inactive,Male,,,,2,1,1,No,No,19,71.589,,,,,,,,,,,,
D:/Pipefish Mesocosm Film/Trial 7/9-12-20/9-12 AM 01.MTS,584.33,60.196,Inactive,Female,,,,2,1,1,No,No,19,71.589,,,,,,,,,,,,
D:/Pipefish Mesocosm Film/Trial 7/9-12-20/9-12 AM 01.MTS,841.442,3.415,Pose,Female,S pose,Male,Front,2,1,1,No,No,20,148.872,,,,,,,,,,,,
D:/Pipefish Mesocosm Film/Trial 7/9-12-20/9-12 AM 01.MTS,842.866,29.242,Surrounding,Male,,,,2,1,1,No,No,20,148.872,,,,,,,,,,,,
D:/Pipefish Mesocosm Film/Trial 7/9-12-20/9-12 AM 01.MTS,844.858,23.642,Inactive,Female,,,,2,1,1,No,No,20,148.872,,,,,,,,,,,,
D:/Pipefish Mesocosm Film/Trial 7/9-12-20/9-12 AM 01.MTS,868.501,8.829,Out of sight,Female,,,,2,1,1,No,No,20,148.872,,,,,,,,,,,,
D:/Pipefish Mesocosm Film/Trial 7/9-12-20/9-12 AM 01.MTS,872.109,9.21,Out of sight,Male,,,,2,1,1,No,No,20,148.872,,,,,,,,,,,,
D:/Pipefish Mesocosm Film/Trial 7/9-12-20/9-12 AM 01.MTS,877.331,14.051,Inactive,Female,,,,2,1,1,No,No,20,148.872,,,,,,,,,,,,
D:/Pipefish Mesocosm Film/Trial 7/9-12-20/9-12 AM 01.MTS,881.32,3.797,Wiggle,Male,Active wiggle,Female,2,2,1,1,No,No,20,148.872,,,,,,,,,,,,
D:/Pipefish Mesocosm Film/Trial 7/9-12-20/9-12 AM 01.MTS,885.118,70.352,Inactive,Male,,,,2,1,1,No,No,20,148.872,,,,,,,,,,,,
D:/Pipefish Mesocosm Film/Trial 7/9-12-20/9-12 AM 01.MTS,891.383,4.27,Out of sight,Female,,,,2,1,1,No,No,20,148.872,,,,,,,,,,,,
D:/Pipefish Mesocosm Film/Trial 7/9-12-20/9-12 AM 01.MTS,895.654,5.125,Inactive,Female,,,,2,1,1,No,No,20,148.872,,,,,,,,,,,,
D:/Pipefish Mesocosm Film/Trial 7/9-12-20/9-12 AM 01.MTS,900.78,2.658,Pose,Female,S pose,Male,Front,2,1,1,No,No,20,148.872,,,,,,,,,,,,
D:/Pipefish Mesocosm Film/Trial 7/9-12-20/9-12 AM 01.MTS,903.439,52.506,Inactive,Female,,,,2,1,1,No,No,20,148.872,,,,,,,,,,,,
D:/Pipefish Mesocosm Film/Trial 7/9-12-20/9-12 AM 01.MTS,955.471,3.511,Wiggle,Male,Active wiggle,Female,2,2,1,1,No,No,20,148.872,,,,,,,,,,,,
D:/Pipefish Mesocosm Film/Trial 7/9-12-20/9-12 AM 01.MTS,955.946,5.03,Pose,Female,S pose,Male,Front,2,1,1,No,No,20,148.872,,,,,,,,,,,,
D:/Pipefish Mesocosm Film/Trial 7/9-12-20/9-12 AM 01.MTS,958.983,16.141,Inactive,Male,,,,2,1,1,No,No,20,148.872,,,,,,,,,,,,
D:/Pipefish Mesocosm Film/Trial 7/9-12-20/9-12 AM 01.MTS,960.977,1.995,Inactive,Female,,,,2,1,1,No,No,20,148.872,,,,,,,,,,,,
D:/Pipefish Mesocosm Film/Trial 7/9-12-20/9-12 AM 01.MTS,962.973,8.448,Pose,Female,S pose,Male,Front,2,1,1,No,No,20,148.872,,,,,,,,,,,,
D:/Pipefish Mesocosm Film/Trial 7/9-12-20/9-12 AM 01.MTS,971.422,17.943,Out of sight,Female,,,,2,1,1,No,No,20,148.872,,,,,,,,,,,,
D:/Pipefish Mesocosm Film/Trial 7/9-12-20/9-12 AM 01.MTS,975.125,14.24,Out of sight,Male,,,,2,1,1,No,No,20,148.872,,,,,,,,,,,,
D:/Pipefish Mesocosm Film/Trial 7/9-12-20/9-12 AM 01.MTS,997.531,3.986,Wiggle,Male,Active wiggle,Female,2,2,1,1,No,No,21,36.937,,,,,,,,,,,,
D:/Pipefish Mesocosm Film/Trial 7/9-12-20/9-12 AM 01.MTS,998.196,4.176,Inactive,Female,,,,2,1,1,No,No,21,36.937,,,,,,,,,,,,
D:/Pipefish Mesocosm Film/Trial 7/9-12-20/9-12 AM 01.MTS,1001.518,2.565,Inactive,Male,,,,2,1,1,No,No,21,36.937,,,,,,,,,,,,
D:/Pipefish Mesocosm Film/Trial 7/9-12-20/9-12 AM 01.MTS,1002.373,15.762,Pose,Female,S pose,Male,Front,2,1,1,No,No,21,36.937,,,,,,,,,,,,
D:/Pipefish Mesocosm Film/Trial 7/9-12-20/9-12 AM 01.MTS,1004.084,9.016,Wiggle,Male,Active wiggle,Female,2,2,1,1,No,No,21,36.937,,,,,,,,,,,,
D:/Pipefish Mesocosm Film/Trial 7/9-12-20/9-12 AM 01.MTS,1013.101,20.795,Inactive,Male,,,,2,1,1,No,No,21,36.937,,,,,,,,,,,,
D:/Pipefish Mesocosm Film/Trial 7/9-12-20/9-12 AM 01.MTS,1018.136,15.76,Inactive,Female,,,,2,1,1,No,No,21,36.937,,,,,,,,,,,,
D:/Pipefish Mesocosm Film/Trial 7/9-12-20/9-12 AM 01.MTS,1047.093,3.178,Wiggle,Male,Active wiggle,Female,2,2.222222222,1,1.22,No,No,22,183.432,,,,,,,,,,,,
D:/Pipefish Mesocosm Film/Trial 7/9-12-20/9-12 AM 01.MTS,1048.04,14.907,Inactive,Female,,,,2.222222222,1,1.22,No,No,22,183.432,,,,,,,,,,,,
D:/Pipefish Mesocosm Film/Trial 7/9-12-20/9-12 AM 01.MTS,1050.272,7.737,Inactive,Male,,,,2.222222222,1,1.22,No,No,22,183.432,,,,,,,,,,,,
D:/Pipefish Mesocosm Film/Trial 7/9-12-20/9-12 AM 01.MTS,1058.01,3.703,Wiggle,Male,Active wiggle,Female,3,2.222222222,1,1.22,No,No,22,183.432,,,,,,,,,,,,
D:/Pipefish Mesocosm Film/Trial 7/9-12-20/9-12 AM 01.MTS,1061.714,4.27,Inactive,Male,,,,2.222222222,1,1.22,No,No,22,183.432,,,,,,,,,,,,
D:/Pipefish Mesocosm Film/Trial 7/9-12-20/9-12 AM 01.MTS,1062.948,9.399,Out of sight,Female,,,,2.222222222,1,1.22,No,No,22,183.432,,,,,,,,,,,,
D:/Pipefish Mesocosm Film/Trial 7/9-12-20/9-12 AM 01.MTS,1065.985,7.404,Out of sight,Male,,,,2.222222222,1,1.22,No,No,22,183.432,,,,,,,,,,,,
D:/Pipefish Mesocosm Film/Trial 7/9-12-20/9-12 AM 01.MTS,1072.348,15.664,Inactive,Female,,,,2.222222222,1,1.22,No,No,22,183.432,,,,,,,,,,,,
D:/Pipefish Mesocosm Film/Trial 7/9-12-20/9-12 AM 01.MTS,1073.39,16.332,Inactive,Male,,,,2.222222222,1,1.22,No,No,22,183.432,,,,,,,,,,,,
D:/Pipefish Mesocosm Film/Trial 7/9-12-20/9-12 AM 01.MTS,1088.013,40.161,Pose,Female,S pose,Male,Front,2.222222222,1,1.22,No,No,22,183.432,,,,,,,,,,,,
D:/Pipefish Mesocosm Film/Trial 7/9-12-20/9-12 AM 01.MTS,1089.723,10.347,Wiggle,Male,Active wiggle,Female,2,2.222222222,1,1.22,No,No,22,183.432,,,,,,,,,,,,
D:/Pipefish Mesocosm Film/Trial 7/9-12-20/9-12 AM 01.MTS,1100.071,19.083,Inactive,Male,,,,2.222222222,1,1.22,No,No,22,183.432,,,,,,,,,,,,
D:/Pipefish Mesocosm Film/Trial 7/9-12-20/9-12 AM 01.MTS,1119.155,4.557,Wiggle,Male,Active wiggle,Female,2,2.222222222,1,1.22,No,No,22,183.432,,,,,,,,,,,,
D:/Pipefish Mesocosm Film/Trial 7/9-12-20/9-12 AM 01.MTS,1123.713,2.561,Inactive,Male,,,,2.222222222,1,1.22,No,No,22,183.432,,,,,,,,,,,,
D:/Pipefish Mesocosm Film/Trial 7/9-12-20/9-12 AM 01.MTS,1126.275,6.456,Wiggle,Male,Active wiggle,Female,2,2.222222222,1,1.22,No,No,22,183.432,,,,,,,,,,,,
D:/Pipefish Mesocosm Film/Trial 7/9-12-20/9-12 AM 01.MTS,1128.175,20.317,Inactive,Female,,,,2.222222222,1,1.22,No,No,22,183.432,,,,,,,,,,,,
D:/Pipefish Mesocosm Film/Trial 7/9-12-20/9-12 AM 01.MTS,1132.732,16.52,Inactive,Male,,,,2.222222222,1,1.22,No,No,22,183.432,,,,,,,,,,,,
D:/Pipefish Mesocosm Film/Trial 7/9-12-20/9-12 AM 01.MTS,1148.493,5.412,Out of sight,Female,,,,2.222222222,1,1.22,No,No,22,183.432,,,,,,,,,,,,
D:/Pipefish Mesocosm Film/Trial 7/9-12-20/9-12 AM 01.MTS,1149.253,16.804,Out of sight,Male,,,,2.222222222,1,1.22,No,No,22,183.432,,,,,,,,,,,,
D:/Pipefish Mesocosm Film/Trial 7/9-12-20/9-12 AM 01.MTS,1153.906,62.191,Inactive,Female,,,,2.222222222,1,1.22,No,No,22,183.432,,,,,,,,,,,,
D:/Pipefish Mesocosm Film/Trial 7/9-12-20/9-12 AM 01.MTS,1166.058,7.311,Wiggle,Male,Active wiggle,Female,3,2.222222222,1,1.22,No,No,22,183.432,,,,,,,,,,,,
D:/Pipefish Mesocosm Film/Trial 7/9-12-20/9-12 AM 01.MTS,1173.37,7.881,Inactive,Male,,,,2.222222222,1,1.22,No,No,22,183.432,,,,,,,,,,,,
D:/Pipefish Mesocosm Film/Trial 7/9-12-20/9-12 AM 01.MTS,1181.252,2.18,Wiggle,Male,Active wiggle,Female,2,2.222222222,1,1.22,No,No,22,183.432,,,,,,,,,,,,
D:/Pipefish Mesocosm Film/Trial 7/9-12-20/9-12 AM 01.MTS,1183.433,3.322,Inactive,Male,,,,2.222222222,1,1.22,No,No,22,183.432,,,,,,,,,,,,
D:/Pipefish Mesocosm Film/Trial 7/9-12-20/9-12 AM 01.MTS,1186.756,2.088,Wiggle,Male,Active wiggle,Female,2,2.222222222,1,1.22,No,No,22,183.432,,,,,,,,,,,,
D:/Pipefish Mesocosm Film/Trial 7/9-12-20/9-12 AM 01.MTS,1188.845,12.816,Inactive,Male,,,,2.222222222,1,1.22,No,No,22,183.432,,,,,,,,,,,,
D:/Pipefish Mesocosm Film/Trial 7/9-12-20/9-12 AM 01.MTS,1201.662,9.875,Wiggle,Male,Active wiggle,Female,2,2.222222222,1,1.22,No,No,22,183.432,,,,,,,,,,,,
D:/Pipefish Mesocosm Film/Trial 7/9-12-20/9-12 AM 01.MTS,1211.538,7.309,Inactive,Male,,,,2.222222222,1,1.22,No,No,22,183.432,,,,,,,,,,,,
D:/Pipefish Mesocosm Film/Trial 7/9-12-20/9-12 AM 01.MTS,1216.098,13.858,Out of sight,Female,,,,2.222222222,1,1.22,No,No,22,183.432,,,,,,,,,,,,
D:/Pipefish Mesocosm Film/Trial 7/9-12-20/9-12 AM 01.MTS,1218.848,10.539,Out of sight,Male,,,,2.222222222,1,1.22,No,No,22,183.432,,,,,,,,,,,,
D:/Pipefish Mesocosm Film/Trial 7/9-12-20/9-12 AM 01.MTS,1238.121,12.438,Wiggle,Male,Active wiggle,Female,2,2,1,1,No,No,23,128.747,,,,,,,,,,,,
D:/Pipefish Mesocosm Film/Trial 7/9-12-20/9-12 AM 01.MTS,1239.45,1.898,Inactive,Female,,,,2,1,1,No,No,23,128.747,,,,,,,,,,,,
D:/Pipefish Mesocosm Film/Trial 7/9-12-20/9-12 AM 01.MTS,1241.349,5.411,Pose,Female,S pose,Male,Front,2,1,1,No,No,23,128.747,,,,,,,,,,,,
D:/Pipefish Mesocosm Film/Trial 7/9-12-20/9-12 AM 01.MTS,1246.761,38.168,Inactive,Female,,,,2,1,1,No,No,23,128.747,,,,,,,,,,,,
D:/Pipefish Mesocosm Film/Trial 7/9-12-20/9-12 AM 01.MTS,1250.56,16.615,Inactive,Male,,,,2,1,1,No,No,23,128.747,,,,,,,,,,,,
D:/Pipefish Mesocosm Film/Trial 7/9-12-20/9-12 AM 01.MTS,1267.176,5.22,Wiggle,Male,Active wiggle,Female,2,2,1,1,No,No,23,128.747,,,,,,,,,,,,
D:/Pipefish Mesocosm Film/Trial 7/9-12-20/9-12 AM 01.MTS,1272.397,8.261,Inactive,Male,,,,2,1,1,No,No,23,128.747,,,,,,,,,,,,
D:/Pipefish Mesocosm Film/Trial 7/9-12-20/9-12 AM 01.MTS,1280.659,2.369,Wiggle,Male,Active wiggle,Female,2,2,1,1,No,No,23,128.747,,,,,,,,,,,,
D:/Pipefish Mesocosm Film/Trial 7/9-12-20/9-12 AM 01.MTS,1283.029,5.796,Inactive,Male,,,,2,1,1,No,No,23,128.747,,,,,,,,,,,,
D:/Pipefish Mesocosm Film/Trial 7/9-12-20/9-12 AM 01.MTS,1284.93,24.208,Pose,Female,S pose,Male,Front,2,1,1,No,No,23,128.747,,,,,,,,,,,,
D:/Pipefish Mesocosm Film/Trial 7/9-12-20/9-12 AM 01.MTS,1288.826,11.483,Wiggle,Male,Active wiggle,Female,2,2,1,1,No,No,23,128.747,,,,,,,,,,,,
D:/Pipefish Mesocosm Film/Trial 7/9-12-20/9-12 AM 01.MTS,1300.31,11.108,Inactive,Male,,,,2,1,1,No,No,23,128.747,,,,,,,,,,,,
D:/Pipefish Mesocosm Film/Trial 7/9-12-20/9-12 AM 01.MTS,1309.139,22.217,Inactive,Female,,,,2,1,1,No,No,23,128.747,,,,,,,,,,,,
D:/Pipefish Mesocosm Film/Trial 7/9-12-20/9-12 AM 01.MTS,1311.419,2.849,Wiggle,Male,Active wiggle,Female,2,2,1,1,No,No,23,128.747,,,,,,,,,,,,
D:/Pipefish Mesocosm Film/Trial 7/9-12-20/9-12 AM 01.MTS,1314.269,15.949,Inactive,Male,,,,2,1,1,No,No,23,128.747,,,,,,,,,,,,
D:/Pipefish Mesocosm Film/Trial 7/9-12-20/9-12 AM 01.MTS,1330.219,11.485,Out of sight,Male,,,,2,1,1,No,No,23,128.747,,,,,,,,,,,,
D:/Pipefish Mesocosm Film/Trial 7/9-12-20/9-12 AM 01.MTS,1331.357,10.918,Out of sight,Female,,,,2,1,1,No,No,23,128.747,,,,,,,,,,,,
D:/Pipefish Mesocosm Film/Trial 7/9-12-20/9-12 AM 01.MTS,1341.705,1.616,Inactive,Male,,,,2,1,1,No,No,23,128.747,,,,,,,,,,,,
D:/Pipefish Mesocosm Film/Trial 7/9-12-20/9-12 AM 01.MTS,1342.276,3.227,Pose,Female,S pose,Male,Front,2,1,1,No,No,23,128.747,,,,,,,,,,,,
D:/Pipefish Mesocosm Film/Trial 7/9-12-20/9-12 AM 01.MTS,1343.322,6.265,Wiggle,Male,Active wiggle,Female,2,2,1,1,No,No,23,128.747,,,,,,,,,,,,
D:/Pipefish Mesocosm Film/Trial 7/9-12-20/9-12 AM 01.MTS,1345.504,20.794,Out of sight,Female,,,,2,1,1,No,No,23,128.747,,,,,,,,,,,,
D:/Pipefish Mesocosm Film/Trial 7/9-12-20/9-12 AM 01.MTS,1349.588,5.601,Inactive,Male,,,,2,1,1,No,No,23,128.747,,,,,,,,,,,,
D:/Pipefish Mesocosm Film/Trial 7/9-12-20/9-12 AM 01.MTS,1355.19,11.108,Out of sight,Male,,,,2,1,1,No,No,23,128.747,,,,,,,,,,,,
D:/Pipefish Mesocosm Film/Trial 8/8-12-20/8-12 Noon 01.MTS,231.162,5.317,Inactive,Female,,,,2,1,1,No,No,24,656.476,,,,,,,,,,,,
D:/Pipefish Mesocosm Film/Trial 8/8-12-20/8-12 Noon 01.MTS,232.749,5.506,Inactive,Male,,,,2,1,1,No,No,24,656.476,,,,,,,,,,,,
D:/Pipefish Mesocosm Film/Trial 8/8-12-20/8-12 Noon 01.MTS,236.48,6.579,Pose,Female,Non-s pose,Male,Front,2,1,1,No,No,24,656.476,,,,,,,,,,,,
D:/Pipefish Mesocosm Film/Trial 8/8-12-20/8-12 Noon 01.MTS,238.256,6.361,Wiggle,Male,Active wiggle,Female,2,2,1,1,No,No,24,656.476,,,,,,,,,,,,
D:/Pipefish Mesocosm Film/Trial 8/8-12-20/8-12 Noon 01.MTS,243.06,11.363,Inactive,Female,,,,2,1,1,No,No,24,656.476,,,,,,,,,,,,
D:/Pipefish Mesocosm Film/Trial 8/8-12-20/8-12 Noon 01.MTS,244.618,4.081,Surrounding,Male,,,,2,1,1,No,No,24,656.476,,,,,,,,,,,,
D:/Pipefish Mesocosm Film/Trial 8/8-12-20/8-12 Noon 01.MTS,244.955,0,Move away,Female,,,,2,1,1,No,No,24,656.476,,,,,,,,,,,,
D:/Pipefish Mesocosm Film/Trial 8/8-12-20/8-12 Noon 01.MTS,248.7,1.709,Wiggle,Male,Subtle wiggle,Female,2,2,1,1,No,No,24,656.476,,,,,,,,,,,,
D:/Pipefish Mesocosm Film/Trial 8/8-12-20/8-12 Noon 01.MTS,250.41,48.611,Surrounding,Male,,,,2,1,1,No,No,24,656.476,,,,,,,,,,,,
D:/Pipefish Mesocosm Film/Trial 8/8-12-20/8-12 Noon 01.MTS,254.424,6.554,Swim away,Female,,,,2,1,1,No,No,24,656.476,,,,,,,,,,,,
D:/Pipefish Mesocosm Film/Trial 8/8-12-20/8-12 Noon 01.MTS,260.979,86.679,Inactive,Female,,,,2,1,1,No,No,24,656.476,,,,,,,,,,,,
D:/Pipefish Mesocosm Film/Trial 8/8-12-20/8-12 Noon 01.MTS,271.363,0,Follow,Male,,,,2,1,1,No,No,24,656.476,,,,,,,,,,,,
D:/Pipefish Mesocosm Film/Trial 8/8-12-20/8-12 Noon 01.MTS,299.022,4.745,Wiggle,Male,Active wiggle,Female,2,2,1,1,No,No,24,656.476,,,,,,,,,,,,
D:/Pipefish Mesocosm Film/Trial 8/8-12-20/8-12 Noon 01.MTS,303.768,26.773,Inactive,Male,,,,2,1,1,No,No,24,656.476,,,,,,,,,,,,
D:/Pipefish Mesocosm Film/Trial 8/8-12-20/8-12 Noon 01.MTS,330.542,2.28,Wiggle,Male,Active wiggle,Female,2,2,1,1,No,No,24,656.476,,,,,,,,,,,,
D:/Pipefish Mesocosm Film/Trial 8/8-12-20/8-12 Noon 01.MTS,332.823,3.762,Inactive,Male,,,,2,1,1,No,No,24,656.476,,,,,,,,,,,,
D:/Pipefish Mesocosm Film/Trial 8/8-12-20/8-12 Noon 01.MTS,336.586,1.932,Wiggle,Male,Active wiggle,Female,2,2,1,1,No,No,24,656.476,,,,,,,,,,,,
D:/Pipefish Mesocosm Film/Trial 8/8-12-20/8-12 Noon 01.MTS,336.743,0,Move away,Female,,,,2,1,1,No,No,24,656.476,,,,,,,,,,,,
D:/Pipefish Mesocosm Film/Trial 8/8-12-20/8-12 Noon 01.MTS,338.519,1.959,Surrounding,Male,,,,2,1,1,No,No,24,656.476,,,,,,,,,,,,
D:/Pipefish Mesocosm Film/Trial 8/8-12-20/8-12 Noon 01.MTS,340.479,2.978,Wiggle,Male,Subtle wiggle,Female,2,2,1,1,No,No,24,656.476,,,,,,,,,,,,
D:/Pipefish Mesocosm Film/Trial 8/8-12-20/8-12 Noon 01.MTS,343.458,4.651,Surrounding,Male,,,,2,1,1,No,No,24,656.476,,,,,,,,,,,,
D:/Pipefish Mesocosm Film/Trial 8/8-12-20/8-12 Noon 01.MTS,347.659,8.734,Pose,Female,S pose,Male,Front,2,1,1,No,No,24,656.476,,,,,,,,,,,,
D:/Pipefish Mesocosm Film/Trial 8/8-12-20/8-12 Noon 01.MTS,348.11,4.105,Wiggle,Male,Active wiggle,Female,2,2,1,1,No,No,24,656.476,,,,,,,,,,,,
D:/Pipefish Mesocosm Film/Trial 8/8-12-20/8-12 Noon 01.MTS,352.216,1.018,Inactive,Male,,,,2,1,1,No,No,24,656.476,,,,,,,,,,,,
D:/Pipefish Mesocosm Film/Trial 8/8-12-20/8-12 Noon 01.MTS,353.235,4.368,Wiggle,Male,Active wiggle,Female,2,2,1,1,No,No,24,656.476,,,,,,,,,,,,
D:/Pipefish Mesocosm Film/Trial 8/8-12-20/8-12 Noon 01.MTS,356.394,68.075,Inactive,Female,,,,2,1,1,No,No,24,656.476,,,,,,,,,,,,
D:/Pipefish Mesocosm Film/Trial 8/8-12-20/8-12 Noon 01.MTS,357.604,19.747,Surrounding,Male,,,,2,1,1,No,No,24,656.476,,,,,,,,,,,,
D:/Pipefish Mesocosm Film/Trial 8/8-12-20/8-12 Noon 01.MTS,377.352,3.32,Wiggle,Male,Subtle wiggle,Female,2,2,1,1,No,No,24,656.476,,,,,,,,,,,,
D:/Pipefish Mesocosm Film/Trial 8/8-12-20/8-12 Noon 01.MTS,380.673,19.368,Surrounding,Male,,,,2,1,1,No,No,24,656.476,,,,,,,,,,,,
D:/Pipefish Mesocosm Film/Trial 8/8-12-20/8-12 Noon 01.MTS,400.042,4.275,Wiggle,Male,Active wiggle,Female,2,2,1,1,No,No,24,656.476,,,,,,,,,,,,
D:/Pipefish Mesocosm Film/Trial 8/8-12-20/8-12 Noon 01.MTS,404.318,12.529,Surrounding,Male,,,,2,1,1,No,No,24,656.476,,,,,,,,,,,,
D:/Pipefish Mesocosm Film/Trial 8/8-12-20/8-12 Noon 01.MTS,416.848,2.942,Wiggle,Male,Active wiggle,Female,2,2,1,1,No,No,24,656.476,,,,,,,,,,,,
D:/Pipefish Mesocosm Film/Trial 8/8-12-20/8-12 Noon 01.MTS,419.791,9.97,Surrounding,Male,,,,2,1,1,No,No,24,656.476,,,,,,,,,,,,
D:/Pipefish Mesocosm Film/Trial 8/8-12-20/8-12 Noon 01.MTS,424.47,6.771,Pose,Female,Non-s pose,Male,Front,2,1,1,No,No,24,656.476,,,,,,,,,,,,
D:/Pipefish Mesocosm Film/Trial 8/8-12-20/8-12 Noon 01.MTS,429.762,2.753,Wiggle,Male,Active wiggle,Female,2,2,1,1,No,No,24,656.476,,,,,,,,,,,,
D:/Pipefish Mesocosm Film/Trial 8/8-12-20/8-12 Noon 01.MTS,431.242,31.871,Inactive,Female,,,,2,1,1,No,No,24,656.476,,,,,,,,,,,,
D:/Pipefish Mesocosm Film/Trial 8/8-12-20/8-12 Noon 01.MTS,432.516,14.741,Inactive,Male,,,,2,1,1,No,No,24,656.476,,,,,,,,,,,,
D:/Pipefish Mesocosm Film/Trial 8/8-12-20/8-12 Noon 01.MTS,447.258,5.386,Wiggle,Male,Active wiggle,Female,2,2,1,1,No,No,24,656.476,,,,,,,,,,,,
D:/Pipefish Mesocosm Film/Trial 8/8-12-20/8-12 Noon 01.MTS,452.645,12.245,Surrounding,Male,,,,2,1,1,No,No,24,656.476,,,,,,,,,,,,
D:/Pipefish Mesocosm Film/Trial 8/8-12-20/8-12 Noon 01.MTS,452.765,0,Move away,Female,,,,2,1,1,No,No,24,656.476,,,,,,,,,,,,
D:/Pipefish Mesocosm Film/Trial 8/8-12-20/8-12 Noon 01.MTS,463.114,5.41,Pose,Female,Non-s pose,Male,Front,2,1,1,No,No,24,656.476,,,,,,,,,,,,
D:/Pipefish Mesocosm Film/Trial 8/8-12-20/8-12 Noon 01.MTS,464.891,4.176,Wiggle,Male,Active wiggle,Female,2,2,1,1,No,No,24,656.476,,,,,,,,,,,,
D:/Pipefish Mesocosm Film/Trial 8/8-12-20/8-12 Noon 01.MTS,468.525,67.6,Inactive,Female,,,,2,1,1,No,No,24,656.476,,,,,,,,,,,,
D:/Pipefish Mesocosm Film/Trial 8/8-12-20/8-12 Noon 01.MTS,469.068,67.626,Surrounding,Male,,,,2,1,1,No,No,24,656.476,,,,,,,,,,,,
D:/Pipefish Mesocosm Film/Trial 8/8-12-20/8-12 Noon 01.MTS,536.126,5.439,Pose,Female,S pose,Male,Front,2,1,1,No,No,24,656.476,,,,,,,,,,,,
D:/Pipefish Mesocosm Film/Trial 8/8-12-20/8-12 Noon 01.MTS,536.695,6.549,Wiggle,Male,Active wiggle,Female,2,2,1,1,No,No,24,656.476,,,,,,,,,,,,
D:/Pipefish Mesocosm Film/Trial 8/8-12-20/8-12 Noon 01.MTS,541.566,43.269,Inactive,Female,,,,2,1,1,No,No,24,656.476,,,,,,,,,,,,
D:/Pipefish Mesocosm Film/Trial 8/8-12-20/8-12 Noon 01.MTS,543.245,41.111,Surrounding,Male,,,,2,1,1,No,No,24,656.476,,,,,,,,,,,,
D:/Pipefish Mesocosm Film/Trial 8/8-12-20/8-12 Noon 01.MTS,549.607,0,Follow,Male,,,,2,1,1,No,No,24,656.476,,,,,,,,,,,,
D:/Pipefish Mesocosm Film/Trial 8/8-12-20/8-12 Noon 01.MTS,584.357,4.747,Wiggle,Male,Active wiggle,Female,2,2,1,1,No,No,24,656.476,,,,,,,,,,,,
D:/Pipefish Mesocosm Film/Trial 8/8-12-20/8-12 Noon 01.MTS,584.836,3.511,Pose,Female,S pose,Male,Front,2,1,1,No,No,24,656.476,,,,,,,,,,,,
D:/Pipefish Mesocosm Film/Trial 8/8-12-20/8-12 Noon 01.MTS,588.348,45.475,Inactive,Female,,,,2,1,1,No,No,24,656.476,,,,,,,,,,,,
D:/Pipefish Mesocosm Film/Trial 8/8-12-20/8-12 Noon 01.MTS,589.105,43.768,Surrounding,Male,,,,2,1,1,No,No,24,656.476,,,,,,,,,,,,
D:/Pipefish Mesocosm Film/Trial 8/8-12-20/8-12 Noon 01.MTS,632.874,6.076,Wiggle,Male,Active wiggle,Female,2,2,1,1,No,No,24,656.476,,,,,,,,,,,,
D:/Pipefish Mesocosm Film/Trial 8/8-12-20/8-12 Noon 01.MTS,633.824,6.644,Pose,Female,S pose,Male,Front,2,1,1,No,No,24,656.476,,,,,,,,,,,,
D:/Pipefish Mesocosm Film/Trial 8/8-12-20/8-12 Noon 01.MTS,638.951,1.804,Inactive,Male,,,,2,1,1,No,No,24,656.476,,,,,,,,,,,,
D:/Pipefish Mesocosm Film/Trial 8/8-12-20/8-12 Noon 01.MTS,640.469,137.197,Inactive,Female,,,,2,1,1,No,No,24,656.476,,,,,,,,,,,,
D:/Pipefish Mesocosm Film/Trial 8/8-12-20/8-12 Noon 01.MTS,640.756,43.482,Surrounding,Male,,,,2,1,1,No,No,24,656.476,,,,,,,,,,,,
D:/Pipefish Mesocosm Film/Trial 8/8-12-20/8-12 Noon 01.MTS,641.325,0,Move away,Female,,,,2,1,1,No,No,24,656.476,,,,,,,,,,,,
D:/Pipefish Mesocosm Film/Trial 8/8-12-20/8-12 Noon 01.MTS,684.239,3.608,Wiggle,Male,Subtle wiggle,Female,2,2,1,1,No,No,24,656.476,,,,,,,,,,,,
D:/Pipefish Mesocosm Film/Trial 8/8-12-20/8-12 Noon 01.MTS,687.848,24.969,Inactive,Male,,,,2,1,1,No,No,24,656.476,,,,,,,,,,,,
D:/Pipefish Mesocosm Film/Trial 8/8-12-20/8-12 Noon 01.MTS,712.818,4.844,Wiggle,Male,Subtle wiggle,Female,2,2,1,1,No,No,24,656.476,,,,,,,,,,,,
D:/Pipefish Mesocosm Film/Trial 8/8-12-20/8-12 Noon 01.MTS,717.663,10.063,Surrounding,Male,,,,2,1,1,No,No,24,656.476,,,,,,,,,,,,
D:/Pipefish Mesocosm Film/Trial 8/8-12-20/8-12 Noon 01.MTS,727.727,26.296,Inactive,Male,,,,2,1,1,No,No,24,656.476,,,,,,,,,,,,
D:/Pipefish Mesocosm Film/Trial 8/8-12-20/8-12 Noon 01.MTS,754.024,2.467,Wiggle,Male,Active wiggle,Female,2,2,1,1,No,No,24,656.476,,,,,,,,,,,,
D:/Pipefish Mesocosm Film/Trial 8/8-12-20/8-12 Noon 01.MTS,756.492,3.417,Surrounding,Male,,,,2,1,1,No,No,24,656.476,,,,,,,,,,,,
D:/Pipefish Mesocosm Film/Trial 8/8-12-20/8-12 Noon 01.MTS,759.91,3.23,Wiggle,Male,Active wiggle,Female,2,2,1,1,No,No,24,656.476,,,,,,,,,,,,
D:/Pipefish Mesocosm Film/Trial 8/8-12-20/8-12 Noon 01.MTS,763.141,9.396,Inactive,Male,,,,2,1,1,No,No,24,656.476,,,,,,,,,,,,
D:/Pipefish Mesocosm Film/Trial 8/8-12-20/8-12 Noon 01.MTS,772.538,5.604,Wiggle,Male,Active wiggle,Female,2,2,1,1,No,No,24,656.476,,,,,,,,,,,,
D:/Pipefish Mesocosm Film/Trial 8/8-12-20/8-12 Noon 01.MTS,777.667,7.783,Pose,Female,Non-s pose,Male,Front,2,1,1,No,No,24,656.476,,,,,,,,,,,,
D:/Pipefish Mesocosm Film/Trial 8/8-12-20/8-12 Noon 01.MTS,778.143,18.32,Surrounding,Male,,,,2,1,1,No,No,24,656.476,,,,,,,,,,,,
D:/Pipefish Mesocosm Film/Trial 8/8-12-20/8-12 Noon 01.MTS,785.451,19.939,Inactive,Female,,,,2,1,1,No,No,24,656.476,,,,,,,,,,,,
D:/Pipefish Mesocosm Film/Trial 8/8-12-20/8-12 Noon 01.MTS,796.464,14.811,Inactive,Male,,,,2,1,1,No,No,24,656.476,,,,,,,,,,,,
D:/Pipefish Mesocosm Film/Trial 8/8-12-20/8-12 Noon 01.MTS,805.391,7.594,Pose,Female,Non-s pose,Male,Front,2,1,1,No,No,24,656.476,,,,,,,,,,,,
D:/Pipefish Mesocosm Film/Trial 8/8-12-20/8-12 Noon 01.MTS,811.276,5.505,Wiggle,Male,Active wiggle,Female,2,2,1,1,No,No,24,656.476,,,,,,,,,,,,
D:/Pipefish Mesocosm Film/Trial 8/8-12-20/8-12 Noon 01.MTS,812.986,5.885,Inactive,Female,,,,2,1,1,No,No,24,656.476,,,,,,,,,,,,
D:/Pipefish Mesocosm Film/Trial 8/8-12-20/8-12 Noon 01.MTS,816.782,2.184,Surrounding,Male,,,,2,1,1,No,No,24,656.476,,,,,,,,,,,,
D:/Pipefish Mesocosm Film/Trial 8/8-12-20/8-12 Noon 01.MTS,818.872,4.273,Pose,Female,S pose,Male,Front,2,1,1,No,No,24,656.476,,,,,,,,,,,,
D:/Pipefish Mesocosm Film/Trial 8/8-12-20/8-12 Noon 01.MTS,818.967,4.274,Wiggle,Male,Active wiggle,Female,2,2,1,1,No,No,24,656.476,,,,,,,,,,,,
D:/Pipefish Mesocosm Film/Trial 8/8-12-20/8-12 Noon 01.MTS,823.146,63.708,Inactive,Female,,,,2,1,1,No,No,24,656.476,,,,,,,,,,,,
D:/Pipefish Mesocosm Film/Trial 8/8-12-20/8-12 Noon 01.MTS,823.242,3.794,Surrounding,Male,,,,2,1,1,No,No,24,656.476,,,,,,,,,,,,
D:/Pipefish Mesocosm Film/Trial 8/8-12-20/8-12 Noon 01.MTS,827.037,59.909,Inactive,Male,,,,2,1,1,No,No,24,656.476,,,,,,,,,,,,
D:/Pipefish Mesocosm Film/Trial 8/8-12-20/8-12 Noon 01.MTS,830.455,0,Move away,Male,,,,2,1,1,No,No,24,656.476,,,,,,,,,,,,
D:/Pipefish Mesocosm Film/Trial 4/5-12-20/5-12  AM 01.MTS,3.554,7.405,Wiggle,Male,Active wiggle,Female,2,2,1,1,No,No,1,121.814,,,,,,,,,,,,
D:/Pipefish Mesocosm Film/Trial 4/5-12-20/5-12  AM 01.MTS,4.123,15.951,Inactive,Female,,,,2,1,1,No,No,1,121.814,,,,,,,,,,,,
D:/Pipefish Mesocosm Film/Trial 4/5-12-20/5-12  AM 01.MTS,10.96,13.672,Inactive,Male,,,,2,1,1,No,No,1,121.814,,,,,,,,,,,,
D:/Pipefish Mesocosm Film/Trial 4/5-12-20/5-12  AM 01.MTS,20.075,8.639,Pose,Female,S pose,Male,Front,2,1,1,No,No,1,121.814,,,,,,,,,,,,
D:/Pipefish Mesocosm Film/Trial 4/5-12-20/5-12  AM 01.MTS,24.633,3.986,Wiggle,Male,Active wiggle,Female,2,2,1,1,No,No,1,121.814,,,,,,,,,,,,
D:/Pipefish Mesocosm Film/Trial 4/5-12-20/5-12  AM 01.MTS,28.62,6.834,Inactive,Male,,,,2,1,1,No,No,1,121.814,,,,,,,,,,,,
D:/Pipefish Mesocosm Film/Trial 4/5-12-20/5-12  AM 01.MTS,28.715,5.126,Wiggle,Female,Active wiggle,Male,3,2,1,1,No,No,1,121.814,,,,,,,,,,,,
D:/Pipefish Mesocosm Film/Trial 4/5-12-20/5-12  AM 01.MTS,33.842,33.989,Inactive,Female,,,,2,1,1,No,No,1,121.814,,,,,,,,,,,,
D:/Pipefish Mesocosm Film/Trial 4/5-12-20/5-12  AM 01.MTS,35.455,6.551,Wiggle,Male,Active wiggle,Female,2,2,1,1,No,No,1,121.814,,,,,,,,,,,,
D:/Pipefish Mesocosm Film/Trial 4/5-12-20/5-12  AM 01.MTS,42.007,51.555,Inactive,Male,,,,2,1,1,No,No,1,121.814,,,,,,,,,,,,
D:/Pipefish Mesocosm Film/Trial 4/5-12-20/5-12  AM 01.MTS,67.832,9.588,Wiggle,Female,Active wiggle,Male,2,2,1,1,No,No,1,121.814,,,,,,,,,,,,
D:/Pipefish Mesocosm Film/Trial 4/5-12-20/5-12  AM 01.MTS,77.421,33.326,Inactive,Female,,,,2,1,1,No,No,1,121.814,,,,,,,,,,,,
D:/Pipefish Mesocosm Film/Trial 4/5-12-20/5-12  AM 01.MTS,93.563,2.752,Wiggle,Male,Active wiggle,Female,2,2,1,1,No,No,1,121.814,,,,,,,,,,,,
D:/Pipefish Mesocosm Film/Trial 4/5-12-20/5-12  AM 01.MTS,96.316,10.254,Inactive,Male,,,,2,1,1,No,No,1,121.814,,,,,,,,,,,,
D:/Pipefish Mesocosm Film/Trial 4/5-12-20/5-12  AM 01.MTS,106.571,5.029,Wiggle,Male,Active wiggle,Female,2,2,1,1,No,No,1,121.814,,,,,,,,,,,,
D:/Pipefish Mesocosm Film/Trial 4/5-12-20/5-12  AM 01.MTS,110.748,13.671,Out of sight,Female,,,,2,1,1,No,No,1,121.814,,,,,,,,,,,,
D:/Pipefish Mesocosm Film/Trial 4/5-12-20/5-12  AM 01.MTS,111.601,2.66,Inactive,Male,,,,2,1,1,No,No,1,121.814,,,,,,,,,,,,
D:/Pipefish Mesocosm Film/Trial 4/5-12-20/5-12  AM 01.MTS,114.262,10.632,Out of sight,Male,,,,2,1,1,No,No,1,121.814,,,,,,,,,,,,
D:/Pipefish Mesocosm Film/Trial 8/10-12-20/10-12 AM 01.MTS,130.214,4.65,Inactive,Male,,,,2.5,1.5,1,No,Yes,2,35.037,,,,,,,,,,,,
D:/Pipefish Mesocosm Film/Trial 8/10-12-20/10-12 AM 01.MTS,130.593,8.449,Pose,Female,S pose,Male,Front,2.5,1.5,1,No,Yes,2,35.037,,,,,,,,,,,,
D:/Pipefish Mesocosm Film/Trial 8/10-12-20/10-12 AM 01.MTS,134.865,1.899,Wiggle,Male,Active wiggle,Female,2,2.5,1.5,1,No,Yes,2,35.037,,,,,,,,,,,,
D:/Pipefish Mesocosm Film/Trial 8/10-12-20/10-12 AM 01.MTS,136.765,18.799,Inactive,Male,,,,2.5,1.5,1,No,Yes,2,35.037,,,,,,,,,,,,
D:/Pipefish Mesocosm Film/Trial 8/10-12-20/10-12 AM 01.MTS,139.043,5.128,Inactive,Female,,,,2.5,1.5,1,No,Yes,2,35.037,,,,,,,,,,,,
D:/Pipefish Mesocosm Film/Trial 8/10-12-20/10-12 AM 01.MTS,142.746,2.469,Surrounding,Second female,,,,2.5,1.5,1,No,Yes,2,35.037,,,,,,,,,,,,
D:/Pipefish Mesocosm Film/Trial 8/10-12-20/10-12 AM 01.MTS,144.172,10.159,Swim away,Female,,,,2.5,1.5,1,No,Yes,2,35.037,,,,,,,,,,,,
D:/Pipefish Mesocosm Film/Trial 8/10-12-20/10-12 AM 01.MTS,145.216,3.511,Chasing,Second female,,,,2.5,1.5,1,No,Yes,2,35.037,,,,,,,,,,,,
D:/Pipefish Mesocosm Film/Trial 8/10-12-20/10-12 AM 01.MTS,148.728,12.912,Surrounding,Second female,,,,2.5,1.5,1,No,Yes,2,35.037,,,,,,,,,,,,
D:/Pipefish Mesocosm Film/Trial 8/10-12-20/10-12 AM 01.MTS,154.332,9.967,Inactive,Female,,,,2.5,1.5,1,No,Yes,2,35.037,,,,,,,,,,,,
D:/Pipefish Mesocosm Film/Trial 8/10-12-20/10-12 AM 01.MTS,161.641,3.417,Swim away,Second female,,,,2.5,1.5,1,No,Yes,2,35.037,,,,,,,,,,,,
D:/Pipefish Mesocosm Film/Trial 8/10-12-20/10-12 AM 01.MTS,204.272,11.016,Pose,Female,S pose,Male,Front,2,1,1,No,No,3,142.04,,,,,,,,,,,,
D:/Pipefish Mesocosm Film/Trial 8/10-12-20/10-12 AM 01.MTS,206.458,2.184,Wiggle,Male,Subtle wiggle,Female,2,2,1,1,No,No,3,142.04,,,,,,,,,,,,
D:/Pipefish Mesocosm Film/Trial 8/10-12-20/10-12 AM 01.MTS,208.643,50.41,Inactive,Male,,,,2,1,1,No,No,3,142.04,,,,,,,,,,,,
D:/Pipefish Mesocosm Film/Trial 8/10-12-20/10-12 AM 01.MTS,215.289,43.291,Inactive,Female,,,,2,1,1,No,No,3,142.04,,,,,,,,,,,,
D:/Pipefish Mesocosm Film/Trial 8/10-12-20/10-12 AM 01.MTS,258.581,13.29,Pose,Female,S pose,Male,Front,2,1,1,No,No,3,142.04,,,,,,,,,,,,
D:/Pipefish Mesocosm Film/Trial 8/10-12-20/10-12 AM 01.MTS,259.054,9.971,Wiggle,Male,Active wiggle,Female,2,2,1,1,No,No,3,142.04,,,,,,,,,,,,
D:/Pipefish Mesocosm Film/Trial 8/10-12-20/10-12 AM 01.MTS,269.026,9.395,Inactive,Male,,,,2,1,1,No,No,3,142.04,,,,,,,,,,,,
D:/Pipefish Mesocosm Film/Trial 8/10-12-20/10-12 AM 01.MTS,271.872,4.271,Inactive,Female,,,,2,1,1,No,No,3,142.04,,,,,,,,,,,,
D:/Pipefish Mesocosm Film/Trial 8/10-12-20/10-12 AM 01.MTS,276.144,8.545,Out of sight,Female,,,,2,1,1,No,No,3,142.04,,,,,,,,,,,,
D:/Pipefish Mesocosm Film/Trial 8/10-12-20/10-12 AM 01.MTS,278.422,7.123,Out of sight,Male,,,,2,1,1,No,No,3,142.04,,,,,,,,,,,,
D:/Pipefish Mesocosm Film/Trial 8/10-12-20/10-12 AM 01.MTS,284.69,53.648,Inactive,Female,,,,2,1,1,No,No,3,142.04,,,,,,,,,,,,
D:/Pipefish Mesocosm Film/Trial 8/10-12-20/10-12 AM 01.MTS,285.546,52.791,Inactive,Male,,,,2,1,1,No,No,3,142.04,,,,,,,,,,,,
