media_file_path,time_in_video,Duration,behavior,subject,modifier_1,modifier_2,modifier_3,Group size,Female,Male,Chasing_end,Chase_present,courtship_events,total_time_of_courtship
D:/Pipefish Mesocosm Film/Trial 4/4-12-20/4-12 Noon 01.MTS,84.731,4.369,Wiggle,Male,Active wiggle,Female,2,2.074074074,1,1.07,Yes,Yes,1,556.48
D:/Pipefish Mesocosm Film/Trial 4/4-12-20/4-12 Noon 01.MTS,84.733,7.595,Inactive,Female,,,,2.074074074,1,1.07,Yes,Yes,1,556.48
D:/Pipefish Mesocosm Film/Trial 4/4-12-20/4-12 Noon 01.MTS,89.101,7.593,Inactive,Male,,,,2.074074074,1,1.07,Yes,Yes,1,556.48
D:/Pipefish Mesocosm Film/Trial 4/4-12-20/4-12 Noon 01.MTS,92.329,5.221,Wiggle,Female,Active wiggle,Male,2,2.074074074,1,1.07,Yes,Yes,1,556.48
D:/Pipefish Mesocosm Film/Trial 4/4-12-20/4-12 Noon 01.MTS,96.695,6.36,Wiggle,Male,Active wiggle,Female,2,2.074074074,1,1.07,Yes,Yes,1,556.48
D:/Pipefish Mesocosm Film/Trial 4/4-12-20/4-12 Noon 01.MTS,97.551,9.494,Pose,Female,S pose,Male,Front,2.074074074,1,1.07,Yes,Yes,1,556.48
D:/Pipefish Mesocosm Film/Trial 4/4-12-20/4-12 Noon 01.MTS,103.056,33.04,Inactive,Male,,,,2.074074074,1,1.07,Yes,Yes,1,556.48
D:/Pipefish Mesocosm Film/Trial 4/4-12-20/4-12 Noon 01.MTS,107.046,65.32,Inactive,Female,,,,2.074074074,1,1.07,Yes,Yes,1,556.48
D:/Pipefish Mesocosm Film/Trial 4/4-12-20/4-12 Noon 01.MTS,136.097,1.804,Wiggle,Male,Active wiggle,Female,2,2.074074074,1,1.07,Yes,Yes,1,556.48
D:/Pipefish Mesocosm Film/Trial 4/4-12-20/4-12 Noon 01.MTS,137.902,16.233,Inactive,Male,,,,2.074074074,1,1.07,Yes,Yes,1,556.48
D:/Pipefish Mesocosm Film/Trial 4/4-12-20/4-12 Noon 01.MTS,154.136,2.468,Wiggle,Male,Active wiggle,Female,2,2.074074074,1,1.07,Yes,Yes,1,556.48
D:/Pipefish Mesocosm Film/Trial 4/4-12-20/4-12 Noon 01.MTS,156.605,16.14,Inactive,Male,,,,2.074074074,1,1.07,Yes,Yes,1,556.48
D:/Pipefish Mesocosm Film/Trial 4/4-12-20/4-12 Noon 01.MTS,172.367,10.631,Pose,Female,S pose,Male,Front,2.074074074,1,1.07,Yes,Yes,1,556.48
D:/Pipefish Mesocosm Film/Trial 4/4-12-20/4-12 Noon 01.MTS,172.746,7.594,Wiggle,Male,Active wiggle,Female,3,2.074074074,1,1.07,Yes,Yes,1,556.48
D:/Pipefish Mesocosm Film/Trial 4/4-12-20/4-12 Noon 01.MTS,180.341,5.696,Inactive,Male,,,,2.074074074,1,1.07,Yes,Yes,1,556.48
D:/Pipefish Mesocosm Film/Trial 4/4-12-20/4-12 Noon 01.MTS,182.999,3.132,Wiggle,Female,Active wiggle,Male,2,2.074074074,1,1.07,Yes,Yes,1,556.48
D:/Pipefish Mesocosm Film/Trial 4/4-12-20/4-12 Noon 01.MTS,186.038,1.614,Wiggle,Male,Active wiggle,Female,2,2.074074074,1,1.07,Yes,Yes,1,556.48
D:/Pipefish Mesocosm Film/Trial 4/4-12-20/4-12 Noon 01.MTS,186.132,81.843,Inactive,Female,,,,2.074074074,1,1.07,Yes,Yes,1,556.48
D:/Pipefish Mesocosm Film/Trial 4/4-12-20/4-12 Noon 01.MTS,187.653,66.176,Inactive,Male,,,,2.074074074,1,1.07,Yes,Yes,1,556.48
D:/Pipefish Mesocosm Film/Trial 4/4-12-20/4-12 Noon 01.MTS,253.83,2.087,Wiggle,Male,Active wiggle,Female,2,2.074074074,1,1.07,Yes,Yes,1,556.48
D:/Pipefish Mesocosm Film/Trial 4/4-12-20/4-12 Noon 01.MTS,255.918,13.671,Inactive,Male,,,,2.074074074,1,1.07,Yes,Yes,1,556.48
D:/Pipefish Mesocosm Film/Trial 4/4-12-20/4-12 Noon 01.MTS,267.976,1.708,Wiggle,Female,Active wiggle,Male,2,2.074074074,1,1.07,Yes,Yes,1,556.48
D:/Pipefish Mesocosm Film/Trial 4/4-12-20/4-12 Noon 01.MTS,269.59,5.696,Wiggle,Male,Active wiggle,Female,2,2.074074074,1,1.07,Yes,Yes,1,556.48
D:/Pipefish Mesocosm Film/Trial 4/4-12-20/4-12 Noon 01.MTS,269.685,15.38,Pose,Female,S pose,Male,Front,2.074074074,1,1.07,Yes,Yes,1,556.48
D:/Pipefish Mesocosm Film/Trial 4/4-12-20/4-12 Noon 01.MTS,275.287,3.986,Inactive,Male,,,,2.074074074,1,1.07,Yes,Yes,1,556.48
D:/Pipefish Mesocosm Film/Trial 4/4-12-20/4-12 Noon 01.MTS,279.274,7.024,Wiggle,Male,Subtle wiggle,Female,2,2.074074074,1,1.07,Yes,Yes,1,556.48
D:/Pipefish Mesocosm Film/Trial 4/4-12-20/4-12 Noon 01.MTS,285.066,73.676,Inactive,Female,,,,2.074074074,1,1.07,Yes,Yes,1,556.48
D:/Pipefish Mesocosm Film/Trial 4/4-12-20/4-12 Noon 01.MTS,286.299,33.042,Inactive,Male,,,,2.074074074,1,1.07,Yes,Yes,1,556.48
D:/Pipefish Mesocosm Film/Trial 4/4-12-20/4-12 Noon 01.MTS,319.342,2.753,Wiggle,Male,Active wiggle,Female,2,2.074074074,1,1.07,Yes,Yes,1,556.48
D:/Pipefish Mesocosm Film/Trial 4/4-12-20/4-12 Noon 01.MTS,322.096,4.554,Inactive,Male,,,,2.074074074,1,1.07,Yes,Yes,1,556.48
D:/Pipefish Mesocosm Film/Trial 4/4-12-20/4-12 Noon 01.MTS,326.651,1.992,Wiggle,Male,Active wiggle,Female,2,2.074074074,1,1.07,Yes,Yes,1,556.48
D:/Pipefish Mesocosm Film/Trial 4/4-12-20/4-12 Noon 01.MTS,328.644,3.703,Inactive,Male,,,,2.074074074,1,1.07,Yes,Yes,1,556.48
D:/Pipefish Mesocosm Film/Trial 4/4-12-20/4-12 Noon 01.MTS,332.348,3.132,Wiggle,Male,Active wiggle,Female,2,2.074074074,1,1.07,Yes,Yes,1,556.48
D:/Pipefish Mesocosm Film/Trial 4/4-12-20/4-12 Noon 01.MTS,335.481,16.994,Inactive,Male,,,,2.074074074,1,1.07,Yes,Yes,1,556.48
D:/Pipefish Mesocosm Film/Trial 4/4-12-20/4-12 Noon 01.MTS,352.476,2.186,Wiggle,Male,Active wiggle,Female,2,2.074074074,1,1.07,Yes,Yes,1,556.48
D:/Pipefish Mesocosm Film/Trial 4/4-12-20/4-12 Noon 01.MTS,354.663,6.832,Inactive,Male,,,,2.074074074,1,1.07,Yes,Yes,1,556.48
D:/Pipefish Mesocosm Film/Trial 4/4-12-20/4-12 Noon 01.MTS,358.743,5.506,Pose,Female,S pose,Male,Front,2.074074074,1,1.07,Yes,Yes,1,556.48
D:/Pipefish Mesocosm Film/Trial 4/4-12-20/4-12 Noon 01.MTS,361.496,6.361,Wiggle,Male,Active wiggle,Female,2,2.074074074,1,1.07,Yes,Yes,1,556.48
D:/Pipefish Mesocosm Film/Trial 4/4-12-20/4-12 Noon 01.MTS,364.25,92.475,Inactive,Female,,,,2.074074074,1,1.07,Yes,Yes,1,556.48
D:/Pipefish Mesocosm Film/Trial 4/4-12-20/4-12 Noon 01.MTS,367.858,51.744,Inactive,Male,,,,2.074074074,1,1.07,Yes,Yes,1,556.48
D:/Pipefish Mesocosm Film/Trial 4/4-12-20/4-12 Noon 01.MTS,419.603,2.468,Wiggle,Male,Active wiggle,Female,3,2.074074074,1,1.07,Yes,Yes,1,556.48
D:/Pipefish Mesocosm Film/Trial 4/4-12-20/4-12 Noon 01.MTS,422.072,29.717,Inactive,Male,,,,2.074074074,1,1.07,Yes,Yes,1,556.48
D:/Pipefish Mesocosm Film/Trial 4/4-12-20/4-12 Noon 01.MTS,451.79,4.462,Wiggle,Male,Active wiggle,Male,2,2.074074074,1,1.07,Yes,Yes,1,556.48
D:/Pipefish Mesocosm Film/Trial 4/4-12-20/4-12 Noon 01.MTS,456.253,0.853,Inactive,Male,,,,2.074074074,1,1.07,Yes,Yes,1,556.48
D:/Pipefish Mesocosm Film/Trial 4/4-12-20/4-12 Noon 01.MTS,456.726,12.343,Pose,Female,S pose,Male,Front,2.074074074,1,1.07,Yes,Yes,1,556.48
D:/Pipefish Mesocosm Film/Trial 4/4-12-20/4-12 Noon 01.MTS,457.107,10.825,Wiggle,Male,Active wiggle,Female,2,2.074074074,1,1.07,Yes,Yes,1,556.48
D:/Pipefish Mesocosm Film/Trial 4/4-12-20/4-12 Noon 01.MTS,467.933,2.466,Inactive,Male,,,,2.074074074,1,1.07,Yes,Yes,1,556.48
D:/Pipefish Mesocosm Film/Trial 4/4-12-20/4-12 Noon 01.MTS,469.07,86.209,Inactive,Female,,,,2.074074074,1,1.07,Yes,Yes,1,556.48
D:/Pipefish Mesocosm Film/Trial 4/4-12-20/4-12 Noon 01.MTS,470.4,1.708,Wiggle,Male,Active wiggle,Female,2,2.074074074,1,1.07,Yes,Yes,1,556.48
D:/Pipefish Mesocosm Film/Trial 4/4-12-20/4-12 Noon 01.MTS,472.109,17.087,Inactive,Male,,,,2.074074074,1,1.07,Yes,Yes,1,556.48
D:/Pipefish Mesocosm Film/Trial 4/4-12-20/4-12 Noon 01.MTS,489.197,3.418,Wiggle,Male,Active wiggle,Female,2,2.074074074,1,1.07,Yes,Yes,1,556.48
D:/Pipefish Mesocosm Film/Trial 4/4-12-20/4-12 Noon 01.MTS,492.616,22.692,Inactive,Male,,,,2.074074074,1,1.07,Yes,Yes,1,556.48
D:/Pipefish Mesocosm Film/Trial 4/4-12-20/4-12 Noon 01.MTS,515.309,5.22,Wiggle,Male,Active wiggle,Female,2,2.074074074,1,1.07,Yes,Yes,1,556.48
D:/Pipefish Mesocosm Film/Trial 4/4-12-20/4-12 Noon 01.MTS,520.53,27.06,Inactive,Male,,,,2.074074074,1,1.07,Yes,Yes,1,556.48
D:/Pipefish Mesocosm Film/Trial 4/4-12-20/4-12 Noon 01.MTS,547.591,5.408,Wiggle,Male,Active wiggle,Female,2,2.074074074,1,1.07,Yes,Yes,1,556.48
D:/Pipefish Mesocosm Film/Trial 4/4-12-20/4-12 Noon 01.MTS,553,3.419,Inactive,Male,,,,2.074074074,1,1.07,Yes,Yes,1,556.48
D:/Pipefish Mesocosm Film/Trial 4/4-12-20/4-12 Noon 01.MTS,555.28,8.356,Pose,Female,S pose,Male,Front,2.074074074,1,1.07,Yes,Yes,1,556.48
D:/Pipefish Mesocosm Film/Trial 4/4-12-20/4-12 Noon 01.MTS,556.42,6.739,Wiggle,Male,Active wiggle,Female,2,2.074074074,1,1.07,Yes,Yes,1,556.48
D:/Pipefish Mesocosm Film/Trial 4/4-12-20/4-12 Noon 01.MTS,563.16,16.044,Inactive,Male,,,,2.074074074,1,1.07,Yes,Yes,1,556.48
D:/Pipefish Mesocosm Film/Trial 4/4-12-20/4-12 Noon 01.MTS,563.637,59.337,Inactive,Female,,,,2.074074074,1,1.07,Yes,Yes,1,556.48
D:/Pipefish Mesocosm Film/Trial 4/4-12-20/4-12 Noon 01.MTS,579.205,1.995,Wiggle,Male,Active wiggle,Female,2,2.074074074,1,1.07,Yes,Yes,1,556.48
D:/Pipefish Mesocosm Film/Trial 4/4-12-20/4-12 Noon 01.MTS,581.201,34.18,Inactive,Male,,,,2.074074074,1,1.07,Yes,Yes,1,556.48
D:/Pipefish Mesocosm Film/Trial 4/4-12-20/4-12 Noon 01.MTS,615.382,2.56,Wiggle,Male,Active wiggle,Female,2,2.074074074,1,1.07,Yes,Yes,1,556.48
D:/Pipefish Mesocosm Film/Trial 4/4-12-20/4-12 Noon 01.MTS,617.943,21.933,Inactive,Male,,,,2.074074074,1,1.07,Yes,Yes,1,556.48
D:/Pipefish Mesocosm Film/Trial 4/4-12-20/4-12 Noon 01.MTS,622.975,2.09,Pose,Female,S pose,Male,Front,2.074074074,1,1.07,Yes,Yes,1,556.48
D:/Pipefish Mesocosm Film/Trial 4/4-12-20/4-12 Noon 01.MTS,625.066,15.285,Inactive,Female,,,,2.074074074,1,1.07,Yes,Yes,1,556.48
D:/Pipefish Mesocosm Film/Trial 4/4-12-20/4-12 Noon 01.MTS,886.923,6.555,Wiggle,Male,Active wiggle,Female,3,2.05,1,1.05,Yes,Yes,2,483.079
D:/Pipefish Mesocosm Film/Trial 4/4-12-20/4-12 Noon 01.MTS,887.208,11.392,Pose,Female,S pose,Male,Front,2.05,1,1.05,Yes,Yes,2,483.079
D:/Pipefish Mesocosm Film/Trial 4/4-12-20/4-12 Noon 01.MTS,893.479,1.852,Inactive,Male,,,,2.05,1,1.05,Yes,Yes,2,483.079
D:/Pipefish Mesocosm Film/Trial 4/4-12-20/4-12 Noon 01.MTS,895.332,3.933,Wiggle,Male,Active wiggle,Female,2,2.05,1,1.05,Yes,Yes,2,483.079
D:/Pipefish Mesocosm Film/Trial 4/4-12-20/4-12 Noon 01.MTS,898.601,61.998,Inactive,Female,,,,2.05,1,1.05,Yes,Yes,2,483.079
D:/Pipefish Mesocosm Film/Trial 4/4-12-20/4-12 Noon 01.MTS,899.266,62.949,Inactive,Male,,,,2.05,1,1.05,Yes,Yes,2,483.079
D:/Pipefish Mesocosm Film/Trial 4/4-12-20/4-12 Noon 01.MTS,960.6,2.467,Wiggle,Female,Active wiggle,Male,2,2.05,1,1.05,Yes,Yes,2,483.079
D:/Pipefish Mesocosm Film/Trial 4/4-12-20/4-12 Noon 01.MTS,962.216,5.789,Wiggle,Male,Active wiggle,Female,2,2.05,1,1.05,Yes,Yes,2,483.079
D:/Pipefish Mesocosm Film/Trial 4/4-12-20/4-12 Noon 01.MTS,963.068,4.652,Pose,Female,S pose,Male,Front,2.05,1,1.05,Yes,Yes,2,483.079
D:/Pipefish Mesocosm Film/Trial 4/4-12-20/4-12 Noon 01.MTS,967.721,125.136,Inactive,Female,,,,2.05,1,1.05,Yes,Yes,2,483.079
D:/Pipefish Mesocosm Film/Trial 4/4-12-20/4-12 Noon 01.MTS,968.006,25.634,Inactive,Male,,,,2.05,1,1.05,Yes,Yes,2,483.079
D:/Pipefish Mesocosm Film/Trial 4/4-12-20/4-12 Noon 01.MTS,993.641,1.329,Wiggle,Male,Active wiggle,Female,2,2.05,1,1.05,Yes,Yes,2,483.079
D:/Pipefish Mesocosm Film/Trial 4/4-12-20/4-12 Noon 01.MTS,994.971,10.824,Inactive,Male,,,,2.05,1,1.05,Yes,Yes,2,483.079
D:/Pipefish Mesocosm Film/Trial 4/4-12-20/4-12 Noon 01.MTS,1005.796,4.458,Wiggle,Male,Active wiggle,Female,2,2.05,1,1.05,Yes,Yes,2,483.079
D:/Pipefish Mesocosm Film/Trial 4/4-12-20/4-12 Noon 01.MTS,1010.255,36.173,Inactive,Male,,,,2.05,1,1.05,Yes,Yes,2,483.079
D:/Pipefish Mesocosm Film/Trial 4/4-12-20/4-12 Noon 01.MTS,1046.429,3.987,Wiggle,Male,Active wiggle,Female,2,2.05,1,1.05,Yes,Yes,2,483.079
D:/Pipefish Mesocosm Film/Trial 4/4-12-20/4-12 Noon 01.MTS,1050.417,41.302,Inactive,Male,,,,2.05,1,1.05,Yes,Yes,2,483.079
D:/Pipefish Mesocosm Film/Trial 4/4-12-20/4-12 Noon 01.MTS,1091.72,1.993,Wiggle,Male,Active wiggle,Female,2,2.05,1,1.05,Yes,Yes,2,483.079
D:/Pipefish Mesocosm Film/Trial 4/4-12-20/4-12 Noon 01.MTS,1092.858,2.755,Wiggle,Female,Active wiggle,Male,2,2.05,1,1.05,Yes,Yes,2,483.079
D:/Pipefish Mesocosm Film/Trial 4/4-12-20/4-12 Noon 01.MTS,1093.714,1.991,Inactive,Male,,,,2.05,1,1.05,Yes,Yes,2,483.079
D:/Pipefish Mesocosm Film/Trial 4/4-12-20/4-12 Noon 01.MTS,1095.614,6.262,Pose,Female,S pose,Male,Front,2.05,1,1.05,Yes,Yes,2,483.079
D:/Pipefish Mesocosm Film/Trial 4/4-12-20/4-12 Noon 01.MTS,1095.706,27.915,Wiggle,Male,Active wiggle,Female,2,2.05,1,1.05,Yes,Yes,2,483.079
D:/Pipefish Mesocosm Film/Trial 4/4-12-20/4-12 Noon 01.MTS,1101.877,122.385,Inactive,Female,,,,2.05,1,1.05,Yes,Yes,2,483.079
D:/Pipefish Mesocosm Film/Trial 4/4-12-20/4-12 Noon 01.MTS,1128.462,25.255,Inactive,Male,,,,2.05,1,1.05,Yes,Yes,2,483.079
D:/Pipefish Mesocosm Film/Trial 4/4-12-20/4-12 Noon 01.MTS,1153.718,2.563,Wiggle,Male,Active wiggle,Female,2,2.05,1,1.05,Yes,Yes,2,483.079
D:/Pipefish Mesocosm Film/Trial 4/4-12-20/4-12 Noon 01.MTS,1156.282,23.069,Inactive,Male,,,,2.05,1,1.05,Yes,Yes,2,483.079
D:/Pipefish Mesocosm Film/Trial 4/4-12-20/4-12 Noon 01.MTS,1179.352,4.937,Wiggle,Male,Active wiggle,Female,2,2.05,1,1.05,Yes,Yes,2,483.079
D:/Pipefish Mesocosm Film/Trial 4/4-12-20/4-12 Noon 01.MTS,1184.29,31.618,Inactive,Male,,,,2.05,1,1.05,Yes,Yes,2,483.079
D:/Pipefish Mesocosm Film/Trial 4/4-12-20/4-12 Noon 01.MTS,1215.909,2.085,Wiggle,Male,Active wiggle,Female,2,2.05,1,1.05,Yes,Yes,2,483.079
D:/Pipefish Mesocosm Film/Trial 4/4-12-20/4-12 Noon 01.MTS,1217.995,8.546,Inactive,Male,,,,2.05,1,1.05,Yes,Yes,2,483.079
D:/Pipefish Mesocosm Film/Trial 4/4-12-20/4-12 Noon 01.MTS,1224.263,3.701,Wiggle,Female,Active wiggle,Female,2,2.05,1,1.05,Yes,Yes,2,483.079
D:/Pipefish Mesocosm Film/Trial 4/4-12-20/4-12 Noon 01.MTS,1226.542,7.687,Wiggle,Male,Active wiggle,Female,2,2.05,1,1.05,Yes,Yes,2,483.079
D:/Pipefish Mesocosm Film/Trial 4/4-12-20/4-12 Noon 01.MTS,1227.965,7.309,Pose,Female,S pose,Male,Front,2.05,1,1.05,Yes,Yes,2,483.079
D:/Pipefish Mesocosm Film/Trial 4/4-12-20/4-12 Noon 01.MTS,1234.23,3.8,Inactive,Male,,,,2.05,1,1.05,Yes,Yes,2,483.079
D:/Pipefish Mesocosm Film/Trial 4/4-12-20/4-12 Noon 01.MTS,1235.275,4.273,Wiggle,Female,Active wiggle,Male,2,2.05,1,1.05,Yes,Yes,2,483.079
D:/Pipefish Mesocosm Film/Trial 4/4-12-20/4-12 Noon 01.MTS,1238.031,3.225,Wiggle,Male,Active wiggle,Female,2,2.05,1,1.05,Yes,Yes,2,483.079
D:/Pipefish Mesocosm Film/Trial 4/4-12-20/4-12 Noon 01.MTS,1239.549,111.086,Inactive,Female,,,,2.05,1,1.05,Yes,Yes,2,483.079
D:/Pipefish Mesocosm Film/Trial 4/4-12-20/4-12 Noon 01.MTS,1241.257,17.377,Inactive,Male,,,,2.05,1,1.05,Yes,Yes,2,483.079
D:/Pipefish Mesocosm Film/Trial 4/4-12-20/4-12 Noon 01.MTS,1258.635,2.941,Wiggle,Male,Active wiggle,Female,2,2.05,1,1.05,Yes,Yes,2,483.079
D:/Pipefish Mesocosm Film/Trial 4/4-12-20/4-12 Noon 01.MTS,1261.577,17.278,Inactive,Male,,,,2.05,1,1.05,Yes,Yes,2,483.079
D:/Pipefish Mesocosm Film/Trial 4/4-12-20/4-12 Noon 01.MTS,1278.856,3.514,Wiggle,Male,Active wiggle,Female,2,2.05,1,1.05,Yes,Yes,2,483.079
D:/Pipefish Mesocosm Film/Trial 4/4-12-20/4-12 Noon 01.MTS,1282.371,13.953,Inactive,Male,,,,2.05,1,1.05,Yes,Yes,2,483.079
D:/Pipefish Mesocosm Film/Trial 4/4-12-20/4-12 Noon 01.MTS,1296.325,2.185,Wiggle,Male,Active wiggle,Female,2,2.05,1,1.05,Yes,Yes,2,483.079
D:/Pipefish Mesocosm Film/Trial 4/4-12-20/4-12 Noon 01.MTS,1298.511,70.45,Inactive,Male,,,,2.05,1,1.05,Yes,Yes,2,483.079
D:/Pipefish Mesocosm Film/Trial 4/4-12-20/4-12 Noon 01.MTS,1350.636,2.751,Pose,Female,S pose,Male,Front,2.05,1,1.05,Yes,Yes,2,483.079
D:/Pipefish Mesocosm Film/Trial 4/4-12-20/4-12 Noon 01.MTS,1353.388,15.573,Inactive,Female,,,,2.05,1,1.05,Yes,Yes,2,483.079
D:/Pipefish Mesocosm Film/Trial 4/4-12-20/4-12 Noon 01.MTS,1401.621,73.961,Inactive,Female,,,,3.5,1,2.5,Yes,Yes,3,231.38
D:/Pipefish Mesocosm Film/Trial 4/4-12-20/4-12 Noon 01.MTS,1401.621,3.131,Wiggle,Male,Active wiggle,Female,5,3.5,1,2.5,Yes,Yes,3,231.38
D:/Pipefish Mesocosm Film/Trial 4/4-12-20/4-12 Noon 01.MTS,1404.753,1.993,Surrounding,Male,,,,3.5,1,2.5,Yes,Yes,3,231.38
D:/Pipefish Mesocosm Film/Trial 4/4-12-20/4-12 Noon 01.MTS,1406.747,47.377,Inactive,Male,,,,3.5,1,2.5,Yes,Yes,3,231.38
D:/Pipefish Mesocosm Film/Trial 4/4-12-20/4-12 Noon 01.MTS,1454.125,6.837,Wiggle,Male,Active wiggle,Female,2,3.5,1,2.5,Yes,Yes,3,231.38
D:/Pipefish Mesocosm Film/Trial 4/4-12-20/4-12 Noon 01.MTS,1460.963,16.231,Inactive,Male,,,,3.5,1,2.5,Yes,Yes,3,231.38
D:/Pipefish Mesocosm Film/Trial 4/4-12-20/4-12 Noon 01.MTS,1475.583,2.468,Wiggle,Female,Active wiggle,Male,4,3.5,1,2.5,Yes,Yes,3,231.38
D:/Pipefish Mesocosm Film/Trial 4/4-12-20/4-12 Noon 01.MTS,1477.195,5.698,Wiggle,Male,Active wiggle,Female,3,3.5,1,2.5,Yes,Yes,3,231.38
D:/Pipefish Mesocosm Film/Trial 4/4-12-20/4-12 Noon 01.MTS,1478.052,4.079,Pose,Female,S pose,Male,Front,3.5,1,2.5,Yes,Yes,3,231.38
D:/Pipefish Mesocosm Film/Trial 4/4-12-20/4-12 Noon 01.MTS,1482.132,15.1,Inactive,Female,,,,3.5,1,2.5,Yes,Yes,3,231.38
D:/Pipefish Mesocosm Film/Trial 4/4-12-20/4-12 Noon 01.MTS,1482.894,22.215,Inactive,Male,,,,3.5,1,2.5,Yes,Yes,3,231.38
D:/Pipefish Mesocosm Film/Trial 4/4-12-20/4-12 Noon 01.MTS,1497.233,5.882,Wiggle,Female,Active wiggle,Male,3,3.5,1,2.5,Yes,Yes,3,231.38
D:/Pipefish Mesocosm Film/Trial 4/4-12-20/4-12 Noon 01.MTS,1503.116,24.684,Inactive,Female,,,,3.5,1,2.5,Yes,Yes,3,231.38
D:/Pipefish Mesocosm Film/Trial 4/4-12-20/4-12 Noon 01.MTS,1505.11,2.183,Wiggle,Male,Active wiggle,Female,4,3.5,1,2.5,Yes,Yes,3,231.38
D:/Pipefish Mesocosm Film/Trial 4/4-12-20/4-12 Noon 01.MTS,1507.294,4.747,Inactive,Male,,,,3.5,1,2.5,Yes,Yes,3,231.38
D:/Pipefish Mesocosm Film/Trial 4/4-12-20/4-12 Noon 01.MTS,1512.042,87.727,Surrounding,Male,,,,3.5,1,2.5,Yes,Yes,3,231.38
D:/Pipefish Mesocosm Film/Trial 4/4-12-20/4-12 Noon 01.MTS,1527.801,71.968,Swim away,Female,,,,3.5,1,2.5,Yes,Yes,3,231.38
D:/Pipefish Mesocosm Film/Trial 4/4-12-20/4-12 Noon 01.MTS,1599.77,17.471,Out of sight,Female,,,,3.5,1,2.5,Yes,Yes,3,231.38
D:/Pipefish Mesocosm Film/Trial 4/4-12-20/4-12 Noon 01.MTS,1599.77,17.471,Out of sight,Male,,,,3.5,1,2.5,Yes,Yes,3,231.38
D:/Pipefish Mesocosm Film/Trial 4/4-12-20/4-12 Noon 01.MTS,1633.19,6.835,Wiggle,Male,Active wiggle,Female,2,2,1,1,No,No,4,631.389
D:/Pipefish Mesocosm Film/Trial 4/4-12-20/4-12 Noon 01.MTS,1634.931,96.814,Inactive,Female,,,,2,1,1,No,No,4,631.389
D:/Pipefish Mesocosm Film/Trial 4/4-12-20/4-12 Noon 01.MTS,1640.026,17.376,Inactive,Male,,,,2,1,1,No,No,4,631.389
D:/Pipefish Mesocosm Film/Trial 4/4-12-20/4-12 Noon 01.MTS,1657.403,2.467,Wiggle,Male,Active wiggle,Female,2,2,1,1,No,No,4,631.389
D:/Pipefish Mesocosm Film/Trial 4/4-12-20/4-12 Noon 01.MTS,1659.871,7.689,Inactive,Male,,,,2,1,1,No,No,4,631.389
D:/Pipefish Mesocosm Film/Trial 4/4-12-20/4-12 Noon 01.MTS,1667.561,2.658,Wiggle,Male,Active wiggle,Female,2,2,1,1,No,No,4,631.389
D:/Pipefish Mesocosm Film/Trial 4/4-12-20/4-12 Noon 01.MTS,1670.22,15.759,Inactive,Male,,,,2,1,1,No,No,4,631.389
D:/Pipefish Mesocosm Film/Trial 4/4-12-20/4-12 Noon 01.MTS,1685.98,5.128,Wiggle,Male,Active wiggle,Female,2,2,1,1,No,No,4,631.389
D:/Pipefish Mesocosm Film/Trial 4/4-12-20/4-12 Noon 01.MTS,1691.109,23.26,Inactive,Male,,,,2,1,1,No,No,4,631.389
D:/Pipefish Mesocosm Film/Trial 4/4-12-20/4-12 Noon 01.MTS,1714.37,2.278,Wiggle,Male,Active wiggle,Female,2,2,1,1,No,No,4,631.389
D:/Pipefish Mesocosm Film/Trial 4/4-12-20/4-12 Noon 01.MTS,1716.649,8.733,Inactive,Male,,,,2,1,1,No,No,4,631.389
D:/Pipefish Mesocosm Film/Trial 4/4-12-20/4-12 Noon 01.MTS,1725.383,2.467,Wiggle,Male,Active wiggle,Female,2,2,1,1,No,No,4,631.389
D:/Pipefish Mesocosm Film/Trial 4/4-12-20/4-12 Noon 01.MTS,1727.851,8.164,Inactive,Male,,,,2,1,1,No,No,4,631.389
D:/Pipefish Mesocosm Film/Trial 4/4-12-20/4-12 Noon 01.MTS,1731.746,4.649,Wiggle,Female,Active wiggle,Male,2,2,1,1,No,No,4,631.389
D:/Pipefish Mesocosm Film/Trial 4/4-12-20/4-12 Noon 01.MTS,1736.016,5.127,Wiggle,Male,Active wiggle,Female,2,2,1,1,No,No,4,631.389
D:/Pipefish Mesocosm Film/Trial 4/4-12-20/4-12 Noon 01.MTS,1736.396,5.885,Pose,Female,S pose,Male,Front,2,1,1,No,No,4,631.389
D:/Pipefish Mesocosm Film/Trial 4/4-12-20/4-12 Noon 01.MTS,1741.144,17.943,Inactive,Male,,,,2,1,1,No,No,4,631.389
D:/Pipefish Mesocosm Film/Trial 4/4-12-20/4-12 Noon 01.MTS,1742.282,91.434,Inactive,Female,,,,2,1,1,No,No,4,631.389
D:/Pipefish Mesocosm Film/Trial 4/4-12-20/4-12 Noon 01.MTS,1759.088,2.469,Wiggle,Male,Active wiggle,Female,2,2,1,1,No,No,4,631.389
D:/Pipefish Mesocosm Film/Trial 4/4-12-20/4-12 Noon 01.MTS,1761.558,18.8,Inactive,Male,,,,2,1,1,No,No,4,631.389
D:/Pipefish Mesocosm Film/Trial 4/4-12-20/4-12 Noon 01.MTS,1780.359,1.99,Wiggle,Male,Active wiggle,Female,2,2,1,1,No,No,4,631.389
D:/Pipefish Mesocosm Film/Trial 4/4-12-20/4-12 Noon 01.MTS,1782.35,18.418,Inactive,Male,,,,2,1,1,No,No,4,631.389
D:/Pipefish Mesocosm Film/Trial 4/4-12-20/4-12 Noon 01.MTS,1800.769,2.468,Wiggle,Male,Active wiggle,Female,2,2,1,1,No,No,4,631.389
D:/Pipefish Mesocosm Film/Trial 4/4-12-20/4-12 Noon 01.MTS,1803.238,30.191,Inactive,Male,,,,2,1,1,No,No,4,631.389
D:/Pipefish Mesocosm Film/Trial 4/4-12-20/4-12 Noon 01.MTS,1833.43,7.595,Wiggle,Male,Active wiggle,Female,2,2,1,1,No,No,4,631.389
D:/Pipefish Mesocosm Film/Trial 4/4-12-20/4-12 Noon 01.MTS,1833.717,11.77,Pose,Female,S pose,Male,Front,2,1,1,No,No,4,631.389
D:/Pipefish Mesocosm Film/Trial 4/4-12-20/4-12 Noon 01.MTS,1841.026,14.81,Inactive,Male,,,,2,1,1,No,No,4,631.389
D:/Pipefish Mesocosm Film/Trial 4/4-12-20/4-12 Noon 01.MTS,1845.488,112.224,Inactive,Female,,,,2,1,1,No,No,4,631.389
D:/Pipefish Mesocosm Film/Trial 4/4-12-20/4-12 Noon 01.MTS,1855.837,2.468,Wiggle,Male,Active wiggle,Female,2,2,1,1,No,No,4,631.389
D:/Pipefish Mesocosm Film/Trial 4/4-12-20/4-12 Noon 01.MTS,1858.306,46.239,Inactive,Male,,,,2,1,1,No,No,4,631.389
D:/Pipefish Mesocosm Film/Trial 4/4-12-20/4-12 Noon 01.MTS,1904.546,2.655,Wiggle,Male,Active wiggle,Female,2,2,1,1,No,No,4,631.389
D:/Pipefish Mesocosm Film/Trial 4/4-12-20/4-12 Noon 01.MTS,1907.202,7.596,Inactive,Male,,,,2,1,1,No,No,4,631.389
D:/Pipefish Mesocosm Film/Trial 4/4-12-20/4-12 Noon 01.MTS,1914.799,3.035,Wiggle,Male,Active wiggle,Female,2,2,1,1,No,No,4,631.389
D:/Pipefish Mesocosm Film/Trial 4/4-12-20/4-12 Noon 01.MTS,1917.835,41.587,Inactive,Male,,,,2,1,1,No,No,4,631.389
D:/Pipefish Mesocosm Film/Trial 4/4-12-20/4-12 Noon 01.MTS,1957.713,3.037,Wiggle,Female,Active wiggle,Male,2,2,1,1,No,No,4,631.389
D:/Pipefish Mesocosm Film/Trial 4/4-12-20/4-12 Noon 01.MTS,1959.423,8.26,Wiggle,Male,Active wiggle,Female,2,2,1,1,No,No,4,631.389
D:/Pipefish Mesocosm Film/Trial 4/4-12-20/4-12 Noon 01.MTS,1960.751,11.016,Pose,Female,S pose,Male,Front,2,1,1,No,No,4,631.389
D:/Pipefish Mesocosm Film/Trial 4/4-12-20/4-12 Noon 01.MTS,1967.684,34.748,Inactive,Male,,,,2,1,1,No,No,4,631.389
D:/Pipefish Mesocosm Film/Trial 4/4-12-20/4-12 Noon 01.MTS,1971.768,91.429,Inactive,Female,,,,2,1,1,No,No,4,631.389
D:/Pipefish Mesocosm Film/Trial 4/4-12-20/4-12 Noon 01.MTS,2002.433,2.087,Wiggle,Male,Active wiggle,Female,2,2,1,1,No,No,4,631.389
D:/Pipefish Mesocosm Film/Trial 4/4-12-20/4-12 Noon 01.MTS,2004.521,11.109,Inactive,Male,,,,2,1,1,No,No,4,631.389
D:/Pipefish Mesocosm Film/Trial 4/4-12-20/4-12 Noon 01.MTS,2015.631,4.554,Wiggle,Male,Active wiggle,Female,2,2,1,1,No,No,4,631.389
D:/Pipefish Mesocosm Film/Trial 4/4-12-20/4-12 Noon 01.MTS,2020.186,14.052,Inactive,Male,,,,2,1,1,No,No,4,631.389
D:/Pipefish Mesocosm Film/Trial 4/4-12-20/4-12 Noon 01.MTS,2034.239,3.417,Wiggle,Male,Active wiggle,Female,2,2,1,1,No,No,4,631.389
D:/Pipefish Mesocosm Film/Trial 4/4-12-20/4-12 Noon 01.MTS,2037.657,28.482,Inactive,Male,,,,2,1,1,No,No,4,631.389
D:/Pipefish Mesocosm Film/Trial 4/4-12-20/4-12 Noon 01.MTS,2063.198,3.797,Wiggle,Female,Active wiggle,Male,2,2,1,1,No,No,4,631.389
D:/Pipefish Mesocosm Film/Trial 4/4-12-20/4-12 Noon 01.MTS,2066.14,5.886,Wiggle,Male,Active wiggle,Female,2,2,1,1,No,No,4,631.389
D:/Pipefish Mesocosm Film/Trial 4/4-12-20/4-12 Noon 01.MTS,2066.996,5.125,Pose,Female,S pose,Male,Front,2,1,1,No,No,4,631.389
D:/Pipefish Mesocosm Film/Trial 4/4-12-20/4-12 Noon 01.MTS,2072.027,31.047,Inactive,Male,,,,2,1,1,No,No,4,631.389
D:/Pipefish Mesocosm Film/Trial 4/4-12-20/4-12 Noon 01.MTS,2072.122,88.871,Inactive,Female,,,,2,1,1,No,No,4,631.389
D:/Pipefish Mesocosm Film/Trial 4/4-12-20/4-12 Noon 01.MTS,2103.075,3.131,Wiggle,Male,Active wiggle,Female,2,2,1,1,No,No,4,631.389
D:/Pipefish Mesocosm Film/Trial 4/4-12-20/4-12 Noon 01.MTS,2106.207,44.34,Inactive,Male,,,,2,1,1,No,No,4,631.389
D:/Pipefish Mesocosm Film/Trial 4/4-12-20/4-12 Noon 01.MTS,2150.548,2.37,Wiggle,Male,Active wiggle,Female,2,2,1,1,No,No,4,631.389
D:/Pipefish Mesocosm Film/Trial 4/4-12-20/4-12 Noon 01.MTS,2152.919,9.116,Inactive,Male,,,,2,1,1,No,No,4,631.389
D:/Pipefish Mesocosm Film/Trial 4/4-12-20/4-12 Noon 01.MTS,2160.994,9.017,Pose,Female,S pose,Male,Front,2,1,1,No,No,4,631.389
D:/Pipefish Mesocosm Film/Trial 4/4-12-20/4-12 Noon 01.MTS,2162.036,6.833,Wiggle,Male,Active wiggle,Female,2,2,1,1,No,No,4,631.389
D:/Pipefish Mesocosm Film/Trial 4/4-12-20/4-12 Noon 01.MTS,2168.87,74.533,Inactive,Male,,,,2,1,1,No,No,4,631.389
D:/Pipefish Mesocosm Film/Trial 4/4-12-20/4-12 Noon 01.MTS,2170.012,56.587,Inactive,Female,,,,2,1,1,No,No,4,631.389
D:/Pipefish Mesocosm Film/Trial 4/4-12-20/4-12 Noon 01.MTS,2226.6,8.639,Wiggle,Female,Active wiggle,Male,2,2,1,1,No,No,4,631.389
D:/Pipefish Mesocosm Film/Trial 4/4-12-20/4-12 Noon 01.MTS,2235.24,28.673,Inactive,Female,,,,2,1,1,No,No,4,631.389
D:/Pipefish Mesocosm Film/Trial 4/4-12-20/4-12 Noon 01.MTS,2243.404,3.608,Wiggle,Male,Active wiggle,Female,2,2,1,1,No,No,4,631.389
D:/Pipefish Mesocosm Film/Trial 4/4-12-20/4-12 Noon 01.MTS,2247.013,3.798,Inactive,Male,,,,2,1,1,No,No,4,631.389
D:/Pipefish Mesocosm Film/Trial 4/4-12-20/4-12 Noon 01.MTS,2250.812,2.089,Wiggle,Male,Active wiggle,Female,2,2,1,1,No,No,4,631.389
D:/Pipefish Mesocosm Film/Trial 4/4-12-20/4-12 Noon 01.MTS,2252.902,11.011,Inactive,Male,,,,2,1,1,No,No,4,631.389
D:/Pipefish Mesocosm Film/Trial 4/4-12-20/4-12 Noon 01.MTS,2371.203,2.657,Wiggle,Male,Active wiggle,Female,2,2,1,1,No,No,5,486.686
D:/Pipefish Mesocosm Film/Trial 4/4-12-20/4-12 Noon 01.MTS,2371.488,7.023,Inactive,Female,,,,2,1,1,No,No,5,486.686
D:/Pipefish Mesocosm Film/Trial 4/4-12-20/4-12 Noon 01.MTS,2373.861,6.263,Inactive,Male,,,,2,1,1,No,No,5,486.686
D:/Pipefish Mesocosm Film/Trial 4/4-12-20/4-12 Noon 01.MTS,2378.512,2.656,Wiggle,Female,Active wiggle,Male,2,2,1,1,No,No,5,486.686
D:/Pipefish Mesocosm Film/Trial 4/4-12-20/4-12 Noon 01.MTS,2380.125,7.122,Wiggle,Male,Active wiggle,Female,2,2,1,1,No,No,5,486.686
D:/Pipefish Mesocosm Film/Trial 4/4-12-20/4-12 Noon 01.MTS,2381.169,7.691,Pose,Female,S pose,Male,Front,2,1,1,No,No,5,486.686
D:/Pipefish Mesocosm Film/Trial 4/4-12-20/4-12 Noon 01.MTS,2387.248,3.702,Inactive,Male,,,,2,1,1,No,No,5,486.686
D:/Pipefish Mesocosm Film/Trial 4/4-12-20/4-12 Noon 01.MTS,2388.861,119.725,Inactive,Female,,,,2,1,1,No,No,5,486.686
D:/Pipefish Mesocosm Film/Trial 4/4-12-20/4-12 Noon 01.MTS,2390.951,1.61,Wiggle,Male,Active wiggle,Female,2,2,1,1,No,No,5,486.686
D:/Pipefish Mesocosm Film/Trial 4/4-12-20/4-12 Noon 01.MTS,2392.562,32.472,Inactive,Male,,,,2,1,1,No,No,5,486.686
D:/Pipefish Mesocosm Film/Trial 4/4-12-20/4-12 Noon 01.MTS,2425.035,2.942,Wiggle,Male,Active wiggle,Female,2,2,1,1,No,No,5,486.686
D:/Pipefish Mesocosm Film/Trial 4/4-12-20/4-12 Noon 01.MTS,2427.978,45.857,Inactive,Male,,,,2,1,1,No,No,5,486.686
D:/Pipefish Mesocosm Film/Trial 4/4-12-20/4-12 Noon 01.MTS,2473.836,2.753,Wiggle,Male,Active wiggle,Female,2,2,1,1,No,No,5,486.686
D:/Pipefish Mesocosm Film/Trial 4/4-12-20/4-12 Noon 01.MTS,2476.59,27.817,Inactive,Male,,,,2,1,1,No,No,5,486.686
D:/Pipefish Mesocosm Film/Trial 4/4-12-20/4-12 Noon 01.MTS,2504.408,1.994,Wiggle,Male,Active wiggle,Female,2,2,1,1,No,No,5,486.686
D:/Pipefish Mesocosm Film/Trial 4/4-12-20/4-12 Noon 01.MTS,2506.403,3.416,Inactive,Male,,,,2,1,1,No,No,5,486.686
D:/Pipefish Mesocosm Film/Trial 4/4-12-20/4-12 Noon 01.MTS,2508.587,1.898,Wiggle,Female,Active wiggle,Male,2,2,1,1,No,No,5,486.686
D:/Pipefish Mesocosm Film/Trial 4/4-12-20/4-12 Noon 01.MTS,2509.82,7.216,Wiggle,Male,Active wiggle,Female,2,2,1,1,No,No,5,486.686
D:/Pipefish Mesocosm Film/Trial 4/4-12-20/4-12 Noon 01.MTS,2510.486,4.935,Pose,Female,S pose,Male,Front,2,1,1,No,No,5,486.686
D:/Pipefish Mesocosm Film/Trial 4/4-12-20/4-12 Noon 01.MTS,2515.422,85.165,Inactive,Female,,,,2,1,1,No,No,5,486.686
D:/Pipefish Mesocosm Film/Trial 4/4-12-20/4-12 Noon 01.MTS,2517.037,28.672,Inactive,Male,,,,2,1,1,No,No,5,486.686
D:/Pipefish Mesocosm Film/Trial 4/4-12-20/4-12 Noon 01.MTS,2545.71,3.417,Wiggle,Male,Active wiggle,Female,2,2,1,1,No,No,5,486.686
D:/Pipefish Mesocosm Film/Trial 4/4-12-20/4-12 Noon 01.MTS,2549.128,15.665,Inactive,Male,,,,2,1,1,No,No,5,486.686
D:/Pipefish Mesocosm Film/Trial 4/4-12-20/4-12 Noon 01.MTS,2564.794,4.748,Wiggle,Male,Active wiggle,Female,2,2,1,1,No,No,5,486.686
D:/Pipefish Mesocosm Film/Trial 4/4-12-20/4-12 Noon 01.MTS,2569.543,32.753,Inactive,Male,,,,2,1,1,No,No,5,486.686
D:/Pipefish Mesocosm Film/Trial 4/4-12-20/4-12 Noon 01.MTS,2600.588,6.836,Pose,Female,S pose,Male,Front,2,1,1,No,No,5,486.686
D:/Pipefish Mesocosm Film/Trial 4/4-12-20/4-12 Noon 01.MTS,2602.297,3.987,Wiggle,Male,Active wiggle,Female,2,2,1,1,No,No,5,486.686
D:/Pipefish Mesocosm Film/Trial 4/4-12-20/4-12 Noon 01.MTS,2606.285,12.532,Inactive,Male,,,,2,1,1,No,No,5,486.686
D:/Pipefish Mesocosm Film/Trial 4/4-12-20/4-12 Noon 01.MTS,2607.425,94.28,Inactive,Female,,,,2,1,1,No,No,5,486.686
D:/Pipefish Mesocosm Film/Trial 4/4-12-20/4-12 Noon 01.MTS,2618.818,7.12,Wiggle,Male,Active wiggle,Female,2,2,1,1,No,No,5,486.686
D:/Pipefish Mesocosm Film/Trial 4/4-12-20/4-12 Noon 01.MTS,2625.939,22.121,Inactive,Male,,,,2,1,1,No,No,5,486.686
D:/Pipefish Mesocosm Film/Trial 4/4-12-20/4-12 Noon 01.MTS,2648.061,4.27,Wiggle,Male,Active wiggle,Female,2,2,1,1,No,No,5,486.686
D:/Pipefish Mesocosm Film/Trial 4/4-12-20/4-12 Noon 01.MTS,2652.332,2.85,Inactive,Male,,,,2,1,1,No,No,5,486.686
D:/Pipefish Mesocosm Film/Trial 4/4-12-20/4-12 Noon 01.MTS,2655.183,2.941,Wiggle,Male,Active wiggle,Female,2,2,1,1,No,No,5,486.686
D:/Pipefish Mesocosm Film/Trial 4/4-12-20/4-12 Noon 01.MTS,2658.125,45.666,Inactive,Male,,,,2,1,1,No,No,5,486.686
D:/Pipefish Mesocosm Film/Trial 4/4-12-20/4-12 Noon 01.MTS,2701.706,5.694,Pose,Female,S pose,Male,Front,2,1,1,No,No,5,486.686
D:/Pipefish Mesocosm Film/Trial 4/4-12-20/4-12 Noon 01.MTS,2703.792,2.565,Wiggle,Male,Active wiggle,Female,2,2,1,1,No,No,5,486.686
D:/Pipefish Mesocosm Film/Trial 4/4-12-20/4-12 Noon 01.MTS,2706.358,3.416,Inactive,Male,,,,2,1,1,No,No,5,486.686
D:/Pipefish Mesocosm Film/Trial 4/4-12-20/4-12 Noon 01.MTS,2707.401,56.302,Inactive,Female,,,,2,1,1,No,No,5,486.686
D:/Pipefish Mesocosm Film/Trial 4/4-12-20/4-12 Noon 01.MTS,2709.775,1.805,Wiggle,Male,Active wiggle,Female,2,2,1,1,No,No,5,486.686
D:/Pipefish Mesocosm Film/Trial 4/4-12-20/4-12 Noon 01.MTS,2711.581,3.415,Inactive,Male,,,,2,1,1,No,No,5,486.686
D:/Pipefish Mesocosm Film/Trial 4/4-12-20/4-12 Noon 01.MTS,2714.997,2.373,Wiggle,Male,Active wiggle,Female,2,2,1,1,No,No,5,486.686
D:/Pipefish Mesocosm Film/Trial 4/4-12-20/4-12 Noon 01.MTS,2717.371,29.337,Inactive,Male,,,,2,1,1,No,No,5,486.686
D:/Pipefish Mesocosm Film/Trial 4/4-12-20/4-12 Noon 01.MTS,2746.709,2.467,Wiggle,Male,Active wiggle,Female,2,2,1,1,No,No,5,486.686
D:/Pipefish Mesocosm Film/Trial 4/4-12-20/4-12 Noon 01.MTS,2749.177,6.835,Inactive,Male,,,,2,1,1,No,No,5,486.686
D:/Pipefish Mesocosm Film/Trial 4/4-12-20/4-12 Noon 01.MTS,2756.013,2.373,Wiggle,Male,Active wiggle,Female,2,2,1,1,No,No,5,486.686
D:/Pipefish Mesocosm Film/Trial 4/4-12-20/4-12 Noon 01.MTS,2758.387,5.221,Inactive,Male,,,,2,1,1,No,No,5,486.686
D:/Pipefish Mesocosm Film/Trial 4/4-12-20/4-12 Noon 01.MTS,2763.609,6.646,Wiggle,Male,Active wiggle,Female,2,2,1,1,No,No,5,486.686
D:/Pipefish Mesocosm Film/Trial 4/4-12-20/4-12 Noon 01.MTS,2763.704,8.069,Pose,Female,S pose,Male,Front,2,1,1,No,No,5,486.686
D:/Pipefish Mesocosm Film/Trial 4/4-12-20/4-12 Noon 01.MTS,2770.256,42.439,Inactive,Male,,,,2,1,1,No,No,5,486.686
D:/Pipefish Mesocosm Film/Trial 4/4-12-20/4-12 Noon 01.MTS,2771.774,9.968,Inactive,Female,,,,2,1,1,No,No,5,486.686
D:/Pipefish Mesocosm Film/Trial 4/4-12-20/4-12 Noon 01.MTS,2781.743,3.417,Pose,Female,S pose,Male,Front,2,1,1,No,No,5,486.686
D:/Pipefish Mesocosm Film/Trial 4/4-12-20/4-12 Noon 01.MTS,2785.161,69.976,Inactive,Female,,,,2,1,1,No,No,5,486.686
D:/Pipefish Mesocosm Film/Trial 4/4-12-20/4-12 Noon 01.MTS,2812.696,2.941,Wiggle,Male,Active wiggle,Female,2,2,1,1,No,No,5,486.686
D:/Pipefish Mesocosm Film/Trial 4/4-12-20/4-12 Noon 01.MTS,2815.638,15.761,Inactive,Male,,,,2,1,1,No,No,5,486.686
D:/Pipefish Mesocosm Film/Trial 4/4-12-20/4-12 Noon 01.MTS,2831.4,2.182,Wiggle,Male,Active wiggle,Female,2,2,1,1,No,No,5,486.686
D:/Pipefish Mesocosm Film/Trial 4/4-12-20/4-12 Noon 01.MTS,2833.583,4.557,Inactive,Male,,,,2,1,1,No,No,5,486.686
D:/Pipefish Mesocosm Film/Trial 4/4-12-20/4-12 Noon 01.MTS,2838.141,2.754,Wiggle,Male,Active wiggle,Female,2,2,1,1,No,No,5,486.686
D:/Pipefish Mesocosm Film/Trial 4/4-12-20/4-12 Noon 01.MTS,2840.896,14.241,Inactive,Male,,,,2,1,1,No,No,5,486.686
D:/Pipefish Mesocosm Film/Trial 4/4-12-20/4-12 Noon 01.MTS,152.905,14.429,Wiggle,Female,Active wiggle,Female,2,2.333333333,1,1.33,Yes,Yes,93,458.491
D:/Pipefish Mesocosm Film/Trial 4/4-12-20/4-12 Noon 01.MTS,154.234,13.669,Inactive,Male,,,,2.333333333,1,1.33,Yes,Yes,93,458.491
D:/Pipefish Mesocosm Film/Trial 4/4-12-20/4-12 Noon 01.MTS,167.335,1.615,Pose,Female,S pose,Male,Front,2.333333333,1,1.33,Yes,Yes,93,458.491
D:/Pipefish Mesocosm Film/Trial 4/4-12-20/4-12 Noon 01.MTS,167.904,8.356,Wiggle,Male,Active wiggle,Female,2,2.333333333,1,1.33,Yes,Yes,93,458.491
D:/Pipefish Mesocosm Film/Trial 4/4-12-20/4-12 Noon 01.MTS,168.951,86.878,Inactive,Female,,,,2.333333333,1,1.33,Yes,Yes,93,458.491
D:/Pipefish Mesocosm Film/Trial 4/4-12-20/4-12 Noon 01.MTS,176.261,7.405,Inactive,Male,,,,2.333333333,1,1.33,Yes,Yes,93,458.491
D:/Pipefish Mesocosm Film/Trial 4/4-12-20/4-12 Noon 01.MTS,183.667,5.885,Wiggle,Male,Active wiggle,Female,2,2.333333333,1,1.33,Yes,Yes,93,458.491
D:/Pipefish Mesocosm Film/Trial 4/4-12-20/4-12 Noon 01.MTS,189.553,81.844,Inactive,Male,,,,2.333333333,1,1.33,Yes,Yes,93,458.491
D:/Pipefish Mesocosm Film/Trial 4/4-12-20/4-12 Noon 01.MTS,255.83,4.077,Pose,Female,S pose,Male,Front,2.333333333,1,1.33,Yes,Yes,93,458.491
D:/Pipefish Mesocosm Film/Trial 4/4-12-20/4-12 Noon 01.MTS,259.908,10.822,Wiggle,Female,Active wiggle,Male,2,2.333333333,1,1.33,Yes,Yes,93,458.491
D:/Pipefish Mesocosm Film/Trial 4/4-12-20/4-12 Noon 01.MTS,270.731,108.521,Inactive,Female,,,,2.333333333,1,1.33,Yes,Yes,93,458.491
D:/Pipefish Mesocosm Film/Trial 4/4-12-20/4-12 Noon 01.MTS,271.398,14.334,Wiggle,Male,Active wiggle,Female,2,2.333333333,1,1.33,Yes,Yes,93,458.491
D:/Pipefish Mesocosm Film/Trial 4/4-12-20/4-12 Noon 01.MTS,285.733,14.812,Inactive,Male,,,,2.333333333,1,1.33,Yes,Yes,93,458.491
D:/Pipefish Mesocosm Film/Trial 4/4-12-20/4-12 Noon 01.MTS,300.546,3.603,Wiggle,Male,Active wiggle,Female,2,2.333333333,1,1.33,Yes,Yes,93,458.491
D:/Pipefish Mesocosm Film/Trial 4/4-12-20/4-12 Noon 01.MTS,304.15,46.333,Inactive,Male,,,,2.333333333,1,1.33,Yes,Yes,93,458.491
D:/Pipefish Mesocosm Film/Trial 4/4-12-20/4-12 Noon 01.MTS,350.484,18.513,Surrounding,Male,,,,2.333333333,1,1.33,Yes,Yes,93,458.491
D:/Pipefish Mesocosm Film/Trial 4/4-12-20/4-12 Noon 01.MTS,368.998,11.394,Inactive,Male,,,,2.333333333,1,1.33,Yes,Yes,93,458.491
D:/Pipefish Mesocosm Film/Trial 4/4-12-20/4-12 Noon 01.MTS,379.253,11.867,Pose,Female,S pose,Male,Front,2.333333333,1,1.33,Yes,Yes,93,458.491
D:/Pipefish Mesocosm Film/Trial 4/4-12-20/4-12 Noon 01.MTS,380.393,15.569,Wiggle,Male,Active wiggle,Female,2,2.333333333,1,1.33,Yes,Yes,93,458.491
D:/Pipefish Mesocosm Film/Trial 4/4-12-20/4-12 Noon 01.MTS,391.121,219.703,Inactive,Female,,,,2.333333333,1,1.33,Yes,Yes,93,458.491
D:/Pipefish Mesocosm Film/Trial 4/4-12-20/4-12 Noon 01.MTS,395.963,14.524,Inactive,Male,,,,2.333333333,1,1.33,Yes,Yes,93,458.491
D:/Pipefish Mesocosm Film/Trial 4/4-12-20/4-12 Noon 01.MTS,410.488,3.04,Wiggle,Male,Active wiggle,Female,3,2.333333333,1,1.33,Yes,Yes,93,458.491
D:/Pipefish Mesocosm Film/Trial 4/4-12-20/4-12 Noon 01.MTS,413.529,15.667,Inactive,Male,,,,2.333333333,1,1.33,Yes,Yes,93,458.491
D:/Pipefish Mesocosm Film/Trial 4/4-12-20/4-12 Noon 01.MTS,429.197,6.643,Wiggle,Male,Active wiggle,Female,4,2.333333333,1,1.33,Yes,Yes,93,458.491
D:/Pipefish Mesocosm Film/Trial 4/4-12-20/4-12 Noon 01.MTS,435.841,174.983,Surrounding,Male,,,,2.333333333,1,1.33,Yes,Yes,93,458.491
D:/Pipefish Mesocosm Film/Trial 4/4-12-20/4-12 Noon 01.MTS,717.163,8.451,Inactive,Male,,,,3.875,1.625,2.25,Yes,Yes,94,45.861
D:/Pipefish Mesocosm Film/Trial 4/4-12-20/4-12 Noon 01.MTS,717.542,5.029,Pose,Female,S pose,Male,Front,3.875,1.625,2.25,Yes,Yes,94,45.861
D:/Pipefish Mesocosm Film/Trial 4/4-12-20/4-12 Noon 01.MTS,722.572,3.988,Inactive,Female,,,,3.875,1.625,2.25,Yes,Yes,94,45.861
D:/Pipefish Mesocosm Film/Trial 4/4-12-20/4-12 Noon 01.MTS,725.615,20.506,Chasing,Male,,,,3.875,1.625,2.25,Yes,Yes,94,45.861
D:/Pipefish Mesocosm Film/Trial 4/4-12-20/4-12 Noon 01.MTS,726.561,4.749,Swim away,Female,,,,3.875,1.625,2.25,Yes,Yes,94,45.861
D:/Pipefish Mesocosm Film/Trial 4/4-12-20/4-12 Noon 01.MTS,731.311,4.364,Out of sight,Female,,,,3.875,1.625,2.25,Yes,Yes,94,45.861
D:/Pipefish Mesocosm Film/Trial 4/4-12-20/4-12 Noon 01.MTS,735.676,18.515,Swim away,Female,,,,3.875,1.625,2.25,Yes,Yes,94,45.861
D:/Pipefish Mesocosm Film/Trial 4/4-12-20/4-12 Noon 01.MTS,746.122,15.289,Surrounding,Male,,,,3.875,1.625,2.25,Yes,Yes,94,45.861
D:/Pipefish Mesocosm Film/Trial 4/4-12-20/4-12 Noon 01.MTS,754.192,7.69,Surrounding,Female,,,,3.875,1.625,2.25,Yes,Yes,94,45.861
D:/Pipefish Mesocosm Film/Trial 4/4-12-20/4-12 Noon 01.MTS,828.247,3.135,Pose,Female,S pose,Male,Front,2.333333333,1,1.33,No,Yes,95,610.126
D:/Pipefish Mesocosm Film/Trial 4/4-12-20/4-12 Noon 01.MTS,828.441,1.518,Wiggle,Male,Active wiggle,Male,2,2.333333333,1,1.33,No,Yes,95,610.126
D:/Pipefish Mesocosm Film/Trial 4/4-12-20/4-12 Noon 01.MTS,829.96,39.78,Surrounding,Male,,,,2.333333333,1,1.33,No,Yes,95,610.126
D:/Pipefish Mesocosm Film/Trial 4/4-12-20/4-12 Noon 01.MTS,831.383,37.882,Inactive,Female,,,,2.333333333,1,1.33,No,Yes,95,610.126
D:/Pipefish Mesocosm Film/Trial 4/4-12-20/4-12 Noon 01.MTS,869.266,3.417,Pose,Female,S pose,Male,Front,2.333333333,1,1.33,No,Yes,95,610.126
D:/Pipefish Mesocosm Film/Trial 4/4-12-20/4-12 Noon 01.MTS,869.741,2.085,Wiggle,Male,Active wiggle,Female,2,2.333333333,1,1.33,No,Yes,95,610.126
D:/Pipefish Mesocosm Film/Trial 4/4-12-20/4-12 Noon 01.MTS,871.827,53.454,Surrounding,Male,,,,2.333333333,1,1.33,No,Yes,95,610.126
D:/Pipefish Mesocosm Film/Trial 4/4-12-20/4-12 Noon 01.MTS,872.684,108.995,Inactive,Female,,,,2.333333333,1,1.33,No,Yes,95,610.126
D:/Pipefish Mesocosm Film/Trial 4/4-12-20/4-12 Noon 01.MTS,925.282,8.261,Wiggle,Male,Active wiggle,Female,2,2.333333333,1,1.33,No,Yes,95,610.126
D:/Pipefish Mesocosm Film/Trial 4/4-12-20/4-12 Noon 01.MTS,933.544,61.616,Inactive,Male,,,,2.333333333,1,1.33,No,Yes,95,610.126
D:/Pipefish Mesocosm Film/Trial 4/4-12-20/4-12 Noon 01.MTS,981.68,2.566,Wiggle,Female,Active wiggle,Male,2,2.333333333,1,1.33,No,Yes,95,610.126
D:/Pipefish Mesocosm Film/Trial 4/4-12-20/4-12 Noon 01.MTS,984.247,3.983,Pose,Female,Non-s pose,Male,Front,2.333333333,1,1.33,No,Yes,95,610.126
D:/Pipefish Mesocosm Film/Trial 4/4-12-20/4-12 Noon 01.MTS,988.231,113.552,Inactive,Female,,,,2.333333333,1,1.33,No,Yes,95,610.126
D:/Pipefish Mesocosm Film/Trial 4/4-12-20/4-12 Noon 01.MTS,995.161,12.535,Wiggle,Male,Active wiggle,Female,2,2.333333333,1,1.33,No,Yes,95,610.126
D:/Pipefish Mesocosm Film/Trial 4/4-12-20/4-12 Noon 01.MTS,1007.697,12.53,Surrounding,Male,,,,2.333333333,1,1.33,No,Yes,95,610.126
D:/Pipefish Mesocosm Film/Trial 4/4-12-20/4-12 Noon 01.MTS,1020.228,5.978,Inactive,Male,,,,2.333333333,1,1.33,No,Yes,95,610.126
D:/Pipefish Mesocosm Film/Trial 4/4-12-20/4-12 Noon 01.MTS,1026.207,8.45,Wiggle,Male,Active wiggle,Female,3,2.333333333,1,1.33,No,Yes,95,610.126
D:/Pipefish Mesocosm Film/Trial 4/4-12-20/4-12 Noon 01.MTS,1034.658,55.828,Inactive,Male,,,,2.333333333,1,1.33,No,Yes,95,610.126
D:/Pipefish Mesocosm Film/Trial 4/4-12-20/4-12 Noon 01.MTS,1090.487,8.164,Wiggle,Male,Active wiggle,Female,2,2.333333333,1,1.33,No,Yes,95,610.126
D:/Pipefish Mesocosm Film/Trial 4/4-12-20/4-12 Noon 01.MTS,1098.652,37.027,Inactive,Male,,,,2.333333333,1,1.33,No,Yes,95,610.126
D:/Pipefish Mesocosm Film/Trial 4/4-12-20/4-12 Noon 01.MTS,1101.784,19.936,Wiggle,Female,Active wiggle,Male,2,2.333333333,1,1.33,No,Yes,95,610.126
D:/Pipefish Mesocosm Film/Trial 4/4-12-20/4-12 Noon 01.MTS,1121.721,99.411,Inactive,Female,,,,2.333333333,1,1.33,No,Yes,95,610.126
D:/Pipefish Mesocosm Film/Trial 4/4-12-20/4-12 Noon 01.MTS,1135.68,7.217,Wiggle,Male,Active wiggle,Female,2,2.333333333,1,1.33,No,Yes,95,610.126
D:/Pipefish Mesocosm Film/Trial 4/4-12-20/4-12 Noon 01.MTS,1142.898,4.175,Inactive,Male,,,,2.333333333,1,1.33,No,Yes,95,610.126
D:/Pipefish Mesocosm Film/Trial 4/4-12-20/4-12 Noon 01.MTS,1147.074,2.56,Wiggle,Male,Active wiggle,Female,2,2.333333333,1,1.33,No,Yes,95,610.126
D:/Pipefish Mesocosm Film/Trial 4/4-12-20/4-12 Noon 01.MTS,1149.635,10.635,Inactive,Male,,,,2.333333333,1,1.33,No,Yes,95,610.126
D:/Pipefish Mesocosm Film/Trial 4/4-12-20/4-12 Noon 01.MTS,1160.271,9.402,Wiggle,Male,Active wiggle,Female,2,2.333333333,1,1.33,No,Yes,95,610.126
D:/Pipefish Mesocosm Film/Trial 4/4-12-20/4-12 Noon 01.MTS,1169.674,47.087,Inactive,Male,,,,2.333333333,1,1.33,No,Yes,95,610.126
D:/Pipefish Mesocosm Film/Trial 4/4-12-20/4-12 Noon 01.MTS,1216.762,3.891,Wiggle,Male,Active wiggle,Female,3,2.333333333,1,1.33,No,Yes,95,610.126
D:/Pipefish Mesocosm Film/Trial 4/4-12-20/4-12 Noon 01.MTS,1220.654,36.556,Inactive,Male,,,,2.333333333,1,1.33,No,Yes,95,610.126
D:/Pipefish Mesocosm Film/Trial 4/4-12-20/4-12 Noon 01.MTS,1221.133,9.872,Wiggle,Female,Active wiggle,Male,3,2.333333333,1,1.33,No,Yes,95,610.126
D:/Pipefish Mesocosm Film/Trial 4/4-12-20/4-12 Noon 01.MTS,1231.006,126.278,Inactive,Female,,,,2.333333333,1,1.33,No,Yes,95,610.126
D:/Pipefish Mesocosm Film/Trial 4/4-12-20/4-12 Noon 01.MTS,1257.211,5.693,Wiggle,Male,Active wiggle,Female,2,2.333333333,1,1.33,No,Yes,95,610.126
D:/Pipefish Mesocosm Film/Trial 4/4-12-20/4-12 Noon 01.MTS,1262.905,3.42,Inactive,Male,,,,2.333333333,1,1.33,No,Yes,95,610.126
D:/Pipefish Mesocosm Film/Trial 4/4-12-20/4-12 Noon 01.MTS,1266.326,6.073,Wiggle,Male,Active wiggle,Female,2,2.333333333,1,1.33,No,Yes,95,610.126
D:/Pipefish Mesocosm Film/Trial 4/4-12-20/4-12 Noon 01.MTS,1272.4,5.319,Inactive,Male,,,,2.333333333,1,1.33,No,Yes,95,610.126
D:/Pipefish Mesocosm Film/Trial 4/4-12-20/4-12 Noon 01.MTS,1277.72,5.313,Wiggle,Male,Active wiggle,Female,2,2.333333333,1,1.33,No,Yes,95,610.126
D:/Pipefish Mesocosm Film/Trial 4/4-12-20/4-12 Noon 01.MTS,1283.034,67.316,Inactive,Male,,,,2.333333333,1,1.33,No,Yes,95,610.126
D:/Pipefish Mesocosm Film/Trial 4/4-12-20/4-12 Noon 01.MTS,1350.351,4.745,Wiggle,Male,Active wiggle,Female,4,2.333333333,1,1.33,No,Yes,95,610.126
D:/Pipefish Mesocosm Film/Trial 4/4-12-20/4-12 Noon 01.MTS,1355.097,81.559,Inactive,Male,,,,2.333333333,1,1.33,No,Yes,95,610.126
D:/Pipefish Mesocosm Film/Trial 4/4-12-20/4-12 Noon 01.MTS,1357.284,7.213,Wiggle,Female,Active wiggle,Male,3,2.333333333,1,1.33,No,Yes,95,610.126
D:/Pipefish Mesocosm Film/Trial 4/4-12-20/4-12 Noon 01.MTS,1364.498,72.158,Inactive,Female,,,,2.333333333,1,1.33,No,Yes,95,610.126
D:/Pipefish Mesocosm Film/Trial 4/4-12-20/4-12 Noon 01.MTS,1453.65,22.029,Inactive,Female,,,,2.6,1,1.6,Yes,Yes,96,159.323
D:/Pipefish Mesocosm Film/Trial 4/4-12-20/4-12 Noon 01.MTS,1454.224,7.02,Wiggle,Male,Active wiggle,Female,2,2.6,1,1.6,Yes,Yes,96,159.323
D:/Pipefish Mesocosm Film/Trial 4/4-12-20/4-12 Noon 01.MTS,1461.245,16.617,Inactive,Male,,,,2.6,1,1.6,Yes,Yes,96,159.323
D:/Pipefish Mesocosm Film/Trial 4/4-12-20/4-12 Noon 01.MTS,1475.68,2.751,Wiggle,Female,Active wiggle,Male,3,2.6,1,1.6,Yes,Yes,96,159.323
D:/Pipefish Mesocosm Film/Trial 4/4-12-20/4-12 Noon 01.MTS,1477.863,5.791,Wiggle,Male,Active wiggle,Female,3,2.6,1,1.6,Yes,Yes,96,159.323
D:/Pipefish Mesocosm Film/Trial 4/4-12-20/4-12 Noon 01.MTS,1478.432,3.892,Pose,Female,S pose,Male,Front,2.6,1,1.6,Yes,Yes,96,159.323
D:/Pipefish Mesocosm Film/Trial 4/4-12-20/4-12 Noon 01.MTS,1482.325,14.811,Inactive,Female,,,,2.6,1,1.6,Yes,Yes,96,159.323
D:/Pipefish Mesocosm Film/Trial 4/4-12-20/4-12 Noon 01.MTS,1483.655,10.819,Inactive,Male,,,,2.6,1,1.6,Yes,Yes,96,159.323
D:/Pipefish Mesocosm Film/Trial 4/4-12-20/4-12 Noon 01.MTS,1494.475,11.11,Surrounding,Male,,,,2.6,1,1.6,Yes,Yes,96,159.323
D:/Pipefish Mesocosm Film/Trial 4/4-12-20/4-12 Noon 01.MTS,1497.137,5.697,Wiggle,Female,Active wiggle,Female,2,2.6,1,1.6,Yes,Yes,96,159.323
D:/Pipefish Mesocosm Film/Trial 4/4-12-20/4-12 Noon 01.MTS,1502.835,97.887,Inactive,Female,,,,2.6,1,1.6,Yes,Yes,96,159.323
D:/Pipefish Mesocosm Film/Trial 4/4-12-20/4-12 Noon 01.MTS,1505.586,1.617,Wiggle,Male,Active wiggle,Female,3,2.6,1,1.6,Yes,Yes,96,159.323
D:/Pipefish Mesocosm Film/Trial 4/4-12-20/4-12 Noon 01.MTS,1507.204,34.747,Inactive,Male,,,,2.6,1,1.6,Yes,Yes,96,159.323
D:/Pipefish Mesocosm Film/Trial 4/4-12-20/4-12 Noon 01.MTS,1541.952,59.051,Surrounding,Male,,,,2.6,1,1.6,Yes,Yes,96,159.323
D:/Pipefish Mesocosm Film/Trial 4/4-12-20/4-12 Noon 01.MTS,1600.723,9.779,Out of sight,Female,,,,2.6,1,1.6,Yes,Yes,96,159.323
D:/Pipefish Mesocosm Film/Trial 4/4-12-20/4-12 Noon 01.MTS,1601.004,9.971,Out of sight,Male,,,,2.6,1,1.6,Yes,Yes,96,159.323
D:/Pipefish Mesocosm Film/Trial 4/4-12-20/4-12 Noon 01.MTS,1640.788,12.44,Wiggle,Male,Active wiggle,Female,2,2,1,1,No,No,97,1215.299
D:/Pipefish Mesocosm Film/Trial 4/4-12-20/4-12 Noon 01.MTS,1641.831,135.204,Inactive,Female,,,,2,1,1,No,No,97,1215.299
D:/Pipefish Mesocosm Film/Trial 4/4-12-20/4-12 Noon 01.MTS,1653.229,14.141,Inactive,Male,,,,2,1,1,No,No,97,1215.299
D:/Pipefish Mesocosm Film/Trial 4/4-12-20/4-12 Noon 01.MTS,1667.371,29.338,Surrounding,Male,,,,2,1,1,No,No,97,1215.299
D:/Pipefish Mesocosm Film/Trial 4/4-12-20/4-12 Noon 01.MTS,1696.71,4.557,Wiggle,Male,Active wiggle,Female,2,2,1,1,No,No,97,1215.299
D:/Pipefish Mesocosm Film/Trial 4/4-12-20/4-12 Noon 01.MTS,1701.268,16.995,Inactive,Male,,,,2,1,1,No,No,97,1215.299
D:/Pipefish Mesocosm Film/Trial 4/4-12-20/4-12 Noon 01.MTS,1718.264,2.372,Wiggle,Male,Active wiggle,Female,2,2,1,1,No,No,97,1215.299
D:/Pipefish Mesocosm Film/Trial 4/4-12-20/4-12 Noon 01.MTS,1720.637,7.878,Inactive,Male,,,,2,1,1,No,No,97,1215.299
D:/Pipefish Mesocosm Film/Trial 4/4-12-20/4-12 Noon 01.MTS,1728.516,1.233,Wiggle,Male,Active wiggle,Female,2,2,1,1,No,No,97,1215.299
D:/Pipefish Mesocosm Film/Trial 4/4-12-20/4-12 Noon 01.MTS,1729.75,69.882,Inactive,Male,,,,2,1,1,No,No,97,1215.299
D:/Pipefish Mesocosm Film/Trial 4/4-12-20/4-12 Noon 01.MTS,1777.036,12.054,Wiggle,Female,Active wiggle,Male,2,2,1,1,No,No,97,1215.299
D:/Pipefish Mesocosm Film/Trial 4/4-12-20/4-12 Noon 01.MTS,1789.091,94.403,Inactive,Female,,,,2,1,1,No,No,97,1215.299
D:/Pipefish Mesocosm Film/Trial 4/4-12-20/4-12 Noon 01.MTS,1799.633,4.457,Wiggle,Male,Active wiggle,Female,2,2,1,1,No,No,97,1215.299
D:/Pipefish Mesocosm Film/Trial 4/4-12-20/4-12 Noon 01.MTS,1804.091,14.622,Inactive,Male,,,,2,1,1,No,No,97,1215.299
D:/Pipefish Mesocosm Film/Trial 4/4-12-20/4-12 Noon 01.MTS,1818.714,9.305,Wiggle,Male,Active wiggle,Female,2,2,1,1,No,No,97,1215.299
D:/Pipefish Mesocosm Film/Trial 4/4-12-20/4-12 Noon 01.MTS,1828.02,36.458,Inactive,Male,,,,2,1,1,No,No,97,1215.299
D:/Pipefish Mesocosm Film/Trial 4/4-12-20/4-12 Noon 01.MTS,1864.479,5.601,Wiggle,Male,Active wiggle,Female,2,2,1,1,No,No,97,1215.299
D:/Pipefish Mesocosm Film/Trial 4/4-12-20/4-12 Noon 01.MTS,1870.081,15.191,Inactive,Male,,,,2,1,1,No,No,97,1215.299
D:/Pipefish Mesocosm Film/Trial 4/4-12-20/4-12 Noon 01.MTS,1883.495,2.534,Wiggle,Female,Active wiggle,Male,2,2,1,1,No,No,97,1215.299
D:/Pipefish Mesocosm Film/Trial 4/4-12-20/4-12 Noon 01.MTS,1885.273,8.446,Wiggle,Male,Active wiggle,Female,2,2,1,1,No,No,97,1215.299
D:/Pipefish Mesocosm Film/Trial 4/4-12-20/4-12 Noon 01.MTS,1886.03,10.068,Pose,Female,S pose,Male,Front,2,1,1,No,No,97,1215.299
D:/Pipefish Mesocosm Film/Trial 4/4-12-20/4-12 Noon 01.MTS,1893.72,8.831,Inactive,Male,,,,2,1,1,No,No,97,1215.299
D:/Pipefish Mesocosm Film/Trial 4/4-12-20/4-12 Noon 01.MTS,1896.099,6.073,Wiggle,Female,Active wiggle,Female,2,2,1,1,No,No,97,1215.299
D:/Pipefish Mesocosm Film/Trial 4/4-12-20/4-12 Noon 01.MTS,1902.173,151.34,Inactive,Female,,,,2,1,1,No,No,97,1215.299
D:/Pipefish Mesocosm Film/Trial 4/4-12-20/4-12 Noon 01.MTS,1902.552,7.122,Wiggle,Male,Active wiggle,Female,2,2,1,1,No,No,97,1215.299
D:/Pipefish Mesocosm Film/Trial 4/4-12-20/4-12 Noon 01.MTS,1909.675,28.293,Inactive,Male,,,,2,1,1,No,No,97,1215.299
D:/Pipefish Mesocosm Film/Trial 4/4-12-20/4-12 Noon 01.MTS,1937.969,5.22,Wiggle,Male,Active wiggle,Female,2,2,1,1,No,No,97,1215.299
D:/Pipefish Mesocosm Film/Trial 4/4-12-20/4-12 Noon 01.MTS,1943.19,13.856,Inactive,Male,,,,2,1,1,No,No,97,1215.299
D:/Pipefish Mesocosm Film/Trial 4/4-12-20/4-12 Noon 01.MTS,1957.047,6.84,Wiggle,Male,Active wiggle,Female,2,2,1,1,No,No,97,1215.299
D:/Pipefish Mesocosm Film/Trial 4/4-12-20/4-12 Noon 01.MTS,1963.888,12.343,Inactive,Male,,,,2,1,1,No,No,97,1215.299
D:/Pipefish Mesocosm Film/Trial 4/4-12-20/4-12 Noon 01.MTS,1976.232,3.795,Wiggle,Male,Active wiggle,Female,2,2,1,1,No,No,97,1215.299
D:/Pipefish Mesocosm Film/Trial 4/4-12-20/4-12 Noon 01.MTS,1980.028,17.185,Inactive,Male,,,,2,1,1,No,No,97,1215.299
D:/Pipefish Mesocosm Film/Trial 4/4-12-20/4-12 Noon 01.MTS,1997.214,2.563,Wiggle,Male,Active wiggle,Female,2,2,1,1,No,No,97,1215.299
D:/Pipefish Mesocosm Film/Trial 4/4-12-20/4-12 Noon 01.MTS,1999.778,29.43,Inactive,Male,,,,2,1,1,No,No,97,1215.299
D:/Pipefish Mesocosm Film/Trial 4/4-12-20/4-12 Noon 01.MTS,2029.209,5.977,Wiggle,Male,Active wiggle,Female,2,2,1,1,No,No,97,1215.299
D:/Pipefish Mesocosm Film/Trial 4/4-12-20/4-12 Noon 01.MTS,2035.187,16.141,Inactive,Male,,,,2,1,1,No,No,97,1215.299
D:/Pipefish Mesocosm Film/Trial 4/4-12-20/4-12 Noon 01.MTS,2051.329,2.277,Wiggle,Male,Active wiggle,Female,2,2,1,1,No,No,97,1215.299
D:/Pipefish Mesocosm Film/Trial 4/4-12-20/4-12 Noon 01.MTS,2053.514,3.32,Wiggle,Female,Active wiggle,Female,2,2,1,1,No,No,97,1215.299
D:/Pipefish Mesocosm Film/Trial 4/4-12-20/4-12 Noon 01.MTS,2053.607,2.565,Inactive,Male,,,,2,1,1,No,No,97,1215.299
D:/Pipefish Mesocosm Film/Trial 4/4-12-20/4-12 Noon 01.MTS,2056.173,3.419,Wiggle,Male,Active wiggle,Female,2,2,1,1,No,No,97,1215.299
D:/Pipefish Mesocosm Film/Trial 4/4-12-20/4-12 Noon 01.MTS,2056.835,6.942,Pose,Female,S pose,Male,Front,2,1,1,No,No,97,1215.299
D:/Pipefish Mesocosm Film/Trial 4/4-12-20/4-12 Noon 01.MTS,2059.593,14.809,Inactive,Male,,,,2,1,1,No,No,97,1215.299
D:/Pipefish Mesocosm Film/Trial 4/4-12-20/4-12 Noon 01.MTS,2063.778,83.634,Inactive,Female,,,,2,1,1,No,No,97,1215.299
D:/Pipefish Mesocosm Film/Trial 4/4-12-20/4-12 Noon 01.MTS,2074.403,7.308,Wiggle,Male,Active wiggle,Female,2,2,1,1,No,No,97,1215.299
D:/Pipefish Mesocosm Film/Trial 4/4-12-20/4-12 Noon 01.MTS,2081.712,59.624,Inactive,Male,,,,2,1,1,No,No,97,1215.299
D:/Pipefish Mesocosm Film/Trial 4/4-12-20/4-12 Noon 01.MTS,2141.337,4.846,Wiggle,Male,Active wiggle,Female,2,2,1,1,No,No,97,1215.299
D:/Pipefish Mesocosm Film/Trial 4/4-12-20/4-12 Noon 01.MTS,2146.184,8.452,Inactive,Male,,,,2,1,1,No,No,97,1215.299
D:/Pipefish Mesocosm Film/Trial 4/4-12-20/4-12 Noon 01.MTS,2147.413,6.743,Wiggle,Female,Active wiggle,Male,2,2,1,1,No,No,97,1215.299
D:/Pipefish Mesocosm Film/Trial 4/4-12-20/4-12 Noon 01.MTS,2154.157,2.182,Pose,Female,S pose,Male,Front,2,1,1,No,No,97,1215.299
D:/Pipefish Mesocosm Film/Trial 4/4-12-20/4-12 Noon 01.MTS,2154.637,7.682,Wiggle,Male,Active wiggle,Female,2,2,1,1,No,No,97,1215.299
D:/Pipefish Mesocosm Film/Trial 4/4-12-20/4-12 Noon 01.MTS,2156.34,119.63,Inactive,Female,,,,2,1,1,No,No,97,1215.299
D:/Pipefish Mesocosm Film/Trial 4/4-12-20/4-12 Noon 01.MTS,2162.32,20.984,Inactive,Male,,,,2,1,1,No,No,97,1215.299
D:/Pipefish Mesocosm Film/Trial 4/4-12-20/4-12 Noon 01.MTS,2183.305,6.931,Wiggle,Male,Active wiggle,Female,2,2,1,1,No,No,97,1215.299
D:/Pipefish Mesocosm Film/Trial 4/4-12-20/4-12 Noon 01.MTS,2190.237,8.259,Inactive,Male,,,,2,1,1,No,No,97,1215.299
D:/Pipefish Mesocosm Film/Trial 4/4-12-20/4-12 Noon 01.MTS,2198.497,5.884,Wiggle,Male,Active wiggle,Female,2,2,1,1,No,No,97,1215.299
D:/Pipefish Mesocosm Film/Trial 4/4-12-20/4-12 Noon 01.MTS,2204.382,24.308,Inactive,Male,,,,2,1,1,No,No,97,1215.299
D:/Pipefish Mesocosm Film/Trial 4/4-12-20/4-12 Noon 01.MTS,2228.691,3.227,Wiggle,Male,Subtle wiggle,Female,2,2,1,1,No,No,97,1215.299
D:/Pipefish Mesocosm Film/Trial 4/4-12-20/4-12 Noon 01.MTS,2231.919,44.431,Inactive,Male,,,,2,1,1,No,No,97,1215.299
D:/Pipefish Mesocosm Film/Trial 4/4-12-20/4-12 Noon 01.MTS,2275.971,7.879,Pose,Female,S pose,Male,Front,2,1,1,No,No,97,1215.299
D:/Pipefish Mesocosm Film/Trial 4/4-12-20/4-12 Noon 01.MTS,2276.351,4.653,Wiggle,Male,Active wiggle,Female,2,2,1,1,No,No,97,1215.299
D:/Pipefish Mesocosm Film/Trial 4/4-12-20/4-12 Noon 01.MTS,2281.005,15.662,Inactive,Male,,,,2,1,1,No,No,97,1215.299
D:/Pipefish Mesocosm Film/Trial 4/4-12-20/4-12 Noon 01.MTS,2283.851,6.835,Wiggle,Female,Active wiggle,Male,3,2,1,1,No,No,97,1215.299
D:/Pipefish Mesocosm Film/Trial 4/4-12-20/4-12 Noon 01.MTS,2290.687,120.3,Inactive,Female,,,,2,1,1,No,No,97,1215.299
D:/Pipefish Mesocosm Film/Trial 4/4-12-20/4-12 Noon 01.MTS,2296.668,7.027,Wiggle,Male,Active wiggle,Female,2,2,1,1,No,No,97,1215.299
D:/Pipefish Mesocosm Film/Trial 4/4-12-20/4-12 Noon 01.MTS,2303.696,5.982,Inactive,Male,,,,2,1,1,No,No,97,1215.299
D:/Pipefish Mesocosm Film/Trial 4/4-12-20/4-12 Noon 01.MTS,2309.679,3.794,Wiggle,Male,Active wiggle,Female,2,2,1,1,No,No,97,1215.299
D:/Pipefish Mesocosm Film/Trial 4/4-12-20/4-12 Noon 01.MTS,2313.474,9.402,Inactive,Male,,,,2,1,1,No,No,97,1215.299
D:/Pipefish Mesocosm Film/Trial 4/4-12-20/4-12 Noon 01.MTS,2322.877,13.957,Surrounding,Male,,,,2,1,1,No,No,97,1215.299
D:/Pipefish Mesocosm Film/Trial 4/4-12-20/4-12 Noon 01.MTS,2336.835,5.03,Wiggle,Male,Active wiggle,Female,2,2,1,1,No,No,97,1215.299
D:/Pipefish Mesocosm Film/Trial 4/4-12-20/4-12 Noon 01.MTS,2341.866,2.846,Inactive,Male,,,,2,1,1,No,No,97,1215.299
D:/Pipefish Mesocosm Film/Trial 4/4-12-20/4-12 Noon 01.MTS,2344.713,4.745,Wiggle,Male,Active wiggle,Female,2,2,1,1,No,No,97,1215.299
D:/Pipefish Mesocosm Film/Trial 4/4-12-20/4-12 Noon 01.MTS,2349.459,45.005,Inactive,Male,,,,2,1,1,No,No,97,1215.299
D:/Pipefish Mesocosm Film/Trial 4/4-12-20/4-12 Noon 01.MTS,2394.465,4.649,Wiggle,Male,Active wiggle,Female,2,2,1,1,No,No,97,1215.299
D:/Pipefish Mesocosm Film/Trial 4/4-12-20/4-12 Noon 01.MTS,2399.115,34.75,Inactive,Male,,,,2,1,1,No,No,97,1215.299
D:/Pipefish Mesocosm Film/Trial 4/4-12-20/4-12 Noon 01.MTS,2410.988,3.127,Pose,Female,S pose,Male,Front,2,1,1,No,No,97,1215.299
D:/Pipefish Mesocosm Film/Trial 4/4-12-20/4-12 Noon 01.MTS,2414.116,18.608,Wiggle,Female,Active wiggle,Male,2,2,1,1,No,No,97,1215.299
D:/Pipefish Mesocosm Film/Trial 4/4-12-20/4-12 Noon 01.MTS,2432.725,122.575,Inactive,Female,,,,2,1,1,No,No,97,1215.299
D:/Pipefish Mesocosm Film/Trial 4/4-12-20/4-12 Noon 01.MTS,2433.866,11.203,Wiggle,Male,Active wiggle,Female,2,2,1,1,No,No,97,1215.299
D:/Pipefish Mesocosm Film/Trial 4/4-12-20/4-12 Noon 01.MTS,2445.07,19.08,Inactive,Male,,,,2,1,1,No,No,97,1215.299
D:/Pipefish Mesocosm Film/Trial 4/4-12-20/4-12 Noon 01.MTS,2464.151,5.225,Wiggle,Male,Active wiggle,Female,2,2,1,1,No,No,97,1215.299
D:/Pipefish Mesocosm Film/Trial 4/4-12-20/4-12 Noon 01.MTS,2469.377,11.104,Inactive,Male,,,,2,1,1,No,No,97,1215.299
D:/Pipefish Mesocosm Film/Trial 4/4-12-20/4-12 Noon 01.MTS,2480.482,4.654,Wiggle,Male,Active wiggle,Female,2,2,1,1,No,No,97,1215.299
D:/Pipefish Mesocosm Film/Trial 4/4-12-20/4-12 Noon 01.MTS,2485.137,9.778,Inactive,Male,,,,2,1,1,No,No,97,1215.299
D:/Pipefish Mesocosm Film/Trial 4/4-12-20/4-12 Noon 01.MTS,2494.916,4.839,Wiggle,Male,Active wiggle,Female,2,2,1,1,No,No,97,1215.299
D:/Pipefish Mesocosm Film/Trial 4/4-12-20/4-12 Noon 01.MTS,2499.756,41.018,Inactive,Male,,,,2,1,1,No,No,97,1215.299
D:/Pipefish Mesocosm Film/Trial 4/4-12-20/4-12 Noon 01.MTS,2540.775,6.833,Wiggle,Male,Active wiggle,Female,2,2,1,1,No,No,97,1215.299
D:/Pipefish Mesocosm Film/Trial 4/4-12-20/4-12 Noon 01.MTS,2547.609,49.848,Inactive,Male,,,,2,1,1,No,No,97,1215.299
D:/Pipefish Mesocosm Film/Trial 4/4-12-20/4-12 Noon 01.MTS,2555.301,14.713,Wiggle,Female,Active wiggle,Male,2,2,1,1,No,No,97,1215.299
D:/Pipefish Mesocosm Film/Trial 4/4-12-20/4-12 Noon 01.MTS,2570.015,3.042,Pose,Female,S pose,Male,Front,2,1,1,No,No,97,1215.299
D:/Pipefish Mesocosm Film/Trial 4/4-12-20/4-12 Noon 01.MTS,2573.058,163.871,Inactive,Female,,,,2,1,1,No,No,97,1215.299
D:/Pipefish Mesocosm Film/Trial 4/4-12-20/4-12 Noon 01.MTS,2597.458,6.452,Wiggle,Male,Active wiggle,Female,2,2,1,1,No,No,97,1215.299
D:/Pipefish Mesocosm Film/Trial 4/4-12-20/4-12 Noon 01.MTS,2603.911,48.518,Inactive,Male,,,,2,1,1,No,No,97,1215.299
D:/Pipefish Mesocosm Film/Trial 4/4-12-20/4-12 Noon 01.MTS,2652.43,5.034,Wiggle,Male,Active wiggle,Female,2,2,1,1,No,No,97,1215.299
D:/Pipefish Mesocosm Film/Trial 4/4-12-20/4-12 Noon 01.MTS,2657.465,25.061,Inactive,Male,,,,2,1,1,No,No,97,1215.299
D:/Pipefish Mesocosm Film/Trial 4/4-12-20/4-12 Noon 01.MTS,2682.527,6.738,Wiggle,Male,Active wiggle,Female,2,2,1,1,No,No,97,1215.299
D:/Pipefish Mesocosm Film/Trial 4/4-12-20/4-12 Noon 01.MTS,2689.266,20.508,Inactive,Male,,,,2,1,1,No,No,97,1215.299
D:/Pipefish Mesocosm Film/Trial 4/4-12-20/4-12 Noon 01.MTS,2709.775,6.839,Wiggle,Male,Active wiggle,Female,2,2,1,1,No,No,97,1215.299
D:/Pipefish Mesocosm Film/Trial 4/4-12-20/4-12 Noon 01.MTS,2716.615,20.788,Inactive,Male,,,,2,1,1,No,No,97,1215.299
D:/Pipefish Mesocosm Film/Trial 4/4-12-20/4-12 Noon 01.MTS,2736.93,5.605,Pose,Female,Non-s pose,Male,Front,2,1,1,No,No,97,1215.299
D:/Pipefish Mesocosm Film/Trial 4/4-12-20/4-12 Noon 01.MTS,2737.404,2.656,Wiggle,Male,Active wiggle,Female,2,2,1,1,No,No,97,1215.299
D:/Pipefish Mesocosm Film/Trial 4/4-12-20/4-12 Noon 01.MTS,2740.061,23.641,Inactive,Male,,,,2,1,1,No,No,97,1215.299
D:/Pipefish Mesocosm Film/Trial 4/4-12-20/4-12 Noon 01.MTS,2742.536,9.684,Wiggle,Female,Active wiggle,Male,2,2,1,1,No,No,97,1215.299
D:/Pipefish Mesocosm Film/Trial 4/4-12-20/4-12 Noon 01.MTS,2752.221,1.893,Inactive,Female,,,,2,1,1,No,No,97,1215.299
D:/Pipefish Mesocosm Film/Trial 4/4-12-20/4-12 Noon 01.MTS,2754.115,3.986,Wiggle,Female,Active wiggle,Male,2,2,1,1,No,No,97,1215.299
D:/Pipefish Mesocosm Film/Trial 4/4-12-20/4-12 Noon 01.MTS,2758.102,83.649,Inactive,Female,,,,2,1,1,No,No,97,1215.299
D:/Pipefish Mesocosm Film/Trial 4/4-12-20/4-12 Noon 01.MTS,2763.703,3.703,Wiggle,Male,Active wiggle,Female,2,2,1,1,No,No,97,1215.299
D:/Pipefish Mesocosm Film/Trial 4/4-12-20/4-12 Noon 01.MTS,2767.407,12.44,Inactive,Male,,,,2,1,1,No,No,97,1215.299
D:/Pipefish Mesocosm Film/Trial 4/4-12-20/4-12 Noon 01.MTS,2779.848,5.216,Wiggle,Male,Active wiggle,Female,2,2,1,1,No,No,97,1215.299
D:/Pipefish Mesocosm Film/Trial 4/4-12-20/4-12 Noon 01.MTS,2785.065,17.374,Inactive,Male,,,,2,1,1,No,No,97,1215.299
D:/Pipefish Mesocosm Film/Trial 4/4-12-20/4-12 Noon 01.MTS,2802.44,5.224,Wiggle,Male,Active wiggle,Female,2,2,1,1,No,No,97,1215.299
D:/Pipefish Mesocosm Film/Trial 4/4-12-20/4-12 Noon 01.MTS,2807.665,46.617,Inactive,Male,,,,2,1,1,No,No,97,1215.299
D:/Pipefish Mesocosm Film/Trial 4/4-12-20/4-12 Noon 01.MTS,2841.752,10.537,Pose,Female,S pose,Male,Front,2,1,1,No,No,97,1215.299
D:/Pipefish Mesocosm Film/Trial 4/4-12-20/4-12 Noon 01.MTS,2852.29,0.852,Inactive,Female,,,,2,1,1,No,No,97,1215.299
