media_file_path,time_in_video,Duration,behavior,subject,modifier_1,modifier_2,modifier_3,Group size,Female,Male,Chasing_end,Chase_present,courtship_events,total_time_of_courtship
D:/Pipefish Mesocosm Film/Trial 8/10-12-20/10-12 AM 01.MTS,14.663,1.803,Pose,Female,S pose,Male,Front,2.833333333,1.2,1.633333333,Yes,Yes,6,174.048
D:/Pipefish Mesocosm Film/Trial 8/10-12-20/10-12 AM 01.MTS,14.663,4.745,Inactive,Male,,,,2.833333333,1.2,1.633333333,Yes,Yes,6,174.048
D:/Pipefish Mesocosm Film/Trial 8/10-12-20/10-12 AM 01.MTS,16.467,63.141,Inactive,Female,,,,2.833333333,1.2,1.633333333,Yes,Yes,6,174.048
D:/Pipefish Mesocosm Film/Trial 8/10-12-20/10-12 AM 01.MTS,19.409,44.816,Surrounding,Male,,,,2.833333333,1.2,1.633333333,Yes,Yes,6,174.048
D:/Pipefish Mesocosm Film/Trial 8/10-12-20/10-12 AM 01.MTS,64.226,2.943,Wiggle,Male,Active wiggle,Female,3,2.833333333,1.2,1.633333333,Yes,Yes,6,174.048
D:/Pipefish Mesocosm Film/Trial 8/10-12-20/10-12 AM 01.MTS,67.17,18.608,Surrounding,Male,,,,2.833333333,1.2,1.633333333,Yes,Yes,6,174.048
D:/Pipefish Mesocosm Film/Trial 8/10-12-20/10-12 AM 01.MTS,79.609,15.855,Out of sight,Female,,,,2.833333333,1.2,1.633333333,Yes,Yes,6,174.048
D:/Pipefish Mesocosm Film/Trial 8/10-12-20/10-12 AM 01.MTS,85.779,2.373,Wiggle,Male,Active wiggle,Female,3,2.833333333,1.2,1.633333333,Yes,Yes,6,174.048
D:/Pipefish Mesocosm Film/Trial 8/10-12-20/10-12 AM 01.MTS,88.153,26.204,Surrounding,Male,,,,2.833333333,1.2,1.633333333,Yes,Yes,6,174.048
D:/Pipefish Mesocosm Film/Trial 8/10-12-20/10-12 AM 01.MTS,95.465,92.668,Inactive,Female,,,,2.833333333,1.2,1.633333333,Yes,Yes,6,174.048
D:/Pipefish Mesocosm Film/Trial 8/10-12-20/10-12 AM 01.MTS,114.358,2.088,Wiggle,Male,Active wiggle,Female,2,2.833333333,1.2,1.633333333,Yes,Yes,6,174.048
D:/Pipefish Mesocosm Film/Trial 8/10-12-20/10-12 AM 01.MTS,116.447,2.848,Surrounding,Male,,,,2.833333333,1.2,1.633333333,Yes,Yes,6,174.048
D:/Pipefish Mesocosm Film/Trial 8/10-12-20/10-12 AM 01.MTS,119.296,1.423,Inactive,Male,,,,2.833333333,1.2,1.633333333,Yes,Yes,6,174.048
D:/Pipefish Mesocosm Film/Trial 8/10-12-20/10-12 AM 01.MTS,120.72,2.182,Wiggle,Male,Active wiggle,Female,2,2.833333333,1.2,1.633333333,Yes,Yes,6,174.048
D:/Pipefish Mesocosm Film/Trial 8/10-12-20/10-12 AM 01.MTS,122.903,3.986,Inactive,Male,,,,2.833333333,1.2,1.633333333,Yes,Yes,6,174.048
D:/Pipefish Mesocosm Film/Trial 8/10-12-20/10-12 AM 01.MTS,126.89,1.805,Wiggle,Male,Active wiggle,Female,2,2.833333333,1.2,1.633333333,Yes,Yes,6,174.048
D:/Pipefish Mesocosm Film/Trial 8/10-12-20/10-12 AM 01.MTS,128.696,21.645,Inactive,Male,,,,2.833333333,1.2,1.633333333,Yes,Yes,6,174.048
D:/Pipefish Mesocosm Film/Trial 8/10-12-20/10-12 AM 01.MTS,150.342,37.791,Surrounding,Male,,,,2.833333333,1.2,1.633333333,Yes,Yes,6,174.048
D:/Pipefish Mesocosm Film/Trial 8/10-12-20/10-12 AM 01.MTS,192.403,1.708,Wiggle,Male,Active wiggle,Female,2,2.457831325,1,1.5,No,Yes,7,2070.562
D:/Pipefish Mesocosm Film/Trial 8/10-12-20/10-12 AM 01.MTS,192.687,91.432,Inactive,Female,,,,2.457831325,1,1.5,No,Yes,7,2070.562
D:/Pipefish Mesocosm Film/Trial 8/10-12-20/10-12 AM 01.MTS,194.112,13.101,Inactive,Male,,,,2.457831325,1,1.5,No,Yes,7,2070.562
D:/Pipefish Mesocosm Film/Trial 8/10-12-20/10-12 AM 01.MTS,207.214,3.701,Wiggle,Male,Active wiggle,Female,2,2.457831325,1,1.5,No,Yes,7,2070.562
D:/Pipefish Mesocosm Film/Trial 8/10-12-20/10-12 AM 01.MTS,210.916,16.614,Inactive,Male,,,,2.457831325,1,1.5,No,Yes,7,2070.562
D:/Pipefish Mesocosm Film/Trial 8/10-12-20/10-12 AM 01.MTS,227.531,2.374,Wiggle,Male,Active wiggle,Female,2,2.457831325,1,1.5,No,Yes,7,2070.562
D:/Pipefish Mesocosm Film/Trial 8/10-12-20/10-12 AM 01.MTS,229.906,19.18,Inactive,Male,,,,2.457831325,1,1.5,No,Yes,7,2070.562
D:/Pipefish Mesocosm Film/Trial 8/10-12-20/10-12 AM 01.MTS,249.087,2.655,Wiggle,Male,Active wiggle,Female,3,2.457831325,1,1.5,No,Yes,7,2070.562
D:/Pipefish Mesocosm Film/Trial 8/10-12-20/10-12 AM 01.MTS,251.743,15.95,Inactive,Male,,,,2.457831325,1,1.5,No,Yes,7,2070.562
D:/Pipefish Mesocosm Film/Trial 8/10-12-20/10-12 AM 01.MTS,267.694,2.846,Wiggle,Male,Active wiggle,Female,2,2.457831325,1,1.5,No,Yes,7,2070.562
D:/Pipefish Mesocosm Film/Trial 8/10-12-20/10-12 AM 01.MTS,270.541,7.312,Inactive,Male,,,,2.457831325,1,1.5,No,Yes,7,2070.562
D:/Pipefish Mesocosm Film/Trial 8/10-12-20/10-12 AM 01.MTS,277.854,1.612,Wiggle,Male,Subtle wiggle,Female,2,2.457831325,1,1.5,No,Yes,7,2070.562
D:/Pipefish Mesocosm Film/Trial 8/10-12-20/10-12 AM 01.MTS,279.467,4.558,Inactive,Male,,,,2.457831325,1,1.5,No,Yes,7,2070.562
D:/Pipefish Mesocosm Film/Trial 8/10-12-20/10-12 AM 01.MTS,284.026,7.687,Wiggle,Male,Active wiggle,Female,2,2.457831325,1,1.5,No,Yes,7,2070.562
D:/Pipefish Mesocosm Film/Trial 8/10-12-20/10-12 AM 01.MTS,284.12,31.995,Pose,Female,S pose,Male,Front,2.457831325,1,1.5,No,Yes,7,2070.562
D:/Pipefish Mesocosm Film/Trial 8/10-12-20/10-12 AM 01.MTS,291.714,1.246,Inactive,Male,,,,2.457831325,1,1.5,No,Yes,7,2070.562
D:/Pipefish Mesocosm Film/Trial 8/10-12-20/10-12 AM 01.MTS,292.961,7.204,Wiggle,Male,Active wiggle,Female,2,2.457831325,1,1.5,No,Yes,7,2070.562
D:/Pipefish Mesocosm Film/Trial 8/10-12-20/10-12 AM 01.MTS,300.166,9.017,Inactive,Male,,,,2.457831325,1,1.5,No,Yes,7,2070.562
D:/Pipefish Mesocosm Film/Trial 8/10-12-20/10-12 AM 01.MTS,309.184,5.411,Wiggle,Male,Active wiggle,Female,2,2.457831325,1,1.5,No,Yes,7,2070.562
D:/Pipefish Mesocosm Film/Trial 8/10-12-20/10-12 AM 01.MTS,314.596,17.945,Inactive,Male,,,,2.457831325,1,1.5,No,Yes,7,2070.562
D:/Pipefish Mesocosm Film/Trial 8/10-12-20/10-12 AM 01.MTS,316.116,68.835,Inactive,Female,,,,2.457831325,1,1.5,No,Yes,7,2070.562
D:/Pipefish Mesocosm Film/Trial 8/10-12-20/10-12 AM 01.MTS,332.542,4.46,Wiggle,Male,Active wiggle,Female,2,2.457831325,1,1.5,No,Yes,7,2070.562
D:/Pipefish Mesocosm Film/Trial 8/10-12-20/10-12 AM 01.MTS,337.003,20.509,Inactive,Male,,,,2.457831325,1,1.5,No,Yes,7,2070.562
D:/Pipefish Mesocosm Film/Trial 8/10-12-20/10-12 AM 01.MTS,357.513,4.176,Wiggle,Male,Active wiggle,Female,2,2.457831325,1,1.5,No,Yes,7,2070.562
D:/Pipefish Mesocosm Film/Trial 8/10-12-20/10-12 AM 01.MTS,361.69,15.189,Inactive,Male,,,,2.457831325,1,1.5,No,Yes,7,2070.562
D:/Pipefish Mesocosm Film/Trial 8/10-12-20/10-12 AM 01.MTS,376.88,5.129,Wiggle,Male,Active wiggle,Female,2,2.457831325,1,1.5,No,Yes,7,2070.562
D:/Pipefish Mesocosm Film/Trial 8/10-12-20/10-12 AM 01.MTS,382.01,3.699,Inactive,Male,,,,2.457831325,1,1.5,No,Yes,7,2070.562
D:/Pipefish Mesocosm Film/Trial 8/10-12-20/10-12 AM 01.MTS,384.952,20.507,Pose,Female,S pose,Male,Front,2.457831325,1,1.5,No,Yes,7,2070.562
D:/Pipefish Mesocosm Film/Trial 8/10-12-20/10-12 AM 01.MTS,385.71,6.171,Wiggle,Male,Active wiggle,Female,2,2.457831325,1,1.5,No,Yes,7,2070.562
D:/Pipefish Mesocosm Film/Trial 8/10-12-20/10-12 AM 01.MTS,391.882,3.227,Inactive,Male,,,,2.457831325,1,1.5,No,Yes,7,2070.562
D:/Pipefish Mesocosm Film/Trial 8/10-12-20/10-12 AM 01.MTS,395.11,3.892,Wiggle,Male,Active wiggle,Female,2,2.457831325,1,1.5,No,Yes,7,2070.562
D:/Pipefish Mesocosm Film/Trial 8/10-12-20/10-12 AM 01.MTS,399.003,7.975,Inactive,Male,,,,2.457831325,1,1.5,No,Yes,7,2070.562
D:/Pipefish Mesocosm Film/Trial 8/10-12-20/10-12 AM 01.MTS,405.46,36.743,Inactive,Female,,,,2.457831325,1,1.5,No,Yes,7,2070.562
D:/Pipefish Mesocosm Film/Trial 8/10-12-20/10-12 AM 01.MTS,406.979,3.226,Wiggle,Male,Active wiggle,Female,2,2.457831325,1,1.5,No,Yes,7,2070.562
D:/Pipefish Mesocosm Film/Trial 8/10-12-20/10-12 AM 01.MTS,410.206,18.988,Inactive,Male,,,,2.457831325,1,1.5,No,Yes,7,2070.562
D:/Pipefish Mesocosm Film/Trial 8/10-12-20/10-12 AM 01.MTS,429.195,2.47,Wiggle,Male,Active wiggle,Female,2,2.457831325,1,1.5,No,Yes,7,2070.562
D:/Pipefish Mesocosm Film/Trial 8/10-12-20/10-12 AM 01.MTS,431.666,9.398,Inactive,Male,,,,2.457831325,1,1.5,No,Yes,7,2070.562
D:/Pipefish Mesocosm Film/Trial 8/10-12-20/10-12 AM 01.MTS,441.065,2.845,Wiggle,Male,Active wiggle,Female,2,2.457831325,1,1.5,No,Yes,7,2070.562
D:/Pipefish Mesocosm Film/Trial 8/10-12-20/10-12 AM 01.MTS,442.204,8.259,Pose,Female,Non-s pose,Male,Back,2.457831325,1,1.5,No,Yes,7,2070.562
D:/Pipefish Mesocosm Film/Trial 8/10-12-20/10-12 AM 01.MTS,443.911,37.882,Inactive,Male,,,,2.457831325,1,1.5,No,Yes,7,2070.562
D:/Pipefish Mesocosm Film/Trial 8/10-12-20/10-12 AM 01.MTS,450.464,53.833,Inactive,Female,,,,2.457831325,1,1.5,No,Yes,7,2070.562
D:/Pipefish Mesocosm Film/Trial 8/10-12-20/10-12 AM 01.MTS,481.794,3.038,Wiggle,Male,Active wiggle,Female,2,2.457831325,1,1.5,No,Yes,7,2070.562
D:/Pipefish Mesocosm Film/Trial 8/10-12-20/10-12 AM 01.MTS,484.833,16.993,Inactive,Male,,,,2.457831325,1,1.5,No,Yes,7,2070.562
D:/Pipefish Mesocosm Film/Trial 8/10-12-20/10-12 AM 01.MTS,501.827,2.468,Wiggle,Male,Subtle wiggle,Female,2,2.457831325,1,1.5,No,Yes,7,2070.562
D:/Pipefish Mesocosm Film/Trial 8/10-12-20/10-12 AM 01.MTS,504.296,42.723,Inactive,Male,,,,2.457831325,1,1.5,No,Yes,7,2070.562
D:/Pipefish Mesocosm Film/Trial 8/10-12-20/10-12 AM 01.MTS,504.298,13.768,Out of sight,Female,,,,2.457831325,1,1.5,No,Yes,7,2070.562
D:/Pipefish Mesocosm Film/Trial 8/10-12-20/10-12 AM 01.MTS,518.067,57.059,Inactive,Female,,,,2.457831325,1,1.5,No,Yes,7,2070.562
D:/Pipefish Mesocosm Film/Trial 8/10-12-20/10-12 AM 01.MTS,547.02,2.278,Wiggle,Male,Active wiggle,Female,2,2.457831325,1,1.5,No,Yes,7,2070.562
D:/Pipefish Mesocosm Film/Trial 8/10-12-20/10-12 AM 01.MTS,549.299,2.279,Inactive,Male,,,,2.457831325,1,1.5,No,Yes,7,2070.562
D:/Pipefish Mesocosm Film/Trial 8/10-12-20/10-12 AM 01.MTS,551.579,5.601,Wiggle,Male,Active wiggle,Female,2,2.457831325,1,1.5,No,Yes,7,2070.562
D:/Pipefish Mesocosm Film/Trial 8/10-12-20/10-12 AM 01.MTS,557.181,62.852,Inactive,Male,,,,2.457831325,1,1.5,No,Yes,7,2070.562
D:/Pipefish Mesocosm Film/Trial 8/10-12-20/10-12 AM 01.MTS,575.127,9.114,Wiggle,Female,Active wiggle,Male,2,2.457831325,1,1.5,No,Yes,7,2070.562
D:/Pipefish Mesocosm Film/Trial 8/10-12-20/10-12 AM 01.MTS,584.242,95.04,Inactive,Female,,,,2.457831325,1,1.5,No,Yes,7,2070.562
D:/Pipefish Mesocosm Film/Trial 8/10-12-20/10-12 AM 01.MTS,620.034,3.607,Wiggle,Male,Active wiggle,Female,2,2.457831325,1,1.5,No,Yes,7,2070.562
D:/Pipefish Mesocosm Film/Trial 8/10-12-20/10-12 AM 01.MTS,623.642,9.114,Inactive,Male,,,,2.457831325,1,1.5,No,Yes,7,2070.562
D:/Pipefish Mesocosm Film/Trial 8/10-12-20/10-12 AM 01.MTS,632.757,4.461,Out of sight,Male,,,,2.457831325,1,1.5,No,Yes,7,2070.562
D:/Pipefish Mesocosm Film/Trial 8/10-12-20/10-12 AM 01.MTS,637.219,14.24,Inactive,Male,,,,2.457831325,1,1.5,No,Yes,7,2070.562
D:/Pipefish Mesocosm Film/Trial 8/10-12-20/10-12 AM 01.MTS,651.46,2.47,Wiggle,Male,Active wiggle,Female,2,2.457831325,1,1.5,No,Yes,7,2070.562
D:/Pipefish Mesocosm Film/Trial 8/10-12-20/10-12 AM 01.MTS,653.931,8.257,Inactive,Male,,,,2.457831325,1,1.5,No,Yes,7,2070.562
D:/Pipefish Mesocosm Film/Trial 8/10-12-20/10-12 AM 01.MTS,662.189,8.832,Out of sight,Male,,,,2.457831325,1,1.5,No,Yes,7,2070.562
D:/Pipefish Mesocosm Film/Trial 8/10-12-20/10-12 AM 01.MTS,671.022,5.408,Inactive,Male,,,,2.457831325,1,1.5,No,Yes,7,2070.562
D:/Pipefish Mesocosm Film/Trial 8/10-12-20/10-12 AM 01.MTS,676.431,6.361,Wiggle,Male,Active wiggle,Female,2,2.457831325,1,1.5,No,Yes,7,2070.562
D:/Pipefish Mesocosm Film/Trial 8/10-12-20/10-12 AM 01.MTS,679.283,22.402,Pose,Female,S pose,Male,Front,2.457831325,1,1.5,No,Yes,7,2070.562
D:/Pipefish Mesocosm Film/Trial 8/10-12-20/10-12 AM 01.MTS,682.793,34.179,Inactive,Male,,,,2.457831325,1,1.5,No,Yes,7,2070.562
D:/Pipefish Mesocosm Film/Trial 8/10-12-20/10-12 AM 01.MTS,701.686,18.135,Inactive,Female,,,,2.457831325,1,1.5,No,Yes,7,2070.562
D:/Pipefish Mesocosm Film/Trial 8/10-12-20/10-12 AM 01.MTS,716.973,4.271,Wiggle,Male,Active wiggle,Female,2,2.457831325,1,1.5,No,Yes,7,2070.562
D:/Pipefish Mesocosm Film/Trial 8/10-12-20/10-12 AM 01.MTS,719.822,4.081,Pose,Female,S pose,Male,Front,2.457831325,1,1.5,No,Yes,7,2070.562
D:/Pipefish Mesocosm Film/Trial 8/10-12-20/10-12 AM 01.MTS,721.245,3.988,Inactive,Male,,,,2.457831325,1,1.5,No,Yes,7,2070.562
D:/Pipefish Mesocosm Film/Trial 8/10-12-20/10-12 AM 01.MTS,723.904,100.45,Inactive,Female,,,,2.457831325,1,1.5,No,Yes,7,2070.562
D:/Pipefish Mesocosm Film/Trial 8/10-12-20/10-12 AM 01.MTS,725.234,1.897,Wiggle,Male,Active wiggle,Female,2,2.457831325,1,1.5,No,Yes,7,2070.562
D:/Pipefish Mesocosm Film/Trial 8/10-12-20/10-12 AM 01.MTS,727.132,17.09,Inactive,Male,,,,2.457831325,1,1.5,No,Yes,7,2070.562
D:/Pipefish Mesocosm Film/Trial 8/10-12-20/10-12 AM 01.MTS,744.223,2.468,Wiggle,Male,Active wiggle,Female,2,2.457831325,1,1.5,No,Yes,7,2070.562
D:/Pipefish Mesocosm Film/Trial 8/10-12-20/10-12 AM 01.MTS,746.692,12.245,Inactive,Male,,,,2.457831325,1,1.5,No,Yes,7,2070.562
D:/Pipefish Mesocosm Film/Trial 8/10-12-20/10-12 AM 01.MTS,758.938,8.26,Wiggle,Male,Active wiggle,Female,2,2.457831325,1,1.5,No,Yes,7,2070.562
D:/Pipefish Mesocosm Film/Trial 8/10-12-20/10-12 AM 01.MTS,767.199,2.375,Inactive,Male,,,,2.457831325,1,1.5,No,Yes,7,2070.562
D:/Pipefish Mesocosm Film/Trial 8/10-12-20/10-12 AM 01.MTS,769.575,3.985,Wiggle,Male,Active wiggle,Female,2,2.457831325,1,1.5,No,Yes,7,2070.562
D:/Pipefish Mesocosm Film/Trial 8/10-12-20/10-12 AM 01.MTS,773.561,16.804,Inactive,Male,,,,2.457831325,1,1.5,No,Yes,7,2070.562
D:/Pipefish Mesocosm Film/Trial 8/10-12-20/10-12 AM 01.MTS,790.366,3.606,Wiggle,Male,Active wiggle,Female,2,2.457831325,1,1.5,No,Yes,7,2070.562
D:/Pipefish Mesocosm Film/Trial 8/10-12-20/10-12 AM 01.MTS,793.973,20.414,Inactive,Male,,,,2.457831325,1,1.5,No,Yes,7,2070.562
D:/Pipefish Mesocosm Film/Trial 8/10-12-20/10-12 AM 01.MTS,814.388,6.263,Wiggle,Male,Active wiggle,Female,3,2.457831325,1,1.5,No,Yes,7,2070.562
D:/Pipefish Mesocosm Film/Trial 8/10-12-20/10-12 AM 01.MTS,820.652,23.357,Inactive,Male,,,,2.457831325,1,1.5,No,Yes,7,2070.562
D:/Pipefish Mesocosm Film/Trial 8/10-12-20/10-12 AM 01.MTS,824.355,12.059,Wiggle,Female,Active wiggle,Male,2,2.457831325,1,1.5,No,Yes,7,2070.562
D:/Pipefish Mesocosm Film/Trial 8/10-12-20/10-12 AM 01.MTS,836.415,17.467,Inactive,Female,,,,2.457831325,1,1.5,No,Yes,7,2070.562
D:/Pipefish Mesocosm Film/Trial 8/10-12-20/10-12 AM 01.MTS,844.01,2.942,Wiggle,Male,Active wiggle,Female,3,2.457831325,1,1.5,No,Yes,7,2070.562
D:/Pipefish Mesocosm Film/Trial 8/10-12-20/10-12 AM 01.MTS,846.953,4.84,Inactive,Male,,,,2.457831325,1,1.5,No,Yes,7,2070.562
D:/Pipefish Mesocosm Film/Trial 8/10-12-20/10-12 AM 01.MTS,851.794,4.655,Wiggle,Male,Active wiggle,Female,2,2.457831325,1,1.5,No,Yes,7,2070.562
D:/Pipefish Mesocosm Film/Trial 8/10-12-20/10-12 AM 01.MTS,853.883,16.332,Out of sight,Female,,,,2.457831325,1,1.5,No,Yes,7,2070.562
D:/Pipefish Mesocosm Film/Trial 8/10-12-20/10-12 AM 01.MTS,856.45,33.321,Inactive,Male,,,,2.457831325,1,1.5,No,Yes,7,2070.562
D:/Pipefish Mesocosm Film/Trial 8/10-12-20/10-12 AM 01.MTS,870.216,80.422,Inactive,Female,,,,2.457831325,1,1.5,No,Yes,7,2070.562
D:/Pipefish Mesocosm Film/Trial 8/10-12-20/10-12 AM 01.MTS,889.772,7.502,Wiggle,Male,Active wiggle,Female,2,2.457831325,1,1.5,No,Yes,7,2070.562
D:/Pipefish Mesocosm Film/Trial 8/10-12-20/10-12 AM 01.MTS,897.275,6.834,Inactive,Male,,,,2.457831325,1,1.5,No,Yes,7,2070.562
D:/Pipefish Mesocosm Film/Trial 8/10-12-20/10-12 AM 01.MTS,904.11,3.227,Wiggle,Male,Active wiggle,Female,2,2.457831325,1,1.5,No,Yes,7,2070.562
D:/Pipefish Mesocosm Film/Trial 8/10-12-20/10-12 AM 01.MTS,907.338,9.208,Inactive,Male,,,,2.457831325,1,1.5,No,Yes,7,2070.562
D:/Pipefish Mesocosm Film/Trial 8/10-12-20/10-12 AM 01.MTS,916.547,3.798,Wiggle,Male,Active wiggle,Female,3,2.457831325,1,1.5,No,Yes,7,2070.562
D:/Pipefish Mesocosm Film/Trial 8/10-12-20/10-12 AM 01.MTS,920.346,15.476,Inactive,Male,,,,2.457831325,1,1.5,No,Yes,7,2070.562
D:/Pipefish Mesocosm Film/Trial 8/10-12-20/10-12 AM 01.MTS,935.823,7.783,Wiggle,Male,Active wiggle,Female,2,2.457831325,1,1.5,No,Yes,7,2070.562
D:/Pipefish Mesocosm Film/Trial 8/10-12-20/10-12 AM 01.MTS,943.607,8.449,Inactive,Male,,,,2.457831325,1,1.5,No,Yes,7,2070.562
D:/Pipefish Mesocosm Film/Trial 8/10-12-20/10-12 AM 01.MTS,950.639,15.947,Pose,Female,S pose,Male,Front,2.457831325,1,1.5,No,Yes,7,2070.562
D:/Pipefish Mesocosm Film/Trial 8/10-12-20/10-12 AM 01.MTS,952.057,5.221,Wiggle,Male,Active wiggle,Female,2,2.457831325,1,1.5,No,Yes,7,2070.562
D:/Pipefish Mesocosm Film/Trial 8/10-12-20/10-12 AM 01.MTS,957.279,25.635,Inactive,Male,,,,2.457831325,1,1.5,No,Yes,7,2070.562
D:/Pipefish Mesocosm Film/Trial 8/10-12-20/10-12 AM 01.MTS,966.587,5.124,Out of sight,Female,,,,2.457831325,1,1.5,No,Yes,7,2070.562
D:/Pipefish Mesocosm Film/Trial 8/10-12-20/10-12 AM 01.MTS,971.712,26.875,Inactive,Female,,,,2.457831325,1,1.5,No,Yes,7,2070.562
D:/Pipefish Mesocosm Film/Trial 8/10-12-20/10-12 AM 01.MTS,982.915,4.745,Wiggle,Male,Active wiggle,Female,3,2.457831325,1,1.5,No,Yes,7,2070.562
D:/Pipefish Mesocosm Film/Trial 8/10-12-20/10-12 AM 01.MTS,987.661,17.09,Inactive,Male,,,,2.457831325,1,1.5,No,Yes,7,2070.562
D:/Pipefish Mesocosm Film/Trial 8/10-12-20/10-12 AM 01.MTS,998.588,7.871,Wiggle,Female,Active wiggle,Male,3,2.457831325,1,1.5,No,Yes,7,2070.562
D:/Pipefish Mesocosm Film/Trial 8/10-12-20/10-12 AM 01.MTS,1004.752,4.65,Wiggle,Male,Active wiggle,Female,3,2.457831325,1,1.5,No,Yes,7,2070.562
D:/Pipefish Mesocosm Film/Trial 8/10-12-20/10-12 AM 01.MTS,1006.46,11.401,Pose,Female,S pose,Male,Front,2.457831325,1,1.5,No,Yes,7,2070.562
D:/Pipefish Mesocosm Film/Trial 8/10-12-20/10-12 AM 01.MTS,1009.403,14.622,Inactive,Male,,,,2.457831325,1,1.5,No,Yes,7,2070.562
D:/Pipefish Mesocosm Film/Trial 8/10-12-20/10-12 AM 01.MTS,1017.862,8.064,Inactive,Female,,,,2.457831325,1,1.5,No,Yes,7,2070.562
D:/Pipefish Mesocosm Film/Trial 8/10-12-20/10-12 AM 01.MTS,1024.026,2.847,Wiggle,Male,Active wiggle,Female,3,2.457831325,1,1.5,No,Yes,7,2070.562
D:/Pipefish Mesocosm Film/Trial 8/10-12-20/10-12 AM 01.MTS,1025.927,2.845,Out of sight,Female,,,,2.457831325,1,1.5,No,Yes,7,2070.562
D:/Pipefish Mesocosm Film/Trial 8/10-12-20/10-12 AM 01.MTS,1026.874,8.828,Inactive,Male,,,,2.457831325,1,1.5,No,Yes,7,2070.562
D:/Pipefish Mesocosm Film/Trial 8/10-12-20/10-12 AM 01.MTS,1028.773,35.323,Inactive,Female,,,,2.457831325,1,1.5,No,Yes,7,2070.562
D:/Pipefish Mesocosm Film/Trial 8/10-12-20/10-12 AM 01.MTS,1035.703,6.268,Out of sight,Male,,,,2.457831325,1,1.5,No,Yes,7,2070.562
D:/Pipefish Mesocosm Film/Trial 8/10-12-20/10-12 AM 01.MTS,1041.972,1.706,Inactive,Male,,,,2.457831325,1,1.5,No,Yes,7,2070.562
D:/Pipefish Mesocosm Film/Trial 8/10-12-20/10-12 AM 01.MTS,1043.679,26.49,Out of sight,Male,,,,2.457831325,1,1.5,No,Yes,7,2070.562
D:/Pipefish Mesocosm Film/Trial 8/10-12-20/10-12 AM 01.MTS,1064.097,10.249,Pose,Female,S pose,Male,Front,2.457831325,1,1.5,No,Yes,7,2070.562
D:/Pipefish Mesocosm Film/Trial 8/10-12-20/10-12 AM 01.MTS,1070.17,24.493,Inactive,Male,,,,2.457831325,1,1.5,No,Yes,7,2070.562
D:/Pipefish Mesocosm Film/Trial 8/10-12-20/10-12 AM 01.MTS,1074.347,5.41,Inactive,Female,,,,2.457831325,1,1.5,No,Yes,7,2070.562
D:/Pipefish Mesocosm Film/Trial 8/10-12-20/10-12 AM 01.MTS,1079.758,21.077,Out of sight,Female,,,,2.457831325,1,1.5,No,Yes,7,2070.562
D:/Pipefish Mesocosm Film/Trial 8/10-12-20/10-12 AM 01.MTS,1094.664,5.221,Wiggle,Male,Active wiggle,Female,2,2.457831325,1,1.5,No,Yes,7,2070.562
D:/Pipefish Mesocosm Film/Trial 8/10-12-20/10-12 AM 01.MTS,1099.886,3.513,Inactive,Male,,,,2.457831325,1,1.5,No,Yes,7,2070.562
D:/Pipefish Mesocosm Film/Trial 8/10-12-20/10-12 AM 01.MTS,1100.836,21.647,Pose,Female,S pose,Male,Front,2.457831325,1,1.5,No,Yes,7,2070.562
D:/Pipefish Mesocosm Film/Trial 8/10-12-20/10-12 AM 01.MTS,1103.4,3.038,Wiggle,Male,Active wiggle,Female,2,2.457831325,1,1.5,No,Yes,7,2070.562
D:/Pipefish Mesocosm Film/Trial 8/10-12-20/10-12 AM 01.MTS,1106.439,50.889,Inactive,Male,,,,2.457831325,1,1.5,No,Yes,7,2070.562
D:/Pipefish Mesocosm Film/Trial 8/10-12-20/10-12 AM 01.MTS,1122.484,11.395,Inactive,Female,,,,2.457831325,1,1.5,No,Yes,7,2070.562
D:/Pipefish Mesocosm Film/Trial 8/10-12-20/10-12 AM 01.MTS,1133.88,16.519,Out of sight,Female,,,,2.457831325,1,1.5,No,Yes,7,2070.562
D:/Pipefish Mesocosm Film/Trial 8/10-12-20/10-12 AM 01.MTS,1150.4,18.794,Pose,Female,S pose,Male,Front,2.457831325,1,1.5,No,Yes,7,2070.562
D:/Pipefish Mesocosm Film/Trial 8/10-12-20/10-12 AM 01.MTS,1157.329,5.885,Wiggle,Male,Active wiggle,Female,2,2.457831325,1,1.5,No,Yes,7,2070.562
D:/Pipefish Mesocosm Film/Trial 8/10-12-20/10-12 AM 01.MTS,1163.215,5.411,Inactive,Male,,,,2.457831325,1,1.5,No,Yes,7,2070.562
D:/Pipefish Mesocosm Film/Trial 8/10-12-20/10-12 AM 01.MTS,1168.627,2.658,Wiggle,Male,Active wiggle,Female,3,2.457831325,1,1.5,No,Yes,7,2070.562
D:/Pipefish Mesocosm Film/Trial 8/10-12-20/10-12 AM 01.MTS,1169.195,25.353,Inactive,Female,,,,2.457831325,1,1.5,No,Yes,7,2070.562
D:/Pipefish Mesocosm Film/Trial 8/10-12-20/10-12 AM 01.MTS,1171.286,8.828,Inactive,Male,,,,2.457831325,1,1.5,No,Yes,7,2070.562
D:/Pipefish Mesocosm Film/Trial 8/10-12-20/10-12 AM 01.MTS,1180.115,3.322,Wiggle,Male,Active wiggle,Female,2,2.457831325,1,1.5,No,Yes,7,2070.562
D:/Pipefish Mesocosm Film/Trial 8/10-12-20/10-12 AM 01.MTS,1183.438,13.292,Inactive,Male,,,,2.457831325,1,1.5,No,Yes,7,2070.562
D:/Pipefish Mesocosm Film/Trial 8/10-12-20/10-12 AM 01.MTS,1194.549,16.615,Pose,Female,S pose,Male,Front,2.457831325,1,1.5,No,Yes,7,2070.562
D:/Pipefish Mesocosm Film/Trial 8/10-12-20/10-12 AM 01.MTS,1196.731,3.701,Wiggle,Male,Active wiggle,Female,2,2.457831325,1,1.5,No,Yes,7,2070.562
D:/Pipefish Mesocosm Film/Trial 8/10-12-20/10-12 AM 01.MTS,1200.433,5.602,Inactive,Male,,,,2.457831325,1,1.5,No,Yes,7,2070.562
D:/Pipefish Mesocosm Film/Trial 8/10-12-20/10-12 AM 01.MTS,1206.036,2.466,Wiggle,Male,Active wiggle,Female,2,2.457831325,1,1.5,No,Yes,7,2070.562
D:/Pipefish Mesocosm Film/Trial 8/10-12-20/10-12 AM 01.MTS,1208.503,14.716,Inactive,Male,,,,2.457831325,1,1.5,No,Yes,7,2070.562
D:/Pipefish Mesocosm Film/Trial 8/10-12-20/10-12 AM 01.MTS,1211.165,12.821,Inactive,Female,,,,2.457831325,1,1.5,No,Yes,7,2070.562
D:/Pipefish Mesocosm Film/Trial 8/10-12-20/10-12 AM 01.MTS,1223.22,3.323,Wiggle,Male,Active wiggle,Female,2,2.457831325,1,1.5,No,Yes,7,2070.562
D:/Pipefish Mesocosm Film/Trial 8/10-12-20/10-12 AM 01.MTS,1223.987,5.881,Pose,Female,S pose,Male,Front,2.457831325,1,1.5,No,Yes,7,2070.562
D:/Pipefish Mesocosm Film/Trial 8/10-12-20/10-12 AM 01.MTS,1226.544,9.398,Inactive,Male,,,,2.457831325,1,1.5,No,Yes,7,2070.562
D:/Pipefish Mesocosm Film/Trial 8/10-12-20/10-12 AM 01.MTS,1229.869,13.102,Inactive,Female,,,,2.457831325,1,1.5,No,Yes,7,2070.562
D:/Pipefish Mesocosm Film/Trial 8/10-12-20/10-12 AM 01.MTS,1235.943,3.228,Wiggle,Male,Active wiggle,Male,2,2.457831325,1,1.5,No,Yes,7,2070.562
D:/Pipefish Mesocosm Film/Trial 8/10-12-20/10-12 AM 01.MTS,1239.172,3.892,Inactive,Male,,,,2.457831325,1,1.5,No,Yes,7,2070.562
D:/Pipefish Mesocosm Film/Trial 8/10-12-20/10-12 AM 01.MTS,1242.972,13.384,Pose,Female,S pose,Male,Front,2.457831325,1,1.5,No,Yes,7,2070.562
D:/Pipefish Mesocosm Film/Trial 8/10-12-20/10-12 AM 01.MTS,1243.065,6.266,Wiggle,Male,Active wiggle,Female,3,2.457831325,1,1.5,No,Yes,7,2070.562
D:/Pipefish Mesocosm Film/Trial 8/10-12-20/10-12 AM 01.MTS,1249.332,36.361,Inactive,Male,,,,2.457831325,1,1.5,No,Yes,7,2070.562
D:/Pipefish Mesocosm Film/Trial 8/10-12-20/10-12 AM 01.MTS,1256.357,35.318,Inactive,Female,,,,2.457831325,1,1.5,No,Yes,7,2070.562
D:/Pipefish Mesocosm Film/Trial 8/10-12-20/10-12 AM 01.MTS,1285.694,3.798,Wiggle,Male,Active wiggle,Female,2,2.457831325,1,1.5,No,Yes,7,2070.562
D:/Pipefish Mesocosm Film/Trial 8/10-12-20/10-12 AM 01.MTS,1289.493,14.526,Inactive,Male,,,,2.457831325,1,1.5,No,Yes,7,2070.562
D:/Pipefish Mesocosm Film/Trial 8/10-12-20/10-12 AM 01.MTS,1291.676,10.636,Pose,Female,S pose,Male,Front,2.457831325,1,1.5,No,Yes,7,2070.562
D:/Pipefish Mesocosm Film/Trial 8/10-12-20/10-12 AM 01.MTS,1302.313,28.865,Inactive,Female,,,,2.457831325,1,1.5,No,Yes,7,2070.562
D:/Pipefish Mesocosm Film/Trial 8/10-12-20/10-12 AM 01.MTS,1304.02,6.833,Wiggle,Male,Active wiggle,Female,4,2.457831325,1,1.5,No,Yes,7,2070.562
D:/Pipefish Mesocosm Film/Trial 8/10-12-20/10-12 AM 01.MTS,1310.854,31.045,Inactive,Male,,,,2.457831325,1,1.5,No,Yes,7,2070.562
D:/Pipefish Mesocosm Film/Trial 8/10-12-20/10-12 AM 01.MTS,1331.179,12.534,Pose,Female,S pose,Male,Front,2.457831325,1,1.5,No,Yes,7,2070.562
D:/Pipefish Mesocosm Film/Trial 8/10-12-20/10-12 AM 01.MTS,1341.9,1.996,Wiggle,Male,Active wiggle,Female,3,2.457831325,1,1.5,No,Yes,7,2070.562
D:/Pipefish Mesocosm Film/Trial 8/10-12-20/10-12 AM 01.MTS,1343.714,9.492,Inactive,Female,,,,2.457831325,1,1.5,No,Yes,7,2070.562
D:/Pipefish Mesocosm Film/Trial 8/10-12-20/10-12 AM 01.MTS,1343.897,20.98,Inactive,Male,,,,2.457831325,1,1.5,No,Yes,7,2070.562
D:/Pipefish Mesocosm Film/Trial 8/10-12-20/10-12 AM 01.MTS,1353.207,12.721,Pose,Female,S pose,Male,Front,2.457831325,1,1.5,No,Yes,7,2070.562
D:/Pipefish Mesocosm Film/Trial 8/10-12-20/10-12 AM 01.MTS,1364.878,1.805,Wiggle,Male,Active wiggle,Female,3,2.457831325,1,1.5,No,Yes,7,2070.562
D:/Pipefish Mesocosm Film/Trial 8/10-12-20/10-12 AM 01.MTS,1365.929,35.698,Inactive,Female,,,,2.457831325,1,1.5,No,Yes,7,2070.562
D:/Pipefish Mesocosm Film/Trial 8/10-12-20/10-12 AM 01.MTS,1366.684,32.089,Inactive,Male,,,,2.457831325,1,1.5,No,Yes,7,2070.562
D:/Pipefish Mesocosm Film/Trial 8/10-12-20/10-12 AM 01.MTS,1398.774,8.64,Wiggle,Male,Active wiggle,Female,3,2.457831325,1,1.5,No,Yes,7,2070.562
D:/Pipefish Mesocosm Film/Trial 8/10-12-20/10-12 AM 01.MTS,1401.628,35.504,Pose,Female,S pose,Male,Front,2.457831325,1,1.5,No,Yes,7,2070.562
D:/Pipefish Mesocosm Film/Trial 8/10-12-20/10-12 AM 01.MTS,1407.415,29.147,Inactive,Male,,,,2.457831325,1,1.5,No,Yes,7,2070.562
D:/Pipefish Mesocosm Film/Trial 8/10-12-20/10-12 AM 01.MTS,1436.563,6.265,Wiggle,Male,Active wiggle,Female,3,2.457831325,1,1.5,No,Yes,7,2070.562
D:/Pipefish Mesocosm Film/Trial 8/10-12-20/10-12 AM 01.MTS,1437.133,65.039,Inactive,Female,,,,2.457831325,1,1.5,No,Yes,7,2070.562
D:/Pipefish Mesocosm Film/Trial 8/10-12-20/10-12 AM 01.MTS,1442.829,50.13,Inactive,Male,,,,2.457831325,1,1.5,No,Yes,7,2070.562
D:/Pipefish Mesocosm Film/Trial 8/10-12-20/10-12 AM 01.MTS,1492.96,4.177,Wiggle,Male,Subtle wiggle,Female,3,2.457831325,1,1.5,No,Yes,7,2070.562
D:/Pipefish Mesocosm Film/Trial 8/10-12-20/10-12 AM 01.MTS,1497.138,32.468,Inactive,Male,,,,2.457831325,1,1.5,No,Yes,7,2070.562
D:/Pipefish Mesocosm Film/Trial 8/10-12-20/10-12 AM 01.MTS,1502.173,6.078,Wiggle,Female,Active wiggle,Female,2,2.457831325,1,1.5,No,Yes,7,2070.562
D:/Pipefish Mesocosm Film/Trial 8/10-12-20/10-12 AM 01.MTS,1508.252,6.736,Pose,Female,S pose,Male,Front,2.457831325,1,1.5,No,Yes,7,2070.562
D:/Pipefish Mesocosm Film/Trial 8/10-12-20/10-12 AM 01.MTS,1514.989,36.553,Inactive,Female,,,,2.457831325,1,1.5,No,Yes,7,2070.562
D:/Pipefish Mesocosm Film/Trial 8/10-12-20/10-12 AM 01.MTS,1529.607,7.12,Wiggle,Male,Subtle wiggle,Female,3,2.457831325,1,1.5,No,Yes,7,2070.562
D:/Pipefish Mesocosm Film/Trial 8/10-12-20/10-12 AM 01.MTS,1536.728,26.49,Inactive,Male,,,,2.457831325,1,1.5,No,Yes,7,2070.562
D:/Pipefish Mesocosm Film/Trial 8/10-12-20/10-12 AM 01.MTS,1551.543,3.513,Pose,Female,S pose,Male,Front,2.457831325,1,1.5,No,Yes,7,2070.562
D:/Pipefish Mesocosm Film/Trial 8/10-12-20/10-12 AM 01.MTS,1555.057,37.885,Inactive,Female,,,,2.457831325,1,1.5,No,Yes,7,2070.562
D:/Pipefish Mesocosm Film/Trial 8/10-12-20/10-12 AM 01.MTS,1563.219,9.018,Wiggle,Male,Active wiggle,Female,3,2.457831325,1,1.5,No,Yes,7,2070.562
D:/Pipefish Mesocosm Film/Trial 8/10-12-20/10-12 AM 01.MTS,1572.238,18.228,Inactive,Male,,,,2.457831325,1,1.5,No,Yes,7,2070.562
D:/Pipefish Mesocosm Film/Trial 8/10-12-20/10-12 AM 01.MTS,1590.467,18.514,Out of sight,Male,,,,2.457831325,1,1.5,No,Yes,7,2070.562
D:/Pipefish Mesocosm Film/Trial 8/10-12-20/10-12 AM 01.MTS,1592.943,14.244,Wiggle,Female,Active wiggle,Male,3,2.457831325,1,1.5,No,Yes,7,2070.562
D:/Pipefish Mesocosm Film/Trial 8/10-12-20/10-12 AM 01.MTS,1607.188,20.503,Pose,Female,S pose,Male,Front,2.457831325,1,1.5,No,Yes,7,2070.562
D:/Pipefish Mesocosm Film/Trial 8/10-12-20/10-12 AM 01.MTS,1608.982,37.597,Inactive,Male,,,,2.457831325,1,1.5,No,Yes,7,2070.562
D:/Pipefish Mesocosm Film/Trial 8/10-12-20/10-12 AM 01.MTS,1627.692,31.047,Inactive,Female,,,,2.457831325,1,1.5,No,Yes,7,2070.562
D:/Pipefish Mesocosm Film/Trial 8/10-12-20/10-12 AM 01.MTS,1646.58,8.069,Wiggle,Male,Subtle wiggle,Female,3,2.457831325,1,1.5,No,Yes,7,2070.562
D:/Pipefish Mesocosm Film/Trial 8/10-12-20/10-12 AM 01.MTS,1654.65,47.282,Inactive,Male,,,,2.457831325,1,1.5,No,Yes,7,2070.562
D:/Pipefish Mesocosm Film/Trial 8/10-12-20/10-12 AM 01.MTS,1658.74,24.774,Pose,Female,S pose,Male,Front,2.457831325,1,1.5,No,Yes,7,2070.562
D:/Pipefish Mesocosm Film/Trial 8/10-12-20/10-12 AM 01.MTS,1683.515,16.803,Inactive,Female,,,,2.457831325,1,1.5,No,Yes,7,2070.562
D:/Pipefish Mesocosm Film/Trial 8/10-12-20/10-12 AM 01.MTS,1700.319,12.535,Pose,Female,S pose,Male,Front,2.457831325,1,1.5,No,Yes,7,2070.562
D:/Pipefish Mesocosm Film/Trial 8/10-12-20/10-12 AM 01.MTS,1701.933,6.93,Wiggle,Male,Active wiggle,Female,3,2.457831325,1,1.5,No,Yes,7,2070.562
D:/Pipefish Mesocosm Film/Trial 8/10-12-20/10-12 AM 01.MTS,1708.864,52.694,Inactive,Male,,,,2.457831325,1,1.5,No,Yes,7,2070.562
D:/Pipefish Mesocosm Film/Trial 8/10-12-20/10-12 AM 01.MTS,1712.855,61.046,Inactive,Female,,,,2.457831325,1,1.5,No,Yes,7,2070.562
D:/Pipefish Mesocosm Film/Trial 8/10-12-20/10-12 AM 01.MTS,1761.559,11.391,Wiggle,Male,Subtle wiggle,Female,2,2.457831325,1,1.5,No,Yes,7,2070.562
D:/Pipefish Mesocosm Film/Trial 8/10-12-20/10-12 AM 01.MTS,1772.951,14.527,Inactive,Male,,,,2.457831325,1,1.5,No,Yes,7,2070.562
D:/Pipefish Mesocosm Film/Trial 8/10-12-20/10-12 AM 01.MTS,1773.902,22.596,Pose,Female,S pose,Male,Front,2.457831325,1,1.5,No,Yes,7,2070.562
D:/Pipefish Mesocosm Film/Trial 8/10-12-20/10-12 AM 01.MTS,1787.479,5.22,Wiggle,Male,Active wiggle,Female,2,2.457831325,1,1.5,No,Yes,7,2070.562
D:/Pipefish Mesocosm Film/Trial 8/10-12-20/10-12 AM 01.MTS,1792.7,7.69,Inactive,Male,,,,2.457831325,1,1.5,No,Yes,7,2070.562
D:/Pipefish Mesocosm Film/Trial 8/10-12-20/10-12 AM 01.MTS,1796.499,12.062,Inactive,Female,,,,2.457831325,1,1.5,No,Yes,7,2070.562
D:/Pipefish Mesocosm Film/Trial 8/10-12-20/10-12 AM 01.MTS,1800.391,24.114,Out of sight,Male,,,,2.457831325,1,1.5,No,Yes,7,2070.562
D:/Pipefish Mesocosm Film/Trial 8/10-12-20/10-12 AM 01.MTS,1808.562,5.503,Pose,Female,S pose,Male,Front,2.457831325,1,1.5,No,Yes,7,2070.562
D:/Pipefish Mesocosm Film/Trial 8/10-12-20/10-12 AM 01.MTS,1814.066,16.519,Inactive,Female,,,,2.457831325,1,1.5,No,Yes,7,2070.562
D:/Pipefish Mesocosm Film/Trial 8/10-12-20/10-12 AM 01.MTS,1824.506,5.982,Wiggle,Male,Subtle wiggle,Female,3,2.457831325,1,1.5,No,Yes,7,2070.562
D:/Pipefish Mesocosm Film/Trial 8/10-12-20/10-12 AM 01.MTS,1830.489,66.554,Inactive,Male,,,,2.457831325,1,1.5,No,Yes,7,2070.562
D:/Pipefish Mesocosm Film/Trial 8/10-12-20/10-12 AM 01.MTS,1830.586,18.131,Pose,Female,S pose,Male,Front,2.457831325,1,1.5,No,Yes,7,2070.562
D:/Pipefish Mesocosm Film/Trial 8/10-12-20/10-12 AM 01.MTS,1848.718,42.826,Inactive,Female,,,,2.457831325,1,1.5,No,Yes,7,2070.562
D:/Pipefish Mesocosm Film/Trial 8/10-12-20/10-12 AM 01.MTS,1891.545,27.434,Pose,Female,S pose,Male,Front,2.457831325,1,1.5,No,Yes,7,2070.562
D:/Pipefish Mesocosm Film/Trial 8/10-12-20/10-12 AM 01.MTS,1897.044,5.886,Wiggle,Male,Active wiggle,Female,3,2.457831325,1,1.5,No,Yes,7,2070.562
D:/Pipefish Mesocosm Film/Trial 8/10-12-20/10-12 AM 01.MTS,1902.931,28.484,Inactive,Male,,,,2.457831325,1,1.5,No,Yes,7,2070.562
D:/Pipefish Mesocosm Film/Trial 8/10-12-20/10-12 AM 01.MTS,1918.98,40.541,Inactive,Female,,,,2.457831325,1,1.5,No,Yes,7,2070.562
D:/Pipefish Mesocosm Film/Trial 8/10-12-20/10-12 AM 01.MTS,1931.416,7.214,Wiggle,Male,Active wiggle,Female,3,2.457831325,1,1.5,No,Yes,7,2070.562
D:/Pipefish Mesocosm Film/Trial 8/10-12-20/10-12 AM 01.MTS,1938.631,3.987,Inactive,Male,,,,2.457831325,1,1.5,No,Yes,7,2070.562
D:/Pipefish Mesocosm Film/Trial 8/10-12-20/10-12 AM 01.MTS,1942.619,9.113,Out of sight,Male,,,,2.457831325,1,1.5,No,Yes,7,2070.562
D:/Pipefish Mesocosm Film/Trial 8/10-12-20/10-12 AM 01.MTS,1951.733,15.664,Inactive,Male,,,,2.457831325,1,1.5,No,Yes,7,2070.562
D:/Pipefish Mesocosm Film/Trial 8/10-12-20/10-12 AM 01.MTS,1959.522,31.329,Pose,Female,S pose,Male,Front,2.457831325,1,1.5,No,Yes,7,2070.562
D:/Pipefish Mesocosm Film/Trial 8/10-12-20/10-12 AM 01.MTS,1967.398,11.394,Out of sight,Male,,,,2.457831325,1,1.5,No,Yes,7,2070.562
D:/Pipefish Mesocosm Film/Trial 8/10-12-20/10-12 AM 01.MTS,1978.793,48.042,Inactive,Male,,,,2.457831325,1,1.5,No,Yes,7,2070.562
D:/Pipefish Mesocosm Film/Trial 8/10-12-20/10-12 AM 01.MTS,1990.852,10.159,Inactive,Female,,,,2.457831325,1,1.5,No,Yes,7,2070.562
D:/Pipefish Mesocosm Film/Trial 8/10-12-20/10-12 AM 01.MTS,2001.012,30.003,Out of sight,Female,,,,2.457831325,1,1.5,No,Yes,7,2070.562
D:/Pipefish Mesocosm Film/Trial 8/10-12-20/10-12 AM 01.MTS,2026.836,4.649,Wiggle,Male,Subtle wiggle,Female,2,2.457831325,1,1.5,No,Yes,7,2070.562
D:/Pipefish Mesocosm Film/Trial 8/10-12-20/10-12 AM 01.MTS,2031.016,12.531,Inactive,Female,,,,2.457831325,1,1.5,No,Yes,7,2070.562
D:/Pipefish Mesocosm Film/Trial 8/10-12-20/10-12 AM 01.MTS,2031.486,15.667,Inactive,Male,,,,2.457831325,1,1.5,No,Yes,7,2070.562
D:/Pipefish Mesocosm Film/Trial 8/10-12-20/10-12 AM 01.MTS,2043.548,13.197,Pose,Female,S pose,Male,Front,2.457831325,1,1.5,No,Yes,7,2070.562
D:/Pipefish Mesocosm Film/Trial 8/10-12-20/10-12 AM 01.MTS,2047.154,4.365,Wiggle,Male,Active wiggle,Female,3,2.457831325,1,1.5,No,Yes,7,2070.562
D:/Pipefish Mesocosm Film/Trial 8/10-12-20/10-12 AM 01.MTS,2051.52,8.546,Inactive,Male,,,,2.457831325,1,1.5,No,Yes,7,2070.562
D:/Pipefish Mesocosm Film/Trial 8/10-12-20/10-12 AM 01.MTS,2056.746,11.011,Inactive,Female,,,,2.457831325,1,1.5,No,Yes,7,2070.562
D:/Pipefish Mesocosm Film/Trial 8/10-12-20/10-12 AM 01.MTS,2060.067,2.086,Wiggle,Male,Active wiggle,Female,3,2.457831325,1,1.5,No,Yes,7,2070.562
D:/Pipefish Mesocosm Film/Trial 8/10-12-20/10-12 AM 01.MTS,2062.154,7.405,Inactive,Male,,,,2.457831325,1,1.5,No,Yes,7,2070.562
D:/Pipefish Mesocosm Film/Trial 8/10-12-20/10-12 AM 01.MTS,2067.758,9.208,Wiggle,Female,Active wiggle,Male,3,2.457831325,1,1.5,No,Yes,7,2070.562
D:/Pipefish Mesocosm Film/Trial 8/10-12-20/10-12 AM 01.MTS,2069.56,6.266,Wiggle,Male,Active wiggle,Female,3,2.457831325,1,1.5,No,Yes,7,2070.562
D:/Pipefish Mesocosm Film/Trial 8/10-12-20/10-12 AM 01.MTS,2075.827,10.537,Inactive,Male,,,,2.457831325,1,1.5,No,Yes,7,2070.562
D:/Pipefish Mesocosm Film/Trial 8/10-12-20/10-12 AM 01.MTS,2076.967,11.678,Inactive,Female,,,,2.457831325,1,1.5,No,Yes,7,2070.562
D:/Pipefish Mesocosm Film/Trial 8/10-12-20/10-12 AM 01.MTS,2086.365,2.374,Wiggle,Male,Active wiggle,Female,4,2.457831325,1,1.5,No,Yes,7,2070.562
D:/Pipefish Mesocosm Film/Trial 8/10-12-20/10-12 AM 01.MTS,2088.646,4.557,Pose,Female,Non-s pose,Male,Back,2.457831325,1,1.5,No,Yes,7,2070.562
D:/Pipefish Mesocosm Film/Trial 8/10-12-20/10-12 AM 01.MTS,2088.74,14.24,Inactive,Male,,,,2.457831325,1,1.5,No,Yes,7,2070.562
D:/Pipefish Mesocosm Film/Trial 8/10-12-20/10-12 AM 01.MTS,2093.204,17.756,Inactive,Female,,,,2.457831325,1,1.5,No,Yes,7,2070.562
D:/Pipefish Mesocosm Film/Trial 8/10-12-20/10-12 AM 01.MTS,2102.981,4.271,Wiggle,Male,Active wiggle,Female,3,2.457831325,1,1.5,No,Yes,7,2070.562
D:/Pipefish Mesocosm Film/Trial 8/10-12-20/10-12 AM 01.MTS,2107.253,10.728,Inactive,Male,,,,2.457831325,1,1.5,No,Yes,7,2070.562
D:/Pipefish Mesocosm Film/Trial 8/10-12-20/10-12 AM 01.MTS,2110.961,7.31,Pose,Female,S pose,Male,Front,2.457831325,1,1.5,No,Yes,7,2070.562
D:/Pipefish Mesocosm Film/Trial 8/10-12-20/10-12 AM 01.MTS,2117.982,7.121,Out of sight,Male,,,,2.457831325,1,1.5,No,Yes,7,2070.562
D:/Pipefish Mesocosm Film/Trial 8/10-12-20/10-12 AM 01.MTS,2118.272,19.652,Inactive,Female,,,,2.457831325,1,1.5,No,Yes,7,2070.562
D:/Pipefish Mesocosm Film/Trial 8/10-12-20/10-12 AM 01.MTS,2125.104,35.982,Inactive,Male,,,,2.457831325,1,1.5,No,Yes,7,2070.562
D:/Pipefish Mesocosm Film/Trial 8/10-12-20/10-12 AM 01.MTS,2137.925,31.521,Out of sight,Female,,,,2.457831325,1,1.5,No,Yes,7,2070.562
D:/Pipefish Mesocosm Film/Trial 8/10-12-20/10-12 AM 01.MTS,2161.087,4.65,Wiggle,Male,Active wiggle,Female,4,2.457831325,1,1.5,No,Yes,7,2070.562
D:/Pipefish Mesocosm Film/Trial 8/10-12-20/10-12 AM 01.MTS,2165.738,3.419,Inactive,Male,,,,2.457831325,1,1.5,No,Yes,7,2070.562
D:/Pipefish Mesocosm Film/Trial 8/10-12-20/10-12 AM 01.MTS,2169.158,5.126,Wiggle,Male,Active wiggle,Female,3,2.457831325,1,1.5,No,Yes,7,2070.562
D:/Pipefish Mesocosm Film/Trial 8/10-12-20/10-12 AM 01.MTS,2169.447,12.152,Wiggle,Female,Active wiggle,Male,3,2.457831325,1,1.5,No,Yes,7,2070.562
D:/Pipefish Mesocosm Film/Trial 8/10-12-20/10-12 AM 01.MTS,2174.285,3.987,Inactive,Male,,,,2.457831325,1,1.5,No,Yes,7,2070.562
D:/Pipefish Mesocosm Film/Trial 8/10-12-20/10-12 AM 01.MTS,2178.273,4.84,Wiggle,Male,Active wiggle,Female,4,2.457831325,1,1.5,No,Yes,7,2070.562
D:/Pipefish Mesocosm Film/Trial 8/10-12-20/10-12 AM 01.MTS,2181.6,15.381,Inactive,Female,,,,2.457831325,1,1.5,No,Yes,7,2070.562
D:/Pipefish Mesocosm Film/Trial 8/10-12-20/10-12 AM 01.MTS,2183.114,27.628,Inactive,Male,,,,2.457831325,1,1.5,No,Yes,7,2070.562
D:/Pipefish Mesocosm Film/Trial 8/10-12-20/10-12 AM 01.MTS,2196.982,5.502,Pose,Female,S pose,Male,Front,2.457831325,1,1.5,No,Yes,7,2070.562
D:/Pipefish Mesocosm Film/Trial 8/10-12-20/10-12 AM 01.MTS,2202.485,60.478,Inactive,Female,,,,2.457831325,1,1.5,No,Yes,7,2070.562
D:/Pipefish Mesocosm Film/Trial 8/10-12-20/10-12 AM 01.MTS,2210.743,52.22,Surrounding,Male,,,,2.457831325,1,1.5,No,Yes,7,2070.562
D:/Pipefish Mesocosm Film/Trial 8/10-12-20/10-12 AM 01.MTS,2331.039,1.709,Pose,Female,S pose,Male,Front,5,1,4,No,No,8,62.968
D:/Pipefish Mesocosm Film/Trial 8/10-12-20/10-12 AM 01.MTS,2331.894,61.714,Surrounding,Male,,,,5,1,4,No,No,8,62.968
D:/Pipefish Mesocosm Film/Trial 8/10-12-20/10-12 AM 01.MTS,2332.749,60.859,Inactive,Female,,,,5,1,4,No,No,8,62.968
D:/Pipefish Mesocosm Film/Trial 8/10-12-20/10-12 AM 01.MTS,2407.662,9.776,Pose,Female,S pose,Male,Front,6,2,4,No,No,9,77.391
D:/Pipefish Mesocosm Film/Trial 8/10-12-20/10-12 AM 01.MTS,2407.945,76.716,Surrounding,Male,,,,6,2,4,No,No,9,77.391
D:/Pipefish Mesocosm Film/Trial 8/10-12-20/10-12 AM 01.MTS,2417.439,67.222,Inactive,Female,,,,6,2,4,No,No,9,77.391
D:/Pipefish Mesocosm Film/Trial 8/10-12-20/10-12 AM 01.MTS,2418.485,5.03,Pose,Second female,S pose,Male,Front,6,2,4,No,No,9,77.391
D:/Pipefish Mesocosm Film/Trial 8/10-12-20/10-12 AM 01.MTS,2423.516,26.489,Inactive,Second female,,,,6,2,4,No,No,9,77.391
D:/Pipefish Mesocosm Film/Trial 8/10-12-20/10-12 AM 01.MTS,2450.384,0,Leave group,Second female,,,,6,2,4,No,No,9,77.391
D:/Pipefish Mesocosm Film/Trial 8/10-12-20/10-12 AM 01.MTS,2545.336,7.495,Wiggle,Female,Active wiggle,Male,4,3.705882353,1,1.7,No,No,10,341.097
D:/Pipefish Mesocosm Film/Trial 8/10-12-20/10-12 AM 01.MTS,2545.519,5.603,Wiggle,Male,Active wiggle,Female,4,3.705882353,1,1.7,No,No,10,341.097
D:/Pipefish Mesocosm Film/Trial 8/10-12-20/10-12 AM 01.MTS,2551.123,26.771,Inactive,Male,,,,3.705882353,1,1.7,No,No,10,341.097
D:/Pipefish Mesocosm Film/Trial 8/10-12-20/10-12 AM 01.MTS,2552.832,80.137,Inactive,Female,,,,3.705882353,1,1.7,No,No,10,341.097
D:/Pipefish Mesocosm Film/Trial 8/10-12-20/10-12 AM 01.MTS,2577.895,1.899,Wiggle,Male,Active wiggle,Female,4,3.705882353,1,1.7,No,No,10,341.097
D:/Pipefish Mesocosm Film/Trial 8/10-12-20/10-12 AM 01.MTS,2579.795,42.154,Inactive,Male,,,,3.705882353,1,1.7,No,No,10,341.097
D:/Pipefish Mesocosm Film/Trial 8/10-12-20/10-12 AM 01.MTS,2621.95,4.748,Wiggle,Male,Active wiggle,Female,4,3.705882353,1,1.7,No,No,10,341.097
D:/Pipefish Mesocosm Film/Trial 8/10-12-20/10-12 AM 01.MTS,2626.699,30.381,Inactive,Male,,,,3.705882353,1,1.7,No,No,10,341.097
D:/Pipefish Mesocosm Film/Trial 8/10-12-20/10-12 AM 01.MTS,2632.97,3.131,Pose,Female,S pose,Male,Front,3.705882353,1,1.7,No,No,10,341.097
D:/Pipefish Mesocosm Film/Trial 8/10-12-20/10-12 AM 01.MTS,2636.102,5.882,Wiggle,Female,Active wiggle,Male,3,3.705882353,1,1.7,No,No,10,341.097
D:/Pipefish Mesocosm Film/Trial 8/10-12-20/10-12 AM 01.MTS,2641.985,5.411,Inactive,Female,,,,3.705882353,1,1.7,No,No,10,341.097
D:/Pipefish Mesocosm Film/Trial 8/10-12-20/10-12 AM 01.MTS,2647.397,12.627,Pose,Female,S pose,Male,Front,3.705882353,1,1.7,No,No,10,341.097
D:/Pipefish Mesocosm Film/Trial 8/10-12-20/10-12 AM 01.MTS,2657.081,4.937,Wiggle,Male,Active wiggle,Female,3,3.705882353,1,1.7,No,No,10,341.097
D:/Pipefish Mesocosm Film/Trial 8/10-12-20/10-12 AM 01.MTS,2660.025,99.057,Inactive,Female,,,,3.705882353,1,1.7,No,No,10,341.097
D:/Pipefish Mesocosm Film/Trial 8/10-12-20/10-12 AM 01.MTS,2662.019,13.67,Inactive,Male,,,,3.705882353,1,1.7,No,No,10,341.097
D:/Pipefish Mesocosm Film/Trial 8/10-12-20/10-12 AM 01.MTS,2675.69,3.795,Wiggle,Male,Active wiggle,Female,4,3.705882353,1,1.7,No,No,10,341.097
D:/Pipefish Mesocosm Film/Trial 8/10-12-20/10-12 AM 01.MTS,2679.486,13.103,Inactive,Male,,,,3.705882353,1,1.7,No,No,10,341.097
D:/Pipefish Mesocosm Film/Trial 8/10-12-20/10-12 AM 01.MTS,2692.59,3.037,Wiggle,Male,Active wiggle,Female,4,3.705882353,1,1.7,No,No,10,341.097
D:/Pipefish Mesocosm Film/Trial 8/10-12-20/10-12 AM 01.MTS,2695.628,5.696,Inactive,Male,,,,3.705882353,1,1.7,No,No,10,341.097
D:/Pipefish Mesocosm Film/Trial 8/10-12-20/10-12 AM 01.MTS,2701.325,2.658,Wiggle,Male,Active wiggle,Female,4,3.705882353,1,1.7,No,No,10,341.097
D:/Pipefish Mesocosm Film/Trial 8/10-12-20/10-12 AM 01.MTS,2703.984,7.405,Inactive,Male,,,,3.705882353,1,1.7,No,No,10,341.097
D:/Pipefish Mesocosm Film/Trial 8/10-12-20/10-12 AM 01.MTS,2711.39,1.896,Wiggle,Male,Subtle wiggle,Female,4,3.705882353,1,1.7,No,No,10,341.097
D:/Pipefish Mesocosm Film/Trial 8/10-12-20/10-12 AM 01.MTS,2713.287,1.139,Inactive,Male,,,,3.705882353,1,1.7,No,No,10,341.097
D:/Pipefish Mesocosm Film/Trial 8/10-12-20/10-12 AM 01.MTS,2714.427,2.752,Wiggle,Male,Active wiggle,Female,4,3.705882353,1,1.7,No,No,10,341.097
D:/Pipefish Mesocosm Film/Trial 8/10-12-20/10-12 AM 01.MTS,2717.18,36.744,Inactive,Male,,,,3.705882353,1,1.7,No,No,10,341.097
D:/Pipefish Mesocosm Film/Trial 8/10-12-20/10-12 AM 01.MTS,2753.925,2.181,Wiggle,Male,Active wiggle,Female,4,3.705882353,1,1.7,No,No,10,341.097
D:/Pipefish Mesocosm Film/Trial 8/10-12-20/10-12 AM 01.MTS,2756.107,3.702,Inactive,Male,,,,3.705882353,1,1.7,No,No,10,341.097
D:/Pipefish Mesocosm Film/Trial 8/10-12-20/10-12 AM 01.MTS,2759.083,7.183,Pose,Female,S pose,Male,Front,3.705882353,1,1.7,No,No,10,341.097
D:/Pipefish Mesocosm Film/Trial 8/10-12-20/10-12 AM 01.MTS,2759.81,5.317,Wiggle,Male,Active wiggle,Female,4,3.705882353,1,1.7,No,No,10,341.097
D:/Pipefish Mesocosm Film/Trial 8/10-12-20/10-12 AM 01.MTS,2765.128,26.773,Inactive,Male,,,,3.705882353,1,1.7,No,No,10,341.097
D:/Pipefish Mesocosm Film/Trial 8/10-12-20/10-12 AM 01.MTS,2766.267,24.784,Inactive,Female,,,,3.705882353,1,1.7,No,No,10,341.097
D:/Pipefish Mesocosm Film/Trial 8/10-12-20/10-12 AM 01.MTS,2791.052,7.498,Pose,Female,S pose,Male,Front,3.705882353,1,1.7,No,No,10,341.097
D:/Pipefish Mesocosm Film/Trial 8/10-12-20/10-12 AM 01.MTS,2791.902,5.696,Wiggle,Male,Active wiggle,Female,4,3.705882353,1,1.7,No,No,10,341.097
D:/Pipefish Mesocosm Film/Trial 8/10-12-20/10-12 AM 01.MTS,2797.599,6.551,Inactive,Male,,,,3.705882353,1,1.7,No,No,10,341.097
D:/Pipefish Mesocosm Film/Trial 8/10-12-20/10-12 AM 01.MTS,2798.551,2.562,Wiggle,Female,Active wiggle,Male,3,3.705882353,1,1.7,No,No,10,341.097
D:/Pipefish Mesocosm Film/Trial 8/10-12-20/10-12 AM 01.MTS,2801.114,38.925,Inactive,Female,,,,3.705882353,1,1.7,No,No,10,341.097
D:/Pipefish Mesocosm Film/Trial 8/10-12-20/10-12 AM 01.MTS,2804.151,2.562,Wiggle,Male,Active wiggle,Female,3,3.705882353,1,1.7,No,No,10,341.097
D:/Pipefish Mesocosm Film/Trial 8/10-12-20/10-12 AM 01.MTS,2806.714,10.537,Inactive,Male,,,,3.705882353,1,1.7,No,No,10,341.097
D:/Pipefish Mesocosm Film/Trial 8/10-12-20/10-12 AM 01.MTS,2817.252,2.088,Wiggle,Male,Active wiggle,Female,3,3.705882353,1,1.7,No,No,10,341.097
D:/Pipefish Mesocosm Film/Trial 8/10-12-20/10-12 AM 01.MTS,2819.341,65.29,Inactive,Male,,,,3.705882353,1,1.7,No,No,10,341.097
D:/Pipefish Mesocosm Film/Trial 8/10-12-20/10-12 AM 01.MTS,2840.04,6.379,Out of sight,Female,,,,3.705882353,1,1.7,No,No,10,341.097
D:/Pipefish Mesocosm Film/Trial 8/10-12-20/10-12 AM 01.MTS,2846.42,38.211,Inactive,Female,,,,3.705882353,1,1.7,No,No,10,341.097
D:/Pipefish Mesocosm Film/Trial 8/10-12-20/10-12 AM 02.MTS,2986.413,10.726,Wiggle,Male,Active wiggle,Female,4,3.6,1,2.6,No,No,11,234.516
D:/Pipefish Mesocosm Film/Trial 8/10-12-20/10-12 AM 02.MTS,2990.399,68.074,Inactive,Female,,,,3.6,1,2.6,No,No,11,234.516
D:/Pipefish Mesocosm Film/Trial 8/10-12-20/10-12 AM 02.MTS,2997.14,1.137,Inactive,Male,,,,3.6,1,2.6,No,No,11,234.516
D:/Pipefish Mesocosm Film/Trial 8/10-12-20/10-12 AM 02.MTS,2998.278,2.563,Wiggle,Male,Active wiggle,Female,4,3.6,1,2.6,No,No,11,234.516
D:/Pipefish Mesocosm Film/Trial 8/10-12-20/10-12 AM 02.MTS,3000.842,32.754,Inactive,Male,,,,3.6,1,2.6,No,No,11,234.516
D:/Pipefish Mesocosm Film/Trial 8/10-12-20/10-12 AM 02.MTS,3033.597,1.996,Wiggle,Male,Active wiggle,Female,3,3.6,1,2.6,No,No,11,234.516
D:/Pipefish Mesocosm Film/Trial 8/10-12-20/10-12 AM 02.MTS,3035.594,21.833,Inactive,Male,,,,3.6,1,2.6,No,No,11,234.516
D:/Pipefish Mesocosm Film/Trial 8/10-12-20/10-12 AM 02.MTS,3057.428,2.66,Wiggle,Male,Active wiggle,Female,3,3.6,1,2.6,No,No,11,234.516
D:/Pipefish Mesocosm Film/Trial 8/10-12-20/10-12 AM 02.MTS,3058.474,7.404,Pose,Female,S pose,Male,Front,3.6,1,2.6,No,No,11,234.516
D:/Pipefish Mesocosm Film/Trial 8/10-12-20/10-12 AM 02.MTS,3060.089,2.563,Inactive,Male,,,,3.6,1,2.6,No,No,11,234.516
D:/Pipefish Mesocosm Film/Trial 8/10-12-20/10-12 AM 02.MTS,3062.653,6.265,Wiggle,Male,Active wiggle,Female,4,3.6,1,2.6,No,No,11,234.516
D:/Pipefish Mesocosm Film/Trial 8/10-12-20/10-12 AM 02.MTS,3065.879,30.286,Inactive,Female,,,,3.6,1,2.6,No,No,11,234.516
D:/Pipefish Mesocosm Film/Trial 8/10-12-20/10-12 AM 02.MTS,3068.919,37.596,Inactive,Male,,,,3.6,1,2.6,No,No,11,234.516
D:/Pipefish Mesocosm Film/Trial 8/10-12-20/10-12 AM 02.MTS,3096.166,4.275,Out of sight,Female,,,,3.6,1,2.6,No,No,11,234.516
D:/Pipefish Mesocosm Film/Trial 8/10-12-20/10-12 AM 02.MTS,3100.442,17.942,Inactive,Female,,,,3.6,1,2.6,No,No,11,234.516
D:/Pipefish Mesocosm Film/Trial 8/10-12-20/10-12 AM 02.MTS,3106.516,1.234,Wiggle,Male,Active wiggle,Female,4,3.6,1,2.6,No,No,11,234.516
D:/Pipefish Mesocosm Film/Trial 8/10-12-20/10-12 AM 02.MTS,3107.751,15.479,Inactive,Male,,,,3.6,1,2.6,No,No,11,234.516
D:/Pipefish Mesocosm Film/Trial 8/10-12-20/10-12 AM 02.MTS,3118.385,4.559,Pose,Female,S pose,Male,Front,3.6,1,2.6,No,No,11,234.516
D:/Pipefish Mesocosm Film/Trial 8/10-12-20/10-12 AM 02.MTS,3122.945,33.226,Inactive,Female,,,,3.6,1,2.6,No,No,11,234.516
D:/Pipefish Mesocosm Film/Trial 8/10-12-20/10-12 AM 02.MTS,3123.231,2.843,Wiggle,Male,Active wiggle,Female,4,3.6,1,2.6,No,No,11,234.516
D:/Pipefish Mesocosm Film/Trial 8/10-12-20/10-12 AM 02.MTS,3126.075,17.659,Inactive,Male,,,,3.6,1,2.6,No,No,11,234.516
D:/Pipefish Mesocosm Film/Trial 8/10-12-20/10-12 AM 02.MTS,3143.735,2.47,Wiggle,Male,Active wiggle,Female,3,3.6,1,2.6,No,No,11,234.516
D:/Pipefish Mesocosm Film/Trial 8/10-12-20/10-12 AM 02.MTS,3146.206,38.167,Inactive,Male,,,,3.6,1,2.6,No,No,11,234.516
D:/Pipefish Mesocosm Film/Trial 8/10-12-20/10-12 AM 02.MTS,3156.172,3.514,Pose,Female,S pose,Male,Front,3.6,1,2.6,No,No,11,234.516
D:/Pipefish Mesocosm Film/Trial 8/10-12-20/10-12 AM 02.MTS,3159.687,25.821,Inactive,Female,,,,3.6,1,2.6,No,No,11,234.516
D:/Pipefish Mesocosm Film/Trial 8/10-12-20/10-12 AM 02.MTS,3184.374,11.39,Out of sight,Male,,,,3.6,1,2.6,No,No,11,234.516
D:/Pipefish Mesocosm Film/Trial 8/10-12-20/10-12 AM 02.MTS,3185.509,10.096,Out of sight,Female,,,,3.6,1,2.6,No,No,11,234.516
D:/Pipefish Mesocosm Film/Trial 8/10-12-20/10-12 AM 02.MTS,3195.606,23.99,Inactive,Female,,,,3.6,1,2.6,No,No,11,234.516
D:/Pipefish Mesocosm Film/Trial 8/10-12-20/10-12 AM 02.MTS,3195.765,23.831,Inactive,Male,,,,3.6,1,2.6,No,No,11,234.516
D:/Pipefish Mesocosm Film/Trial 8/10-12-20/10-12 AM 02.MTS,3249.126,2.181,Wiggle,Male,Active wiggle,Female,4,4.3,1,3.3,No,No,12,166.067
D:/Pipefish Mesocosm Film/Trial 8/10-12-20/10-12 AM 02.MTS,3249.411,48.897,Inactive,Female,,,,4.3,1,3.3,No,No,12,166.067
D:/Pipefish Mesocosm Film/Trial 8/10-12-20/10-12 AM 02.MTS,3251.308,43.865,Inactive,Male,,,,4.3,1,3.3,No,No,12,166.067
D:/Pipefish Mesocosm Film/Trial 8/10-12-20/10-12 AM 02.MTS,3295.174,2.655,Wiggle,Male,Active wiggle,Female,3,4.3,1,3.3,No,No,12,166.067
D:/Pipefish Mesocosm Film/Trial 8/10-12-20/10-12 AM 02.MTS,3297.83,48.799,Inactive,Male,,,,4.3,1,3.3,No,No,12,166.067
D:/Pipefish Mesocosm Film/Trial 8/10-12-20/10-12 AM 02.MTS,3298.309,7.496,Pose,Female,S pose,Male,Front,4.3,1,3.3,No,No,12,166.067
D:/Pipefish Mesocosm Film/Trial 8/10-12-20/10-12 AM 02.MTS,3305.806,6.93,Inactive,Female,,,,4.3,1,3.3,No,No,12,166.067
D:/Pipefish Mesocosm Film/Trial 8/10-12-20/10-12 AM 02.MTS,3312.737,5.034,Pose,Female,S pose,Male,Front,4.3,1,3.3,No,No,12,166.067
D:/Pipefish Mesocosm Film/Trial 8/10-12-20/10-12 AM 02.MTS,3317.772,17.498,Inactive,Female,,,,4.3,1,3.3,No,No,12,166.067
D:/Pipefish Mesocosm Film/Trial 8/10-12-20/10-12 AM 02.MTS,3335.271,6.709,Pose,Female,S pose,Male,Front,4.3,1,3.3,No,No,12,166.067
D:/Pipefish Mesocosm Film/Trial 8/10-12-20/10-12 AM 02.MTS,3341.981,72.694,Inactive,Female,,,,4.3,1,3.3,No,No,12,166.067
D:/Pipefish Mesocosm Film/Trial 8/10-12-20/10-12 AM 02.MTS,3346.63,8.168,Wiggle,Male,Active wiggle,Female,6,4.3,1,3.3,No,No,12,166.067
D:/Pipefish Mesocosm Film/Trial 8/10-12-20/10-12 AM 02.MTS,3354.799,59.876,Inactive,Male,,,,4.3,1,3.3,No,No,12,166.067
D:/Pipefish Mesocosm Film/Trial 8/10-12-20/10-12 AM 02.MTS,3541.746,12.055,Pose,Female,S pose,Male,Front,4,1,3,No,No,13,137.379
D:/Pipefish Mesocosm Film/Trial 8/10-12-20/10-12 AM 02.MTS,3543.648,4.896,Wiggle,Male,Active wiggle,Female,4,4,1,3,No,No,13,137.379
D:/Pipefish Mesocosm Film/Trial 8/10-12-20/10-12 AM 02.MTS,3548.545,3.548,Inactive,Male,,,,4,1,3,No,No,13,137.379
D:/Pipefish Mesocosm Film/Trial 8/10-12-20/10-12 AM 02.MTS,3552.094,6.647,Wiggle,Male,Active wiggle,Female,4,4,1,3,No,No,13,137.379
D:/Pipefish Mesocosm Film/Trial 8/10-12-20/10-12 AM 02.MTS,3553.802,124.345,Inactive,Female,,,,3,1,3,No,No,13,137.379
D:/Pipefish Mesocosm Film/Trial 8/10-12-20/10-12 AM 02.MTS,3558.742,119.405,Inactive,Male,,,,3,1,3,No,No,13,137.379
D:/Pipefish Mesocosm Film/Trial 8/10-12-20/10-12 AM 02.MTS,3800.376,5.793,Wiggle,Male,Active wiggle,Female,3,3.75,1,2.75,No,No,14,437.128
D:/Pipefish Mesocosm Film/Trial 8/10-12-20/10-12 AM 02.MTS,3803.794,6.837,Inactive,Female,,,,3.75,1,2.75,No,No,14,437.128
D:/Pipefish Mesocosm Film/Trial 8/10-12-20/10-12 AM 02.MTS,3806.17,6.833,Inactive,Male,,,,3.75,1,2.75,No,No,14,437.128
D:/Pipefish Mesocosm Film/Trial 8/10-12-20/10-12 AM 02.MTS,3810.632,8.737,Pose,Female,S pose,Male,Front,3.75,1,2.75,No,No,14,437.128
D:/Pipefish Mesocosm Film/Trial 8/10-12-20/10-12 AM 02.MTS,3813.004,7.312,Wiggle,Male,Subtle wiggle,Female,3,3.75,1,2.75,No,No,14,437.128
D:/Pipefish Mesocosm Film/Trial 8/10-12-20/10-12 AM 02.MTS,3819.37,29.615,Inactive,Female,,,,3.75,1,2.75,No,No,14,437.128
D:/Pipefish Mesocosm Film/Trial 8/10-12-20/10-12 AM 02.MTS,3820.317,12.719,Inactive,Male,,,,3.75,1,2.75,No,No,14,437.128
D:/Pipefish Mesocosm Film/Trial 8/10-12-20/10-12 AM 02.MTS,3833.037,5.128,Wiggle,Male,Active wiggle,Female,4,3.75,1,2.75,No,No,14,437.128
D:/Pipefish Mesocosm Film/Trial 8/10-12-20/10-12 AM 02.MTS,3838.166,13.098,Inactive,Male,,,,3.75,1,2.75,No,No,14,437.128
D:/Pipefish Mesocosm Film/Trial 8/10-12-20/10-12 AM 02.MTS,3848.986,3.325,Wiggle,Female,Active wiggle,Male,3,3.75,1,2.75,No,No,14,437.128
D:/Pipefish Mesocosm Film/Trial 8/10-12-20/10-12 AM 02.MTS,3851.265,4.934,Wiggle,Male,Active wiggle,Female,4,3.75,1,2.75,No,No,14,437.128
D:/Pipefish Mesocosm Film/Trial 8/10-12-20/10-12 AM 02.MTS,3852.312,9.588,Pose,Female,S pose,Male,Front,3.75,1,2.75,No,No,14,437.128
D:/Pipefish Mesocosm Film/Trial 8/10-12-20/10-12 AM 02.MTS,3856.2,82.509,Inactive,Male,,,,3.75,1,2.75,No,No,14,437.128
D:/Pipefish Mesocosm Film/Trial 8/10-12-20/10-12 AM 02.MTS,3861.901,35.604,Inactive,Female,,,,3.75,1,2.75,No,No,14,437.128
D:/Pipefish Mesocosm Film/Trial 8/10-12-20/10-12 AM 02.MTS,3897.506,9.969,Pose,Female,S pose,Male,Front,3.75,1,2.75,No,No,14,437.128
D:/Pipefish Mesocosm Film/Trial 8/10-12-20/10-12 AM 02.MTS,3907.476,7.116,Inactive,Female,,,,3.75,1,2.75,No,No,14,437.128
D:/Pipefish Mesocosm Film/Trial 8/10-12-20/10-12 AM 02.MTS,3914.593,5.129,Out of sight,Female,,,,3.75,1,2.75,No,No,14,437.128
D:/Pipefish Mesocosm Film/Trial 8/10-12-20/10-12 AM 02.MTS,3919.723,8.259,Inactive,Female,,,,3.75,1,2.75,No,No,14,437.128
D:/Pipefish Mesocosm Film/Trial 8/10-12-20/10-12 AM 02.MTS,3927.983,9.111,Out of sight,Female,,,,3.75,1,2.75,No,No,14,437.128
D:/Pipefish Mesocosm Film/Trial 8/10-12-20/10-12 AM 02.MTS,3937.095,3.515,Inactive,Female,,,,3.75,1,2.75,No,No,14,437.128
D:/Pipefish Mesocosm Film/Trial 8/10-12-20/10-12 AM 02.MTS,3938.71,4.558,Wiggle,Male,Active wiggle,Female,4,3.75,1,2.75,No,No,14,437.128
D:/Pipefish Mesocosm Film/Trial 8/10-12-20/10-12 AM 02.MTS,3940.611,13.575,Pose,Female,S pose,Male,Front,3.75,1,2.75,No,No,14,437.128
D:/Pipefish Mesocosm Film/Trial 8/10-12-20/10-12 AM 02.MTS,3943.269,4.366,Inactive,Male,,,,3.75,1,2.75,No,No,14,437.128
D:/Pipefish Mesocosm Film/Trial 8/10-12-20/10-12 AM 02.MTS,3947.636,10.16,Wiggle,Male,Subtle wiggle,Female,3,3.75,1,2.75,No,No,14,437.128
D:/Pipefish Mesocosm Film/Trial 8/10-12-20/10-12 AM 02.MTS,3954.187,5.126,Inactive,Female,,,,3.75,1,2.75,No,No,14,437.128
D:/Pipefish Mesocosm Film/Trial 8/10-12-20/10-12 AM 02.MTS,3957.797,27.912,Inactive,Male,,,,3.75,1,2.75,No,No,14,437.128
D:/Pipefish Mesocosm Film/Trial 8/10-12-20/10-12 AM 02.MTS,3959.314,7.12,Out of sight,Female,,,,3.75,1,2.75,No,No,14,437.128
D:/Pipefish Mesocosm Film/Trial 8/10-12-20/10-12 AM 02.MTS,3966.435,82.03,Inactive,Female,,,,3.75,1,2.75,No,No,14,437.128
D:/Pipefish Mesocosm Film/Trial 8/10-12-20/10-12 AM 02.MTS,3985.71,4.552,Wiggle,Male,Active wiggle,Female,4,3.75,1,2.75,No,No,14,437.128
D:/Pipefish Mesocosm Film/Trial 8/10-12-20/10-12 AM 02.MTS,3990.263,48.71,Inactive,Male,,,,3.75,1,2.75,No,No,14,437.128
D:/Pipefish Mesocosm Film/Trial 8/10-12-20/10-12 AM 02.MTS,4038.974,1.803,Wiggle,Male,Active wiggle,Female,4,3.75,1,2.75,No,No,14,437.128
D:/Pipefish Mesocosm Film/Trial 8/10-12-20/10-12 AM 02.MTS,4040.778,10.252,Inactive,Male,,,,3.75,1,2.75,No,No,14,437.128
D:/Pipefish Mesocosm Film/Trial 8/10-12-20/10-12 AM 02.MTS,4048.466,4.272,Pose,Female,S pose,Male,Front,3.75,1,2.75,No,No,14,437.128
D:/Pipefish Mesocosm Film/Trial 8/10-12-20/10-12 AM 02.MTS,4051.031,6.074,Wiggle,Male,Active wiggle,Female,4,3.75,1,2.75,No,No,14,437.128
D:/Pipefish Mesocosm Film/Trial 8/10-12-20/10-12 AM 02.MTS,4052.739,43.581,Inactive,Female,,,,3.75,1,2.75,No,No,14,437.128
D:/Pipefish Mesocosm Film/Trial 8/10-12-20/10-12 AM 02.MTS,4057.106,23.924,Inactive,Male,,,,3.75,1,2.75,No,No,14,437.128
D:/Pipefish Mesocosm Film/Trial 8/10-12-20/10-12 AM 02.MTS,4081.031,2.849,Wiggle,Male,Active wiggle,Female,4,3.75,1,2.75,No,No,14,437.128
D:/Pipefish Mesocosm Film/Trial 8/10-12-20/10-12 AM 02.MTS,4083.881,75.009,Inactive,Male,,,,3.75,1,2.75,No,No,14,437.128
D:/Pipefish Mesocosm Film/Trial 8/10-12-20/10-12 AM 02.MTS,4096.321,4.84,Pose,Female,S pose,Male,Front,3.75,1,2.75,No,No,14,437.128
D:/Pipefish Mesocosm Film/Trial 8/10-12-20/10-12 AM 02.MTS,4101.162,34.462,Inactive,Female,,,,3.75,1,2.75,No,No,14,437.128
D:/Pipefish Mesocosm Film/Trial 8/10-12-20/10-12 AM 02.MTS,4135.625,7.027,Pose,Female,S pose,Male,Front,3.75,1,2.75,No,No,14,437.128
D:/Pipefish Mesocosm Film/Trial 8/10-12-20/10-12 AM 02.MTS,4142.653,14.241,Inactive,Female,,,,3.75,1,2.75,No,No,14,437.128
D:/Pipefish Mesocosm Film/Trial 8/10-12-20/10-12 AM 02.MTS,4156.895,14.242,Out of sight,Female,,,,3.75,1,2.75,No,No,14,437.128
D:/Pipefish Mesocosm Film/Trial 8/10-12-20/10-12 AM 02.MTS,4158.891,13.952,Out of sight,Male,,,,3.75,1,2.75,No,No,14,437.128
D:/Pipefish Mesocosm Film/Trial 8/10-12-20/10-12 AM 02.MTS,4171.138,31.614,Inactive,Female,,,,3.75,1,2.75,No,No,14,437.128
D:/Pipefish Mesocosm Film/Trial 8/10-12-20/10-12 AM 02.MTS,4172.844,16.804,Inactive,Male,,,,3.75,1,2.75,No,No,14,437.128
D:/Pipefish Mesocosm Film/Trial 8/10-12-20/10-12 AM 02.MTS,4189.649,3.227,Wiggle,Male,Active wiggle,Female,5,3.75,1,2.75,No,No,14,437.128
D:/Pipefish Mesocosm Film/Trial 8/10-12-20/10-12 AM 02.MTS,4192.877,28.102,Inactive,Male,,,,3.75,1,2.75,No,No,14,437.128
D:/Pipefish Mesocosm Film/Trial 8/10-12-20/10-12 AM 02.MTS,4202.753,33.513,Out of sight,Female,,,,3.75,1,2.75,No,No,14,437.128
D:/Pipefish Mesocosm Film/Trial 8/10-12-20/10-12 AM 02.MTS,4220.98,15.098,Out of sight,Male,,,,3.75,1,2.75,No,No,14,437.128
D:/Pipefish Mesocosm Film/Trial 8/10-12-20/10-12 AM 02.MTS,4303.234,5.409,Wiggle,Male,Subtle wiggle,Female,3,3.3,1,2.3,No,No,15,321.266
D:/Pipefish Mesocosm Film/Trial 8/10-12-20/10-12 AM 02.MTS,4304.25,22.499,Inactive,Female,,,,3.3,1,2.3,No,No,15,321.266
D:/Pipefish Mesocosm Film/Trial 8/10-12-20/10-12 AM 02.MTS,4308.644,5.031,Inactive,Male,,,,3.3,1,2.3,No,No,15,321.266
D:/Pipefish Mesocosm Film/Trial 8/10-12-20/10-12 AM 02.MTS,4313.676,5.226,Wiggle,Male,Active wiggle,Female,3,3.3,1,2.3,No,No,15,321.266
D:/Pipefish Mesocosm Film/Trial 8/10-12-20/10-12 AM 02.MTS,4318.903,47.187,Inactive,Male,,,,3.3,1,2.3,No,No,15,321.266
D:/Pipefish Mesocosm Film/Trial 8/10-12-20/10-12 AM 02.MTS,4326.75,7.595,Out of sight,Female,,,,3.3,1,2.3,No,No,15,321.266
D:/Pipefish Mesocosm Film/Trial 8/10-12-20/10-12 AM 02.MTS,4334.346,71.213,Inactive,Female,,,,3.3,1,2.3,No,No,15,321.266
D:/Pipefish Mesocosm Film/Trial 8/10-12-20/10-12 AM 02.MTS,4366.091,7.309,Wiggle,Male,Active wiggle,Female,5,3.3,1,2.3,No,No,15,321.266
D:/Pipefish Mesocosm Film/Trial 8/10-12-20/10-12 AM 02.MTS,4373.401,35.696,Inactive,Male,,,,3.3,1,2.3,No,No,15,321.266
D:/Pipefish Mesocosm Film/Trial 8/10-12-20/10-12 AM 02.MTS,4405.56,23.256,Pose,Female,S pose,Male,Front,3.3,1,2.3,No,No,15,321.266
D:/Pipefish Mesocosm Film/Trial 8/10-12-20/10-12 AM 02.MTS,4409.098,3.985,Wiggle,Male,Active wiggle,Female,3,3.3,1,2.3,No,No,15,321.266
D:/Pipefish Mesocosm Film/Trial 8/10-12-20/10-12 AM 02.MTS,4413.084,16.239,Inactive,Male,,,,3.3,1,2.3,No,No,15,321.266
D:/Pipefish Mesocosm Film/Trial 8/10-12-20/10-12 AM 02.MTS,4428.817,23.733,Inactive,Female,,,,3.3,1,2.3,No,No,15,321.266
D:/Pipefish Mesocosm Film/Trial 8/10-12-20/10-12 AM 02.MTS,4429.324,3.508,Wiggle,Male,Active wiggle,Female,4,3.3,1,2.3,No,No,15,321.266
D:/Pipefish Mesocosm Film/Trial 8/10-12-20/10-12 AM 02.MTS,4432.833,20.222,Inactive,Male,,,,3.3,1,2.3,No,No,15,321.266
D:/Pipefish Mesocosm Film/Trial 8/10-12-20/10-12 AM 02.MTS,4452.551,3.515,Pose,Female,S pose,Male,Front,3.3,1,2.3,No,No,15,321.266
D:/Pipefish Mesocosm Film/Trial 8/10-12-20/10-12 AM 02.MTS,4453.056,6.268,Wiggle,Male,Active wiggle,Female,3,3.3,1,2.3,No,No,15,321.266
D:/Pipefish Mesocosm Film/Trial 8/10-12-20/10-12 AM 02.MTS,4456.067,3.131,Out of sight,Female,,,,3.3,1,2.3,No,No,15,321.266
D:/Pipefish Mesocosm Film/Trial 8/10-12-20/10-12 AM 02.MTS,4459.199,25.067,Inactive,Female,,,,3.3,1,2.3,No,No,15,321.266
D:/Pipefish Mesocosm Film/Trial 8/10-12-20/10-12 AM 02.MTS,4459.325,11.96,Inactive,Male,,,,3.3,1,2.3,No,No,15,321.266
D:/Pipefish Mesocosm Film/Trial 8/10-12-20/10-12 AM 02.MTS,4471.286,2.183,Wiggle,Male,Active wiggle,Female,3,3.3,1,2.3,No,No,15,321.266
D:/Pipefish Mesocosm Film/Trial 8/10-12-20/10-12 AM 02.MTS,4473.47,44.437,Inactive,Male,,,,3.3,1,2.3,No,No,15,321.266
D:/Pipefish Mesocosm Film/Trial 8/10-12-20/10-12 AM 02.MTS,4484.267,5.313,Pose,Female,S pose,Male,Front,3.3,1,2.3,No,No,15,321.266
D:/Pipefish Mesocosm Film/Trial 8/10-12-20/10-12 AM 02.MTS,4489.581,134.917,Inactive,Female,,,,3.3,1,2.3,No,No,15,321.266
D:/Pipefish Mesocosm Film/Trial 8/10-12-20/10-12 AM 02.MTS,4517.908,7.782,Wiggle,Male,Active wiggle,Female,2,3.3,1,2.3,No,No,15,321.266
D:/Pipefish Mesocosm Film/Trial 8/10-12-20/10-12 AM 02.MTS,4525.691,30,Inactive,Male,,,,3.3,1,2.3,No,No,15,321.266
D:/Pipefish Mesocosm Film/Trial 8/10-12-20/10-12 AM 02.MTS,4555.692,7.406,Wiggle,Male,Active wiggle,Female,4,3.3,1,2.3,No,No,15,321.266
D:/Pipefish Mesocosm Film/Trial 8/10-12-20/10-12 AM 02.MTS,4563.099,61.399,Inactive,Male,,,,3.3,1,2.3,No,No,15,321.266
D:/Pipefish Mesocosm Film/Trial 8/10-12-20/10-12 AM 02.MTS,4706.72,5.315,Pose,Female,S pose,Male,Front,4,1,3,No,No,16,73.842
D:/Pipefish Mesocosm Film/Trial 8/10-12-20/10-12 AM 02.MTS,4707.1,2.277,Wiggle,Male,Active wiggle,Female,3,4,1,3,No,No,16,73.842
D:/Pipefish Mesocosm Film/Trial 8/10-12-20/10-12 AM 02.MTS,4709.378,3.796,Inactive,Male,,,,4,1,3,No,No,16,73.842
D:/Pipefish Mesocosm Film/Trial 8/10-12-20/10-12 AM 02.MTS,4712.036,5.413,Inactive,Female,,,,4,1,3,No,No,16,73.842
D:/Pipefish Mesocosm Film/Trial 8/10-12-20/10-12 AM 02.MTS,4713.175,4.843,Wiggle,Male,Active wiggle,Female,5,4,1,3,No,No,16,73.842
D:/Pipefish Mesocosm Film/Trial 8/10-12-20/10-12 AM 02.MTS,4717.45,10.825,Out of sight,Female,,,,4,1,3,No,No,16,73.842
D:/Pipefish Mesocosm Film/Trial 8/10-12-20/10-12 AM 02.MTS,4718.019,61.334,Inactive,Male,,,,4,1,3,No,No,16,73.842
D:/Pipefish Mesocosm Film/Trial 8/10-12-20/10-12 AM 02.MTS,4728.276,16.519,Inactive,Female,,,,4,1,3,No,No,16,73.842
D:/Pipefish Mesocosm Film/Trial 8/10-12-20/10-12 AM 02.MTS,4744.796,4.556,Out of sight,Female,,,,4,1,3,No,No,16,73.842
D:/Pipefish Mesocosm Film/Trial 8/10-12-20/10-12 AM 02.MTS,4749.353,30,Inactive,Female,,,,4,1,3,No,No,16,73.842
D:/Pipefish Mesocosm Film/Trial 8/10-12-20/10-12 AM 02.MTS,4786.568,4.461,Wiggle,Male,Active wiggle,Female,4,3.5,1,2.5,No,No,17,898.227
D:/Pipefish Mesocosm Film/Trial 8/10-12-20/10-12 AM 02.MTS,4787.139,24.117,Inactive,Female,,,,3.5,1,2.5,No,No,17,898.227
D:/Pipefish Mesocosm Film/Trial 8/10-12-20/10-12 AM 02.MTS,4791.03,5.127,Inactive,Male,,,,3.5,1,2.5,No,No,17,898.227
D:/Pipefish Mesocosm Film/Trial 8/10-12-20/10-12 AM 02.MTS,4796.158,5.885,Wiggle,Male,Active wiggle,Female,3,3.5,1,2.5,No,No,17,898.227
D:/Pipefish Mesocosm Film/Trial 8/10-12-20/10-12 AM 02.MTS,4802.044,20.793,Out of sight,Male,,,,3.5,1,2.5,No,No,17,898.227
D:/Pipefish Mesocosm Film/Trial 8/10-12-20/10-12 AM 02.MTS,4811.257,8.549,Out of sight,Female,,,,3.5,1,2.5,No,No,17,898.227
D:/Pipefish Mesocosm Film/Trial 8/10-12-20/10-12 AM 02.MTS,4819.807,19.932,Inactive,Female,,,,3.5,1,2.5,No,No,17,898.227
D:/Pipefish Mesocosm Film/Trial 8/10-12-20/10-12 AM 02.MTS,4822.838,2.374,Wiggle,Male,Active wiggle,Female,3,3.5,1,2.5,No,No,17,898.227
D:/Pipefish Mesocosm Film/Trial 8/10-12-20/10-12 AM 02.MTS,4825.213,16.139,Inactive,Male,,,,3.5,1,2.5,No,No,17,898.227
D:/Pipefish Mesocosm Film/Trial 8/10-12-20/10-12 AM 02.MTS,4839.74,4.459,Pose,Female,S pose,Male,Front,3.5,1,2.5,No,No,17,898.227
D:/Pipefish Mesocosm Film/Trial 8/10-12-20/10-12 AM 02.MTS,4841.353,0.949,Wiggle,Male,Active wiggle,Female,4,3.5,1,2.5,No,No,17,898.227
D:/Pipefish Mesocosm Film/Trial 8/10-12-20/10-12 AM 02.MTS,4842.303,50.038,Inactive,Male,,,,3.5,1,2.5,No,No,17,898.227
D:/Pipefish Mesocosm Film/Trial 8/10-12-20/10-12 AM 02.MTS,4844.2,63.994,Inactive,Female,,,,3.5,1,2.5,No,No,17,898.227
D:/Pipefish Mesocosm Film/Trial 8/10-12-20/10-12 AM 02.MTS,4892.342,2.37,Wiggle,Male,Active wiggle,Female,3,3.5,1,2.5,No,No,17,898.227
D:/Pipefish Mesocosm Film/Trial 8/10-12-20/10-12 AM 02.MTS,4894.713,16.516,Inactive,Male,,,,3.5,1,2.5,No,No,17,898.227
D:/Pipefish Mesocosm Film/Trial 8/10-12-20/10-12 AM 02.MTS,4908.195,15.572,Out of sight,Female,,,,3.5,1,2.5,No,No,17,898.227
D:/Pipefish Mesocosm Film/Trial 8/10-12-20/10-12 AM 02.MTS,4911.23,10.823,Out of sight,Male,,,,3.5,1,2.5,No,No,17,898.227
D:/Pipefish Mesocosm Film/Trial 8/10-12-20/10-12 AM 02.MTS,4922.054,12.535,Inactive,Male,,,,3.5,1,2.5,No,No,17,898.227
D:/Pipefish Mesocosm Film/Trial 8/10-12-20/10-12 AM 02.MTS,4923.768,148.017,Inactive,Female,,,,3.5,1,2.5,No,No,17,898.227
D:/Pipefish Mesocosm Film/Trial 8/10-12-20/10-12 AM 02.MTS,4934.59,5.793,Wiggle,Male,Active wiggle,Female,4,3.5,1,2.5,No,No,17,898.227
D:/Pipefish Mesocosm Film/Trial 8/10-12-20/10-12 AM 02.MTS,4940.384,19.271,Inactive,Male,,,,3.5,1,2.5,No,No,17,898.227
D:/Pipefish Mesocosm Film/Trial 8/10-12-20/10-12 AM 02.MTS,4959.656,2.085,Wiggle,Male,Subtle wiggle,Female,4,3.5,1,2.5,No,No,17,898.227
D:/Pipefish Mesocosm Film/Trial 8/10-12-20/10-12 AM 02.MTS,4961.742,0.098,Inactive,Male,,,,3.5,1,2.5,No,No,17,898.227
D:/Pipefish Mesocosm Film/Trial 8/10-12-20/10-12 AM 02.MTS,4961.841,4.557,Wiggle,Male,Active wiggle,Female,3,3.5,1,2.5,No,No,17,898.227
D:/Pipefish Mesocosm Film/Trial 8/10-12-20/10-12 AM 02.MTS,4966.399,30.189,Inactive,Male,,,,3.5,1,2.5,No,No,17,898.227
D:/Pipefish Mesocosm Film/Trial 8/10-12-20/10-12 AM 02.MTS,4996.589,4.555,Wiggle,Male,Active wiggle,Female,3,3.5,1,2.5,No,No,17,898.227
D:/Pipefish Mesocosm Film/Trial 8/10-12-20/10-12 AM 02.MTS,5001.145,9.778,Inactive,Male,,,,3.5,1,2.5,No,No,17,898.227
D:/Pipefish Mesocosm Film/Trial 8/10-12-20/10-12 AM 02.MTS,5010.924,2.847,Wiggle,Male,Active wiggle,Female,3,3.5,1,2.5,No,No,17,898.227
D:/Pipefish Mesocosm Film/Trial 8/10-12-20/10-12 AM 02.MTS,5013.772,59.439,Inactive,Male,,,,3.5,1,2.5,No,No,17,898.227
D:/Pipefish Mesocosm Film/Trial 8/10-12-20/10-12 AM 02.MTS,5071.786,12.245,Pose,Female,S pose,Male,Front,3.5,1,2.5,No,No,17,898.227
D:/Pipefish Mesocosm Film/Trial 8/10-12-20/10-12 AM 02.MTS,5073.212,3.605,Wiggle,Male,Active wiggle,Female,4,3.5,1,2.5,No,No,17,898.227
D:/Pipefish Mesocosm Film/Trial 8/10-12-20/10-12 AM 02.MTS,5076.818,59.435,Inactive,Male,,,,3.5,1,2.5,No,No,17,898.227
D:/Pipefish Mesocosm Film/Trial 8/10-12-20/10-12 AM 02.MTS,5084.032,102.919,Inactive,Female,,,,3.5,1,2.5,No,No,17,898.227
D:/Pipefish Mesocosm Film/Trial 8/10-12-20/10-12 AM 02.MTS,5136.254,2.088,Wiggle,Male,Active wiggle,Female,3,3.5,1,2.5,No,No,17,898.227
D:/Pipefish Mesocosm Film/Trial 8/10-12-20/10-12 AM 02.MTS,5138.343,32.183,Inactive,Male,,,,3.5,1,2.5,No,No,17,898.227
D:/Pipefish Mesocosm Film/Trial 8/10-12-20/10-12 AM 02.MTS,5170.527,3.607,Wiggle,Male,Active wiggle,Female,4,3.5,1,2.5,No,No,17,898.227
D:/Pipefish Mesocosm Film/Trial 8/10-12-20/10-12 AM 02.MTS,5174.135,34.467,Inactive,Male,,,,3.5,1,2.5,No,No,17,898.227
D:/Pipefish Mesocosm Film/Trial 8/10-12-20/10-12 AM 02.MTS,5186.952,19.369,Out of sight,Female,,,,3.5,1,2.5,No,No,17,898.227
D:/Pipefish Mesocosm Film/Trial 8/10-12-20/10-12 AM 02.MTS,5206.322,68.168,Inactive,Female,,,,3.5,1,2.5,No,No,17,898.227
D:/Pipefish Mesocosm Film/Trial 8/10-12-20/10-12 AM 02.MTS,5208.603,3.418,Wiggle,Male,Subtle wiggle,Female,4,3.5,1,2.5,No,No,17,898.227
D:/Pipefish Mesocosm Film/Trial 8/10-12-20/10-12 AM 02.MTS,5212.022,64.843,Inactive,Male,,,,3.5,1,2.5,No,No,17,898.227
D:/Pipefish Mesocosm Film/Trial 8/10-12-20/10-12 AM 02.MTS,5274.491,5.981,Pose,Female,S pose,Male,Front,3.5,1,2.5,No,No,17,898.227
D:/Pipefish Mesocosm Film/Trial 8/10-12-20/10-12 AM 02.MTS,5276.866,4.176,Wiggle,Male,Active wiggle,Female,4,3.5,1,2.5,No,No,17,898.227
D:/Pipefish Mesocosm Film/Trial 8/10-12-20/10-12 AM 02.MTS,5280.473,246.575,Inactive,Female,,,,3.5,1,2.5,No,No,17,898.227
D:/Pipefish Mesocosm Film/Trial 8/10-12-20/10-12 AM 02.MTS,5281.043,1.992,Inactive,Male,,,,3.5,1,2.5,No,No,17,898.227
D:/Pipefish Mesocosm Film/Trial 8/10-12-20/10-12 AM 02.MTS,5283.036,2.468,Wiggle,Male,Active wiggle,Female,4,3.5,1,2.5,No,No,17,898.227
D:/Pipefish Mesocosm Film/Trial 8/10-12-20/10-12 AM 02.MTS,5285.505,12.247,Inactive,Male,,,,3.5,1,2.5,No,No,17,898.227
D:/Pipefish Mesocosm Film/Trial 8/10-12-20/10-12 AM 02.MTS,5297.753,2.371,Wiggle,Male,Subtle wiggle,Female,4,3.5,1,2.5,No,No,17,898.227
D:/Pipefish Mesocosm Film/Trial 8/10-12-20/10-12 AM 02.MTS,5300.125,1.994,Inactive,Male,,,,3.5,1,2.5,No,No,17,898.227
D:/Pipefish Mesocosm Film/Trial 8/10-12-20/10-12 AM 02.MTS,5302.12,2.848,Wiggle,Male,Active wiggle,Female,4,3.5,1,2.5,No,No,17,898.227
D:/Pipefish Mesocosm Film/Trial 8/10-12-20/10-12 AM 02.MTS,5304.969,49.939,Inactive,Male,,,,3.5,1,2.5,No,No,17,898.227
D:/Pipefish Mesocosm Film/Trial 8/10-12-20/10-12 AM 02.MTS,5354.909,5.317,Wiggle,Male,Subtle wiggle,Female,3,3.5,1,2.5,No,No,17,898.227
D:/Pipefish Mesocosm Film/Trial 8/10-12-20/10-12 AM 02.MTS,5360.227,107.574,Inactive,Male,,,,3.5,1,2.5,No,No,17,898.227
D:/Pipefish Mesocosm Film/Trial 8/10-12-20/10-12 AM 02.MTS,5467.803,6.736,Wiggle,Male,Active wiggle,Female,3,3.5,1,2.5,No,No,17,898.227
D:/Pipefish Mesocosm Film/Trial 8/10-12-20/10-12 AM 02.MTS,5474.54,1.71,Inactive,Male,,,,3.5,1,2.5,No,No,17,898.227
D:/Pipefish Mesocosm Film/Trial 8/10-12-20/10-12 AM 02.MTS,5476.251,6.264,Wiggle,Male,Active wiggle,Female,5,3.5,1,2.5,No,No,17,898.227
D:/Pipefish Mesocosm Film/Trial 8/10-12-20/10-12 AM 02.MTS,5482.516,47.281,Inactive,Male,,,,3.5,1,2.5,No,No,17,898.227
D:/Pipefish Mesocosm Film/Trial 8/10-12-20/10-12 AM 02.MTS,5527.049,8.161,Pose,Female,S pose,Male,Front,3.5,1,2.5,No,No,17,898.227
D:/Pipefish Mesocosm Film/Trial 8/10-12-20/10-12 AM 02.MTS,5529.798,1.899,Wiggle,Male,Subtle wiggle,Female,3,3.5,1,2.5,No,No,17,898.227
D:/Pipefish Mesocosm Film/Trial 8/10-12-20/10-12 AM 02.MTS,5531.698,1.612,Wiggle,Male,Active wiggle,Female,4,3.5,1,2.5,No,No,17,898.227
D:/Pipefish Mesocosm Film/Trial 8/10-12-20/10-12 AM 02.MTS,5533.311,46.144,Inactive,Male,,,,3.5,1,2.5,No,No,17,898.227
D:/Pipefish Mesocosm Film/Trial 8/10-12-20/10-12 AM 02.MTS,5535.211,77.284,Inactive,Female,,,,3.5,1,2.5,No,No,17,898.227
D:/Pipefish Mesocosm Film/Trial 8/10-12-20/10-12 AM 02.MTS,5579.456,4.081,Wiggle,Male,Active wiggle,Female,3,3.5,1,2.5,No,No,17,898.227
D:/Pipefish Mesocosm Film/Trial 8/10-12-20/10-12 AM 02.MTS,5583.538,29.811,Inactive,Male,,,,3.5,1,2.5,No,No,17,898.227
D:/Pipefish Mesocosm Film/Trial 8/10-12-20/10-12 AM 02.MTS,5612.496,7.123,Pose,Female,S pose,Male,Front,3.5,1,2.5,No,No,17,898.227
D:/Pipefish Mesocosm Film/Trial 8/10-12-20/10-12 AM 02.MTS,5613.35,3.797,Wiggle,Male,Active wiggle,Female,2,3.5,1,2.5,No,No,17,898.227
D:/Pipefish Mesocosm Film/Trial 8/10-12-20/10-12 AM 02.MTS,5617.148,2.847,Inactive,Male,,,,3.5,1,2.5,No,No,17,898.227
D:/Pipefish Mesocosm Film/Trial 8/10-12-20/10-12 AM 02.MTS,5619.62,43.956,Inactive,Female,,,,3.5,1,2.5,No,No,17,898.227
D:/Pipefish Mesocosm Film/Trial 8/10-12-20/10-12 AM 02.MTS,5619.996,2.373,Wiggle,Male,Active wiggle,Female,3,3.5,1,2.5,No,No,17,898.227
D:/Pipefish Mesocosm Film/Trial 8/10-12-20/10-12 AM 02.MTS,5622.37,61.377,Inactive,Male,,,,3.5,1,2.5,No,No,17,898.227
D:/Pipefish Mesocosm Film/Trial 8/10-12-20/10-12 AM 02.MTS,5663.577,4.272,Out of sight,Female,,,,3.5,1,2.5,No,No,17,898.227
D:/Pipefish Mesocosm Film/Trial 8/10-12-20/10-12 AM 02.MTS,5667.85,10.861,Inactive,Female,,,,3.5,1,2.5,No,No,17,898.227
D:/Pipefish Mesocosm Film/Trial 8/10-12-20/10-12 AM 02.MTS,5678.712,5.035,Out of sight,Female,,,,3.5,1,2.5,No,No,17,898.227
D:/Pipefish Mesocosm Film/Trial 8/10-12-20/10-12 AM 03.MTS,5706.914,1.806,Wiggle,Male,Subtle wiggle,Female,5,4,1,3,No,No,18,609.36
D:/Pipefish Mesocosm Film/Trial 8/10-12-20/10-12 AM 03.MTS,5707.199,74.626,Inactive,Female,,,,4,1,3,No,No,18,609.36
D:/Pipefish Mesocosm Film/Trial 8/10-12-20/10-12 AM 03.MTS,5708.721,63.516,Inactive,Male,,,,4,1,3,No,No,18,609.36
D:/Pipefish Mesocosm Film/Trial 8/10-12-20/10-12 AM 03.MTS,5772.238,3.606,Wiggle,Male,Active wiggle,Female,3,4,1,3,No,No,18,609.36
D:/Pipefish Mesocosm Film/Trial 8/10-12-20/10-12 AM 03.MTS,5775.845,25.349,Inactive,Male,,,,4,1,3,No,No,18,609.36
D:/Pipefish Mesocosm Film/Trial 8/10-12-20/10-12 AM 03.MTS,5781.826,7.313,Pose,Female,S pose,Male,Front,4,1,3,No,No,18,609.36
D:/Pipefish Mesocosm Film/Trial 8/10-12-20/10-12 AM 03.MTS,5789.14,8.259,Inactive,Female,,,,4,1,3,No,No,18,609.36
D:/Pipefish Mesocosm Film/Trial 8/10-12-20/10-12 AM 03.MTS,5797.4,5.693,Pose,Female,S pose,Male,Front,4,1,3,No,No,18,609.36
D:/Pipefish Mesocosm Film/Trial 8/10-12-20/10-12 AM 03.MTS,5801.195,2.564,Wiggle,Male,Active wiggle,Female,3,4,1,3,No,No,18,609.36
D:/Pipefish Mesocosm Film/Trial 8/10-12-20/10-12 AM 03.MTS,5803.094,18.135,Inactive,Female,,,,4,1,3,No,No,18,609.36
D:/Pipefish Mesocosm Film/Trial 8/10-12-20/10-12 AM 03.MTS,5803.76,2.277,Inactive,Male,,,,4,1,3,No,No,18,609.36
D:/Pipefish Mesocosm Film/Trial 8/10-12-20/10-12 AM 03.MTS,5806.038,8.26,Out of sight,Male,,,,4,1,3,No,No,18,609.36
D:/Pipefish Mesocosm Film/Trial 8/10-12-20/10-12 AM 03.MTS,5814.299,6.36,Wiggle,Male,Active wiggle,Female,4,4,1,3,No,No,18,609.36
D:/Pipefish Mesocosm Film/Trial 8/10-12-20/10-12 AM 03.MTS,5820.66,24.209,Inactive,Male,,,,4,1,3,No,No,18,609.36
D:/Pipefish Mesocosm Film/Trial 8/10-12-20/10-12 AM 03.MTS,5821.23,8.638,Pose,Female,Non-s pose,Male,Front,4,1,3,No,No,18,609.36
D:/Pipefish Mesocosm Film/Trial 8/10-12-20/10-12 AM 03.MTS,5829.869,99.692,Inactive,Female,,,,4,1,3,No,No,18,609.36
D:/Pipefish Mesocosm Film/Trial 8/10-12-20/10-12 AM 03.MTS,5844.87,1.804,Wiggle,Male,Active wiggle,Female,4,4,1,3,No,No,18,609.36
D:/Pipefish Mesocosm Film/Trial 8/10-12-20/10-12 AM 03.MTS,5846.675,35.506,Inactive,Male,,,,4,1,3,No,No,18,609.36
D:/Pipefish Mesocosm Film/Trial 8/10-12-20/10-12 AM 03.MTS,5882.182,6.837,Wiggle,Male,Active wiggle,Female,4,4,1,3,No,No,18,609.36
D:/Pipefish Mesocosm Film/Trial 8/10-12-20/10-12 AM 03.MTS,5889.02,38.926,Inactive,Male,,,,4,1,3,No,No,18,609.36
D:/Pipefish Mesocosm Film/Trial 8/10-12-20/10-12 AM 03.MTS,5927.947,1.992,Out of sight,Male,,,,4,1,3,No,No,18,609.36
D:/Pipefish Mesocosm Film/Trial 8/10-12-20/10-12 AM 03.MTS,5929.562,7.88,Pose,Female,S pose,Male,Front,4,1,3,No,No,18,609.36
D:/Pipefish Mesocosm Film/Trial 8/10-12-20/10-12 AM 03.MTS,5929.94,2.657,Wiggle,Male,Active wiggle,Female,4,4,1,3,No,No,18,609.36
D:/Pipefish Mesocosm Film/Trial 8/10-12-20/10-12 AM 03.MTS,5932.598,21.079,Inactive,Male,,,,4,1,3,No,No,18,609.36
D:/Pipefish Mesocosm Film/Trial 8/10-12-20/10-12 AM 03.MTS,5937.443,111.09,Inactive,Female,,,,4,1,3,No,No,18,609.36
D:/Pipefish Mesocosm Film/Trial 8/10-12-20/10-12 AM 03.MTS,5953.678,2.846,Wiggle,Male,Active wiggle,Female,5,4,1,3,No,No,18,609.36
D:/Pipefish Mesocosm Film/Trial 8/10-12-20/10-12 AM 03.MTS,5956.525,39.876,Inactive,Male,,,,4,1,3,No,No,18,609.36
D:/Pipefish Mesocosm Film/Trial 8/10-12-20/10-12 AM 03.MTS,5996.402,3.892,Wiggle,Male,Active wiggle,Female,4,4,1,3,No,No,18,609.36
D:/Pipefish Mesocosm Film/Trial 8/10-12-20/10-12 AM 03.MTS,6000.295,3.701,Inactive,Male,,,,4,1,3,No,No,18,609.36
D:/Pipefish Mesocosm Film/Trial 8/10-12-20/10-12 AM 03.MTS,6003.997,4.368,Wiggle,Male,Active wiggle,Female,4,4,1,3,No,No,18,609.36
D:/Pipefish Mesocosm Film/Trial 8/10-12-20/10-12 AM 03.MTS,6008.366,9.966,Inactive,Male,,,,4,1,3,No,No,18,609.36
D:/Pipefish Mesocosm Film/Trial 8/10-12-20/10-12 AM 03.MTS,6018.333,1.899,Wiggle,Male,Active wiggle,Female,4,4,1,3,No,No,18,609.36
D:/Pipefish Mesocosm Film/Trial 8/10-12-20/10-12 AM 03.MTS,6020.233,55.449,Inactive,Male,,,,4,1,3,No,No,18,609.36
D:/Pipefish Mesocosm Film/Trial 8/10-12-20/10-12 AM 03.MTS,6048.534,8.064,Out of sight,Female,,,,4,1,3,No,No,18,609.36
D:/Pipefish Mesocosm Film/Trial 8/10-12-20/10-12 AM 03.MTS,6056.599,28.577,Inactive,Female,,,,4,1,3,No,No,18,609.36
D:/Pipefish Mesocosm Film/Trial 8/10-12-20/10-12 AM 03.MTS,6075.683,2.371,Wiggle,Male,Active wiggle,Female,5,4,1,3,No,No,18,609.36
D:/Pipefish Mesocosm Film/Trial 8/10-12-20/10-12 AM 03.MTS,6078.055,27.343,Inactive,Male,,,,4,1,3,No,No,18,609.36
D:/Pipefish Mesocosm Film/Trial 8/10-12-20/10-12 AM 03.MTS,6085.177,21.839,Out of sight,Female,,,,4,1,3,No,No,18,609.36
D:/Pipefish Mesocosm Film/Trial 8/10-12-20/10-12 AM 03.MTS,6105.399,4.843,Out of sight,Male,,,,4,1,3,No,No,18,609.36
D:/Pipefish Mesocosm Film/Trial 8/10-12-20/10-12 AM 03.MTS,6107.017,21.268,Inactive,Female,,,,4,1,3,No,No,18,609.36
D:/Pipefish Mesocosm Film/Trial 8/10-12-20/10-12 AM 03.MTS,6110.243,4.934,Wiggle,Male,Subtle wiggle,Female,4,4,1,3,No,No,18,609.36
D:/Pipefish Mesocosm Film/Trial 8/10-12-20/10-12 AM 03.MTS,6115.178,43.2,Inactive,Male,,,,4,1,3,No,No,18,609.36
D:/Pipefish Mesocosm Film/Trial 8/10-12-20/10-12 AM 03.MTS,6128.286,8.072,Out of sight,Female,,,,4,1,3,No,No,18,609.36
D:/Pipefish Mesocosm Film/Trial 8/10-12-20/10-12 AM 03.MTS,6136.359,112.984,Inactive,Female,,,,4,1,3,No,No,18,609.36
D:/Pipefish Mesocosm Film/Trial 8/10-12-20/10-12 AM 03.MTS,6158.379,2.657,Wiggle,Male,Subtle wiggle,Female,4,4,1,3,No,No,18,609.36
D:/Pipefish Mesocosm Film/Trial 8/10-12-20/10-12 AM 03.MTS,6161.037,38.073,Inactive,Male,,,,4,1,3,No,No,18,609.36
D:/Pipefish Mesocosm Film/Trial 8/10-12-20/10-12 AM 03.MTS,6199.111,8.732,Wiggle,Male,Active wiggle,Female,3,4,1,3,No,No,18,609.36
D:/Pipefish Mesocosm Film/Trial 8/10-12-20/10-12 AM 03.MTS,6207.844,4.085,Inactive,Male,,,,4,1,3,No,No,18,609.36
D:/Pipefish Mesocosm Film/Trial 8/10-12-20/10-12 AM 03.MTS,6211.93,1.325,Wiggle,Male,Active wiggle,Female,4,4,1,3,No,No,18,609.36
D:/Pipefish Mesocosm Film/Trial 8/10-12-20/10-12 AM 03.MTS,6213.256,29.056,Inactive,Male,,,,4,1,3,No,No,18,609.36
D:/Pipefish Mesocosm Film/Trial 8/10-12-20/10-12 AM 03.MTS,6242.313,8.543,Wiggle,Male,Active wiggle,Female,4,4,1,3,No,No,18,609.36
D:/Pipefish Mesocosm Film/Trial 8/10-12-20/10-12 AM 03.MTS,6249.344,4.362,Pose,Female,S pose,Male,Front,4,1,3,No,No,18,609.36
D:/Pipefish Mesocosm Film/Trial 8/10-12-20/10-12 AM 03.MTS,6250.857,41.393,Inactive,Male,,,,4,1,3,No,No,18,609.36
D:/Pipefish Mesocosm Film/Trial 8/10-12-20/10-12 AM 03.MTS,6253.707,5.031,Inactive,Female,,,,4,1,3,No,No,18,609.36
D:/Pipefish Mesocosm Film/Trial 8/10-12-20/10-12 AM 03.MTS,6258.739,10.819,Out of sight,Female,,,,4,1,3,No,No,18,609.36
D:/Pipefish Mesocosm Film/Trial 8/10-12-20/10-12 AM 03.MTS,6269.559,21.078,Inactive,Female,,,,4,1,3,No,No,18,609.36
D:/Pipefish Mesocosm Film/Trial 8/10-12-20/10-12 AM 03.MTS,6290.638,12.15,Out of sight,Female,,,,4,1,3,No,No,18,609.36
D:/Pipefish Mesocosm Film/Trial 8/10-12-20/10-12 AM 03.MTS,6292.251,12.534,Out of sight,Male,,,,4,1,3,No,No,18,609.36
D:/Pipefish Mesocosm Film/Trial 8/10-12-20/10-12 AM 03.MTS,6302.789,12.725,Inactive,Female,,,,4,1,3,No,No,18,609.36
D:/Pipefish Mesocosm Film/Trial 8/10-12-20/10-12 AM 03.MTS,6304.786,10.728,Inactive,Male,,,,4,1,3,No,No,18,609.36
D:/Pipefish Mesocosm Film/Trial 8/10-12-20/10-12 AM 03.MTS,6375.618,4.933,Pose,Female,Non-s pose,Male,Front,4,1,3,No,No,19,228.242
D:/Pipefish Mesocosm Film/Trial 8/10-12-20/10-12 AM 03.MTS,6375.939,54.266,Inactive,Male,,,,4,1,3,No,No,19,228.242
D:/Pipefish Mesocosm Film/Trial 8/10-12-20/10-12 AM 03.MTS,6380.552,28.48,Out of sight,Female,,,,4,1,3,No,No,19,228.242
D:/Pipefish Mesocosm Film/Trial 8/10-12-20/10-12 AM 03.MTS,6409.033,9.115,Inactive,Female,,,,4,1,3,No,No,19,228.242
D:/Pipefish Mesocosm Film/Trial 8/10-12-20/10-12 AM 03.MTS,6418.149,8.542,Out of sight,Female,,,,4,1,3,No,No,19,228.242
D:/Pipefish Mesocosm Film/Trial 8/10-12-20/10-12 AM 03.MTS,6426.692,49.656,Inactive,Female,,,,4,1,3,No,No,19,228.242
D:/Pipefish Mesocosm Film/Trial 8/10-12-20/10-12 AM 03.MTS,6430.206,4.747,Wiggle,Male,Active wiggle,Female,4,4,1,3,No,No,19,228.242
D:/Pipefish Mesocosm Film/Trial 8/10-12-20/10-12 AM 03.MTS,6434.954,14.718,Inactive,Male,,,,4,1,3,No,No,19,228.242
D:/Pipefish Mesocosm Film/Trial 8/10-12-20/10-12 AM 03.MTS,6449.673,2.655,Wiggle,Male,Active wiggle,Female,3,4,1,3,No,No,19,228.242
D:/Pipefish Mesocosm Film/Trial 8/10-12-20/10-12 AM 03.MTS,6452.329,34.75,Inactive,Male,,,,4,1,3,No,No,19,228.242
D:/Pipefish Mesocosm Film/Trial 8/10-12-20/10-12 AM 03.MTS,6476.349,49.183,Out of sight,Female,,,,4,1,3,No,No,19,228.242
D:/Pipefish Mesocosm Film/Trial 8/10-12-20/10-12 AM 03.MTS,6487.08,2.846,Wiggle,Male,Active wiggle,Female,4,4,1,3,No,No,19,228.242
D:/Pipefish Mesocosm Film/Trial 8/10-12-20/10-12 AM 03.MTS,6489.927,21.363,Inactive,Male,,,,4,1,3,No,No,19,228.242
D:/Pipefish Mesocosm Film/Trial 8/10-12-20/10-12 AM 03.MTS,6511.291,2.845,Wiggle,Male,Active wiggle,Female,5,4,1,3,No,No,19,228.242
D:/Pipefish Mesocosm Film/Trial 8/10-12-20/10-12 AM 03.MTS,6514.137,11.773,Inactive,Male,,,,4,1,3,No,No,19,228.242
D:/Pipefish Mesocosm Film/Trial 8/10-12-20/10-12 AM 03.MTS,6525.533,7.597,Inactive,Female,,,,4,1,3,No,No,19,228.242
D:/Pipefish Mesocosm Film/Trial 8/10-12-20/10-12 AM 03.MTS,6525.911,2.942,Wiggle,Male,Active wiggle,Female,4,4,1,3,No,No,19,228.242
D:/Pipefish Mesocosm Film/Trial 8/10-12-20/10-12 AM 03.MTS,6528.854,11.108,Inactive,Male,,,,4,1,3,No,No,19,228.242
D:/Pipefish Mesocosm Film/Trial 8/10-12-20/10-12 AM 03.MTS,6533.131,10.629,Pose,Female,Non-s pose,Male,Front,4,1,3,No,No,19,228.242
D:/Pipefish Mesocosm Film/Trial 8/10-12-20/10-12 AM 03.MTS,6539.963,3.795,Wiggle,Male,Subtle wiggle,Female,4,4,1,3,No,No,19,228.242
D:/Pipefish Mesocosm Film/Trial 8/10-12-20/10-12 AM 03.MTS,6543.759,10.539,Inactive,Male,,,,4,1,3,No,No,19,228.242
D:/Pipefish Mesocosm Film/Trial 8/10-12-20/10-12 AM 03.MTS,6543.761,59.91,Inactive,Female,,,,4,1,3,No,No,19,228.242
D:/Pipefish Mesocosm Film/Trial 8/10-12-20/10-12 AM 03.MTS,6554.299,49.372,Surrounding,Male,,,,4,1,3,No,No,19,228.242
D:/Pipefish Mesocosm Film/Trial 8/10-12-20/10-12 AM 03.MTS,6704.408,2.847,Wiggle,Male,Subtle wiggle,Female,2,2.5,1,1.5,No,No,20,115.926
D:/Pipefish Mesocosm Film/Trial 8/10-12-20/10-12 AM 03.MTS,6704.976,114.98,Inactive,Female,,,,2.5,1,1.5,No,No,20,115.926
D:/Pipefish Mesocosm Film/Trial 8/10-12-20/10-12 AM 03.MTS,6707.256,45.007,Inactive,Male,,,,2.5,1,1.5,No,No,20,115.926
D:/Pipefish Mesocosm Film/Trial 8/10-12-20/10-12 AM 03.MTS,6752.264,6.071,Wiggle,Male,Active wiggle,Female,3,2.5,1,1.5,No,No,20,115.926
D:/Pipefish Mesocosm Film/Trial 8/10-12-20/10-12 AM 03.MTS,6758.336,61.62,Inactive,Male,,,,2.5,1,1.5,No,No,20,115.926
D:/Pipefish Mesocosm Film/Trial 8/10-12-20/10-12 AM 03.MTS,6839.324,2.566,Wiggle,Male,Active wiggle,Female,4,4,1,3,No,No,21,63.994
D:/Pipefish Mesocosm Film/Trial 8/10-12-20/10-12 AM 03.MTS,6840.09,2.463,Pose,Female,S pose,Male,Front,4,1,3,No,No,21,63.994
D:/Pipefish Mesocosm Film/Trial 8/10-12-20/10-12 AM 03.MTS,6841.891,61.332,Inactive,Male,,,,4,1,3,No,No,21,63.994
D:/Pipefish Mesocosm Film/Trial 8/10-12-20/10-12 AM 03.MTS,6842.554,60.669,Inactive,Female,,,,4,1,3,No,No,21,63.994
D:/Pipefish Mesocosm Film/Trial 8/10-12-20/10-12 AM 03.MTS,7047.539,1.898,Wiggle,Male,Active wiggle,Female,4,4,1,3,No,No,22,141.183
D:/Pipefish Mesocosm Film/Trial 8/10-12-20/10-12 AM 03.MTS,7047.841,140.123,Inactive,Female,,,,4,1,3,No,No,22,141.183
D:/Pipefish Mesocosm Film/Trial 8/10-12-20/10-12 AM 03.MTS,7049.438,42.156,Inactive,Male,,,,4,1,3,No,No,22,141.183
D:/Pipefish Mesocosm Film/Trial 8/10-12-20/10-12 AM 03.MTS,7091.595,3.321,Wiggle,Male,Active wiggle,Female,4,4,1,3,No,No,22,141.183
D:/Pipefish Mesocosm Film/Trial 8/10-12-20/10-12 AM 03.MTS,7094.917,27.627,Inactive,Male,,,,4,1,3,No,No,22,141.183
D:/Pipefish Mesocosm Film/Trial 8/10-12-20/10-12 AM 03.MTS,7122.545,5.223,Wiggle,Male,Active wiggle,Female,4,4,1,3,No,No,22,141.183
D:/Pipefish Mesocosm Film/Trial 8/10-12-20/10-12 AM 03.MTS,7127.769,60.195,Inactive,Male,,,,4,1,3,No,No,22,141.183
D:/Pipefish Mesocosm Film/Trial 8/10-12-20/10-12 AM 03.MTS,7252.813,16.043,Pose,Female,S pose,Male,Front,4,1,3,No,No,23,30.339
D:/Pipefish Mesocosm Film/Trial 8/10-12-20/10-12 AM 03.MTS,7253.38,24.02,Inactive,Male,,,,4,1,3,No,No,23,30.339
D:/Pipefish Mesocosm Film/Trial 8/10-12-20/10-12 AM 03.MTS,7268.857,12.249,Out of sight,Female,,,,4,1,3,No,No,23,30.339
D:/Pipefish Mesocosm Film/Trial 8/10-12-20/10-12 AM 03.MTS,7277.401,4.555,Out of sight,Male,,,,4,1,3,No,No,23,30.339
D:/Pipefish Mesocosm Film/Trial 8/10-12-20/10-12 AM 03.MTS,7281.107,2.043,Inactive,Female,,,,4,1,3,No,No,23,30.339
