media_file_path,time_in_video,Duration,behavior,subject,modifier_1,modifier_2,modifier_3,Group size,Female,Male,Chasing_end,Chase_present,courtship_events,total_time_of_courtship
D:/Pipefish Mesocosm Film/Trial 6/8-12-20/8-12 AM 01.MTS,6.877,5.126,Pose,Female,S pose,Male,Front,2.6,1,1.6,No,No,1,333.539
D:/Pipefish Mesocosm Film/Trial 6/8-12-20/8-12 AM 01.MTS,7.637,2.276,Wiggle,Male,Active wiggle,Female,3,2.6,1,1.6,No,No,1,333.539
D:/Pipefish Mesocosm Film/Trial 6/8-12-20/8-12 AM 01.MTS,9.914,67.127,Inactive,Male,,,,2.6,1,1.6,No,No,1,333.539
D:/Pipefish Mesocosm Film/Trial 6/8-12-20/8-12 AM 01.MTS,12.004,42.441,Inactive,Female,,,,2.6,1,1.6,No,No,1,333.539
D:/Pipefish Mesocosm Film/Trial 6/8-12-20/8-12 AM 01.MTS,54.446,6.989,Pose,Female,S pose,Male,Front,2.6,1,1.6,No,No,1,333.539
D:/Pipefish Mesocosm Film/Trial 6/8-12-20/8-12 AM 01.MTS,61.436,33.929,Inactive,Female,,,,2.6,1,1.6,No,No,1,333.539
D:/Pipefish Mesocosm Film/Trial 6/8-12-20/8-12 AM 01.MTS,77.042,4.747,Wiggle,Male,Active wiggle,Female,3,2.6,1,1.6,No,No,1,333.539
D:/Pipefish Mesocosm Film/Trial 6/8-12-20/8-12 AM 01.MTS,81.79,14.24,Inactive,Male,,,,2.6,1,1.6,No,No,1,333.539
D:/Pipefish Mesocosm Film/Trial 6/8-12-20/8-12 AM 01.MTS,95.366,2.945,Pose,Female,S pose,Male,Front,2.6,1,1.6,No,No,1,333.539
D:/Pipefish Mesocosm Film/Trial 6/8-12-20/8-12 AM 01.MTS,96.031,1.707,Wiggle,Male,Active wiggle,Female,2,2.6,1,1.6,No,No,1,333.539
D:/Pipefish Mesocosm Film/Trial 6/8-12-20/8-12 AM 01.MTS,97.739,11.108,Inactive,Male,,,,2.6,1,1.6,No,No,1,333.539
D:/Pipefish Mesocosm Film/Trial 6/8-12-20/8-12 AM 01.MTS,98.312,26.869,Inactive,Female,,,,2.6,1,1.6,No,No,1,333.539
D:/Pipefish Mesocosm Film/Trial 6/8-12-20/8-12 AM 01.MTS,108.848,5.6,Wiggle,Male,Active wiggle,Female,2,2.6,1,1.6,No,No,1,333.539
D:/Pipefish Mesocosm Film/Trial 6/8-12-20/8-12 AM 01.MTS,114.449,5.981,Inactive,Male,,,,2.6,1,1.6,No,No,1,333.539
D:/Pipefish Mesocosm Film/Trial 6/8-12-20/8-12 AM 01.MTS,120.431,1.899,Wiggle,Male,Active wiggle,Female,2,2.6,1,1.6,No,No,1,333.539
D:/Pipefish Mesocosm Film/Trial 6/8-12-20/8-12 AM 01.MTS,122.331,4.366,Inactive,Male,,,,2.6,1,1.6,No,No,1,333.539
D:/Pipefish Mesocosm Film/Trial 6/8-12-20/8-12 AM 01.MTS,125.182,5.626,Pose,Female,S pose,Male,Front,2.6,1,1.6,No,No,1,333.539
D:/Pipefish Mesocosm Film/Trial 6/8-12-20/8-12 AM 01.MTS,126.698,1.329,Wiggle,Male,Active wiggle,Female,3,2.6,1,1.6,No,No,1,333.539
D:/Pipefish Mesocosm Film/Trial 6/8-12-20/8-12 AM 01.MTS,128.028,43.672,Inactive,Male,,,,2.6,1,1.6,No,No,1,333.539
D:/Pipefish Mesocosm Film/Trial 6/8-12-20/8-12 AM 01.MTS,130.809,40.041,Inactive,Female,,,,2.6,1,1.6,No,No,1,333.539
D:/Pipefish Mesocosm Film/Trial 6/8-12-20/8-12 AM 01.MTS,170.851,2.748,Pose,Female,S pose,Male,Front,2.6,1,1.6,No,No,1,333.539
D:/Pipefish Mesocosm Film/Trial 6/8-12-20/8-12 AM 01.MTS,171.701,1.613,Wiggle,Male,Active wiggle,Female,2,2.6,1,1.6,No,No,1,333.539
D:/Pipefish Mesocosm Film/Trial 6/8-12-20/8-12 AM 01.MTS,173.315,28.006,Inactive,Male,,,,2.6,1,1.6,No,No,1,333.539
D:/Pipefish Mesocosm Film/Trial 6/8-12-20/8-12 AM 01.MTS,173.6,5.155,Inactive,Female,,,,2.6,1,1.6,No,No,1,333.539
D:/Pipefish Mesocosm Film/Trial 6/8-12-20/8-12 AM 01.MTS,178.756,11.102,Pose,Female,S pose,Male,Front,2.6,1,1.6,No,No,1,333.539
D:/Pipefish Mesocosm Film/Trial 6/8-12-20/8-12 AM 01.MTS,189.859,8.807,Inactive,Female,,,,2.6,1,1.6,No,No,1,333.539
D:/Pipefish Mesocosm Film/Trial 6/8-12-20/8-12 AM 01.MTS,198.667,2.371,Pose,Female,S pose,Male,Front,2.6,1,1.6,No,No,1,333.539
D:/Pipefish Mesocosm Film/Trial 6/8-12-20/8-12 AM 01.MTS,201.039,4.747,Inactive,Female,,,,2.6,1,1.6,No,No,1,333.539
D:/Pipefish Mesocosm Film/Trial 6/8-12-20/8-12 AM 01.MTS,201.322,1.708,Wiggle,Male,Active wiggle,Female,3,2.6,1,1.6,No,No,1,333.539
D:/Pipefish Mesocosm Film/Trial 6/8-12-20/8-12 AM 01.MTS,203.031,20.886,Inactive,Male,,,,2.6,1,1.6,No,No,1,333.539
D:/Pipefish Mesocosm Film/Trial 6/8-12-20/8-12 AM 01.MTS,205.787,3.475,Pose,Female,S pose,Male,Front,2.6,1,1.6,No,No,1,333.539
D:/Pipefish Mesocosm Film/Trial 6/8-12-20/8-12 AM 01.MTS,209.263,19.503,Inactive,Female,,,,2.6,1,1.6,No,No,1,333.539
D:/Pipefish Mesocosm Film/Trial 6/8-12-20/8-12 AM 01.MTS,223.918,2.088,Wiggle,Male,Active wiggle,Female,3,2.6,1,1.6,No,No,1,333.539
D:/Pipefish Mesocosm Film/Trial 6/8-12-20/8-12 AM 01.MTS,226.007,3.797,Inactive,Male,,,,2.6,1,1.6,No,No,1,333.539
D:/Pipefish Mesocosm Film/Trial 6/8-12-20/8-12 AM 01.MTS,228.767,5.689,Pose,Female,Non-s pose,Male,Front,2.6,1,1.6,No,No,1,333.539
D:/Pipefish Mesocosm Film/Trial 6/8-12-20/8-12 AM 01.MTS,229.805,4.177,Wiggle,Male,Active wiggle,Female,3,2.6,1,1.6,No,No,1,333.539
D:/Pipefish Mesocosm Film/Trial 6/8-12-20/8-12 AM 01.MTS,233.983,20.603,Inactive,Male,,,,2.6,1,1.6,No,No,1,333.539
D:/Pipefish Mesocosm Film/Trial 6/8-12-20/8-12 AM 01.MTS,234.457,38.454,Inactive,Female,,,,2.6,1,1.6,No,No,1,333.539
D:/Pipefish Mesocosm Film/Trial 6/8-12-20/8-12 AM 01.MTS,254.587,4.366,Wiggle,Male,Active wiggle,Female,2,2.6,1,1.6,No,No,1,333.539
D:/Pipefish Mesocosm Film/Trial 6/8-12-20/8-12 AM 01.MTS,258.954,16.045,Inactive,Male,,,,2.6,1,1.6,No,No,1,333.539
D:/Pipefish Mesocosm Film/Trial 6/8-12-20/8-12 AM 01.MTS,272.912,5.194,Pose,Female,S pose,Male,Front,2.6,1,1.6,No,No,1,333.539
D:/Pipefish Mesocosm Film/Trial 6/8-12-20/8-12 AM 01.MTS,275,4.46,Wiggle,Male,Active wiggle,Female,3,2.6,1,1.6,No,No,1,333.539
D:/Pipefish Mesocosm Film/Trial 6/8-12-20/8-12 AM 01.MTS,278.107,60.32,Inactive,Female,,,,2.6,1,1.6,No,No,1,333.539
D:/Pipefish Mesocosm Film/Trial 6/8-12-20/8-12 AM 01.MTS,279.461,60.67,Inactive,Male,,,,2.6,1,1.6,No,No,1,333.539
D:/Pipefish Mesocosm Film/Trial 6/8-12-20/8-12 AM 01.MTS,341.746,2.372,Wiggle,Male,Active wiggle,Female,3,2.904761905,1.047619048,1.857142857,No,No,2,528.465
D:/Pipefish Mesocosm Film/Trial 6/8-12-20/8-12 AM 01.MTS,342.604,10.728,Inactive,Female,,,,2.904761905,1.047619048,1.857142857,No,No,2,528.465
D:/Pipefish Mesocosm Film/Trial 6/8-12-20/8-12 AM 01.MTS,344.119,2.566,Inactive,Male,,,,2.904761905,1.047619048,1.857142857,No,No,2,528.465
D:/Pipefish Mesocosm Film/Trial 6/8-12-20/8-12 AM 01.MTS,346.686,3.13,Wiggle,Male,Active wiggle,Female,3,2.904761905,1.047619048,1.857142857,No,No,2,528.465
D:/Pipefish Mesocosm Film/Trial 6/8-12-20/8-12 AM 01.MTS,349.817,8.64,Inactive,Male,,,,2.904761905,1.047619048,1.857142857,No,No,2,528.465
D:/Pipefish Mesocosm Film/Trial 6/8-12-20/8-12 AM 01.MTS,353.333,3.228,Pose,Female,Non-s pose,Male,Front,2.904761905,1.047619048,1.857142857,No,No,2,528.465
D:/Pipefish Mesocosm Film/Trial 6/8-12-20/8-12 AM 01.MTS,356.562,2.205,Inactive,Female,,,,2.904761905,1.047619048,1.857142857,No,No,2,528.465
D:/Pipefish Mesocosm Film/Trial 6/8-12-20/8-12 AM 01.MTS,358.458,5.315,Wiggle,Male,Active wiggle,Female,3,2.904761905,1.047619048,1.857142857,No,No,2,528.465
D:/Pipefish Mesocosm Film/Trial 6/8-12-20/8-12 AM 01.MTS,358.768,4.91,Pose,Female,S pose,Male,Front,2.904761905,1.047619048,1.857142857,No,No,2,528.465
D:/Pipefish Mesocosm Film/Trial 6/8-12-20/8-12 AM 01.MTS,363.679,98.839,Inactive,Female,,,,2.904761905,1.047619048,1.857142857,No,No,2,528.465
D:/Pipefish Mesocosm Film/Trial 6/8-12-20/8-12 AM 01.MTS,363.774,23.639,Inactive,Male,,,,2.904761905,1.047619048,1.857142857,No,No,2,528.465
D:/Pipefish Mesocosm Film/Trial 6/8-12-20/8-12 AM 01.MTS,387.414,3.607,Wiggle,Male,Active wiggle,Female,2,2.904761905,1.047619048,1.857142857,No,No,2,528.465
D:/Pipefish Mesocosm Film/Trial 6/8-12-20/8-12 AM 01.MTS,391.022,1.423,Inactive,Male,,,,2.904761905,1.047619048,1.857142857,No,No,2,528.465
D:/Pipefish Mesocosm Film/Trial 6/8-12-20/8-12 AM 01.MTS,392.446,1.993,Wiggle,Male,Active wiggle,Female,3,2.904761905,1.047619048,1.857142857,No,No,2,528.465
D:/Pipefish Mesocosm Film/Trial 6/8-12-20/8-12 AM 01.MTS,394.44,16.898,Inactive,Male,,,,2.904761905,1.047619048,1.857142857,No,No,2,528.465
D:/Pipefish Mesocosm Film/Trial 6/8-12-20/8-12 AM 01.MTS,411.339,1.522,Wiggle,Male,Active wiggle,Female,4,2.904761905,1.047619048,1.857142857,No,No,2,528.465
D:/Pipefish Mesocosm Film/Trial 6/8-12-20/8-12 AM 01.MTS,412.862,29.241,Inactive,Male,,,,2.904761905,1.047619048,1.857142857,No,No,2,528.465
D:/Pipefish Mesocosm Film/Trial 6/8-12-20/8-12 AM 01.MTS,442.104,4.081,Wiggle,Male,Active wiggle,Female,None,2.904761905,1.047619048,1.857142857,No,No,2,528.465
D:/Pipefish Mesocosm Film/Trial 6/8-12-20/8-12 AM 01.MTS,446.186,37.501,Inactive,Male,,,,2.904761905,1.047619048,1.857142857,No,No,2,528.465
D:/Pipefish Mesocosm Film/Trial 6/8-12-20/8-12 AM 01.MTS,462.519,2.399,Pose,Female,Non-s pose,Male,Front,2.904761905,1.047619048,1.857142857,No,No,2,528.465
D:/Pipefish Mesocosm Film/Trial 6/8-12-20/8-12 AM 01.MTS,464.919,21.714,Inactive,Female,,,,2.904761905,1.047619048,1.857142857,No,No,2,528.465
D:/Pipefish Mesocosm Film/Trial 6/8-12-20/8-12 AM 01.MTS,483.688,2.944,Wiggle,Male,Active wiggle,Female,4,2.904761905,1.047619048,1.857142857,No,No,2,528.465
D:/Pipefish Mesocosm Film/Trial 6/8-12-20/8-12 AM 01.MTS,486.633,50.509,Inactive,Male,,,,2.904761905,1.047619048,1.857142857,No,No,2,528.465
D:/Pipefish Mesocosm Film/Trial 6/8-12-20/8-12 AM 01.MTS,486.634,6.325,Pose,Female,S pose,Male,Front,2.904761905,1.047619048,1.857142857,No,No,2,528.465
D:/Pipefish Mesocosm Film/Trial 6/8-12-20/8-12 AM 01.MTS,492.96,41.051,Inactive,Female,,,,2.904761905,1.047619048,1.857142857,No,No,2,528.465
D:/Pipefish Mesocosm Film/Trial 6/8-12-20/8-12 AM 01.MTS,534.012,3.098,Pose,Female,S pose,Male,Front,2.904761905,1.047619048,1.857142857,No,No,2,528.465
D:/Pipefish Mesocosm Film/Trial 6/8-12-20/8-12 AM 01.MTS,537.111,14.433,Inactive,Female,,,,2.904761905,1.047619048,1.857142857,No,No,2,528.465
D:/Pipefish Mesocosm Film/Trial 6/8-12-20/8-12 AM 01.MTS,537.143,4.176,Wiggle,Male,Active wiggle,Female,3,2.904761905,1.047619048,1.857142857,No,No,2,528.465
D:/Pipefish Mesocosm Film/Trial 6/8-12-20/8-12 AM 01.MTS,541.32,11.393,Inactive,Male,,,,2.904761905,1.047619048,1.857142857,No,No,2,528.465
D:/Pipefish Mesocosm Film/Trial 6/8-12-20/8-12 AM 01.MTS,551.545,2.843,Pose,Female,S pose,Male,Front,2.904761905,1.047619048,1.857142857,No,No,2,528.465
D:/Pipefish Mesocosm Film/Trial 6/8-12-20/8-12 AM 01.MTS,552.714,2.466,Wiggle,Male,Active wiggle,Female,3,2.904761905,1.047619048,1.857142857,No,No,2,528.465
D:/Pipefish Mesocosm Film/Trial 6/8-12-20/8-12 AM 01.MTS,554.389,46.777,Inactive,Female,,,,2.904761905,1.047619048,1.857142857,No,No,2,528.465
D:/Pipefish Mesocosm Film/Trial 6/8-12-20/8-12 AM 01.MTS,555.181,14.243,Inactive,Male,,,,2.904761905,1.047619048,1.857142857,No,No,2,528.465
D:/Pipefish Mesocosm Film/Trial 6/8-12-20/8-12 AM 01.MTS,569.425,3.985,Wiggle,Male,Active wiggle,Female,3,2.904761905,1.047619048,1.857142857,No,No,2,528.465
D:/Pipefish Mesocosm Film/Trial 6/8-12-20/8-12 AM 01.MTS,573.411,21.65,Inactive,Male,,,,2.904761905,1.047619048,1.857142857,No,No,2,528.465
D:/Pipefish Mesocosm Film/Trial 6/8-12-20/8-12 AM 01.MTS,595.062,4.648,Wiggle,Male,Active wiggle,Female,3,2.904761905,1.047619048,1.857142857,No,No,2,528.465
D:/Pipefish Mesocosm Film/Trial 6/8-12-20/8-12 AM 01.MTS,599.711,5.128,Inactive,Male,,,,2.904761905,1.047619048,1.857142857,No,No,2,528.465
D:/Pipefish Mesocosm Film/Trial 6/8-12-20/8-12 AM 01.MTS,601.167,2.06,Pose,Female,S pose,Male,Front,2.904761905,1.047619048,1.857142857,No,No,2,528.465
D:/Pipefish Mesocosm Film/Trial 6/8-12-20/8-12 AM 01.MTS,603.228,20.413,Inactive,Female,,,,2.904761905,1.047619048,1.857142857,No,No,2,528.465
D:/Pipefish Mesocosm Film/Trial 6/8-12-20/8-12 AM 01.MTS,604.84,3.701,Wiggle,Male,Active wiggle,Female,3,2.904761905,1.047619048,1.857142857,No,No,2,528.465
D:/Pipefish Mesocosm Film/Trial 6/8-12-20/8-12 AM 01.MTS,608.542,2.846,Inactive,Male,,,,2.904761905,1.047619048,1.857142857,No,No,2,528.465
D:/Pipefish Mesocosm Film/Trial 6/8-12-20/8-12 AM 01.MTS,611.389,2.374,Wiggle,Male,Active wiggle,Female,3,2.904761905,1.047619048,1.857142857,No,No,2,528.465
D:/Pipefish Mesocosm Film/Trial 6/8-12-20/8-12 AM 01.MTS,613.764,27.818,Inactive,Male,,,,2.904761905,1.047619048,1.857142857,No,No,2,528.465
D:/Pipefish Mesocosm Film/Trial 6/8-12-20/8-12 AM 01.MTS,623.642,4.555,Pose,Female,S pose,Male,Front,2.904761905,1.047619048,1.857142857,No,No,2,528.465
D:/Pipefish Mesocosm Film/Trial 6/8-12-20/8-12 AM 01.MTS,628.198,19.175,Inactive,Female,,,,2.904761905,1.047619048,1.857142857,No,No,2,528.465
D:/Pipefish Mesocosm Film/Trial 6/8-12-20/8-12 AM 01.MTS,641.583,5.6,Wiggle,Male,Active wiggle,Female,None,2.904761905,1.047619048,1.857142857,No,No,2,528.465
D:/Pipefish Mesocosm Film/Trial 6/8-12-20/8-12 AM 01.MTS,647.184,2.278,Inactive,Male,,,,2.904761905,1.047619048,1.857142857,No,No,2,528.465
D:/Pipefish Mesocosm Film/Trial 6/8-12-20/8-12 AM 01.MTS,647.374,2.471,Pose,Female,S pose,Male,Front,2.904761905,1.047619048,1.857142857,No,No,2,528.465
D:/Pipefish Mesocosm Film/Trial 6/8-12-20/8-12 AM 01.MTS,649.463,4.082,Wiggle,Male,Active wiggle,Female,3,2.904761905,1.047619048,1.857142857,No,No,2,528.465
D:/Pipefish Mesocosm Film/Trial 6/8-12-20/8-12 AM 01.MTS,649.846,13.386,Inactive,Female,,,,2.904761905,1.047619048,1.857142857,No,No,2,528.465
D:/Pipefish Mesocosm Film/Trial 6/8-12-20/8-12 AM 01.MTS,653.546,13.672,Inactive,Male,,,,2.904761905,1.047619048,1.857142857,No,No,2,528.465
D:/Pipefish Mesocosm Film/Trial 6/8-12-20/8-12 AM 01.MTS,663.233,2.776,Pose,Female,S pose,Male,Front,2.904761905,1.047619048,1.857142857,No,No,2,528.465
D:/Pipefish Mesocosm Film/Trial 6/8-12-20/8-12 AM 01.MTS,666.01,90.835,Inactive,Female,,,,2.904761905,1.047619048,1.857142857,No,No,2,528.465
D:/Pipefish Mesocosm Film/Trial 6/8-12-20/8-12 AM 01.MTS,667.219,4.555,Wiggle,Male,Active wiggle,Female,2,2.904761905,1.047619048,1.857142857,No,No,2,528.465
D:/Pipefish Mesocosm Film/Trial 6/8-12-20/8-12 AM 01.MTS,671.775,9.97,Inactive,Male,,,,2.904761905,1.047619048,1.857142857,No,No,2,528.465
D:/Pipefish Mesocosm Film/Trial 6/8-12-20/8-12 AM 01.MTS,681.746,2.939,Wiggle,Male,Active wiggle,Female,3,2.904761905,1.047619048,1.857142857,No,No,2,528.465
D:/Pipefish Mesocosm Film/Trial 6/8-12-20/8-12 AM 01.MTS,684.686,45.478,Inactive,Male,,,,2.904761905,1.047619048,1.857142857,No,No,2,528.465
D:/Pipefish Mesocosm Film/Trial 6/8-12-20/8-12 AM 01.MTS,730.165,2.375,Wiggle,Male,Active wiggle,Female,2,2.904761905,1.047619048,1.857142857,No,No,2,528.465
D:/Pipefish Mesocosm Film/Trial 6/8-12-20/8-12 AM 01.MTS,732.541,12.245,Inactive,Male,,,,2.904761905,1.047619048,1.857142857,No,No,2,528.465
D:/Pipefish Mesocosm Film/Trial 6/8-12-20/8-12 AM 01.MTS,744.787,7.405,Wiggle,Male,Active wiggle,Female,3,2.904761905,1.047619048,1.857142857,No,No,2,528.465
D:/Pipefish Mesocosm Film/Trial 6/8-12-20/8-12 AM 01.MTS,746.02,8.45,Pose,Second female,S pose,Male,Front,2.904761905,1.047619048,1.857142857,No,No,2,528.465
D:/Pipefish Mesocosm Film/Trial 6/8-12-20/8-12 AM 01.MTS,752.193,5.982,Inactive,Male,,,,2.904761905,1.047619048,1.857142857,No,No,2,528.465
D:/Pipefish Mesocosm Film/Trial 6/8-12-20/8-12 AM 01.MTS,754.471,115.171,Inactive,Second female,,,,2.904761905,1.047619048,1.857142857,No,No,2,528.465
D:/Pipefish Mesocosm Film/Trial 6/8-12-20/8-12 AM 01.MTS,756.846,3.797,Pose,Female,S pose,Male,Front,2.904761905,1.047619048,1.857142857,No,No,2,528.465
D:/Pipefish Mesocosm Film/Trial 6/8-12-20/8-12 AM 01.MTS,758.176,1.516,Wiggle,Male,Active wiggle,Female,3,2.904761905,1.047619048,1.857142857,No,No,2,528.465
D:/Pipefish Mesocosm Film/Trial 6/8-12-20/8-12 AM 01.MTS,759.693,8.64,Inactive,Male,,,,2.904761905,1.047619048,1.857142857,No,No,2,528.465
D:/Pipefish Mesocosm Film/Trial 6/8-12-20/8-12 AM 01.MTS,760.644,17.944,Inactive,Female,,,,2.904761905,1.047619048,1.857142857,No,No,2,528.465
D:/Pipefish Mesocosm Film/Trial 6/8-12-20/8-12 AM 01.MTS,768.334,2.467,Wiggle,Male,Active wiggle,Female,2,2.904761905,1.047619048,1.857142857,No,No,2,528.465
D:/Pipefish Mesocosm Film/Trial 6/8-12-20/8-12 AM 01.MTS,770.802,13.481,Inactive,Male,,,,2.904761905,1.047619048,1.857142857,No,No,2,528.465
D:/Pipefish Mesocosm Film/Trial 6/8-12-20/8-12 AM 01.MTS,778.589,1.612,Pose,Female,Non-s pose,Male,Front,2.904761905,1.047619048,1.857142857,No,No,2,528.465
D:/Pipefish Mesocosm Film/Trial 6/8-12-20/8-12 AM 01.MTS,780.202,89.44,Inactive,Female,,,,2.904761905,1.047619048,1.857142857,No,No,2,528.465
D:/Pipefish Mesocosm Film/Trial 6/8-12-20/8-12 AM 01.MTS,784.284,1.9,Wiggle,Male,Active wiggle,Female,3,2.904761905,1.047619048,1.857142857,No,No,2,528.465
D:/Pipefish Mesocosm Film/Trial 6/8-12-20/8-12 AM 01.MTS,786.185,83.457,Inactive,Male,,,,2.904761905,1.047619048,1.857142857,No,No,2,528.465
D:/Pipefish Mesocosm Film/Trial 6/8-12-20/8-12 AM 01.MTS,896.7,2.183,Wiggle,Male,Active wiggle,Female,3,3,2,1,No,No,3,103.871
D:/Pipefish Mesocosm Film/Trial 6/8-12-20/8-12 AM 01.MTS,897.838,33.137,Inactive,Female,,,,3,2,1,No,No,3,103.871
D:/Pipefish Mesocosm Film/Trial 6/8-12-20/8-12 AM 01.MTS,898.884,33.073,Inactive,Male,,,,3,2,1,No,No,3,103.871
D:/Pipefish Mesocosm Film/Trial 6/8-12-20/8-12 AM 01.MTS,930.976,1.991,Pose,Female,S pose,Male,Front,3,2,1,No,No,3,103.871
D:/Pipefish Mesocosm Film/Trial 6/8-12-20/8-12 AM 01.MTS,932.779,2.087,Wiggle,Male,Active wiggle,Female,3,3,2,1,No,No,3,103.871
D:/Pipefish Mesocosm Film/Trial 6/8-12-20/8-12 AM 01.MTS,932.968,67.063,Inactive,Female,,,,3,2,1,No,No,3,103.871
D:/Pipefish Mesocosm Film/Trial 6/8-12-20/8-12 AM 01.MTS,934.867,65.164,Inactive,Male,,,,3,2,1,No,No,3,103.871
D:/Pipefish Mesocosm Film/Trial 6/8-12-20/8-12 AM 01.MTS,1025.825,4.84,Inactive,Female,,,,2.714285714,1,1.7,No,No,4,218.396
D:/Pipefish Mesocosm Film/Trial 6/8-12-20/8-12 AM 01.MTS,1025.922,3.798,Wiggle,Male,Subtle wiggle,Female,3,2.714285714,1,1.7,No,No,4,218.396
D:/Pipefish Mesocosm Film/Trial 6/8-12-20/8-12 AM 01.MTS,1029.721,29.146,Inactive,Male,,,,2.714285714,1,1.7,No,No,4,218.396
D:/Pipefish Mesocosm Film/Trial 6/8-12-20/8-12 AM 01.MTS,1030.666,3.417,Pose,Female,Non-s pose,Male,Front,2.714285714,1,1.7,No,No,4,218.396
D:/Pipefish Mesocosm Film/Trial 6/8-12-20/8-12 AM 01.MTS,1034.084,22.786,Inactive,Female,,,,2.714285714,1,1.7,No,No,4,218.396
D:/Pipefish Mesocosm Film/Trial 6/8-12-20/8-12 AM 01.MTS,1056.871,4.368,Pose,Female,Non-s pose,Male,Front,2.714285714,1,1.7,No,No,4,218.396
D:/Pipefish Mesocosm Film/Trial 6/8-12-20/8-12 AM 01.MTS,1058.868,3.699,Wiggle,Male,Active wiggle,Female,3,2.714285714,1,1.7,No,No,4,218.396
D:/Pipefish Mesocosm Film/Trial 6/8-12-20/8-12 AM 01.MTS,1061.24,7.119,Inactive,Female,,,,2.714285714,1,1.7,No,No,4,218.396
D:/Pipefish Mesocosm Film/Trial 6/8-12-20/8-12 AM 01.MTS,1062.568,15.859,Inactive,Male,,,,2.714285714,1,1.7,No,No,4,218.396
D:/Pipefish Mesocosm Film/Trial 6/8-12-20/8-12 AM 01.MTS,1068.36,9.779,Pose,Female,S pose,Male,Front,2.714285714,1,1.7,No,No,4,218.396
D:/Pipefish Mesocosm Film/Trial 6/8-12-20/8-12 AM 01.MTS,1078.14,36.173,Inactive,Female,,,,2.714285714,1,1.7,No,No,4,218.396
D:/Pipefish Mesocosm Film/Trial 6/8-12-20/8-12 AM 01.MTS,1078.428,4.553,Wiggle,Male,Active wiggle,Female,2,2.714285714,1,1.7,No,No,4,218.396
D:/Pipefish Mesocosm Film/Trial 6/8-12-20/8-12 AM 01.MTS,1082.982,32.85,Inactive,Male,,,,2.714285714,1,1.7,No,No,4,218.396
D:/Pipefish Mesocosm Film/Trial 6/8-12-20/8-12 AM 01.MTS,1114.314,1.709,Pose,Female,S pose,Male,Front,2.714285714,1,1.7,No,No,4,218.396
D:/Pipefish Mesocosm Film/Trial 6/8-12-20/8-12 AM 01.MTS,1115.833,11.897,Wiggle,Male,Active wiggle,Female,3,2.714285714,1,1.7,No,No,4,218.396
D:/Pipefish Mesocosm Film/Trial 6/8-12-20/8-12 AM 01.MTS,1116.024,1.992,Inactive,Female,,,,2.714285714,1,1.7,No,No,4,218.396
D:/Pipefish Mesocosm Film/Trial 6/8-12-20/8-12 AM 01.MTS,1118.017,1.616,Pose,Female,S pose,Male,Front,2.714285714,1,1.7,No,No,4,218.396
D:/Pipefish Mesocosm Film/Trial 6/8-12-20/8-12 AM 01.MTS,1119.634,122.76,Inactive,Female,,,,2.714285714,1,1.7,No,No,4,218.396
D:/Pipefish Mesocosm Film/Trial 6/8-12-20/8-12 AM 01.MTS,1127.731,16.325,Inactive,Male,,,,2.714285714,1,1.7,No,No,4,218.396
D:/Pipefish Mesocosm Film/Trial 6/8-12-20/8-12 AM 01.MTS,1144.057,4.816,Wiggle,Male,Active wiggle,Female,3,2.714285714,1,1.7,No,No,4,218.396
D:/Pipefish Mesocosm Film/Trial 6/8-12-20/8-12 AM 01.MTS,1148.874,2.089,Inactive,Male,,,,2.714285714,1,1.7,No,No,4,218.396
D:/Pipefish Mesocosm Film/Trial 6/8-12-20/8-12 AM 01.MTS,1150.964,4.84,Wiggle,Male,Active wiggle,Female,3,2.714285714,1,1.7,No,No,4,218.396
D:/Pipefish Mesocosm Film/Trial 6/8-12-20/8-12 AM 01.MTS,1155.805,17.659,Inactive,Male,,,,2.714285714,1,1.7,No,No,4,218.396
D:/Pipefish Mesocosm Film/Trial 6/8-12-20/8-12 AM 01.MTS,1173.465,4.46,Wiggle,Male,Active wiggle,Female,2,2.714285714,1,1.7,No,No,4,218.396
D:/Pipefish Mesocosm Film/Trial 6/8-12-20/8-12 AM 01.MTS,1177.926,64.468,Inactive,Male,,,,2.714285714,1,1.7,No,No,4,218.396
D:/Pipefish Mesocosm Film/Trial 6/8-12-20/8-12 AM 01.MTS,1494.474,5.888,Wiggle,Male,Active wiggle,Female,3,3,1,2,No,No,5,126.469
D:/Pipefish Mesocosm Film/Trial 6/8-12-20/8-12 AM 01.MTS,1495.328,124.759,Inactive,Female,,,,3,1,2,No,No,5,126.469
D:/Pipefish Mesocosm Film/Trial 6/8-12-20/8-12 AM 01.MTS,1500.363,57.723,Inactive,Male,,,,3,1,2,No,No,5,126.469
D:/Pipefish Mesocosm Film/Trial 6/8-12-20/8-12 AM 01.MTS,1558.087,1.711,Wiggle,Male,Active wiggle,Female,3,3,1,2,No,No,5,126.469
D:/Pipefish Mesocosm Film/Trial 6/8-12-20/8-12 AM 01.MTS,1559.799,60.288,Inactive,Male,,,,3,1,2,No,No,5,126.469
