media_file_path,time_in_video,Duration,behavior,subject,modifier_1,modifier_2,modifier_3,Group size,Female,Male,Chasing_end,Chase_present,courtship_events,total_time_of_courtship
D:/Pipefish Mesocosm Film/Trial 1/8-12-20/8-12 AM 01.MTS,58.241,5.98,Wiggle,Female,Active wiggle,Male,3,2,1,1,No,No,1,55.922
D:/Pipefish Mesocosm Film/Trial 1/8-12-20/8-12 AM 01.MTS,59.949,53.835,Inactive,Male,,,,2,1,1,No,No,1,55.922
D:/Pipefish Mesocosm Film/Trial 1/8-12-20/8-12 AM 01.MTS,64.222,3.798,Pose,Female,Non-s pose,Male,Front,2,1,1,No,No,1,55.922
D:/Pipefish Mesocosm Film/Trial 1/8-12-20/8-12 AM 01.MTS,67.641,0,Move away,Male,,,,2,1,1,No,No,1,55.922
D:/Pipefish Mesocosm Film/Trial 1/8-12-20/8-12 AM 01.MTS,68.021,46.138,Inactive,Female,,,,2,1,1,No,No,1,55.922
D:/Pipefish Mesocosm Film/Trial 1/8-12-20/8-12 AM 01.MTS,78.558,0,Touch,Female,,,,2,1,1,No,No,1,55.922
D:/Pipefish Mesocosm Film/Trial 1/8-12-20/8-12 AM 01.MTS,89,0,Move away,Male,,,,2,1,1,No,No,1,55.922
D:/Pipefish Mesocosm Film/Trial 1/8-12-20/8-12 AM 01.MTS,404.314,6.36,Pose,Female,S pose,Female,Front,,,,,,2,21.362
D:/Pipefish Mesocosm Film/Trial 1/8-12-20/8-12 AM 01.MTS,409.916,0,Touch,Second female,,,,,,,,,2,21.362
D:/Pipefish Mesocosm Film/Trial 1/8-12-20/8-12 AM 01.MTS,410.675,11.015,Inactive,Female,,,,,,,,,2,21.362
D:/Pipefish Mesocosm Film/Trial 1/8-12-20/8-12 AM 01.MTS,414.188,0,Move away,Second female,,,,,,,,,2,21.362
D:/Pipefish Mesocosm Film/Trial 1/8-12-20/8-12 AM 01.MTS,418.84,0,Move away,Female,,,,,,,,,2,21.362
D:/Pipefish Mesocosm Film/Trial 1/8-12-20/8-12 AM 01.MTS,1342.561,9.33,Pose,Female,S pose,Male,Front,3,1,2,No,No,3,32.092
D:/Pipefish Mesocosm Film/Trial 1/8-12-20/8-12 AM 01.MTS,1342.94,31.332,Inactive,Male,,,,3,1,2,No,No,3,32.092
D:/Pipefish Mesocosm Film/Trial 1/8-12-20/8-12 AM 01.MTS,1349.208,0,Move away,Male,,,,3,1,2,No,No,3,32.092
D:/Pipefish Mesocosm Film/Trial 1/8-12-20/8-12 AM 01.MTS,1351.892,22.287,Inactive,Female,,,,3,1,2,No,No,3,32.092
D:/Pipefish Mesocosm Film/Trial 1/8-12-20/8-12 AM 01.MTS,1730.315,12.249,Pose,Female,S pose,Female,Front,,,,,,4,37.787
D:/Pipefish Mesocosm Film/Trial 1/8-12-20/8-12 AM 01.MTS,1730.981,7.691,Pose,Second female,S pose,Female,Front,,,,,,4,37.787
D:/Pipefish Mesocosm Film/Trial 1/8-12-20/8-12 AM 01.MTS,1738.673,22.976,Inactive,Second female,,,,,,,,,4,37.787
D:/Pipefish Mesocosm Film/Trial 1/8-12-20/8-12 AM 01.MTS,1742.565,16.33,Inactive,Female,,,,,,,,,4,37.787
D:/Pipefish Mesocosm Film/Trial 1/8-12-20/8-12 AM 01.MTS,1744.275,0,Move away,Female,,,,,,,,,4,37.787
D:/Pipefish Mesocosm Film/Trial 1/8-12-20/8-12 AM 01.MTS,2701.89,2.849,Wiggle,Male,Active wiggle,Male,3,2.75,1,1.75,No,No,5,141.142
D:/Pipefish Mesocosm Film/Trial 1/8-12-20/8-12 AM 01.MTS,2703.504,3.986,Inactive,Female,,,,2.75,1,1.75,No,No,5,141.142
D:/Pipefish Mesocosm Film/Trial 1/8-12-20/8-12 AM 01.MTS,2704.74,55.823,Inactive,Male,,,,2.75,1,1.75,No,No,5,141.142
D:/Pipefish Mesocosm Film/Trial 1/8-12-20/8-12 AM 01.MTS,2707.491,5.315,Wiggle,Female,Active wiggle,Male,2,2.75,1,1.75,No,No,5,141.142
D:/Pipefish Mesocosm Film/Trial 1/8-12-20/8-12 AM 01.MTS,2712.807,128.082,Inactive,Female,,,,2.75,1,1.75,No,No,5,141.142
D:/Pipefish Mesocosm Film/Trial 1/8-12-20/8-12 AM 01.MTS,2720.593,0,Move away,Male,,,,2.75,1,1.75,No,No,5,141.142
D:/Pipefish Mesocosm Film/Trial 1/8-12-20/8-12 AM 01.MTS,2760.564,2.855,Wiggle,Male,Subtle wiggle,Female,3,2.75,1,1.75,No,No,5,141.142
D:/Pipefish Mesocosm Film/Trial 1/8-12-20/8-12 AM 01.MTS,2763.42,6.924,Inactive,Male,,,,2.75,1,1.75,No,No,5,141.142
D:/Pipefish Mesocosm Film/Trial 1/8-12-20/8-12 AM 01.MTS,2765.503,0,Move away,Female,,,,2.75,1,1.75,No,No,5,141.142
D:/Pipefish Mesocosm Film/Trial 1/8-12-20/8-12 AM 01.MTS,2770.345,14.809,Surrounding,Male,,,,2.75,1,1.75,No,No,5,141.142
D:/Pipefish Mesocosm Film/Trial 1/8-12-20/8-12 AM 01.MTS,2770.726,5.503,Wiggle,Second female,Active wiggle,Male,3,2.75,1,1.75,No,No,5,141.142
D:/Pipefish Mesocosm Film/Trial 1/8-12-20/8-12 AM 01.MTS,2776.23,2.66,Pose,Second female,Non-s pose,Male,Front,2.75,1,1.75,No,No,5,141.142
D:/Pipefish Mesocosm Film/Trial 1/8-12-20/8-12 AM 01.MTS,2778.891,61.998,Inactive,Second female,,,,2.75,1,1.75,No,No,5,141.142
D:/Pipefish Mesocosm Film/Trial 1/8-12-20/8-12 AM 01.MTS,2779.175,0,Move away,Second female,,,,2.75,1,1.75,No,No,5,141.142
D:/Pipefish Mesocosm Film/Trial 1/8-12-20/8-12 AM 01.MTS,2785.155,55.828,Inactive,Male,,,,2.75,1,1.75,No,No,5,141.142
D:/Pipefish Mesocosm Film/Trial 1/8-12-20/8-12 AM 01.MTS,2796.265,0,Touch,Male,,,,2.75,1,1.75,No,No,5,141.142
D:/Pipefish Mesocosm Film/Trial 1/8-12-20/8-12 AM 01.MTS,2808.798,0,Move away,Second female,,,,2.75,1,1.75,No,No,5,141.142
D:/Pipefish Mesocosm Film/Trial 1/8-12-20/8-12 AM 03.MTS,127.836,9.114,Inactive,Female,,,,3.333333333,1,2.333333,No,No,6,73.109
D:/Pipefish Mesocosm Film/Trial 1/8-12-20/8-12 AM 03.MTS,129.546,4.747,Wiggle,Male,Subtle wiggle,Female,4,3.333333333,1,2.333333,No,No,6,73.109
D:/Pipefish Mesocosm Film/Trial 1/8-12-20/8-12 AM 03.MTS,134.294,64.183,Inactive,Male,,,,3.333333333,1,2.333333,No,No,6,73.109
D:/Pipefish Mesocosm Film/Trial 1/8-12-20/8-12 AM 03.MTS,136.951,5.792,Wiggle,Female,Active wiggle,Male,3,3.333333333,1,2.333333,No,No,6,73.109
D:/Pipefish Mesocosm Film/Trial 1/8-12-20/8-12 AM 03.MTS,142.744,8.828,Inactive,Female,,,,3.333333333,1,2.333333,No,No,6,73.109
D:/Pipefish Mesocosm Film/Trial 1/8-12-20/8-12 AM 03.MTS,151.573,4.177,Wiggle,Female,Active wiggle,Male,3,3.333333333,1,2.333333,No,No,6,73.109
D:/Pipefish Mesocosm Film/Trial 1/8-12-20/8-12 AM 03.MTS,155.751,42.725,Inactive,Female,,,,3.333333333,1,2.333333,No,No,6,73.109
D:/Pipefish Mesocosm Film/Trial 1/8-12-20/8-12 AM 03.MTS,168.855,0,Move away,Male,,,,3.333333333,1,2.333333,No,No,6,73.109
D:/Pipefish Mesocosm Film/Trial 1/8-12-20/8-12 AM 03.MTS,266.93,67.413,Inactive,Female,,,,2,1,1,No,No,2,69.406
D:/Pipefish Mesocosm Film/Trial 1/8-12-20/8-12 AM 03.MTS,268.735,3.325,Wiggle,Male,Active wiggle,Female,2,2,1,1,No,No,2,69.406
D:/Pipefish Mesocosm Film/Trial 1/8-12-20/8-12 AM 03.MTS,272.061,62.282,Inactive,Male,,,,2,1,1,No,No,2,69.406
D:/Pipefish Mesocosm Film/Trial 1/8-12-20/8-12 AM 03.MTS,306.618,0,Move away,Female,,,,2,1,1,No,No,2,69.406
D:/Pipefish Mesocosm Film/Trial 1/8-12-20/8-12 AM 03.MTS,334.342,0,Move away,Female,,,,2,1,1,No,No,2,69.406
D:/Pipefish Mesocosm Film/Trial 1/8-12-20/8-12 AM 03.MTS,352.289,63.77,Inactive,Female,,,,3,1,2,No,No,3,64.77
D:/Pipefish Mesocosm Film/Trial 1/8-12-20/8-12 AM 03.MTS,352.289,3.607,Wiggle,Male,Active wiggle,Female,3,3,1,2,No,No,3,64.77
D:/Pipefish Mesocosm Film/Trial 1/8-12-20/8-12 AM 03.MTS,355.897,23.733,Inactive,Male,,,,3,1,2,No,No,3,64.77
D:/Pipefish Mesocosm Film/Trial 1/8-12-20/8-12 AM 03.MTS,365.203,0,Move away,Male,,,,3,1,2,No,No,3,64.77
D:/Pipefish Mesocosm Film/Trial 1/8-12-20/8-12 AM 03.MTS,378.681,0,Move away,Female,,,,3,1,2,No,No,3,64.77
D:/Pipefish Mesocosm Film/Trial 1/8-12-20/8-12 AM 03.MTS,379.631,36.428,Surrounding,Male,,,,3,1,2,No,No,3,64.77
D:/Pipefish Mesocosm Film/Trial 1/8-12-20/8-12 AM 03.MTS,379.918,0,Move away,Female,,,,3,1,2,No,No,3,64.77
D:/Pipefish Mesocosm Film/Trial 1/8-12-20/8-12 AM 03.MTS,398.241,0,Move away,Female,,,,3,1,2,No,No,3,64.77
D:/Pipefish Mesocosm Film/Trial 1/8-12-20/8-12 AM 03.MTS,398.872,0,Move away,Female,,,,3,1,2,No,No,3,64.77
D:/Pipefish Mesocosm Film/Trial 1/8-12-20/8-12 AM 03.MTS,474.482,1.424,Wiggle,Female,Subtle wiggle,Male,2,2.866666667,1,1.8667,No,No,4,347.596
D:/Pipefish Mesocosm Film/Trial 1/8-12-20/8-12 AM 03.MTS,474.482,28.222,Inactive,Male,,,,2.866666667,1,1.8667,No,No,4,347.596
D:/Pipefish Mesocosm Film/Trial 1/8-12-20/8-12 AM 03.MTS,475.907,74.91,Inactive,Female,,,,2.866666667,1,1.8667,No,No,4,347.596
D:/Pipefish Mesocosm Film/Trial 1/8-12-20/8-12 AM 03.MTS,502.705,5.67,Wiggle,Male,Active wiggle,Female,2,2.866666667,1,1.8667,No,No,4,347.596
D:/Pipefish Mesocosm Film/Trial 1/8-12-20/8-12 AM 03.MTS,508.376,17.187,Surrounding,Male,,,,2.866666667,1,1.8667,No,No,4,347.596
D:/Pipefish Mesocosm Film/Trial 1/8-12-20/8-12 AM 03.MTS,525.564,11.01,Inactive,Male,,,,2.866666667,1,1.8667,No,No,4,347.596
D:/Pipefish Mesocosm Film/Trial 1/8-12-20/8-12 AM 03.MTS,536.575,1.044,Wiggle,Male,Subtle wiggle,Female,2,2.866666667,1,1.8667,No,No,4,347.596
D:/Pipefish Mesocosm Film/Trial 1/8-12-20/8-12 AM 03.MTS,537.62,14.999,Inactive,Male,,,,2.866666667,1,1.8667,No,No,4,347.596
D:/Pipefish Mesocosm Film/Trial 1/8-12-20/8-12 AM 03.MTS,550.818,2.625,Wiggle,Female,Active wiggle,Male,3,2.866666667,1,1.8667,No,No,4,347.596
D:/Pipefish Mesocosm Film/Trial 1/8-12-20/8-12 AM 03.MTS,552.62,2.85,Wiggle,Male,Subtle wiggle,Female,3,2.866666667,1,1.8667,No,No,4,347.596
D:/Pipefish Mesocosm Film/Trial 1/8-12-20/8-12 AM 03.MTS,553.444,4.78,Pose,Female,S pose,Male,Front,2.866666667,1,1.8667,No,No,4,347.596
D:/Pipefish Mesocosm Film/Trial 1/8-12-20/8-12 AM 03.MTS,555.471,2.183,Inactive,Male,,,,2.866666667,1,1.8667,No,No,4,347.596
D:/Pipefish Mesocosm Film/Trial 1/8-12-20/8-12 AM 03.MTS,557.655,2.85,Wiggle,Male,Active wiggle,Female,5,2.866666667,1,1.8667,No,No,4,347.596
D:/Pipefish Mesocosm Film/Trial 1/8-12-20/8-12 AM 03.MTS,558.225,13.672,Inactive,Female,,,,2.866666667,1,1.8667,No,No,4,347.596
D:/Pipefish Mesocosm Film/Trial 1/8-12-20/8-12 AM 03.MTS,560.506,29.431,Inactive,Male,,,,2.866666667,1,1.8667,No,No,4,347.596
D:/Pipefish Mesocosm Film/Trial 1/8-12-20/8-12 AM 03.MTS,571.898,1.045,Wiggle,Female,Subtle wiggle,Male,3,2.866666667,1,1.8667,No,No,4,347.596
D:/Pipefish Mesocosm Film/Trial 1/8-12-20/8-12 AM 03.MTS,572.944,27.531,Inactive,Female,,,,2.866666667,1,1.8667,No,No,4,347.596
D:/Pipefish Mesocosm Film/Trial 1/8-12-20/8-12 AM 03.MTS,589.938,3.287,Wiggle,Male,Active wiggle,Female,3,2.866666667,1,1.8667,No,No,4,347.596
D:/Pipefish Mesocosm Film/Trial 1/8-12-20/8-12 AM 03.MTS,593.226,3.072,Inactive,Male,,,,2.866666667,1,1.8667,No,No,4,347.596
D:/Pipefish Mesocosm Film/Trial 1/8-12-20/8-12 AM 03.MTS,596.299,4.176,Wiggle,Male,Active wiggle,Female,3,2.866666667,1,1.8667,No,No,4,347.596
D:/Pipefish Mesocosm Film/Trial 1/8-12-20/8-12 AM 03.MTS,600.476,3.703,Wiggle,Female,Active wiggle,Male,3,2.866666667,1,1.8667,No,No,4,347.596
D:/Pipefish Mesocosm Film/Trial 1/8-12-20/8-12 AM 03.MTS,600.476,58.391,Inactive,Male,,,,2.866666667,1,1.8667,No,No,4,347.596
D:/Pipefish Mesocosm Film/Trial 1/8-12-20/8-12 AM 03.MTS,604.18,128.076,Inactive,Female,,,,2.866666667,1,1.8667,No,No,4,347.596
D:/Pipefish Mesocosm Film/Trial 1/8-12-20/8-12 AM 03.MTS,606.231,0,Touch,Male,,,,2.866666667,1,1.8667,No,No,4,347.596
D:/Pipefish Mesocosm Film/Trial 1/8-12-20/8-12 AM 03.MTS,647.687,0,Move away,Male,,,,2.866666667,1,1.8667,No,No,4,347.596
D:/Pipefish Mesocosm Film/Trial 1/8-12-20/8-12 AM 03.MTS,658.868,3.036,Wiggle,Male,Active wiggle,Female,3,2.866666667,1,1.8667,No,No,4,347.596
D:/Pipefish Mesocosm Film/Trial 1/8-12-20/8-12 AM 03.MTS,661.905,10.918,Inactive,Male,,,,2.866666667,1,1.8667,No,No,4,347.596
D:/Pipefish Mesocosm Film/Trial 1/8-12-20/8-12 AM 03.MTS,672.824,1.736,Wiggle,Male,Active wiggle,Female,3,2.866666667,1,1.8667,No,No,4,347.596
D:/Pipefish Mesocosm Film/Trial 1/8-12-20/8-12 AM 03.MTS,674.561,31.113,Inactive,Male,,,,2.866666667,1,1.8667,No,No,4,347.596
D:/Pipefish Mesocosm Film/Trial 1/8-12-20/8-12 AM 03.MTS,705.675,2.465,Wiggle,Male,Active wiggle,Female,2,2.866666667,1,1.8667,No,No,4,347.596
D:/Pipefish Mesocosm Film/Trial 1/8-12-20/8-12 AM 03.MTS,708.141,7.404,Inactive,Male,,,,2.866666667,1,1.8667,No,No,4,347.596
D:/Pipefish Mesocosm Film/Trial 1/8-12-20/8-12 AM 03.MTS,715.546,7.026,Surrounding,Male,,,,2.866666667,1,1.8667,No,No,4,347.596
D:/Pipefish Mesocosm Film/Trial 1/8-12-20/8-12 AM 03.MTS,722.573,33.989,Inactive,Male,,,,2.866666667,1,1.8667,No,No,4,347.596
D:/Pipefish Mesocosm Film/Trial 1/8-12-20/8-12 AM 03.MTS,732.257,0.38,Wiggle,Female,Subtle wiggle,Male,3,2.866666667,1,1.8667,No,No,4,347.596
D:/Pipefish Mesocosm Film/Trial 1/8-12-20/8-12 AM 03.MTS,732.638,89.438,Inactive,Female,,,,2.866666667,1,1.8667,No,No,4,347.596
D:/Pipefish Mesocosm Film/Trial 1/8-12-20/8-12 AM 03.MTS,756.563,4.271,Wiggle,Male,Active wiggle,Female,3,2.866666667,1,1.8667,No,No,4,347.596
D:/Pipefish Mesocosm Film/Trial 1/8-12-20/8-12 AM 03.MTS,760.835,61.241,Inactive,Male,,,,2.866666667,1,1.8667,No,No,4,347.596
D:/Pipefish Mesocosm Film/Trial 1/8-12-20/8-12 AM 03.MTS,871.069,133.205,Inactive,Female,,,,3,1,2,No,No,5,133.207
D:/Pipefish Mesocosm Film/Trial 1/8-12-20/8-12 AM 03.MTS,871.069,4.08,Wiggle,Male,Active wiggle,Female,3,3,1,2,No,No,5,133.207
D:/Pipefish Mesocosm Film/Trial 1/8-12-20/8-12 AM 03.MTS,875.15,61.238,Inactive,Male,,,,3,1,2,No,No,5,133.207
D:/Pipefish Mesocosm Film/Trial 1/8-12-20/8-12 AM 03.MTS,936.389,3.702,Wiggle,Male,Active wiggle,Female,3,3,1,2,No,No,5,133.207
D:/Pipefish Mesocosm Film/Trial 1/8-12-20/8-12 AM 03.MTS,940.092,37.122,Inactive,Male,,,,3,1,2,No,No,5,133.207
D:/Pipefish Mesocosm Film/Trial 1/8-12-20/8-12 AM 03.MTS,954.523,0,Follow,Male,,,,3,1,2,No,No,5,133.207
D:/Pipefish Mesocosm Film/Trial 1/8-12-20/8-12 AM 03.MTS,977.215,27.059,Surrounding,Male,,,,3,1,2,No,No,5,133.207
D:/Pipefish Mesocosm Film/Trial 1/8-12-20/8-12 AM 03.MTS,983.101,0,Move away,Female,,,,3,1,2,No,No,5,133.207
D:/Pipefish Mesocosm Film/Trial 1/8-12-20/8-12 AM 03.MTS,990.604,0,Follow,Male,,,,3,1,2,No,No,5,133.207
D:/Pipefish Mesocosm Film/Trial 1/8-12-20/8-12 AM 03.MTS,1192.645,6.74,Wiggle,Male,Active wiggle,Female,3,3,1,2,No,No,6,63.804
D:/Pipefish Mesocosm Film/Trial 1/8-12-20/8-12 AM 03.MTS,1193.027,61.686,Inactive,Female,,,,3,1,2,No,No,6,63.804
D:/Pipefish Mesocosm Film/Trial 1/8-12-20/8-12 AM 03.MTS,1199.386,55.352,Inactive,Male,,,,3,1,2,No,No,6,63.804
D:/Pipefish Mesocosm Film/Trial 1/8-12-20/8-12 AM 03.MTS,1238.032,0,Move away,Female,,,,3,1,2,No,No,6,63.804
D:/Pipefish Mesocosm Film/Trial 1/8-12-20/8-12 AM 03.MTS,1335.538,1.898,Wiggle,Male,Active wiggle,Female,2,2,1,1,No,No,7,79.657
D:/Pipefish Mesocosm Film/Trial 1/8-12-20/8-12 AM 03.MTS,1335.539,4.84,Pose,Female,Non-s pose,Male,Front,2,1,1,No,No,7,79.657
D:/Pipefish Mesocosm Film/Trial 1/8-12-20/8-12 AM 03.MTS,1337.437,24.876,Inactive,Male,,,,2,1,1,No,No,7,79.657
D:/Pipefish Mesocosm Film/Trial 1/8-12-20/8-12 AM 03.MTS,1340.38,30.667,Inactive,Female,,,,2,1,1,No,No,7,79.657
D:/Pipefish Mesocosm Film/Trial 1/8-12-20/8-12 AM 03.MTS,1362.314,5.031,Wiggle,Male,Active wiggle,Female,2,2,1,1,No,No,7,79.657
D:/Pipefish Mesocosm Film/Trial 1/8-12-20/8-12 AM 03.MTS,1367.346,45.097,Inactive,Male,,,,2,1,1,No,No,7,79.657
D:/Pipefish Mesocosm Film/Trial 1/8-12-20/8-12 AM 03.MTS,1371.048,3.911,Pose,Female,Non-s pose,Male,Front,2,1,1,No,No,7,79.657
D:/Pipefish Mesocosm Film/Trial 1/8-12-20/8-12 AM 03.MTS,1374.96,37.388,Inactive,Female,,,,2,1,1,No,No,7,79.657
D:/Pipefish Mesocosm Film/Trial 1/8-12-20/8-12 AM 03.MTS,1374.96,37.388,Inactive,Female,,,,2,1,1,No,No,7,79.657
