media_file_path,time_in_video,Duration,behavior,subject,modifier_1,modifier_2,modifier_3,Group size,Female,Male,Chasing_end,Chase_present,courtship_events,total_time_of_courtship
D:/Pipefish Mesocosm Film/Trial 5/6-12-20/6-12 AM 01.MTS,2.603,12.342,Pose,Female,S pose,Male,Front,2.052631579,1,1.05,No,No,1,864.76
D:/Pipefish Mesocosm Film/Trial 5/6-12-20/6-12 AM 01.MTS,8.585,2.657,Wiggle,Male,Active wiggle,Female,2,2.052631579,1,1.05,No,No,1,864.76
D:/Pipefish Mesocosm Film/Trial 5/6-12-20/6-12 AM 01.MTS,11.243,11.677,Inactive,Male,,,,2.052631579,1,1.05,No,No,1,864.76
D:/Pipefish Mesocosm Film/Trial 5/6-12-20/6-12 AM 01.MTS,14.946,6.265,Inactive,Female,,,,2.052631579,1,1.05,No,No,1,864.76
D:/Pipefish Mesocosm Film/Trial 5/6-12-20/6-12 AM 01.MTS,21.212,13.196,Pose,Female,S pose,Male,Front,2.052631579,1,1.05,No,No,1,864.76
D:/Pipefish Mesocosm Film/Trial 5/6-12-20/6-12 AM 01.MTS,22.921,2.278,Wiggle,Male,Active wiggle,Female,2,2.052631579,1,1.05,No,No,1,864.76
D:/Pipefish Mesocosm Film/Trial 5/6-12-20/6-12 AM 01.MTS,25.2,20.791,Inactive,Male,,,,2.052631579,1,1.05,No,No,1,864.76
D:/Pipefish Mesocosm Film/Trial 5/6-12-20/6-12 AM 01.MTS,34.409,18.797,Inactive,Female,,,,2.052631579,1,1.05,No,No,1,864.76
D:/Pipefish Mesocosm Film/Trial 5/6-12-20/6-12 AM 01.MTS,45.992,3.987,Wiggle,Male,Active wiggle,Female,2,2.052631579,1,1.05,No,No,1,864.76
D:/Pipefish Mesocosm Film/Trial 5/6-12-20/6-12 AM 01.MTS,49.98,4.556,Inactive,Male,,,,2.052631579,1,1.05,No,No,1,864.76
D:/Pipefish Mesocosm Film/Trial 5/6-12-20/6-12 AM 01.MTS,53.207,7.501,Pose,Female,S pose,Male,Front,2.052631579,1,1.05,No,No,1,864.76
D:/Pipefish Mesocosm Film/Trial 5/6-12-20/6-12 AM 01.MTS,54.537,29.813,Wiggle,Male,Active wiggle,Female,2,2.052631579,1,1.05,No,No,1,864.76
D:/Pipefish Mesocosm Film/Trial 5/6-12-20/6-12 AM 01.MTS,60.709,14.049,Inactive,Female,,,,2.052631579,1,1.05,No,No,1,864.76
D:/Pipefish Mesocosm Film/Trial 5/6-12-20/6-12 AM 01.MTS,74.759,5.696,Pose,Female,S pose,Male,Front,2.052631579,1,1.05,No,No,1,864.76
D:/Pipefish Mesocosm Film/Trial 5/6-12-20/6-12 AM 01.MTS,80.456,4.082,Inactive,Female,,,,2.052631579,1,1.05,No,No,1,864.76
D:/Pipefish Mesocosm Film/Trial 5/6-12-20/6-12 AM 01.MTS,84.539,12.152,Pose,Female,S pose,Male,Front,2.052631579,1,1.05,No,No,1,864.76
D:/Pipefish Mesocosm Film/Trial 5/6-12-20/6-12 AM 01.MTS,90.806,22.785,Inactive,Male,,,,2.052631579,1,1.05,No,No,1,864.76
D:/Pipefish Mesocosm Film/Trial 5/6-12-20/6-12 AM 01.MTS,96.692,22.311,Inactive,Female,,,,2.052631579,1,1.05,No,No,1,864.76
D:/Pipefish Mesocosm Film/Trial 5/6-12-20/6-12 AM 01.MTS,113.592,3.607,Wiggle,Male,Active wiggle,Female,2,2.052631579,1,1.05,No,No,1,864.76
D:/Pipefish Mesocosm Film/Trial 5/6-12-20/6-12 AM 01.MTS,117.2,5.98,Inactive,Male,,,,2.052631579,1,1.05,No,No,1,864.76
D:/Pipefish Mesocosm Film/Trial 5/6-12-20/6-12 AM 01.MTS,119.004,17.754,Pose,Female,S pose,Male,Front,2.052631579,1,1.05,No,No,1,864.76
D:/Pipefish Mesocosm Film/Trial 5/6-12-20/6-12 AM 01.MTS,123.181,2.753,Wiggle,Male,Active wiggle,Female,2,2.052631579,1,1.05,No,No,1,864.76
D:/Pipefish Mesocosm Film/Trial 5/6-12-20/6-12 AM 01.MTS,125.935,19.369,Inactive,Male,,,,2.052631579,1,1.05,No,No,1,864.76
D:/Pipefish Mesocosm Film/Trial 5/6-12-20/6-12 AM 01.MTS,136.759,32.185,Inactive,Female,,,,2.052631579,1,1.05,No,No,1,864.76
D:/Pipefish Mesocosm Film/Trial 5/6-12-20/6-12 AM 01.MTS,145.305,2.183,Wiggle,Male,Active wiggle,Female,2,2.052631579,1,1.05,No,No,1,864.76
D:/Pipefish Mesocosm Film/Trial 5/6-12-20/6-12 AM 01.MTS,147.489,3.13,Inactive,Male,,,,2.052631579,1,1.05,No,No,1,864.76
D:/Pipefish Mesocosm Film/Trial 5/6-12-20/6-12 AM 01.MTS,150.62,2.659,Wiggle,Male,Active wiggle,Female,2,2.052631579,1,1.05,No,No,1,864.76
D:/Pipefish Mesocosm Film/Trial 5/6-12-20/6-12 AM 01.MTS,153.28,7.974,Inactive,Male,,,,2.052631579,1,1.05,No,No,1,864.76
D:/Pipefish Mesocosm Film/Trial 5/6-12-20/6-12 AM 01.MTS,161.255,3.038,Wiggle,Male,Active wiggle,Female,2,2.052631579,1,1.05,No,No,1,864.76
D:/Pipefish Mesocosm Film/Trial 5/6-12-20/6-12 AM 01.MTS,164.294,9.968,Inactive,Male,,,,2.052631579,1,1.05,No,No,1,864.76
D:/Pipefish Mesocosm Film/Trial 5/6-12-20/6-12 AM 01.MTS,168.945,19.844,Pose,Female,S pose,Male,Front,2.052631579,1,1.05,No,No,1,864.76
D:/Pipefish Mesocosm Film/Trial 5/6-12-20/6-12 AM 01.MTS,174.263,2.656,Wiggle,Male,Active wiggle,Female,2,2.052631579,1,1.05,No,No,1,864.76
D:/Pipefish Mesocosm Film/Trial 5/6-12-20/6-12 AM 01.MTS,176.92,7.406,Inactive,Male,,,,2.052631579,1,1.05,No,No,1,864.76
D:/Pipefish Mesocosm Film/Trial 5/6-12-20/6-12 AM 01.MTS,184.327,8.831,Wiggle,Male,Active wiggle,Female,2,2.052631579,1,1.05,No,No,1,864.76
D:/Pipefish Mesocosm Film/Trial 5/6-12-20/6-12 AM 01.MTS,188.79,3.985,Inactive,Female,,,,2.052631579,1,1.05,No,No,1,864.76
D:/Pipefish Mesocosm Film/Trial 5/6-12-20/6-12 AM 01.MTS,192.776,11.109,Pose,Female,S pose,Male,Front,2.052631579,1,1.05,No,No,1,864.76
D:/Pipefish Mesocosm Film/Trial 5/6-12-20/6-12 AM 01.MTS,193.159,20.504,Inactive,Male,,,,2.052631579,1,1.05,No,No,1,864.76
D:/Pipefish Mesocosm Film/Trial 5/6-12-20/6-12 AM 01.MTS,203.886,15.094,Inactive,Female,,,,2.052631579,1,1.05,No,No,1,864.76
D:/Pipefish Mesocosm Film/Trial 5/6-12-20/6-12 AM 01.MTS,213.664,2.469,Wiggle,Male,Active wiggle,Female,2,2.052631579,1,1.05,No,No,1,864.76
D:/Pipefish Mesocosm Film/Trial 5/6-12-20/6-12 AM 01.MTS,216.134,4.271,Inactive,Male,,,,2.052631579,1,1.05,No,No,1,864.76
D:/Pipefish Mesocosm Film/Trial 5/6-12-20/6-12 AM 01.MTS,218.981,9.873,Pose,Female,S pose,Male,Front,2.052631579,1,1.05,No,No,1,864.76
D:/Pipefish Mesocosm Film/Trial 5/6-12-20/6-12 AM 01.MTS,220.406,2.563,Wiggle,Male,Active wiggle,Female,2,2.052631579,1,1.05,No,No,1,864.76
D:/Pipefish Mesocosm Film/Trial 5/6-12-20/6-12 AM 01.MTS,222.97,2.563,Inactive,Male,,,,2.052631579,1,1.05,No,No,1,864.76
D:/Pipefish Mesocosm Film/Trial 5/6-12-20/6-12 AM 01.MTS,225.534,5.505,Wiggle,Male,Active wiggle,Female,2,2.052631579,1,1.05,No,No,1,864.76
D:/Pipefish Mesocosm Film/Trial 5/6-12-20/6-12 AM 01.MTS,228.855,35.605,Inactive,Female,,,,2.052631579,1,1.05,No,No,1,864.76
D:/Pipefish Mesocosm Film/Trial 5/6-12-20/6-12 AM 01.MTS,231.04,8.353,Inactive,Male,,,,2.052631579,1,1.05,No,No,1,864.76
D:/Pipefish Mesocosm Film/Trial 5/6-12-20/6-12 AM 01.MTS,239.394,2.754,Wiggle,Male,Active wiggle,Female,2,2.052631579,1,1.05,No,No,1,864.76
D:/Pipefish Mesocosm Film/Trial 5/6-12-20/6-12 AM 01.MTS,242.149,23.07,Inactive,Male,,,,2.052631579,1,1.05,No,No,1,864.76
D:/Pipefish Mesocosm Film/Trial 5/6-12-20/6-12 AM 01.MTS,264.461,16.805,Pose,Female,S pose,Male,Front,2.052631579,1,1.05,No,No,1,864.76
D:/Pipefish Mesocosm Film/Trial 5/6-12-20/6-12 AM 01.MTS,265.22,5.22,Wiggle,Male,Active wiggle,Female,2,2.052631579,1,1.05,No,No,1,864.76
D:/Pipefish Mesocosm Film/Trial 5/6-12-20/6-12 AM 01.MTS,270.441,5.128,Inactive,Male,,,,2.052631579,1,1.05,No,No,1,864.76
D:/Pipefish Mesocosm Film/Trial 5/6-12-20/6-12 AM 01.MTS,275.57,3.225,Wiggle,Male,Active wiggle,Female,2,2.052631579,1,1.05,No,No,1,864.76
D:/Pipefish Mesocosm Film/Trial 5/6-12-20/6-12 AM 01.MTS,278.796,17.09,Inactive,Male,,,,2.052631579,1,1.05,No,No,1,864.76
D:/Pipefish Mesocosm Film/Trial 5/6-12-20/6-12 AM 01.MTS,281.267,15.378,Inactive,Female,,,,2.052631579,1,1.05,No,No,1,864.76
D:/Pipefish Mesocosm Film/Trial 5/6-12-20/6-12 AM 01.MTS,295.887,4.556,Wiggle,Male,Active wiggle,Female,2,2.052631579,1,1.05,No,No,1,864.76
D:/Pipefish Mesocosm Film/Trial 5/6-12-20/6-12 AM 01.MTS,296.646,11.487,Pose,Female,S pose,Male,Front,2.052631579,1,1.05,No,No,1,864.76
D:/Pipefish Mesocosm Film/Trial 5/6-12-20/6-12 AM 01.MTS,300.444,3.132,Inactive,Male,,,,2.052631579,1,1.05,No,No,1,864.76
D:/Pipefish Mesocosm Film/Trial 5/6-12-20/6-12 AM 01.MTS,303.577,2.657,Wiggle,Male,Active wiggle,Female,2,2.052631579,1,1.05,No,No,1,864.76
D:/Pipefish Mesocosm Film/Trial 5/6-12-20/6-12 AM 01.MTS,306.235,17.945,Inactive,Male,,,,2.052631579,1,1.05,No,No,1,864.76
D:/Pipefish Mesocosm Film/Trial 5/6-12-20/6-12 AM 01.MTS,308.134,11.679,Inactive,Female,,,,2.052631579,1,1.05,No,No,1,864.76
D:/Pipefish Mesocosm Film/Trial 5/6-12-20/6-12 AM 01.MTS,319.814,45.573,Pose,Female,S pose,Male,Front,2.052631579,1,1.05,No,No,1,864.76
D:/Pipefish Mesocosm Film/Trial 5/6-12-20/6-12 AM 01.MTS,324.181,6.454,Wiggle,Male,Active wiggle,Female,2,2.052631579,1,1.05,No,No,1,864.76
D:/Pipefish Mesocosm Film/Trial 5/6-12-20/6-12 AM 01.MTS,330.636,21.647,Inactive,Male,,,,2.052631579,1,1.05,No,No,1,864.76
D:/Pipefish Mesocosm Film/Trial 5/6-12-20/6-12 AM 01.MTS,352.284,2.374,Wiggle,Male,Active wiggle,Female,2,2.052631579,1,1.05,No,No,1,864.76
D:/Pipefish Mesocosm Film/Trial 5/6-12-20/6-12 AM 01.MTS,354.659,4.556,Inactive,Male,,,,2.052631579,1,1.05,No,No,1,864.76
D:/Pipefish Mesocosm Film/Trial 5/6-12-20/6-12 AM 01.MTS,359.216,3.417,Wiggle,Male,Active wiggle,Female,2,2.052631579,1,1.05,No,No,1,864.76
D:/Pipefish Mesocosm Film/Trial 5/6-12-20/6-12 AM 01.MTS,362.634,13.005,Inactive,Male,,,,2.052631579,1,1.05,No,No,1,864.76
D:/Pipefish Mesocosm Film/Trial 5/6-12-20/6-12 AM 01.MTS,365.388,41.963,Inactive,Female,,,,2.052631579,1,1.05,No,No,1,864.76
D:/Pipefish Mesocosm Film/Trial 5/6-12-20/6-12 AM 01.MTS,375.64,3.228,Wiggle,Male,Active wiggle,Female,2,2.052631579,1,1.05,No,No,1,864.76
D:/Pipefish Mesocosm Film/Trial 5/6-12-20/6-12 AM 01.MTS,378.869,29.337,Inactive,Male,,,,2.052631579,1,1.05,No,No,1,864.76
D:/Pipefish Mesocosm Film/Trial 5/6-12-20/6-12 AM 01.MTS,407.352,21.172,Pose,Female,S pose,Male,Front,2.052631579,1,1.05,No,No,1,864.76
D:/Pipefish Mesocosm Film/Trial 5/6-12-20/6-12 AM 01.MTS,408.207,5.791,Wiggle,Male,Active wiggle,Female,2,2.052631579,1,1.05,No,No,1,864.76
D:/Pipefish Mesocosm Film/Trial 5/6-12-20/6-12 AM 01.MTS,413.999,70.069,Inactive,Male,,,,2.052631579,1,1.05,No,No,1,864.76
D:/Pipefish Mesocosm Film/Trial 5/6-12-20/6-12 AM 01.MTS,428.525,30.952,Inactive,Female,,,,2.052631579,1,1.05,No,No,1,864.76
D:/Pipefish Mesocosm Film/Trial 5/6-12-20/6-12 AM 01.MTS,459.478,11.107,Pose,Female,S pose,Male,Front,2.052631579,1,1.05,No,No,1,864.76
D:/Pipefish Mesocosm Film/Trial 5/6-12-20/6-12 AM 01.MTS,470.586,12.911,Inactive,Female,,,,2.052631579,1,1.05,No,No,1,864.76
D:/Pipefish Mesocosm Film/Trial 5/6-12-20/6-12 AM 01.MTS,483.498,9.115,Pose,Female,S pose,Male,Front,2.052631579,1,1.05,No,No,1,864.76
D:/Pipefish Mesocosm Film/Trial 5/6-12-20/6-12 AM 01.MTS,484.069,3.7,Wiggle,Male,Active wiggle,Female,2,2.052631579,1,1.05,No,No,1,864.76
D:/Pipefish Mesocosm Film/Trial 5/6-12-20/6-12 AM 01.MTS,487.77,3.988,Inactive,Male,,,,2.052631579,1,1.05,No,No,1,864.76
D:/Pipefish Mesocosm Film/Trial 5/6-12-20/6-12 AM 01.MTS,491.759,4.367,Wiggle,Male,Active wiggle,Female,2,2.052631579,1,1.05,No,No,1,864.76
D:/Pipefish Mesocosm Film/Trial 5/6-12-20/6-12 AM 01.MTS,492.614,22.785,Inactive,Female,,,,2.052631579,1,1.05,No,No,1,864.76
D:/Pipefish Mesocosm Film/Trial 5/6-12-20/6-12 AM 01.MTS,496.127,21.076,Inactive,Male,,,,2.052631579,1,1.05,No,No,1,864.76
D:/Pipefish Mesocosm Film/Trial 5/6-12-20/6-12 AM 01.MTS,515.4,16.52,Pose,Female,S pose,Male,Front,2.052631579,1,1.05,No,No,1,864.76
D:/Pipefish Mesocosm Film/Trial 5/6-12-20/6-12 AM 01.MTS,517.204,5.696,Wiggle,Male,Active wiggle,Female,2,2.052631579,1,1.05,No,No,1,864.76
D:/Pipefish Mesocosm Film/Trial 5/6-12-20/6-12 AM 01.MTS,522.901,21.363,Inactive,Male,,,,2.052631579,1,1.05,No,No,1,864.76
D:/Pipefish Mesocosm Film/Trial 5/6-12-20/6-12 AM 01.MTS,531.921,38.167,Inactive,Female,,,,2.052631579,1,1.05,No,No,1,864.76
D:/Pipefish Mesocosm Film/Trial 5/6-12-20/6-12 AM 01.MTS,544.265,2.845,Wiggle,Male,Active wiggle,Female,2,2.052631579,1,1.05,No,No,1,864.76
D:/Pipefish Mesocosm Film/Trial 5/6-12-20/6-12 AM 01.MTS,547.111,17.66,Inactive,Male,,,,2.052631579,1,1.05,No,No,1,864.76
D:/Pipefish Mesocosm Film/Trial 5/6-12-20/6-12 AM 01.MTS,564.772,5.696,Wiggle,Male,Active wiggle,Female,2,2.052631579,1,1.05,No,No,1,864.76
D:/Pipefish Mesocosm Film/Trial 5/6-12-20/6-12 AM 01.MTS,570.089,19.273,Pose,Female,S pose,Male,Front,2.052631579,1,1.05,No,No,1,864.76
D:/Pipefish Mesocosm Film/Trial 5/6-12-20/6-12 AM 01.MTS,570.469,3.701,Inactive,Male,,,,2.052631579,1,1.05,No,No,1,864.76
D:/Pipefish Mesocosm Film/Trial 5/6-12-20/6-12 AM 01.MTS,574.171,6.455,Wiggle,Male,Active wiggle,Female,2,2.052631579,1,1.05,No,No,1,864.76
D:/Pipefish Mesocosm Film/Trial 5/6-12-20/6-12 AM 01.MTS,580.627,23.64,Inactive,Male,,,,2.052631579,1,1.05,No,No,1,864.76
D:/Pipefish Mesocosm Film/Trial 5/6-12-20/6-12 AM 01.MTS,589.363,4.84,Inactive,Female,,,,2.052631579,1,1.05,No,No,1,864.76
D:/Pipefish Mesocosm Film/Trial 5/6-12-20/6-12 AM 01.MTS,594.204,5.602,Pose,Female,S pose,Male,Front,2.052631579,1,1.05,No,No,1,864.76
D:/Pipefish Mesocosm Film/Trial 5/6-12-20/6-12 AM 01.MTS,599.807,10.252,Inactive,Female,,,,2.052631579,1,1.05,No,No,1,864.76
D:/Pipefish Mesocosm Film/Trial 5/6-12-20/6-12 AM 01.MTS,604.268,2.468,Wiggle,Male,Active wiggle,Female,2,2.052631579,1,1.05,No,No,1,864.76
D:/Pipefish Mesocosm Film/Trial 5/6-12-20/6-12 AM 01.MTS,606.737,4.841,Inactive,Male,,,,2.052631579,1,1.05,No,No,1,864.76
D:/Pipefish Mesocosm Film/Trial 5/6-12-20/6-12 AM 01.MTS,610.06,7.689,Pose,Female,S pose,Male,Front,2.052631579,1,1.05,No,No,1,864.76
D:/Pipefish Mesocosm Film/Trial 5/6-12-20/6-12 AM 01.MTS,611.579,3.797,Wiggle,Male,Active wiggle,Female,2,2.052631579,1,1.05,No,No,1,864.76
D:/Pipefish Mesocosm Film/Trial 5/6-12-20/6-12 AM 01.MTS,615.377,34.843,Inactive,Male,,,,2.052631579,1,1.05,No,No,1,864.76
D:/Pipefish Mesocosm Film/Trial 5/6-12-20/6-12 AM 01.MTS,617.75,4.273,Inactive,Female,,,,2.052631579,1,1.05,No,No,1,864.76
D:/Pipefish Mesocosm Film/Trial 5/6-12-20/6-12 AM 01.MTS,622.024,3.227,Pose,Female,S pose,Male,Front,2.052631579,1,1.05,No,No,1,864.76
D:/Pipefish Mesocosm Film/Trial 5/6-12-20/6-12 AM 01.MTS,625.252,10.918,Inactive,Female,,,,2.052631579,1,1.05,No,No,1,864.76
D:/Pipefish Mesocosm Film/Trial 5/6-12-20/6-12 AM 01.MTS,636.171,10.062,Pose,Female,S pose,Male,Front,2.052631579,1,1.05,No,No,1,864.76
D:/Pipefish Mesocosm Film/Trial 5/6-12-20/6-12 AM 01.MTS,646.234,12.249,Inactive,Female,,,,2.052631579,1,1.05,No,No,1,864.76
D:/Pipefish Mesocosm Film/Trial 5/6-12-20/6-12 AM 01.MTS,650.221,3.323,Wiggle,Male,Active wiggle,Female,2,2.052631579,1,1.05,No,No,1,864.76
D:/Pipefish Mesocosm Film/Trial 5/6-12-20/6-12 AM 01.MTS,653.545,6.834,Inactive,Male,,,,2.052631579,1,1.05,No,No,1,864.76
D:/Pipefish Mesocosm Film/Trial 5/6-12-20/6-12 AM 01.MTS,658.484,8.828,Pose,Female,S pose,Male,Front,2.052631579,1,1.05,No,No,1,864.76
D:/Pipefish Mesocosm Film/Trial 5/6-12-20/6-12 AM 01.MTS,660.38,3.323,Wiggle,Male,Active wiggle,Female,2,2.052631579,1,1.05,No,No,1,864.76
D:/Pipefish Mesocosm Film/Trial 5/6-12-20/6-12 AM 01.MTS,663.704,48.801,Inactive,Male,,,,2.052631579,1,1.05,No,No,1,864.76
D:/Pipefish Mesocosm Film/Trial 5/6-12-20/6-12 AM 01.MTS,667.313,8.828,Inactive,Female,,,,2.052631579,1,1.05,No,No,1,864.76
D:/Pipefish Mesocosm Film/Trial 5/6-12-20/6-12 AM 01.MTS,676.142,10.064,Pose,Female,S pose,Male,Front,2.052631579,1,1.05,No,No,1,864.76
D:/Pipefish Mesocosm Film/Trial 5/6-12-20/6-12 AM 01.MTS,686.207,9.682,Inactive,Female,,,,2.052631579,1,1.05,No,No,1,864.76
D:/Pipefish Mesocosm Film/Trial 5/6-12-20/6-12 AM 01.MTS,695.89,19.275,Pose,Female,S pose,Male,Front,2.052631579,1,1.05,No,No,1,864.76
D:/Pipefish Mesocosm Film/Trial 5/6-12-20/6-12 AM 01.MTS,712.506,5.316,Wiggle,Male,Active wiggle,Female,2,2.052631579,1,1.05,No,No,1,864.76
D:/Pipefish Mesocosm Film/Trial 5/6-12-20/6-12 AM 01.MTS,715.166,35.604,Inactive,Female,,,,2.052631579,1,1.05,No,No,1,864.76
D:/Pipefish Mesocosm Film/Trial 5/6-12-20/6-12 AM 01.MTS,717.823,35.318,Inactive,Male,,,,2.052631579,1,1.05,No,No,1,864.76
D:/Pipefish Mesocosm Film/Trial 5/6-12-20/6-12 AM 01.MTS,750.771,7.687,Pose,Female,S pose,Male,Front,2.052631579,1,1.05,No,No,1,864.76
D:/Pipefish Mesocosm Film/Trial 5/6-12-20/6-12 AM 01.MTS,753.142,2.373,Wiggle,Male,Subtle wiggle,Female,3,2.052631579,1,1.05,No,No,1,864.76
D:/Pipefish Mesocosm Film/Trial 5/6-12-20/6-12 AM 01.MTS,755.516,20.318,Inactive,Male,,,,2.052631579,1,1.05,No,No,1,864.76
D:/Pipefish Mesocosm Film/Trial 5/6-12-20/6-12 AM 01.MTS,758.459,107.765,Inactive,Female,,,,2.052631579,1,1.05,No,No,1,864.76
D:/Pipefish Mesocosm Film/Trial 5/6-12-20/6-12 AM 01.MTS,775.835,3.226,Wiggle,Male,Active wiggle,Female,2,2.052631579,1,1.05,No,No,1,864.76
D:/Pipefish Mesocosm Film/Trial 5/6-12-20/6-12 AM 01.MTS,779.062,22.691,Inactive,Male,,,,2.052631579,1,1.05,No,No,1,864.76
D:/Pipefish Mesocosm Film/Trial 5/6-12-20/6-12 AM 01.MTS,801.754,2.278,Wiggle,Male,Active wiggle,Female,3,2.052631579,1,1.05,No,No,1,864.76
D:/Pipefish Mesocosm Film/Trial 5/6-12-20/6-12 AM 01.MTS,804.033,62.191,Inactive,Male,,,,2.052631579,1,1.05,No,No,1,864.76
D:/Pipefish Mesocosm Film/Trial 5/6-12-20/6-12 AM 01.MTS,870.021,5.031,Wiggle,Male,Active wiggle,Female,3,3,1,2,No,No,2,162.926
D:/Pipefish Mesocosm Film/Trial 5/6-12-20/6-12 AM 01.MTS,872.964,80.131,Inactive,Female,,,,3,1,2,No,No,2,162.926
D:/Pipefish Mesocosm Film/Trial 5/6-12-20/6-12 AM 01.MTS,875.053,23.64,Inactive,Male,,,,3,1,2,No,No,2,162.926
D:/Pipefish Mesocosm Film/Trial 5/6-12-20/6-12 AM 01.MTS,898.694,3.7,Wiggle,Male,Active wiggle,Female,3,3,1,2,No,No,2,162.926
D:/Pipefish Mesocosm Film/Trial 5/6-12-20/6-12 AM 01.MTS,902.395,33.231,Inactive,Male,,,,3,1,2,No,No,2,162.926
D:/Pipefish Mesocosm Film/Trial 5/6-12-20/6-12 AM 01.MTS,935.627,3.701,Wiggle,Male,Active wiggle,Female,3,3,1,2,No,No,2,162.926
D:/Pipefish Mesocosm Film/Trial 5/6-12-20/6-12 AM 01.MTS,939.329,25.35,Inactive,Male,,,,3,1,2,No,No,2,162.926
D:/Pipefish Mesocosm Film/Trial 5/6-12-20/6-12 AM 01.MTS,953.096,7.975,Pose,Female,S pose,Male,Front,3,1,2,No,No,2,162.926
D:/Pipefish Mesocosm Film/Trial 5/6-12-20/6-12 AM 01.MTS,961.072,71.019,Inactive,Female,,,,3,1,2,No,No,2,162.926
D:/Pipefish Mesocosm Film/Trial 5/6-12-20/6-12 AM 01.MTS,964.68,3.322,Wiggle,Male,Active wiggle,Female,3,3,1,2,No,No,2,162.926
D:/Pipefish Mesocosm Film/Trial 5/6-12-20/6-12 AM 01.MTS,968.003,64.088,Inactive,Male,,,,3,1,2,No,No,2,162.926
D:/Pipefish Mesocosm Film/Trial 5/6-12-20/6-12 AM 01.MTS,1073.299,7.023,Wiggle,Male,Active wiggle,Female,3,3,1,2,No,No,3,67.974
D:/Pipefish Mesocosm Film/Trial 5/6-12-20/6-12 AM 01.MTS,1075.008,3.892,Pose,Female,S pose,Male,Front,3,1,2,No,No,3,67.974
D:/Pipefish Mesocosm Film/Trial 5/6-12-20/6-12 AM 01.MTS,1078.901,61.557,Inactive,Female,,,,3,1,2,No,No,3,67.974
D:/Pipefish Mesocosm Film/Trial 5/6-12-20/6-12 AM 01.MTS,1080.323,60.525,Inactive,Male,,,,3,1,2,No,No,3,67.974
D:/Pipefish Mesocosm Film/Trial 5/6-12-20/6-12 AM 01.MTS,1143.177,5.22,Pose,Female,S pose,Male,Front,3,1,2,No,No,4,184.916
D:/Pipefish Mesocosm Film/Trial 5/6-12-20/6-12 AM 01.MTS,1145.36,4.178,Wiggle,Male,Active wiggle,Female,3,3,1,2,No,No,4,184.916
D:/Pipefish Mesocosm Film/Trial 5/6-12-20/6-12 AM 01.MTS,1148.398,22.406,Inactive,Female,,,,3,1,2,No,No,4,184.916
D:/Pipefish Mesocosm Film/Trial 5/6-12-20/6-12 AM 01.MTS,1149.539,6.551,Inactive,Male,,,,3,1,2,No,No,4,184.916
D:/Pipefish Mesocosm Film/Trial 5/6-12-20/6-12 AM 01.MTS,1156.091,3.889,Wiggle,Male,Active wiggle,Female,3,3,1,2,No,No,4,184.916
D:/Pipefish Mesocosm Film/Trial 5/6-12-20/6-12 AM 01.MTS,1159.981,7.406,Inactive,Male,,,,3,1,2,No,No,4,184.916
D:/Pipefish Mesocosm Film/Trial 5/6-12-20/6-12 AM 01.MTS,1167.388,3.892,Wiggle,Male,Active wiggle,Female,3,3,1,2,No,No,4,184.916
D:/Pipefish Mesocosm Film/Trial 5/6-12-20/6-12 AM 01.MTS,1170.805,21.742,Pose,Female,S pose,Male,Front,3,1,2,No,No,4,184.916
D:/Pipefish Mesocosm Film/Trial 5/6-12-20/6-12 AM 01.MTS,1171.281,13.861,Inactive,Male,,,,3,1,2,No,No,4,184.916
D:/Pipefish Mesocosm Film/Trial 5/6-12-20/6-12 AM 01.MTS,1185.143,2.942,Wiggle,Male,Active wiggle,Female,3,3,1,2,No,No,4,184.916
D:/Pipefish Mesocosm Film/Trial 5/6-12-20/6-12 AM 01.MTS,1188.086,20.414,Inactive,Male,,,,3,1,2,No,No,4,184.916
D:/Pipefish Mesocosm Film/Trial 5/6-12-20/6-12 AM 01.MTS,1192.548,19.653,Inactive,Female,,,,3,1,2,No,No,4,184.916
D:/Pipefish Mesocosm Film/Trial 5/6-12-20/6-12 AM 01.MTS,1208.501,2.75,Wiggle,Male,Active wiggle,Female,3,3,1,2,No,No,4,184.916
D:/Pipefish Mesocosm Film/Trial 5/6-12-20/6-12 AM 01.MTS,1211.252,49.277,Inactive,Male,,,,3,1,2,No,No,4,184.916
D:/Pipefish Mesocosm Film/Trial 5/6-12-20/6-12 AM 01.MTS,1212.202,10.347,Pose,Female,S pose,Male,Front,3,1,2,No,No,4,184.916
D:/Pipefish Mesocosm Film/Trial 5/6-12-20/6-12 AM 01.MTS,1222.55,37.598,Inactive,Female,,,,3,1,2,No,No,4,184.916
D:/Pipefish Mesocosm Film/Trial 5/6-12-20/6-12 AM 01.MTS,1260.149,5.41,Pose,Female,S pose,Male,Front,3,1,2,No,No,4,184.916
D:/Pipefish Mesocosm Film/Trial 5/6-12-20/6-12 AM 01.MTS,1260.53,7.403,Wiggle,Male,Active wiggle,Female,3,3,1,2,No,No,4,184.916
D:/Pipefish Mesocosm Film/Trial 5/6-12-20/6-12 AM 01.MTS,1265.56,58.962,Inactive,Female,,,,3,1,2,No,No,4,184.916
D:/Pipefish Mesocosm Film/Trial 5/6-12-20/6-12 AM 01.MTS,1267.934,59.816,Inactive,Male,,,,3,1,2,No,No,4,184.916
D:/Pipefish Mesocosm Film/Trial 5/6-12-20/6-12 AM 01.MTS,1381.585,2.372,Wiggle,Male,Active wiggle,Female,3,3,1,2,No,No,5,132.541
D:/Pipefish Mesocosm Film/Trial 5/6-12-20/6-12 AM 01.MTS,1382.629,130.645,Inactive,Female,,,,3,1,2,No,No,5,132.541
D:/Pipefish Mesocosm Film/Trial 5/6-12-20/6-12 AM 01.MTS,1383.958,2.563,Inactive,Male,,,,3,1,2,No,No,5,132.541
D:/Pipefish Mesocosm Film/Trial 5/6-12-20/6-12 AM 01.MTS,1386.522,1.897,Wiggle,Male,Active wiggle,Female,3,3,1,2,No,No,5,132.541
D:/Pipefish Mesocosm Film/Trial 5/6-12-20/6-12 AM 01.MTS,1388.42,2.279,Inactive,Male,,,,3,1,2,No,No,5,132.541
D:/Pipefish Mesocosm Film/Trial 5/6-12-20/6-12 AM 01.MTS,1390.7,4.142,Wiggle,Male,Active wiggle,Female,3,3,1,2,No,No,5,132.541
D:/Pipefish Mesocosm Film/Trial 5/6-12-20/6-12 AM 01.MTS,1394.843,18.548,Inactive,Male,,,,3,1,2,No,No,5,132.541
D:/Pipefish Mesocosm Film/Trial 5/6-12-20/6-12 AM 01.MTS,1413.392,5.219,Wiggle,Male,Active wiggle,Female,3,3,1,2,No,No,5,132.541
D:/Pipefish Mesocosm Film/Trial 5/6-12-20/6-12 AM 01.MTS,1418.612,25.066,Inactive,Male,,,,3,1,2,No,No,5,132.541
D:/Pipefish Mesocosm Film/Trial 5/6-12-20/6-12 AM 01.MTS,1443.679,3.795,Wiggle,Male,Active wiggle,Female,3,3,1,2,No,No,5,132.541
D:/Pipefish Mesocosm Film/Trial 5/6-12-20/6-12 AM 01.MTS,1447.475,66.177,Inactive,Male,,,,3,1,2,No,No,5,132.541
D:/Pipefish Mesocosm Film/Trial 5/6-12-20/6-12 AM 01.MTS,1536.915,2.277,Wiggle,Male,Active wiggle,Female,3,2.666666667,1,1.667,No,No,6,119.873
D:/Pipefish Mesocosm Film/Trial 5/6-12-20/6-12 AM 01.MTS,1537.579,118.397,Inactive,Female,,,,2.666666667,1,1.667,No,No,6,119.873
D:/Pipefish Mesocosm Film/Trial 5/6-12-20/6-12 AM 01.MTS,1539.193,26.867,Inactive,Male,,,,2.666666667,1,1.667,No,No,6,119.873
D:/Pipefish Mesocosm Film/Trial 5/6-12-20/6-12 AM 01.MTS,1566.061,2.089,Wiggle,Male,Active wiggle,Female,2,2.666666667,1,1.667,No,No,6,119.873
D:/Pipefish Mesocosm Film/Trial 5/6-12-20/6-12 AM 01.MTS,1568.151,21.837,Inactive,Male,,,,2.666666667,1,1.667,No,No,6,119.873
D:/Pipefish Mesocosm Film/Trial 5/6-12-20/6-12 AM 01.MTS,1589.989,3.891,Wiggle,Male,Active wiggle,Female,3,2.666666667,1,1.667,No,No,6,119.873
D:/Pipefish Mesocosm Film/Trial 5/6-12-20/6-12 AM 01.MTS,1593.881,62.095,Inactive,Male,,,,2.666666667,1,1.667,No,No,6,119.873
D:/Pipefish Mesocosm Film/Trial 5/6-12-20/6-12 AM 01.MTS,1682.371,3.891,Wiggle,Male,Active wiggle,Female,2,2.5,1,1.5,No,No,7,241.399
D:/Pipefish Mesocosm Film/Trial 5/6-12-20/6-12 AM 01.MTS,1682.656,6.359,Pose,Female,S pose,Male,Front,2.5,1,1.5,No,No,7,241.399
D:/Pipefish Mesocosm Film/Trial 5/6-12-20/6-12 AM 01.MTS,1686.263,43.294,Inactive,Male,,,,2.5,1,1.5,No,No,7,241.399
D:/Pipefish Mesocosm Film/Trial 5/6-12-20/6-12 AM 01.MTS,1689.016,95.514,Inactive,Female,,,,2.5,1,1.5,No,No,7,241.399
D:/Pipefish Mesocosm Film/Trial 5/6-12-20/6-12 AM 01.MTS,1729.558,2.561,Wiggle,Male,Active wiggle,Female,2,2.5,1,1.5,No,No,7,241.399
D:/Pipefish Mesocosm Film/Trial 5/6-12-20/6-12 AM 01.MTS,1732.12,16.806,Inactive,Male,,,,2.5,1,1.5,No,No,7,241.399
D:/Pipefish Mesocosm Film/Trial 5/6-12-20/6-12 AM 01.MTS,1748.927,4.935,Wiggle,Male,Active wiggle,Female,3,2.5,1,1.5,No,No,7,241.399
D:/Pipefish Mesocosm Film/Trial 5/6-12-20/6-12 AM 01.MTS,1753.863,31.047,Inactive,Male,,,,2.5,1,1.5,No,No,7,241.399
D:/Pipefish Mesocosm Film/Trial 5/6-12-20/6-12 AM 01.MTS,1784.531,3.892,Pose,Female,S pose,Male,Front,2.5,1,1.5,No,No,7,241.399
D:/Pipefish Mesocosm Film/Trial 5/6-12-20/6-12 AM 01.MTS,1784.911,3.606,Wiggle,Male,Subtle wiggle,Female,3,2.5,1,1.5,No,No,7,241.399
D:/Pipefish Mesocosm Film/Trial 5/6-12-20/6-12 AM 01.MTS,1788.424,33.893,Inactive,Female,,,,2.5,1,1.5,No,No,7,241.399
D:/Pipefish Mesocosm Film/Trial 5/6-12-20/6-12 AM 01.MTS,1788.518,31.141,Inactive,Male,,,,2.5,1,1.5,No,No,7,241.399
D:/Pipefish Mesocosm Film/Trial 5/6-12-20/6-12 AM 01.MTS,1819.66,8.26,Wiggle,Male,Active wiggle,Female,2,2.5,1,1.5,No,No,7,241.399
D:/Pipefish Mesocosm Film/Trial 5/6-12-20/6-12 AM 01.MTS,1822.318,6.552,Pose,Female,S pose,Male,Front,2.5,1,1.5,No,No,7,241.399
D:/Pipefish Mesocosm Film/Trial 5/6-12-20/6-12 AM 01.MTS,1827.921,2.848,Inactive,Male,,,,2.5,1,1.5,No,No,7,241.399
D:/Pipefish Mesocosm Film/Trial 5/6-12-20/6-12 AM 01.MTS,1828.871,28.198,Inactive,Female,,,,2.5,1,1.5,No,No,7,241.399
D:/Pipefish Mesocosm Film/Trial 5/6-12-20/6-12 AM 01.MTS,1830.77,3.512,Wiggle,Male,Active wiggle,Female,3,2.5,1,1.5,No,No,7,241.399
D:/Pipefish Mesocosm Film/Trial 5/6-12-20/6-12 AM 01.MTS,1834.283,88.487,Inactive,Male,,,,2.5,1,1.5,No,No,7,241.399
D:/Pipefish Mesocosm Film/Trial 5/6-12-20/6-12 AM 01.MTS,1857.07,5.504,Pose,Female,S pose,Male,Front,2.5,1,1.5,No,No,7,241.399
D:/Pipefish Mesocosm Film/Trial 5/6-12-20/6-12 AM 01.MTS,1862.575,60.195,Inactive,Female,,,,2.5,1,1.5,No,No,7,241.399
D:/Pipefish Mesocosm Film/Trial 5/6-12-20/6-12 AM 01.MTS,1957.332,0.853,Wiggle,Male,Active wiggle,Female,2,2,1,1,No,No,8,19.462
D:/Pipefish Mesocosm Film/Trial 5/6-12-20/6-12 AM 01.MTS,1957.901,10.254,Pose,Female,S pose,Male,Front,2,1,1,No,No,8,19.462
D:/Pipefish Mesocosm Film/Trial 5/6-12-20/6-12 AM 01.MTS,1958.186,18.23,Inactive,Male,,,,2,1,1,No,No,8,19.462
D:/Pipefish Mesocosm Film/Trial 5/6-12-20/6-12 AM 01.MTS,1968.156,8.449,Inactive,Female,,,,2,1,1,No,No,8,19.462
D:/Pipefish Mesocosm Film/Trial 5/6-12-20/6-12 AM 01.MTS,1987.523,7.689,Pose,Female,S pose,Male,Front,2.333333333,1,1.333,No,No,9,248.283
D:/Pipefish Mesocosm Film/Trial 5/6-12-20/6-12 AM 01.MTS,1988.852,3.418,Wiggle,Male,Subtle wiggle,Female,2,2.333333333,1,1.333,No,No,9,248.283
D:/Pipefish Mesocosm Film/Trial 5/6-12-20/6-12 AM 01.MTS,1992.271,21.741,Inactive,Male,,,,2.333333333,1,1.333,No,No,9,248.283
D:/Pipefish Mesocosm Film/Trial 5/6-12-20/6-12 AM 01.MTS,1995.213,21.647,Inactive,Female,,,,2.333333333,1,1.333,No,No,9,248.283
D:/Pipefish Mesocosm Film/Trial 5/6-12-20/6-12 AM 01.MTS,2014.013,6.647,Wiggle,Male,Active wiggle,Female,2,2.333333333,1,1.333,No,No,9,248.283
D:/Pipefish Mesocosm Film/Trial 5/6-12-20/6-12 AM 01.MTS,2016.861,4.558,Pose,Female,S pose,Male,Front,2.333333333,1,1.333,No,No,9,248.283
D:/Pipefish Mesocosm Film/Trial 5/6-12-20/6-12 AM 01.MTS,2020.661,13.102,Inactive,Male,,,,2.333333333,1,1.333,No,No,9,248.283
D:/Pipefish Mesocosm Film/Trial 5/6-12-20/6-12 AM 01.MTS,2021.42,67.124,Inactive,Female,,,,2.333333333,1,1.333,No,No,9,248.283
D:/Pipefish Mesocosm Film/Trial 5/6-12-20/6-12 AM 01.MTS,2033.764,3.036,Wiggle,Male,Subtle wiggle,Female,3,2.333333333,1,1.333,No,No,9,248.283
D:/Pipefish Mesocosm Film/Trial 5/6-12-20/6-12 AM 01.MTS,2036.801,51.077,Inactive,Male,,,,2.333333333,1,1.333,No,No,9,248.283
D:/Pipefish Mesocosm Film/Trial 5/6-12-20/6-12 AM 01.MTS,2087.879,5.413,Wiggle,Male,Active wiggle,Female,2,2.333333333,1,1.333,No,No,9,248.283
D:/Pipefish Mesocosm Film/Trial 5/6-12-20/6-12 AM 01.MTS,2088.545,5.031,Pose,Female,S pose,Male,Front,2.333333333,1,1.333,No,No,9,248.283
D:/Pipefish Mesocosm Film/Trial 5/6-12-20/6-12 AM 01.MTS,2093.293,21.36,Inactive,Male,,,,2.333333333,1,1.333,No,No,9,248.283
D:/Pipefish Mesocosm Film/Trial 5/6-12-20/6-12 AM 01.MTS,2093.577,65.701,Inactive,Female,,,,2.333333333,1,1.333,No,No,9,248.283
D:/Pipefish Mesocosm Film/Trial 5/6-12-20/6-12 AM 01.MTS,2114.654,3.798,Wiggle,Male,Active wiggle,Female,3,2.333333333,1,1.333,No,No,9,248.283
D:/Pipefish Mesocosm Film/Trial 5/6-12-20/6-12 AM 01.MTS,2118.453,41.299,Inactive,Male,,,,2.333333333,1,1.333,No,No,9,248.283
D:/Pipefish Mesocosm Film/Trial 5/6-12-20/6-12 AM 01.MTS,2159.279,4.367,Pose,Female,S pose,Male,Front,2.333333333,1,1.333,No,No,9,248.283
D:/Pipefish Mesocosm Film/Trial 5/6-12-20/6-12 AM 01.MTS,2159.753,3.798,Wiggle,Male,Active wiggle,Female,2,2.333333333,1,1.333,No,No,9,248.283
D:/Pipefish Mesocosm Film/Trial 5/6-12-20/6-12 AM 01.MTS,2163.552,71.682,Inactive,Male,,,,2.333333333,1,1.333,No,No,9,248.283
D:/Pipefish Mesocosm Film/Trial 5/6-12-20/6-12 AM 01.MTS,2163.647,71.587,Inactive,Female,,,,2.333333333,1,1.333,No,No,9,248.283
D:/Pipefish Mesocosm Film/Trial 5/6-12-20/6-12 AM 01.MTS,2242.832,43.861,Inactive,Female,,,,3,1,2,No,No,10,148.684
D:/Pipefish Mesocosm Film/Trial 5/6-12-20/6-12 AM 01.MTS,2242.832,1.802,Wiggle,Male,Active wiggle,Female,3,3,1,2,No,No,10,148.684
D:/Pipefish Mesocosm Film/Trial 5/6-12-20/6-12 AM 01.MTS,2244.635,25.064,Inactive,Male,,,,3,1,2,No,No,10,148.684
D:/Pipefish Mesocosm Film/Trial 5/6-12-20/6-12 AM 01.MTS,2269.7,2.752,Wiggle,Male,Subtle wiggle,Female,3,3,1,2,No,No,10,148.684
D:/Pipefish Mesocosm Film/Trial 5/6-12-20/6-12 AM 01.MTS,2272.453,54.213,Inactive,Male,,,,3,1,2,No,No,10,148.684
D:/Pipefish Mesocosm Film/Trial 5/6-12-20/6-12 AM 01.MTS,2286.694,6.457,Pose,Female,S pose,Male,Front,3,1,2,No,No,10,148.684
D:/Pipefish Mesocosm Film/Trial 5/6-12-20/6-12 AM 01.MTS,2293.152,97.603,Inactive,Female,,,,3,1,2,No,No,10,148.684
D:/Pipefish Mesocosm Film/Trial 5/6-12-20/6-12 AM 01.MTS,2326.667,4.272,Wiggle,Male,Active wiggle,Female,3,3,1,2,No,No,10,148.684
D:/Pipefish Mesocosm Film/Trial 5/6-12-20/6-12 AM 01.MTS,2330.94,59.815,Inactive,Male,,,,3,1,2,No,No,10,148.684
D:/Pipefish Mesocosm Film/Trial 5/6-12-20/6-12 AM 01.MTS,2584.063,3.418,Wiggle,Male,Active wiggle,Female,3,3,1,2,No,No,11,105.577
D:/Pipefish Mesocosm Film/Trial 5/6-12-20/6-12 AM 01.MTS,2586.245,102.827,Inactive,Female,,,,3,1,2,No,No,11,105.577
D:/Pipefish Mesocosm Film/Trial 5/6-12-20/6-12 AM 01.MTS,2587.482,35.603,Inactive,Male,,,,3,1,2,No,No,11,105.577
D:/Pipefish Mesocosm Film/Trial 5/6-12-20/6-12 AM 01.MTS,2623.086,3.7,Wiggle,Male,Active wiggle,Female,3,3,1,2,No,No,11,105.577
D:/Pipefish Mesocosm Film/Trial 5/6-12-20/6-12 AM 01.MTS,2626.787,62.285,Inactive,Male,,,,3,1,2,No,No,11,105.577
D:/Pipefish Mesocosm Film/Trial 5/6-12-20/6-12 AM 01.MTS,2753.447,3.415,Wiggle,Male,Active wiggle,Female,3,2.666666667,1,1.667,No,No,12,149.163
D:/Pipefish Mesocosm Film/Trial 5/6-12-20/6-12 AM 01.MTS,2754.49,148.11,Inactive,Female,,,,2.666666667,1,1.667,No,No,12,149.163
D:/Pipefish Mesocosm Film/Trial 5/6-12-20/6-12 AM 01.MTS,2756.863,48.991,Inactive,Male,,,,2.666666667,1,1.667,No,No,12,149.163
D:/Pipefish Mesocosm Film/Trial 5/6-12-20/6-12 AM 01.MTS,2805.855,2.941,Wiggle,Male,Active wiggle,Female,2,2.666666667,1,1.667,No,No,12,149.163
D:/Pipefish Mesocosm Film/Trial 5/6-12-20/6-12 AM 01.MTS,2808.797,28.014,Inactive,Male,,,,2.666666667,1,1.667,No,No,12,149.163
D:/Pipefish Mesocosm Film/Trial 5/6-12-20/6-12 AM 02.MTS,2836.812,2.468,Wiggle,Male,Active wiggle,Female,3,2.666666667,1,1.667,No,No,12,149.163
D:/Pipefish Mesocosm Film/Trial 5/6-12-20/6-12 AM 02.MTS,2839.281,62.759,Inactive,Male,,,,2.666666667,1,1.667,No,No,12,149.163
D:/Pipefish Mesocosm Film/Trial 5/6-12-20/6-12 AM 02.MTS,3001.258,8.64,Wiggle,Male,Active wiggle,Female,2,2.333333333,1,1.333,Yes,Yes,13,103.965
D:/Pipefish Mesocosm Film/Trial 5/6-12-20/6-12 AM 02.MTS,3002.493,6.738,Inactive,Female,,,,2.333333333,1,1.333,Yes,Yes,13,103.965
D:/Pipefish Mesocosm Film/Trial 5/6-12-20/6-12 AM 02.MTS,3009.232,3.797,Pose,Female,S pose,Male,Front,2.333333333,1,1.333,Yes,Yes,13,103.965
D:/Pipefish Mesocosm Film/Trial 5/6-12-20/6-12 AM 02.MTS,3009.899,13.384,Inactive,Male,,,,2.333333333,1,1.333,Yes,Yes,13,103.965
D:/Pipefish Mesocosm Film/Trial 5/6-12-20/6-12 AM 02.MTS,3013.03,91.432,Inactive,Female,,,,2.333333333,1,1.333,Yes,Yes,13,103.965
D:/Pipefish Mesocosm Film/Trial 5/6-12-20/6-12 AM 02.MTS,3023.284,3.322,Wiggle,Male,Active wiggle,Female,3,2.333333333,1,1.333,Yes,Yes,13,103.965
D:/Pipefish Mesocosm Film/Trial 5/6-12-20/6-12 AM 02.MTS,3026.607,14.812,Inactive,Male,,,,2.333333333,1,1.333,Yes,Yes,13,103.965
D:/Pipefish Mesocosm Film/Trial 5/6-12-20/6-12 AM 02.MTS,3041.42,2.087,Wiggle,Male,Active wiggle,Female,2,2.333333333,1,1.333,Yes,Yes,13,103.965
D:/Pipefish Mesocosm Film/Trial 5/6-12-20/6-12 AM 02.MTS,3043.508,61.144,Inactive,Male,,,,2.333333333,1,1.333,Yes,Yes,13,103.965
D:/Pipefish Mesocosm Film/Trial 5/6-12-20/6-12 AM 02.MTS,3303.848,62.665,Inactive,Female,,,,3,1,2,Yes,Yes,14,63.517
D:/Pipefish Mesocosm Film/Trial 5/6-12-20/6-12 AM 02.MTS,3303.848,2.942,Wiggle,Male,Active wiggle,Female,3,3,1,2,Yes,Yes,14,63.517
D:/Pipefish Mesocosm Film/Trial 5/6-12-20/6-12 AM 02.MTS,3306.791,59.722,Inactive,Male,,,,3,1,2,Yes,Yes,14,63.517
D:/Pipefish Mesocosm Film/Trial 5/6-12-20/6-12 AM 02.MTS,3378.475,5.506,Pose,Female,S pose,Male,Front,3,1,2,No,No,15,66.843
D:/Pipefish Mesocosm Film/Trial 5/6-12-20/6-12 AM 02.MTS,3378.475,66.556,Inactive,Male,,,,3,1,2,No,No,15,66.843
D:/Pipefish Mesocosm Film/Trial 5/6-12-20/6-12 AM 02.MTS,3383.982,61.049,Inactive,Female,,,,3,1,2,No,No,15,66.843
D:/Pipefish Mesocosm Film/Trial 5/6-12-20/6-12 AM 02.MTS,3445.602,2.467,Wiggle,Male,Active wiggle,Female,3,3,1,2,No,No,16,141.755
D:/Pipefish Mesocosm Film/Trial 5/6-12-20/6-12 AM 02.MTS,3448.07,4.749,Inactive,Male,,,,3,1,2,No,No,16,141.755
D:/Pipefish Mesocosm Film/Trial 5/6-12-20/6-12 AM 02.MTS,3452.626,134.159,Inactive,Female,,,,3,1,2,No,No,16,141.755
D:/Pipefish Mesocosm Film/Trial 5/6-12-20/6-12 AM 02.MTS,3452.82,2.37,Wiggle,Male,Active wiggle,Female,3,3,1,2,No,No,16,141.755
D:/Pipefish Mesocosm Film/Trial 5/6-12-20/6-12 AM 02.MTS,3455.191,38.642,Inactive,Male,,,,3,1,2,No,No,16,141.755
D:/Pipefish Mesocosm Film/Trial 5/6-12-20/6-12 AM 02.MTS,3493.834,3.605,Wiggle,Male,Active wiggle,Female,3,3,1,2,No,No,16,141.755
D:/Pipefish Mesocosm Film/Trial 5/6-12-20/6-12 AM 02.MTS,3497.44,19.368,Inactive,Male,,,,3,1,2,No,No,16,141.755
D:/Pipefish Mesocosm Film/Trial 5/6-12-20/6-12 AM 02.MTS,3516.809,6.742,Wiggle,Male,Active wiggle,Female,3,3,1,2,No,No,16,141.755
D:/Pipefish Mesocosm Film/Trial 5/6-12-20/6-12 AM 02.MTS,3523.552,63.233,Inactive,Male,,,,3,1,2,No,No,16,141.755
D:/Pipefish Mesocosm Film/Trial 5/6-12-20/6-12 AM 02.MTS,3611.28,8.543,Pose,Female,S pose,Male,None,2.5,1,1.5,No,No,17,173.851
D:/Pipefish Mesocosm Film/Trial 5/6-12-20/6-12 AM 02.MTS,3612.324,5.506,Wiggle,Male,Active wiggle,Female,2,2.5,1,1.5,No,No,17,173.851
D:/Pipefish Mesocosm Film/Trial 5/6-12-20/6-12 AM 02.MTS,3617.831,7.405,Inactive,Male,,,,2.5,1,1.5,No,No,17,173.851
D:/Pipefish Mesocosm Film/Trial 5/6-12-20/6-12 AM 02.MTS,3619.824,82.984,Inactive,Female,,,,2.5,1,1.5,No,No,17,173.851
D:/Pipefish Mesocosm Film/Trial 5/6-12-20/6-12 AM 02.MTS,3625.237,2.089,Wiggle,Male,Active wiggle,Female,2,2.5,1,1.5,No,No,17,173.851
D:/Pipefish Mesocosm Film/Trial 5/6-12-20/6-12 AM 02.MTS,3627.327,1.992,Inactive,Male,,,,2.5,1,1.5,No,No,17,173.851
D:/Pipefish Mesocosm Film/Trial 5/6-12-20/6-12 AM 02.MTS,3629.32,2.658,Wiggle,Male,Active wiggle,Female,2,2.5,1,1.5,No,No,17,173.851
D:/Pipefish Mesocosm Film/Trial 5/6-12-20/6-12 AM 02.MTS,3631.979,28.482,Inactive,Male,,,,2.5,1,1.5,No,No,17,173.851
D:/Pipefish Mesocosm Film/Trial 5/6-12-20/6-12 AM 02.MTS,3660.462,1.71,Wiggle,Male,Subtle wiggle,Female,4,2.5,1,1.5,No,No,17,173.851
D:/Pipefish Mesocosm Film/Trial 5/6-12-20/6-12 AM 02.MTS,3662.173,41.678,Inactive,Male,,,,2.5,1,1.5,No,No,17,173.851
D:/Pipefish Mesocosm Film/Trial 5/6-12-20/6-12 AM 02.MTS,3702.809,19.176,Pose,Female,S pose,Male,Front,2.5,1,1.5,No,No,17,173.851
D:/Pipefish Mesocosm Film/Trial 5/6-12-20/6-12 AM 02.MTS,3703.852,9.019,Wiggle,Male,Active wiggle,Female,2,2.5,1,1.5,No,No,17,173.851
D:/Pipefish Mesocosm Film/Trial 5/6-12-20/6-12 AM 02.MTS,3712.872,1.044,Inactive,Male,,,,2.5,1,1.5,No,No,17,173.851
D:/Pipefish Mesocosm Film/Trial 5/6-12-20/6-12 AM 02.MTS,3716.765,5.886,Wiggle,Male,Subtle wiggle,Female,3,2.5,1,1.5,No,No,17,173.851
D:/Pipefish Mesocosm Film/Trial 5/6-12-20/6-12 AM 02.MTS,3721.986,61.43,Inactive,Female,,,,2.5,1,1.5,No,No,17,173.851
D:/Pipefish Mesocosm Film/Trial 5/6-12-20/6-12 AM 02.MTS,3722.652,60.764,Inactive,Male,,,,2.5,1,1.5,No,No,17,173.851
D:/Pipefish Mesocosm Film/Trial 5/6-12-20/6-12 AM 02.MTS,3853.505,4.346,Wiggle,Male,Active wiggle,Female,2,2.5,1,1.5,No,No,18,97.39
D:/Pipefish Mesocosm Film/Trial 5/6-12-20/6-12 AM 02.MTS,3854.624,5.697,Pose,Female,S pose,Male,Front,2.5,1,1.5,No,No,18,97.39
D:/Pipefish Mesocosm Film/Trial 5/6-12-20/6-12 AM 02.MTS,3857.852,28.484,Inactive,Male,,,,2.5,1,1.5,No,No,18,97.39
D:/Pipefish Mesocosm Film/Trial 5/6-12-20/6-12 AM 02.MTS,3860.322,88.964,Inactive,Female,,,,2.5,1,1.5,No,No,18,97.39
D:/Pipefish Mesocosm Film/Trial 5/6-12-20/6-12 AM 02.MTS,3886.337,2.467,Wiggle,Male,Subtle wiggle,Female,3,2.5,1,1.5,No,No,18,97.39
D:/Pipefish Mesocosm Film/Trial 5/6-12-20/6-12 AM 02.MTS,3888.805,60.481,Inactive,Male,,,,2.5,1,1.5,No,No,18,97.39
