media_file_path,time_in_video,Duration,behavior,subject,modifier_1,modifier_2,modifier_3,Group size,Female,Male,Chasing_end,Chase_present,courtship_events,total_time_of_courtship
D:/Pipefish Mesocosm Film/Trial 5/11-12-20/11-12 Noon 01.MTS,3.557,8.257,Inactive,Female,,,,2.5,1,1.5,No,Yes,1,127.987
D:/Pipefish Mesocosm Film/Trial 5/11-12-20/11-12 Noon 01.MTS,4.124,7.688,Wiggle,Male,Active wiggle,Female,2,2.5,1,1.5,No,Yes,1,127.987
D:/Pipefish Mesocosm Film/Trial 5/11-12-20/11-12 Noon 01.MTS,11.813,8.07,Chasing,Male,,,,2.5,1,1.5,No,Yes,1,127.987
D:/Pipefish Mesocosm Film/Trial 5/11-12-20/11-12 Noon 01.MTS,11.815,39.684,Swim away,Female,,,,2.5,1,1.5,No,Yes,1,127.987
D:/Pipefish Mesocosm Film/Trial 5/11-12-20/11-12 Noon 01.MTS,19.884,5.982,Inactive,Male,,,,2.5,1,1.5,No,Yes,1,127.987
D:/Pipefish Mesocosm Film/Trial 5/11-12-20/11-12 Noon 01.MTS,23.207,0,Follow,Male,,,,2.5,1,1.5,No,Yes,1,127.987
D:/Pipefish Mesocosm Film/Trial 5/11-12-20/11-12 Noon 01.MTS,25.867,20.887,Chasing,Male,,,,2.5,1,1.5,No,Yes,1,127.987
D:/Pipefish Mesocosm Film/Trial 5/11-12-20/11-12 Noon 01.MTS,46.755,83.076,Inactive,Male,,,,2.5,1,1.5,No,Yes,1,127.987
D:/Pipefish Mesocosm Film/Trial 5/11-12-20/11-12 Noon 01.MTS,51.5,33.896,Inactive,Female,,,,2.5,1,1.5,No,Yes,1,127.987
D:/Pipefish Mesocosm Film/Trial 5/11-12-20/11-12 Noon 01.MTS,177.588,10.064,Pose,Female,S pose,Male,Front,2,1,1,No,No,2,20.604
D:/Pipefish Mesocosm Film/Trial 5/11-12-20/11-12 Noon 01.MTS,177.588,17.66,Inactive,Male,,,,2,1,1,No,No,2,20.604
D:/Pipefish Mesocosm Film/Trial 5/11-12-20/11-12 Noon 01.MTS,187.654,7.594,Inactive,Female,,,,2,1,1,No,No,2,20.604
D:/Pipefish Mesocosm Film/Trial 5/11-12-20/11-12 Noon 01.MTS,277.185,6.17,Wiggle,Male,Active wiggle,Female,2,2,1,1,No,No,3,20.985
D:/Pipefish Mesocosm Film/Trial 5/11-12-20/11-12 Noon 01.MTS,278.514,11.679,Inactive,Female,,,,2,1,1,No,No,3,20.985
D:/Pipefish Mesocosm Film/Trial 5/11-12-20/11-12 Noon 01.MTS,283.356,6.837,Inactive,Male,,,,2,1,1,No,No,3,20.985
D:/Pipefish Mesocosm Film/Trial 5/11-12-20/11-12 Noon 01.MTS,289.432,0,Move away,Male,,,,2,1,1,No,No,3,20.985
D:/Pipefish Mesocosm Film/Trial 5/11-12-20/11-12 Noon 01.MTS,466.22,23.925,Inactive,Female,,,,2,1,1,No,No,4,61.048
D:/Pipefish Mesocosm Film/Trial 5/11-12-20/11-12 Noon 01.MTS,472.394,4.364,Wiggle,Male,Active wiggle,Female,2,2,1,1,No,No,4,61.048
D:/Pipefish Mesocosm Film/Trial 5/11-12-20/11-12 Noon 01.MTS,476.759,48.327,Inactive,Male,,,,2,1,1,No,No,4,61.048
D:/Pipefish Mesocosm Film/Trial 5/11-12-20/11-12 Noon 01.MTS,490.146,5.412,Swim away,Female,,,,2,1,1,No,No,4,61.048
D:/Pipefish Mesocosm Film/Trial 5/11-12-20/11-12 Noon 01.MTS,495.559,29.622,Inactive,Female,,,,2,1,1,No,No,4,61.048
D:/Pipefish Mesocosm Film/Trial 5/11-12-20/11-12 Noon 01.MTS,502.679,0,Move away,Female,,,,2,1,1,No,No,4,61.048
D:/Pipefish Mesocosm Film/Trial 5/11-12-20/11-12 Noon 01.MTS,503.723,0,Move away,Male,,,,2,1,1,No,No,4,61.048
D:/Pipefish Mesocosm Film/Trial 5/11-12-20/11-12 Noon 01.MTS,709.851,5.031,Wiggle,Female,Active wiggle,Female,2,,,,,,5,34.56
D:/Pipefish Mesocosm Film/Trial 5/11-12-20/11-12 Noon 01.MTS,713.363,0.57,Pose,Second female,S pose,Female,Front,,,,,,5,34.56
D:/Pipefish Mesocosm Film/Trial 5/11-12-20/11-12 Noon 01.MTS,713.934,4.933,Wiggle,Second female,Active wiggle,Female,2,,,,,,5,34.56
D:/Pipefish Mesocosm Film/Trial 5/11-12-20/11-12 Noon 01.MTS,714.883,3.985,Inactive,Female,,,,,,,,,5,34.56
D:/Pipefish Mesocosm Film/Trial 5/11-12-20/11-12 Noon 01.MTS,718.87,3.703,Pose,Female,S pose,Female,Front,,,,,,5,34.56
D:/Pipefish Mesocosm Film/Trial 5/11-12-20/11-12 Noon 01.MTS,719.818,2.564,Wiggle,Second female,Active wiggle,Female,2,,,,,,5,34.56
D:/Pipefish Mesocosm Film/Trial 5/11-12-20/11-12 Noon 01.MTS,722.383,20.79,Inactive,Second female,,,,,,,,,5,34.56
D:/Pipefish Mesocosm Film/Trial 5/11-12-20/11-12 Noon 01.MTS,722.574,19.939,Inactive,Female,,,,,,,,,5,34.56
D:/Pipefish Mesocosm Film/Trial 5/11-12-20/11-12 Noon 01.MTS,740.517,0,Move away,Female,,,,,,,,,5,34.56
D:/Pipefish Mesocosm Film/Trial 5/11-12-20/11-12 Noon 01.MTS,786.375,5.032,Wiggle,Female,Active wiggle,Female,2,,,,,,6,29.339
D:/Pipefish Mesocosm Film/Trial 5/11-12-20/11-12 Noon 01.MTS,786.376,28.105,Inactive,Second female,,,,,,,,,6,29.339
D:/Pipefish Mesocosm Film/Trial 5/11-12-20/11-12 Noon 01.MTS,791.408,23.073,Inactive,Female,,,,,,,,,6,29.339
D:/Pipefish Mesocosm Film/Trial 5/11-12-20/11-12 Noon 01.MTS,803.181,0,Move away,Second female,,,,,,,,,6,29.339
D:/Pipefish Mesocosm Film/Trial 5/11-12-20/11-12 Noon 01.MTS,804.417,0,Touch,Female,,,,,,,,,6,29.339
D:/Pipefish Mesocosm Film/Trial 5/11-12-20/11-12 Noon 01.MTS,897.08,10.256,Wiggle,Female,Active wiggle,Female,2,,,,,,7,38.927
D:/Pipefish Mesocosm Film/Trial 5/11-12-20/11-12 Noon 01.MTS,897.84,9.02,Pose,Second female,S pose,Female,Front,,,,,,7,38.927
D:/Pipefish Mesocosm Film/Trial 5/11-12-20/11-12 Noon 01.MTS,906.861,10.54,Inactive,Second female,,,,,,,,,7,38.927
D:/Pipefish Mesocosm Film/Trial 5/11-12-20/11-12 Noon 01.MTS,907.337,3.796,Pose,Female,S pose,Female,Front,,,,,,7,38.927
D:/Pipefish Mesocosm Film/Trial 5/11-12-20/11-12 Noon 01.MTS,911.134,22.502,Inactive,Female,,,,,,,,,7,38.927
D:/Pipefish Mesocosm Film/Trial 5/11-12-20/11-12 Noon 01.MTS,914.457,0,Follow,Second female,,,,,,,,,7,38.927
D:/Pipefish Mesocosm Film/Trial 5/11-12-20/11-12 Noon 01.MTS,917.402,15.948,Pose,Second female,Flash,Female,Front,,,,,,7,38.927
D:/Pipefish Mesocosm Film/Trial 5/11-12-20/11-12 Noon 01.MTS,933.351,0.852,Inactive,Second female,,,,,,,,,7,38.927
D:/Pipefish Mesocosm Film/Trial 5/11-12-20/11-12 Noon 01.MTS,1032.856,2.559,Pose,Female,S pose,Female,Front,,,,,,8,51.416
D:/Pipefish Mesocosm Film/Trial 5/11-12-20/11-12 Noon 01.MTS,1034.847,3.891,Wiggle,Second female,Active wiggle,Female,2,,,,,,8,51.416
D:/Pipefish Mesocosm Film/Trial 5/11-12-20/11-12 Noon 01.MTS,1035.416,2.754,Inactive,Female,,,,,,,,,8,51.416
D:/Pipefish Mesocosm Film/Trial 5/11-12-20/11-12 Noon 01.MTS,1038.171,5.294,Wiggle,Female,Active wiggle,Female,2,,,,,,8,51.416
D:/Pipefish Mesocosm Film/Trial 5/11-12-20/11-12 Noon 01.MTS,1038.739,44.817,Inactive,Second female,,,,,,,,,8,51.416
D:/Pipefish Mesocosm Film/Trial 5/11-12-20/11-12 Noon 01.MTS,1043.466,1.919,Pose,Female,S pose,Female,Front,,,,,,8,51.416
D:/Pipefish Mesocosm Film/Trial 5/11-12-20/11-12 Noon 01.MTS,1045.386,2.848,Wiggle,Female,Active wiggle,Female,2,,,,,,8,51.416
D:/Pipefish Mesocosm Film/Trial 5/11-12-20/11-12 Noon 01.MTS,1048.235,34.941,Inactive,Female,,,,,,,,,8,51.416
D:/Pipefish Mesocosm Film/Trial 5/11-12-20/11-12 Noon 01.MTS,1057.634,0,Move away,Female,,,,,,,,,8,51.416
D:/Pipefish Mesocosm Film/Trial 5/11-12-20/11-12 Noon 01.MTS,1203.089,9.875,Pose,Female,S pose,Female,Front,,,,,,9,30.193
D:/Pipefish Mesocosm Film/Trial 5/11-12-20/11-12 Noon 01.MTS,1203.849,5.316,Pose,Second female,S pose,Female,Front,,,,,,9,30.193
D:/Pipefish Mesocosm Film/Trial 5/11-12-20/11-12 Noon 01.MTS,1209.166,17.945,Inactive,Second female,,,,,,,,,9,30.193
D:/Pipefish Mesocosm Film/Trial 5/11-12-20/11-12 Noon 01.MTS,1212.965,17.089,Inactive,Female,,,,,,,,,9,30.193
D:/Pipefish Mesocosm Film/Trial 5/11-12-20/11-12 Noon 01.MTS,1227.489,0,Move away,Female,,,,,,,,,9,30.193
D:/Pipefish Mesocosm Film/Trial 5/11-12-20/11-12 Noon 01.MTS,1322.435,9.115,Inactive,Second female,,,,,,,,,10,28.959
D:/Pipefish Mesocosm Film/Trial 5/11-12-20/11-12 Noon 01.MTS,1329.366,1.423,Wiggle,Female,Active wiggle,Female,3,,,,,,10,28.959
D:/Pipefish Mesocosm Film/Trial 5/11-12-20/11-12 Noon 01.MTS,1330.79,18.609,Inactive,Female,,,,,,,,,10,28.959
D:/Pipefish Mesocosm Film/Trial 5/11-12-20/11-12 Noon 01.MTS,1331.551,2.277,Wiggle,Second female,Active wiggle,Male,3,,,,,,10,28.959
D:/Pipefish Mesocosm Film/Trial 5/11-12-20/11-12 Noon 01.MTS,1333.829,4.367,Pose,Second female,S pose,Male,Front,,,,,,10,28.959
D:/Pipefish Mesocosm Film/Trial 5/11-12-20/11-12 Noon 01.MTS,1338.197,11.488,Inactive,Second female,,,,,,,,,10,28.959
D:/Pipefish Mesocosm Film/Trial 5/11-12-20/11-12 Noon 01.MTS,1346.36,0,Move away,Female,,,,,,,,,10,28.959
D:/Pipefish Mesocosm Film/Trial 5/11-12-20/11-12 Noon 01.MTS,1813.205,5.982,Pose,Female,S pose,Female,Front,,,,,,11,19.939
D:/Pipefish Mesocosm Film/Trial 5/11-12-20/11-12 Noon 01.MTS,1813.396,10.444,Pose,Second female,S pose,Female,Front,,,,,,11,19.939
D:/Pipefish Mesocosm Film/Trial 5/11-12-20/11-12 Noon 01.MTS,1819.188,11.868,Inactive,Female,,,,,,,,,11,19.939
D:/Pipefish Mesocosm Film/Trial 5/11-12-20/11-12 Noon 01.MTS,1823.841,7.974,Inactive,Second female,,,,,,,,,11,19.939
D:/Pipefish Mesocosm Film/Trial 5/11-12-20/11-12 Noon 01.MTS,1826.689,0,Move away,Second female,,,,,,,,,11,19.939
