media_file_path,time_in_video,Duration,behavior,subject,modifier_1,modifier_2,modifier_3,Group size,Female,Male,Chasing_end,Chase_present,courtship_events,total_time_of_courtship
D:/Pipefish Mesocosm Film/Trial 2/3-12-20/3-12 Noon 01.MTS,79.992,8.065,Pose,Female,Non-s pose,Male,Front,2.5,1,1.5,No,Yes,2,24.526
D:/Pipefish Mesocosm Film/Trial 2/3-12-20/3-12 Noon 01.MTS,80.941,0.756,Inactive,Male,,,,2.5,1,1.5,No,Yes,2,24.526
D:/Pipefish Mesocosm Film/Trial 2/3-12-20/3-12 Noon 01.MTS,81.698,5.6,Wiggle,Male,Active wiggle,Female,2,2.5,1,1.5,No,Yes,2,24.526
D:/Pipefish Mesocosm Film/Trial 2/3-12-20/3-12 Noon 01.MTS,87.299,1.802,Surrounding,Male,,,,2.5,1,1.5,No,Yes,2,24.526
D:/Pipefish Mesocosm Film/Trial 2/3-12-20/3-12 Noon 01.MTS,88.058,14.621,Out of sight,Female,,,,2.5,1,1.5,No,Yes,2,24.526
D:/Pipefish Mesocosm Film/Trial 2/3-12-20/3-12 Noon 01.MTS,89.102,13.577,Out of sight,Male,,,,2.5,1,1.5,No,Yes,2,24.526
D:/Pipefish Mesocosm Film/Trial 2/3-12-20/3-12 Noon 01.MTS,363.211,3.131,Wiggle,Male,Active wiggle,Female,2,2,1,1,No,No,4,40.974
D:/Pipefish Mesocosm Film/Trial 2/3-12-20/3-12 Noon 01.MTS,366.343,27.062,Inactive,Male,,,,2,1,1,No,No,4,40.974
D:/Pipefish Mesocosm Film/Trial 2/3-12-20/3-12 Noon 01.MTS,377.926,18.704,Inactive,Female,,,,2,1,1,No,No,4,40.974
D:/Pipefish Mesocosm Film/Trial 2/3-12-20/3-12 Noon 01.MTS,393.406,3.033,Wiggle,Male,Active wiggle,Female,2,2,1,1,No,No,4,40.974
D:/Pipefish Mesocosm Film/Trial 2/3-12-20/3-12 Noon 01.MTS,396.44,5.699,Out of sight,Male,,,,2,1,1,No,No,4,40.974
D:/Pipefish Mesocosm Film/Trial 2/3-12-20/3-12 Noon 01.MTS,396.63,5.981,Out of sight,Female,,,,2,1,1,No,No,4,40.974
D:/Pipefish Mesocosm Film/Trial 2/3-12-20/3-12 Noon 01.MTS,871.545,1.992,Surrounding,Male,,,,3,1,2,Yes,Yes,6,24.404
D:/Pipefish Mesocosm Film/Trial 2/3-12-20/3-12 Noon 01.MTS,872.591,1.329,Inactive,Female,,,,3,1,2,Yes,Yes,6,24.404
D:/Pipefish Mesocosm Film/Trial 2/3-12-20/3-12 Noon 01.MTS,873.538,1.802,Chasing,Male,,,,3,1,2,Yes,Yes,6,24.404
D:/Pipefish Mesocosm Film/Trial 2/3-12-20/3-12 Noon 01.MTS,873.921,1.802,Swim away,Female,,,,3,1,2,Yes,Yes,6,24.404
D:/Pipefish Mesocosm Film/Trial 2/3-12-20/3-12 Noon 01.MTS,875.341,3.136,Out of sight,Male,,,,3,1,2,Yes,Yes,6,24.404
D:/Pipefish Mesocosm Film/Trial 2/3-12-20/3-12 Noon 01.MTS,875.724,2.568,Out of sight,Female,,,,3,1,2,Yes,Yes,6,24.404
D:/Pipefish Mesocosm Film/Trial 2/3-12-20/3-12 Noon 01.MTS,878.293,2.27,Pose,Female,Non-s pose,Male,Front,3,1,2,Yes,Yes,6,24.404
D:/Pipefish Mesocosm Film/Trial 2/3-12-20/3-12 Noon 01.MTS,878.478,2.656,Chasing,Male,,,,3,1,2,Yes,Yes,6,24.404
D:/Pipefish Mesocosm Film/Trial 2/3-12-20/3-12 Noon 01.MTS,880.564,2.278,Out of sight,Female,,,,3,1,2,Yes,Yes,6,24.404
D:/Pipefish Mesocosm Film/Trial 2/3-12-20/3-12 Noon 01.MTS,881.135,13.299,Out of sight,Male,,,,3,1,2,Yes,Yes,6,24.404
D:/Pipefish Mesocosm Film/Trial 2/3-12-20/3-12 Noon 01.MTS,882.843,1.712,Wiggle,Female,Subtle wiggle,Male,3,3,1,2,Yes,Yes,6,24.404
D:/Pipefish Mesocosm Film/Trial 2/3-12-20/3-12 Noon 01.MTS,884.556,2.846,Out of sight,Female,,,,3,1,2,Yes,Yes,6,24.404
D:/Pipefish Mesocosm Film/Trial 2/3-12-20/3-12 Noon 01.MTS,887.403,2.559,Swim away,Female,,,,3,1,2,Yes,Yes,6,24.404
D:/Pipefish Mesocosm Film/Trial 2/3-12-20/3-12 Noon 01.MTS,889.963,5.035,Out of sight,Female,,,,3,1,2,Yes,Yes,6,24.404
D:/Pipefish Mesocosm Film/Trial 2/3-12-20/3-12 Noon 01.MTS,1111.187,3.705,Wiggle,Female,Active wiggle,Male,3,3,1,2,Yes,Yes,7,71.269
D:/Pipefish Mesocosm Film/Trial 2/3-12-20/3-12 Noon 01.MTS,1111.285,4.553,Inactive,Male,,,,3,1,2,Yes,Yes,7,71.269
D:/Pipefish Mesocosm Film/Trial 2/3-12-20/3-12 Noon 01.MTS,1114.893,1.423,Inactive,Female,,,,3,1,2,Yes,Yes,7,71.269
D:/Pipefish Mesocosm Film/Trial 2/3-12-20/3-12 Noon 01.MTS,1115.839,6.085,Surrounding,Male,,,,3,1,2,Yes,Yes,7,71.269
D:/Pipefish Mesocosm Film/Trial 2/3-12-20/3-12 Noon 01.MTS,1116.317,1.71,Wiggle,Female,Active wiggle,Male,3,3,1,2,Yes,Yes,7,71.269
D:/Pipefish Mesocosm Film/Trial 2/3-12-20/3-12 Noon 01.MTS,1118.028,4.459,Inactive,Female,,,,3,1,2,Yes,Yes,7,71.269
D:/Pipefish Mesocosm Film/Trial 2/3-12-20/3-12 Noon 01.MTS,1121.925,19.933,Chasing,Male,,,,3,1,2,Yes,Yes,7,71.269
D:/Pipefish Mesocosm Film/Trial 2/3-12-20/3-12 Noon 01.MTS,1122.488,18.133,Swim away,Female,,,,3,1,2,Yes,Yes,7,71.269
D:/Pipefish Mesocosm Film/Trial 2/3-12-20/3-12 Noon 01.MTS,1140.622,9.683,Out of sight,Female,,,,3,1,2,Yes,Yes,7,71.269
D:/Pipefish Mesocosm Film/Trial 2/3-12-20/3-12 Noon 01.MTS,1141.859,8.826,Out of sight,Male,,,,3,1,2,Yes,Yes,7,71.269
D:/Pipefish Mesocosm Film/Trial 2/3-12-20/3-12 Noon 01.MTS,1150.306,7.596,Swim away,Female,,,,3,1,2,Yes,Yes,7,71.269
D:/Pipefish Mesocosm Film/Trial 2/3-12-20/3-12 Noon 01.MTS,1150.686,5.601,Chasing,Male,,,,3,1,2,Yes,Yes,7,71.269
D:/Pipefish Mesocosm Film/Trial 2/3-12-20/3-12 Noon 01.MTS,1156.288,3.133,Out of sight,Male,,,,3,1,2,Yes,Yes,7,71.269
D:/Pipefish Mesocosm Film/Trial 2/3-12-20/3-12 Noon 01.MTS,1157.903,2.563,Out of sight,Female,,,,3,1,2,Yes,Yes,7,71.269
D:/Pipefish Mesocosm Film/Trial 2/3-12-20/3-12 Noon 01.MTS,1159.422,11.776,Surrounding,Male,,,,3,1,2,Yes,Yes,7,71.269
D:/Pipefish Mesocosm Film/Trial 2/3-12-20/3-12 Noon 01.MTS,1160.467,9.875,Inactive,Female,,,,3,1,2,Yes,Yes,7,71.269
D:/Pipefish Mesocosm Film/Trial 2/3-12-20/3-12 Noon 01.MTS,1170.343,4.748,Out of sight,Female,,,,3,1,2,Yes,Yes,7,71.269
D:/Pipefish Mesocosm Film/Trial 2/3-12-20/3-12 Noon 01.MTS,1171.199,4.271,Out of sight,Male,,,,3,1,2,Yes,Yes,7,71.269
D:/Pipefish Mesocosm Film/Trial 2/3-12-20/3-12 Noon 01.MTS,1175.092,5.886,Inactive,Female,,,,3,1,2,Yes,Yes,7,71.269
D:/Pipefish Mesocosm Film/Trial 2/3-12-20/3-12 Noon 01.MTS,1175.471,5.507,Surrounding,Male,,,,3,1,2,Yes,Yes,7,71.269
D:/Pipefish Mesocosm Film/Trial 2/3-12-20/3-12 Noon 01.MTS,1535.123,3.413,Inactive,Female,,,,2,1,1,No,Yes,8,63.486
D:/Pipefish Mesocosm Film/Trial 2/3-12-20/3-12 Noon 01.MTS,1535.123,2.845,Wiggle,Male,Active wiggle,Female,2,2,1,1,No,Yes,8,63.486
D:/Pipefish Mesocosm Film/Trial 2/3-12-20/3-12 Noon 01.MTS,1537.969,2.186,Out of sight,Male,,,,2,1,1,No,Yes,8,63.486
D:/Pipefish Mesocosm Film/Trial 2/3-12-20/3-12 Noon 01.MTS,1538.537,3.419,Out of sight,Female,,,,2,1,1,No,Yes,8,63.486
D:/Pipefish Mesocosm Film/Trial 2/3-12-20/3-12 Noon 01.MTS,1540.156,8.258,Surrounding,Male,,,,2,1,1,No,Yes,8,63.486
D:/Pipefish Mesocosm Film/Trial 2/3-12-20/3-12 Noon 01.MTS,1541.957,4.463,Swim away,Female,,,,2,1,1,No,Yes,8,63.486
D:/Pipefish Mesocosm Film/Trial 2/3-12-20/3-12 Noon 01.MTS,1546.421,6.838,Out of sight,Female,,,,2,1,1,No,Yes,8,63.486
D:/Pipefish Mesocosm Film/Trial 2/3-12-20/3-12 Noon 01.MTS,1548.415,4.845,Out of sight,Male,,,,2,1,1,No,Yes,8,63.486
D:/Pipefish Mesocosm Film/Trial 2/3-12-20/3-12 Noon 01.MTS,1553.26,3.128,Inactive,Female,,,,2,1,1,No,Yes,8,63.486
D:/Pipefish Mesocosm Film/Trial 2/3-12-20/3-12 Noon 01.MTS,1553.261,2.272,Surrounding,Male,,,,2,1,1,No,Yes,8,63.486
D:/Pipefish Mesocosm Film/Trial 2/3-12-20/3-12 Noon 01.MTS,1555.534,6.269,Chasing,Male,,,,2,1,1,No,Yes,8,63.486
D:/Pipefish Mesocosm Film/Trial 2/3-12-20/3-12 Noon 01.MTS,1556.389,9.116,Swim away,Female,,,,2,1,1,No,Yes,8,63.486
D:/Pipefish Mesocosm Film/Trial 2/3-12-20/3-12 Noon 01.MTS,1561.804,25.161,Inactive,Male,,,,2,1,1,No,Yes,8,63.486
D:/Pipefish Mesocosm Film/Trial 2/3-12-20/3-12 Noon 01.MTS,1565.506,22.212,Inactive,Female,,,,2,1,1,No,Yes,8,63.486
D:/Pipefish Mesocosm Film/Trial 2/3-12-20/3-12 Noon 01.MTS,1586.966,10.817,Out of sight,Male,,,,2,1,1,No,Yes,8,63.486
D:/Pipefish Mesocosm Film/Trial 2/3-12-20/3-12 Noon 01.MTS,1587.719,10.064,Out of sight,Female,,,,2,1,1,No,Yes,8,63.486
D:/Pipefish Mesocosm Film/Trial 2/3-12-20/3-12 Noon 01.MTS,1656.462,8.07,Wiggle,Male,Active wiggle,Female,3,2.25,1,1.25,No,No,9,174.223
D:/Pipefish Mesocosm Film/Trial 2/3-12-20/3-12 Noon 01.MTS,1657.126,7.976,Pose,Female,S pose,Male,Front,2.25,1,1.25,No,No,9,174.223
D:/Pipefish Mesocosm Film/Trial 2/3-12-20/3-12 Noon 01.MTS,1664.533,2.849,Inactive,Male,,,,2.25,1,1.25,No,No,9,174.223
D:/Pipefish Mesocosm Film/Trial 2/3-12-20/3-12 Noon 01.MTS,1665.103,14.526,Inactive,Female,,,,2.25,1,1.25,No,No,9,174.223
D:/Pipefish Mesocosm Film/Trial 2/3-12-20/3-12 Noon 01.MTS,1667.383,5.504,Wiggle,Male,Subtle wiggle,Female,2,2.25,1,1.25,No,No,9,174.223
D:/Pipefish Mesocosm Film/Trial 2/3-12-20/3-12 Noon 01.MTS,1672.888,5.408,Inactive,Male,,,,2.25,1,1.25,No,No,9,174.223
D:/Pipefish Mesocosm Film/Trial 2/3-12-20/3-12 Noon 01.MTS,1678.297,9.118,Out of sight,Male,,,,2.25,1,1.25,No,No,9,174.223
D:/Pipefish Mesocosm Film/Trial 2/3-12-20/3-12 Noon 01.MTS,1679.63,5.792,Pose,Female,S pose,Male,Front,2.25,1,1.25,No,No,9,174.223
D:/Pipefish Mesocosm Film/Trial 2/3-12-20/3-12 Noon 01.MTS,1685.423,8.542,Inactive,Female,,,,2.25,1,1.25,No,No,9,174.223
D:/Pipefish Mesocosm Film/Trial 2/3-12-20/3-12 Noon 01.MTS,1687.416,4.272,Wiggle,Male,Active wiggle,Female,2,2.25,1,1.25,No,No,9,174.223
D:/Pipefish Mesocosm Film/Trial 2/3-12-20/3-12 Noon 01.MTS,1691.689,30.189,Inactive,Male,,,,2.25,1,1.25,No,No,9,174.223
D:/Pipefish Mesocosm Film/Trial 2/3-12-20/3-12 Noon 01.MTS,1693.966,6.267,Pose,Female,Non-s pose,Male,Front,2.25,1,1.25,No,No,9,174.223
D:/Pipefish Mesocosm Film/Trial 2/3-12-20/3-12 Noon 01.MTS,1700.234,18.518,Inactive,Female,,,,2.25,1,1.25,No,No,9,174.223
D:/Pipefish Mesocosm Film/Trial 2/3-12-20/3-12 Noon 01.MTS,1718.753,10.433,Out of sight,Female,,,,2.25,1,1.25,No,No,9,174.223
D:/Pipefish Mesocosm Film/Trial 2/3-12-20/3-12 Noon 01.MTS,1721.879,7.403,Out of sight,Male,,,,2.25,1,1.25,No,No,9,174.223
D:/Pipefish Mesocosm Film/Trial 2/3-12-20/3-12 Noon 01.MTS,1729.187,63.139,Inactive,Female,,,,2.25,1,1.25,No,No,9,174.223
D:/Pipefish Mesocosm Film/Trial 2/3-12-20/3-12 Noon 01.MTS,1729.283,2.943,Inactive,Male,,,,2.25,1,1.25,No,No,9,174.223
D:/Pipefish Mesocosm Film/Trial 2/3-12-20/3-12 Noon 01.MTS,1732.227,6.459,Wiggle,Male,Active wiggle,Female,3,2.25,1,1.25,No,No,9,174.223
D:/Pipefish Mesocosm Film/Trial 2/3-12-20/3-12 Noon 01.MTS,1738.687,25.157,Inactive,Male,,,,2.25,1,1.25,No,No,9,174.223
D:/Pipefish Mesocosm Film/Trial 2/3-12-20/3-12 Noon 01.MTS,1763.845,6.078,Wiggle,Male,Active wiggle,Female,2,2.25,1,1.25,No,No,9,174.223
D:/Pipefish Mesocosm Film/Trial 2/3-12-20/3-12 Noon 01.MTS,1769.924,15.47,Inactive,Male,,,,2.25,1,1.25,No,No,9,174.223
D:/Pipefish Mesocosm Film/Trial 2/3-12-20/3-12 Noon 01.MTS,1785.395,3.039,Wiggle,Male,Active wiggle,Female,2,2.25,1,1.25,No,No,9,174.223
D:/Pipefish Mesocosm Film/Trial 2/3-12-20/3-12 Noon 01.MTS,1788.435,4.937,Inactive,Male,,,,2.25,1,1.25,No,No,9,174.223
D:/Pipefish Mesocosm Film/Trial 2/3-12-20/3-12 Noon 01.MTS,1792.327,10.063,Pose,Female,S pose,Male,Front,2.25,1,1.25,No,No,9,174.223
D:/Pipefish Mesocosm Film/Trial 2/3-12-20/3-12 Noon 01.MTS,1793.373,8.069,Wiggle,Male,Active wiggle,Female,3,2.25,1,1.25,No,No,9,174.223
D:/Pipefish Mesocosm Film/Trial 2/3-12-20/3-12 Noon 01.MTS,1801.443,8.166,Inactive,Male,,,,2.25,1,1.25,No,No,9,174.223
D:/Pipefish Mesocosm Film/Trial 2/3-12-20/3-12 Noon 01.MTS,1802.391,20.507,Inactive,Female,,,,2.25,1,1.25,No,No,9,174.223
D:/Pipefish Mesocosm Film/Trial 2/3-12-20/3-12 Noon 01.MTS,1809.61,9.683,Wiggle,Male,Active wiggle,Female,2,2.25,1,1.25,No,No,9,174.223
D:/Pipefish Mesocosm Film/Trial 2/3-12-20/3-12 Noon 01.MTS,1819.294,11.388,Inactive,Male,,,,2.25,1,1.25,No,No,9,174.223
D:/Pipefish Mesocosm Film/Trial 2/3-12-20/3-12 Noon 01.MTS,1822.899,7.783,Out of sight,Female,,,,2.25,1,1.25,No,No,9,174.223
D:/Pipefish Mesocosm Film/Trial 2/3-12-20/3-12 Noon 01.MTS,1909.775,37.69,Inactive,Female,,,,2.333333333,1,1.33,Yes,Yes,10,140.944
D:/Pipefish Mesocosm Film/Trial 2/3-12-20/3-12 Noon 01.MTS,1909.775,6.362,Wiggle,Male,Active wiggle,Female,2,2.333333333,1,1.33,Yes,Yes,10,140.944
D:/Pipefish Mesocosm Film/Trial 2/3-12-20/3-12 Noon 01.MTS,1916.138,30.762,Inactive,Male,,,,2.333333333,1,1.33,Yes,Yes,10,140.944
D:/Pipefish Mesocosm Film/Trial 2/3-12-20/3-12 Noon 01.MTS,1946.901,9.109,Out of sight,Male,,,,2.333333333,1,1.33,Yes,Yes,10,140.944
D:/Pipefish Mesocosm Film/Trial 2/3-12-20/3-12 Noon 01.MTS,1947.466,7.692,Out of sight,Female,,,,2.333333333,1,1.33,Yes,Yes,10,140.944
D:/Pipefish Mesocosm Film/Trial 2/3-12-20/3-12 Noon 01.MTS,1955.159,5.886,Pose,Female,S pose,Male,Front,2.333333333,1,1.33,Yes,Yes,10,140.944
D:/Pipefish Mesocosm Film/Trial 2/3-12-20/3-12 Noon 01.MTS,1956.011,3.897,Wiggle,Male,Active wiggle,Female,2,2.333333333,1,1.33,Yes,Yes,10,140.944
D:/Pipefish Mesocosm Film/Trial 2/3-12-20/3-12 Noon 01.MTS,1959.909,49.272,Inactive,Male,,,,2.333333333,1,1.33,Yes,Yes,10,140.944
D:/Pipefish Mesocosm Film/Trial 2/3-12-20/3-12 Noon 01.MTS,1961.046,6.076,Wiggle,Female,Active wiggle,Male,3,2.333333333,1,1.33,Yes,Yes,10,140.944
D:/Pipefish Mesocosm Film/Trial 2/3-12-20/3-12 Noon 01.MTS,1967.123,74.337,Inactive,Female,,,,2.333333333,1,1.33,Yes,Yes,10,140.944
D:/Pipefish Mesocosm Film/Trial 2/3-12-20/3-12 Noon 01.MTS,2009.182,5.219,Surrounding,Male,,,,2.333333333,1,1.33,Yes,Yes,10,140.944
D:/Pipefish Mesocosm Film/Trial 2/3-12-20/3-12 Noon 01.MTS,2014.402,7.124,Chasing,Male,,,,2.333333333,1,1.33,Yes,Yes,10,140.944
D:/Pipefish Mesocosm Film/Trial 2/3-12-20/3-12 Noon 01.MTS,2021.527,19.933,Surrounding,Male,,,,2.333333333,1,1.33,Yes,Yes,10,140.944
D:/Pipefish Mesocosm Film/Trial 2/3-12-20/3-12 Noon 01.MTS,2275.882,1.234,Inactive,Female,,,,2,1,1,Yes,Yes,11,76.903
D:/Pipefish Mesocosm Film/Trial 2/3-12-20/3-12 Noon 01.MTS,2276.262,4.371,Wiggle,Male,Active wiggle,Female,2,2,1,1,Yes,Yes,11,76.903
D:/Pipefish Mesocosm Film/Trial 2/3-12-20/3-12 Noon 01.MTS,2277.117,4.083,Pose,Female,S pose,Male,Front,2,1,1,Yes,Yes,11,76.903
D:/Pipefish Mesocosm Film/Trial 2/3-12-20/3-12 Noon 01.MTS,2280.634,8.824,Inactive,Male,,,,2,1,1,Yes,Yes,11,76.903
D:/Pipefish Mesocosm Film/Trial 2/3-12-20/3-12 Noon 01.MTS,2281.201,3.797,Wiggle,Female,Active wiggle,Male,2,2,1,1,Yes,Yes,11,76.903
D:/Pipefish Mesocosm Film/Trial 2/3-12-20/3-12 Noon 01.MTS,2284.999,3.984,Inactive,Female,,,,2,1,1,Yes,Yes,11,76.903
D:/Pipefish Mesocosm Film/Trial 2/3-12-20/3-12 Noon 01.MTS,2288.984,7.978,Out of sight,Female,,,,2,1,1,Yes,Yes,11,76.903
D:/Pipefish Mesocosm Film/Trial 2/3-12-20/3-12 Noon 01.MTS,2289.459,6.742,Out of sight,Male,,,,2,1,1,Yes,Yes,11,76.903
D:/Pipefish Mesocosm Film/Trial 2/3-12-20/3-12 Noon 01.MTS,2296.202,11.485,Inactive,Male,,,,2,1,1,Yes,Yes,11,76.903
D:/Pipefish Mesocosm Film/Trial 2/3-12-20/3-12 Noon 01.MTS,2296.963,11.105,Inactive,Female,,,,2,1,1,Yes,Yes,11,76.903
D:/Pipefish Mesocosm Film/Trial 2/3-12-20/3-12 Noon 01.MTS,2307.688,7.511,Chasing,Male,,,,2,1,1,Yes,Yes,11,76.903
D:/Pipefish Mesocosm Film/Trial 2/3-12-20/3-12 Noon 01.MTS,2308.069,7.689,Swim away,Female,,,,2,1,1,Yes,Yes,11,76.903
D:/Pipefish Mesocosm Film/Trial 2/3-12-20/3-12 Noon 01.MTS,2315.2,11.954,Out of sight,Male,,,,2,1,1,Yes,Yes,11,76.903
D:/Pipefish Mesocosm Film/Trial 2/3-12-20/3-12 Noon 01.MTS,2315.759,12.248,Out of sight,Female,,,,2,1,1,Yes,Yes,11,76.903
D:/Pipefish Mesocosm Film/Trial 2/3-12-20/3-12 Noon 01.MTS,2327.155,6.265,Surrounding,Male,,,,2,1,1,Yes,Yes,11,76.903
D:/Pipefish Mesocosm Film/Trial 2/3-12-20/3-12 Noon 01.MTS,2328.008,5.981,Inactive,Female,,,,2,1,1,Yes,Yes,11,76.903
D:/Pipefish Mesocosm Film/Trial 2/3-12-20/3-12 Noon 01.MTS,2333.421,16.802,Out of sight,Male,,,,2,1,1,Yes,Yes,11,76.903
D:/Pipefish Mesocosm Film/Trial 2/3-12-20/3-12 Noon 01.MTS,2333.99,16.425,Out of sight,Female,,,,2,1,1,Yes,Yes,11,76.903
D:/Pipefish Mesocosm Film/Trial 2/3-12-20/3-12 Noon 01.MTS,2716.902,4.471,Pose,Female,S pose,Male,Front,4,1,3,Yes,Yes,12,66.561
D:/Pipefish Mesocosm Film/Trial 2/3-12-20/3-12 Noon 01.MTS,2717.376,15.664,Surrounding,Male,,,,4,1,3,Yes,Yes,12,66.561
D:/Pipefish Mesocosm Film/Trial 2/3-12-20/3-12 Noon 01.MTS,2721.374,8.82,Inactive,Female,,,,4,1,3,Yes,Yes,12,66.561
D:/Pipefish Mesocosm Film/Trial 2/3-12-20/3-12 Noon 01.MTS,2730.195,8.548,Out of sight,Female,,,,4,1,3,Yes,Yes,12,66.561
D:/Pipefish Mesocosm Film/Trial 2/3-12-20/3-12 Noon 01.MTS,2733.041,4.847,Out of sight,Male,,,,4,1,3,Yes,Yes,12,66.561
D:/Pipefish Mesocosm Film/Trial 2/3-12-20/3-12 Noon 01.MTS,2737.889,4.554,Surrounding,Male,,,,4,1,3,Yes,Yes,12,66.561
D:/Pipefish Mesocosm Film/Trial 2/3-12-20/3-12 Noon 01.MTS,2738.744,1.989,Inactive,Female,,,,4,1,3,Yes,Yes,12,66.561
D:/Pipefish Mesocosm Film/Trial 2/3-12-20/3-12 Noon 01.MTS,2740.734,6.552,Swim away,Female,,,,4,1,3,Yes,Yes,12,66.561
D:/Pipefish Mesocosm Film/Trial 2/3-12-20/3-12 Noon 01.MTS,2742.73,4.172,Chasing,Male,,,,4,1,3,Yes,Yes,12,66.561
D:/Pipefish Mesocosm Film/Trial 2/3-12-20/3-12 Noon 01.MTS,2746.903,11.109,Out of sight,Male,,,,4,1,3,Yes,Yes,12,66.561
D:/Pipefish Mesocosm Film/Trial 2/3-12-20/3-12 Noon 01.MTS,2747.287,11.104,Out of sight,Female,,,,4,1,3,Yes,Yes,12,66.561
D:/Pipefish Mesocosm Film/Trial 2/3-12-20/3-12 Noon 01.MTS,2758.013,7.783,Surrounding,Male,,,,4,1,3,Yes,Yes,12,66.561
D:/Pipefish Mesocosm Film/Trial 2/3-12-20/3-12 Noon 01.MTS,2758.392,7.974,Inactive,Female,,,,4,1,3,Yes,Yes,12,66.561
D:/Pipefish Mesocosm Film/Trial 2/3-12-20/3-12 Noon 01.MTS,2765.797,15.666,Out of sight,Male,,,,4,1,3,Yes,Yes,12,66.561
D:/Pipefish Mesocosm Film/Trial 2/3-12-20/3-12 Noon 01.MTS,2766.367,15.953,Out of sight,Female,,,,4,1,3,Yes,Yes,12,66.561
D:/Pipefish Mesocosm Film/Trial 2/3-12-20/3-12 Noon 01.MTS,2798.744,2.565,Pose,Female,S pose,Male,Front,2,1,1,No,Yes,13,58.157
D:/Pipefish Mesocosm Film/Trial 2/3-12-20/3-12 Noon 01.MTS,2801.309,6.361,Surrounding,Male,,,,2,1,1,No,Yes,13,58.157
D:/Pipefish Mesocosm Film/Trial 2/3-12-20/3-12 Noon 01.MTS,2801.31,5.597,Inactive,Female,,,,2,1,1,No,Yes,13,58.157
D:/Pipefish Mesocosm Film/Trial 2/3-12-20/3-12 Noon 01.MTS,2806.908,8.26,Out of sight,Female,,,,2,1,1,No,Yes,13,58.157
D:/Pipefish Mesocosm Film/Trial 2/3-12-20/3-12 Noon 01.MTS,2807.671,6.833,Out of sight,Male,,,,2,1,1,No,Yes,13,58.157
D:/Pipefish Mesocosm Film/Trial 2/3-12-20/3-12 Noon 01.MTS,2814.505,10.256,Chasing,Male,,,,2,1,1,No,Yes,13,58.157
D:/Pipefish Mesocosm Film/Trial 2/3-12-20/3-12 Noon 01.MTS,2815.169,9.967,Swim away,Female,,,,2,1,1,No,Yes,13,58.157
D:/Pipefish Mesocosm Film/Trial 2/3-12-20/3-12 Noon 01.MTS,2824.762,3.128,Out of sight,Male,,,,2,1,1,No,Yes,13,58.157
D:/Pipefish Mesocosm Film/Trial 2/3-12-20/3-12 Noon 01.MTS,2825.137,3.419,Out of sight,Female,,,,2,1,1,No,Yes,13,58.157
D:/Pipefish Mesocosm Film/Trial 2/3-12-20/3-12 Noon 01.MTS,2827.891,18.422,Surrounding,Male,,,,2,1,1,No,Yes,13,58.157
D:/Pipefish Mesocosm Film/Trial 2/3-12-20/3-12 Noon 01.MTS,2828.557,17.47,Inactive,Female,,,,2,1,1,No,Yes,13,58.157
D:/Pipefish Mesocosm Film/Trial 2/3-12-20/3-12 Noon 01.MTS,2846.028,9.399,Out of sight,Female,,,,2,1,1,No,Yes,13,58.157
D:/Pipefish Mesocosm Film/Trial 2/3-12-20/3-12 Noon 01.MTS,2846.314,8.922,Out of sight,Male,,,,2,1,1,No,Yes,13,58.157
D:/Pipefish Mesocosm Film/Trial 2/3-12-20/3-12 Noon 02.MTS,2955.757,6.298,Wiggle,Male,Active wiggle,Female,2,2,1,1,No,No,14,140.842
D:/Pipefish Mesocosm Film/Trial 2/3-12-20/3-12 Noon 02.MTS,2956.359,67.221,Inactive,Female,,,,2,1,1,No,No,14,140.842
D:/Pipefish Mesocosm Film/Trial 2/3-12-20/3-12 Noon 02.MTS,2962.056,10.538,Inactive,Male,,,,2,1,1,No,No,14,140.842
D:/Pipefish Mesocosm Film/Trial 2/3-12-20/3-12 Noon 02.MTS,2972.595,10.824,Wiggle,Male,Active wiggle,Female,2,2,1,1,No,No,14,140.842
D:/Pipefish Mesocosm Film/Trial 2/3-12-20/3-12 Noon 02.MTS,2983.42,7.402,Inactive,Male,,,,2,1,1,No,No,14,140.842
D:/Pipefish Mesocosm Film/Trial 2/3-12-20/3-12 Noon 02.MTS,2990.823,3.42,Out of sight,Male,,,,2,1,1,No,No,14,140.842
D:/Pipefish Mesocosm Film/Trial 2/3-12-20/3-12 Noon 02.MTS,2994.244,27.914,Inactive,Male,,,,2,1,1,No,No,14,140.842
D:/Pipefish Mesocosm Film/Trial 2/3-12-20/3-12 Noon 02.MTS,3022.159,5.51,Wiggle,Male,Active wiggle,Female,2,2,1,1,No,No,14,140.842
D:/Pipefish Mesocosm Film/Trial 2/3-12-20/3-12 Noon 02.MTS,3023.581,5.411,Pose,Female,S pose,Male,Front,2,1,1,No,No,14,140.842
D:/Pipefish Mesocosm Film/Trial 2/3-12-20/3-12 Noon 02.MTS,3027.67,20.408,Inactive,Male,,,,2,1,1,No,No,14,140.842
D:/Pipefish Mesocosm Film/Trial 2/3-12-20/3-12 Noon 02.MTS,3028.993,25.542,Inactive,Female,,,,2,1,1,No,No,14,140.842
D:/Pipefish Mesocosm Film/Trial 2/3-12-20/3-12 Noon 02.MTS,3048.079,2.565,Wiggle,Male,Active wiggle,Female,2,2,1,1,No,No,14,140.842
D:/Pipefish Mesocosm Film/Trial 2/3-12-20/3-12 Noon 02.MTS,3050.645,6.262,Inactive,Male,,,,2,1,1,No,No,14,140.842
D:/Pipefish Mesocosm Film/Trial 2/3-12-20/3-12 Noon 02.MTS,3054.536,38.924,Out of sight,Female,,,,2,1,1,No,No,14,140.842
D:/Pipefish Mesocosm Film/Trial 2/3-12-20/3-12 Noon 02.MTS,3056.908,36.553,Out of sight,Male,,,,2,1,1,No,No,14,140.842
D:/Pipefish Mesocosm Film/Trial 2/3-12-20/3-12 Noon 02.MTS,3391.873,2.182,Wiggle,Male,Active wiggle,Female,3,2.4,1,1.4,Yes,Yes,15,233.71
D:/Pipefish Mesocosm Film/Trial 2/3-12-20/3-12 Noon 02.MTS,3394.056,73.011,Surrounding,Male,,,,2.4,1,1.4,Yes,Yes,15,233.71
D:/Pipefish Mesocosm Film/Trial 2/3-12-20/3-12 Noon 02.MTS,3400.418,2.183,Pose,Female,S pose,Male,Front,2.4,1,1.4,Yes,Yes,15,233.71
D:/Pipefish Mesocosm Film/Trial 2/3-12-20/3-12 Noon 02.MTS,3402.602,6.264,Wiggle,Female,Active wiggle,Female,3,2.4,1,1.4,Yes,Yes,15,233.71
D:/Pipefish Mesocosm Film/Trial 2/3-12-20/3-12 Noon 02.MTS,3408.867,82.221,Inactive,Female,,,,2.4,1,1.4,Yes,Yes,15,233.71
D:/Pipefish Mesocosm Film/Trial 2/3-12-20/3-12 Noon 02.MTS,3467.068,5.697,Inactive,Male,,,,2.4,1,1.4,Yes,Yes,15,233.71
D:/Pipefish Mesocosm Film/Trial 2/3-12-20/3-12 Noon 02.MTS,3472.766,6.743,Wiggle,Male,Active wiggle,Female,2,2.4,1,1.4,Yes,Yes,15,233.71
D:/Pipefish Mesocosm Film/Trial 2/3-12-20/3-12 Noon 02.MTS,3479.51,5.694,Inactive,Male,,,,2.4,1,1.4,Yes,Yes,15,233.71
D:/Pipefish Mesocosm Film/Trial 2/3-12-20/3-12 Noon 02.MTS,3485.205,2.75,Wiggle,Male,Active wiggle,Female,3,2.4,1,1.4,Yes,Yes,15,233.71
D:/Pipefish Mesocosm Film/Trial 2/3-12-20/3-12 Noon 02.MTS,3487.956,9.4,Surrounding,Male,,,,2.4,1,1.4,Yes,Yes,15,233.71
D:/Pipefish Mesocosm Film/Trial 2/3-12-20/3-12 Noon 02.MTS,3491.089,13.671,Out of sight,Female,,,,2.4,1,1.4,Yes,Yes,15,233.71
D:/Pipefish Mesocosm Film/Trial 2/3-12-20/3-12 Noon 02.MTS,3497.357,12.816,Out of sight,Male,,,,2.4,1,1.4,Yes,Yes,15,233.71
D:/Pipefish Mesocosm Film/Trial 2/3-12-20/3-12 Noon 02.MTS,3504.761,6.551,Inactive,Female,,,,2.4,1,1.4,Yes,Yes,15,233.71
D:/Pipefish Mesocosm Film/Trial 2/3-12-20/3-12 Noon 02.MTS,3510.174,2.85,Wiggle,Male,Active wiggle,Female,2,2.4,1,1.4,Yes,Yes,15,233.71
D:/Pipefish Mesocosm Film/Trial 2/3-12-20/3-12 Noon 02.MTS,3511.313,3.132,Pose,Female,S pose,Male,Front,2.4,1,1.4,Yes,Yes,15,233.71
D:/Pipefish Mesocosm Film/Trial 2/3-12-20/3-12 Noon 02.MTS,3513.025,4.933,Surrounding,Male,,,,2.4,1,1.4,Yes,Yes,15,233.71
D:/Pipefish Mesocosm Film/Trial 2/3-12-20/3-12 Noon 02.MTS,3514.446,13.575,Inactive,Female,,,,2.4,1,1.4,Yes,Yes,15,233.71
D:/Pipefish Mesocosm Film/Trial 2/3-12-20/3-12 Noon 02.MTS,3517.959,36.176,Inactive,Male,,,,2.4,1,1.4,Yes,Yes,15,233.71
D:/Pipefish Mesocosm Film/Trial 2/3-12-20/3-12 Noon 02.MTS,3528.022,2.849,Wiggle,Female,Subtle wiggle,Male,2,2.4,1,1.4,Yes,Yes,15,233.71
D:/Pipefish Mesocosm Film/Trial 2/3-12-20/3-12 Noon 02.MTS,3530.872,32.374,Inactive,Female,,,,2.4,1,1.4,Yes,Yes,15,233.71
D:/Pipefish Mesocosm Film/Trial 2/3-12-20/3-12 Noon 02.MTS,3554.136,8.257,Surrounding,Male,,,,2.4,1,1.4,Yes,Yes,15,233.71
D:/Pipefish Mesocosm Film/Trial 2/3-12-20/3-12 Noon 02.MTS,3562.394,5.126,Chasing,Male,,,,2.4,1,1.4,Yes,Yes,15,233.71
D:/Pipefish Mesocosm Film/Trial 2/3-12-20/3-12 Noon 02.MTS,3563.247,3.607,Swim away,Female,,,,2.4,1,1.4,Yes,Yes,15,233.71
D:/Pipefish Mesocosm Film/Trial 2/3-12-20/3-12 Noon 02.MTS,3566.855,12.532,Inactive,Female,,,,2.4,1,1.4,Yes,Yes,15,233.71
D:/Pipefish Mesocosm Film/Trial 2/3-12-20/3-12 Noon 02.MTS,3567.521,12.815,Surrounding,Male,,,,2.4,1,1.4,Yes,Yes,15,233.71
D:/Pipefish Mesocosm Film/Trial 2/3-12-20/3-12 Noon 02.MTS,3579.388,8.26,Out of sight,Female,,,,2.4,1,1.4,Yes,Yes,15,233.71
D:/Pipefish Mesocosm Film/Trial 2/3-12-20/3-12 Noon 02.MTS,3580.337,11.393,Out of sight,Male,,,,2.4,1,1.4,Yes,Yes,15,233.71
D:/Pipefish Mesocosm Film/Trial 2/3-12-20/3-12 Noon 02.MTS,3587.649,7.119,Inactive,Female,,,,2.4,1,1.4,Yes,Yes,15,233.71
D:/Pipefish Mesocosm Film/Trial 2/3-12-20/3-12 Noon 02.MTS,3591.731,10.349,Inactive,Male,,,,2.4,1,1.4,Yes,Yes,15,233.71
D:/Pipefish Mesocosm Film/Trial 2/3-12-20/3-12 Noon 02.MTS,3594.769,3.512,Pose,Female,S pose,Male,Front,2.4,1,1.4,Yes,Yes,15,233.71
D:/Pipefish Mesocosm Film/Trial 2/3-12-20/3-12 Noon 02.MTS,3598.282,12.058,Inactive,Female,,,,2.4,1,1.4,Yes,Yes,15,233.71
D:/Pipefish Mesocosm Film/Trial 2/3-12-20/3-12 Noon 02.MTS,3602.081,7.879,Surrounding,Male,,,,2.4,1,1.4,Yes,Yes,15,233.71
D:/Pipefish Mesocosm Film/Trial 2/3-12-20/3-12 Noon 02.MTS,3609.961,7.12,Chasing,Male,,,,2.4,1,1.4,Yes,Yes,15,233.71
D:/Pipefish Mesocosm Film/Trial 2/3-12-20/3-12 Noon 02.MTS,3610.341,5.124,Swim away,Female,,,,2.4,1,1.4,Yes,Yes,15,233.71
D:/Pipefish Mesocosm Film/Trial 2/3-12-20/3-12 Noon 02.MTS,3615.466,7.312,Inactive,Female,,,,2.4,1,1.4,Yes,Yes,15,233.71
D:/Pipefish Mesocosm Film/Trial 2/3-12-20/3-12 Noon 02.MTS,3617.082,5.696,Inactive,Male,,,,2.4,1,1.4,Yes,Yes,15,233.71
D:/Pipefish Mesocosm Film/Trial 2/3-12-20/3-12 Noon 01.MTS,16.371,2.943,Surrounding,Male,,,,,,,,,1,157.231
D:/Pipefish Mesocosm Film/Trial 2/3-12-20/3-12 Noon 01.MTS,19.315,9.493,Out of sight,Male,,,,,,,,,1,157.231
D:/Pipefish Mesocosm Film/Trial 2/3-12-20/3-12 Noon 01.MTS,19.981,7.31,Out of sight,Female,,,,,,,,,1,157.231
D:/Pipefish Mesocosm Film/Trial 2/3-12-20/3-12 Noon 01.MTS,27.292,52.981,Inactive,Female,,,,,,,,,1,157.231
D:/Pipefish Mesocosm Film/Trial 2/3-12-20/3-12 Noon 01.MTS,28.809,52.317,Surrounding,Male,,,,,,,,,1,157.231
D:/Pipefish Mesocosm Film/Trial 2/3-12-20/3-12 Noon 01.MTS,80.274,15.38,Swim away,Female,,,,,,,,,1,157.231
D:/Pipefish Mesocosm Film/Trial 2/3-12-20/3-12 Noon 01.MTS,81.127,6.644,Chasing,Male,,,,,,,,,1,157.231
D:/Pipefish Mesocosm Film/Trial 2/3-12-20/3-12 Noon 01.MTS,87.772,1.899,Surrounding,Male,,,,,,,,,1,157.231
D:/Pipefish Mesocosm Film/Trial 2/3-12-20/3-12 Noon 01.MTS,89.672,5.505,Chasing,Male,,,,,,,,,1,157.231
D:/Pipefish Mesocosm Film/Trial 2/3-12-20/3-12 Noon 01.MTS,95.178,12.341,Out of sight,Male,,,,,,,,,1,157.231
D:/Pipefish Mesocosm Film/Trial 2/3-12-20/3-12 Noon 01.MTS,95.655,12.911,Out of sight,Female,,,,,,,,,1,157.231
D:/Pipefish Mesocosm Film/Trial 2/3-12-20/3-12 Noon 01.MTS,107.52,16.142,Chasing,Male,,,,,,,,,1,157.231
D:/Pipefish Mesocosm Film/Trial 2/3-12-20/3-12 Noon 01.MTS,108.567,26.771,Swim away,Female,,,,,,,,,1,157.231
D:/Pipefish Mesocosm Film/Trial 2/3-12-20/3-12 Noon 01.MTS,123.663,39.305,Surrounding,Male,,,,,,,,,1,157.231
D:/Pipefish Mesocosm Film/Trial 2/3-12-20/3-12 Noon 01.MTS,135.339,5.698,Out of sight,Female,,,,,,,,,1,157.231
D:/Pipefish Mesocosm Film/Trial 2/3-12-20/3-12 Noon 01.MTS,141.038,29.336,Inactive,Female,,,,,,,,,1,157.231
D:/Pipefish Mesocosm Film/Trial 2/3-12-20/3-12 Noon 01.MTS,162.969,7.405,Inactive,Male,,,,,,,,,1,157.231
D:/Pipefish Mesocosm Film/Trial 2/3-12-20/3-12 Noon 01.MTS,180.511,5.506,Pose,Female,S pose,Male,Front,2,1,1,No,No,2,26.395
D:/Pipefish Mesocosm Film/Trial 2/3-12-20/3-12 Noon 01.MTS,180.628,8.545,Wiggle,Male,Active wiggle,Female,2,2,1,1,No,No,2,26.395
D:/Pipefish Mesocosm Film/Trial 2/3-12-20/3-12 Noon 01.MTS,186.018,4.176,Inactive,Female,,,,2,1,1,No,No,2,26.395
D:/Pipefish Mesocosm Film/Trial 2/3-12-20/3-12 Noon 01.MTS,189.174,1.897,Inactive,Male,,,,2,1,1,No,No,2,26.395
D:/Pipefish Mesocosm Film/Trial 2/3-12-20/3-12 Noon 01.MTS,190.195,12.819,Out of sight,Female,,,,2,1,1,No,No,2,26.395
D:/Pipefish Mesocosm Film/Trial 2/3-12-20/3-12 Noon 01.MTS,191.072,4.746,Surrounding,Male,,,,2,1,1,No,No,2,26.395
D:/Pipefish Mesocosm Film/Trial 2/3-12-20/3-12 Noon 01.MTS,195.819,7.595,Out of sight,Male,,,,2,1,1,No,No,2,26.395
D:/Pipefish Mesocosm Film/Trial 2/3-12-20/3-12 Noon 01.MTS,231.33,9.587,Surrounding,Male,,,,,,,,,3,58.204
D:/Pipefish Mesocosm Film/Trial 2/3-12-20/3-12 Noon 01.MTS,235.411,8.07,Inactive,Female,,,,,,,,,3,58.204
D:/Pipefish Mesocosm Film/Trial 2/3-12-20/3-12 Noon 01.MTS,240.918,2.848,Chasing,Male,,,,,,,,,3,58.204
D:/Pipefish Mesocosm Film/Trial 2/3-12-20/3-12 Noon 01.MTS,243.482,11.299,Out of sight,Female,,,,,,,,,3,58.204
D:/Pipefish Mesocosm Film/Trial 2/3-12-20/3-12 Noon 01.MTS,243.767,10.824,Out of sight,Male,,,,,,,,,3,58.204
D:/Pipefish Mesocosm Film/Trial 2/3-12-20/3-12 Noon 01.MTS,254.592,12.435,Chasing,Male,,,,,,,,,3,58.204
D:/Pipefish Mesocosm Film/Trial 2/3-12-20/3-12 Noon 01.MTS,254.782,26.773,Swim away,Female,,,,,,,,,3,58.204
D:/Pipefish Mesocosm Film/Trial 2/3-12-20/3-12 Noon 01.MTS,267.028,9.59,Surrounding,Male,,,,,,,,,3,58.204
D:/Pipefish Mesocosm Film/Trial 2/3-12-20/3-12 Noon 01.MTS,276.619,4.461,Chasing,Male,,,,,,,,,3,58.204
D:/Pipefish Mesocosm Film/Trial 2/3-12-20/3-12 Noon 01.MTS,281.081,5.126,Out of sight,Male,,,,,,,,,3,58.204
D:/Pipefish Mesocosm Film/Trial 2/3-12-20/3-12 Noon 01.MTS,281.556,7.689,Out of sight,Female,,,,,,,,,3,58.204
D:/Pipefish Mesocosm Film/Trial 2/3-12-20/3-12 Noon 01.MTS,286.208,3.037,Surrounding,Male,,,,,,,,,3,58.204
D:/Pipefish Mesocosm Film/Trial 2/3-12-20/3-12 Noon 01.MTS,294.658,2.467,Pose,Female,S pose,Male,Front,3,1,3,Yes,Yes,4,116.593
D:/Pipefish Mesocosm Film/Trial 2/3-12-20/3-12 Noon 01.MTS,294.658,6.549,Surrounding,Male,,,,3,1,3,Yes,Yes,4,116.593
D:/Pipefish Mesocosm Film/Trial 2/3-12-20/3-12 Noon 01.MTS,297.126,33.041,Inactive,Female,,,,3,1,3,Yes,Yes,4,116.593
D:/Pipefish Mesocosm Film/Trial 2/3-12-20/3-12 Noon 01.MTS,301.208,4.367,Out of sight,Male,,,,3,1,3,Yes,Yes,4,116.593
D:/Pipefish Mesocosm Film/Trial 2/3-12-20/3-12 Noon 01.MTS,305.576,70.733,Surrounding,Male,,,,3,1,3,Yes,Yes,4,116.593
D:/Pipefish Mesocosm Film/Trial 2/3-12-20/3-12 Noon 01.MTS,330.168,10.633,Pose,Female,S pose,Male,Front,3,1,3,Yes,Yes,4,116.593
D:/Pipefish Mesocosm Film/Trial 2/3-12-20/3-12 Noon 01.MTS,340.802,3.322,Wiggle,Female,Active wiggle,Male,2,3,1,3,Yes,Yes,4,116.593
D:/Pipefish Mesocosm Film/Trial 2/3-12-20/3-12 Noon 01.MTS,344.125,67.124,Inactive,Female,,,,3,1,3,Yes,Yes,4,116.593
D:/Pipefish Mesocosm Film/Trial 2/3-12-20/3-12 Noon 01.MTS,376.31,10.824,Chasing,Male,,,,3,1,3,Yes,Yes,4,116.593
D:/Pipefish Mesocosm Film/Trial 2/3-12-20/3-12 Noon 01.MTS,387.135,16.519,Surrounding,Male,,,,3,1,3,Yes,Yes,4,116.593
D:/Pipefish Mesocosm Film/Trial 2/3-12-20/3-12 Noon 01.MTS,403.655,7.594,Out of sight,Male,,,,3,1,3,Yes,Yes,4,116.593
