media_file_path,time_in_video,Duration,behavior,subject,modifier_1,modifier_2,modifier_3,Group size,Female,Male,Chasing_end,Chase_present,courtship_events,total_time_of_courtship
D:/Pipefish Mesocosm Film/Trial 6/8-12-20/8-12 Noon 01.MTS,2314.799,6.455,Pose,Female,S pose,Male,Front,2,1,1,No,No,1,25.539
D:/Pipefish Mesocosm Film/Trial 6/8-12-20/8-12 Noon 01.MTS,2314.799,25.257,Inactive,Male,,,,2,1,1,No,No,1,25.539
D:/Pipefish Mesocosm Film/Trial 6/8-12-20/8-12 Noon 01.MTS,2321.255,18.801,Inactive,Female,,,,2,1,1,No,No,1,25.539
D:/Pipefish Mesocosm Film/Trial 6/8-12-20/8-12 Noon 01.MTS,80.933,9.588,Pose,Female,S pose,Male,Front,3,1,2,Yes,Yes,2,168.055
D:/Pipefish Mesocosm Film/Trial 6/8-12-20/8-12 Noon 01.MTS,85.114,9.774,Surrounding,Male,,,,3,1,2,Yes,Yes,2,168.055
D:/Pipefish Mesocosm Film/Trial 6/8-12-20/8-12 Noon 01.MTS,90.522,5.221,Wiggle,Female,Active wiggle,Male,2,3,1,2,Yes,Yes,2,168.055
D:/Pipefish Mesocosm Film/Trial 6/8-12-20/8-12 Noon 01.MTS,94.889,4.56,Inactive,Male,,,,3,1,2,Yes,Yes,2,168.055
D:/Pipefish Mesocosm Film/Trial 6/8-12-20/8-12 Noon 01.MTS,95.744,149.824,Inactive,Female,,,,3,1,2,Yes,Yes,2,168.055
D:/Pipefish Mesocosm Film/Trial 6/8-12-20/8-12 Noon 01.MTS,99.45,49.18,Surrounding,Male,,,,3,1,2,Yes,Yes,2,168.055
D:/Pipefish Mesocosm Film/Trial 6/8-12-20/8-12 Noon 01.MTS,148.631,2.465,Wiggle,Male,Active wiggle,Female,4,3,1,2,Yes,Yes,2,168.055
D:/Pipefish Mesocosm Film/Trial 6/8-12-20/8-12 Noon 01.MTS,151.097,16.234,Surrounding,Male,,,,3,1,2,Yes,Yes,2,168.055
D:/Pipefish Mesocosm Film/Trial 6/8-12-20/8-12 Noon 01.MTS,167.332,10.822,Inactive,Male,,,,3,1,2,Yes,Yes,2,168.055
D:/Pipefish Mesocosm Film/Trial 6/8-12-20/8-12 Noon 01.MTS,178.155,1.805,Wiggle,Male,Subtle wiggle,Male,3,3,1,2,Yes,Yes,2,168.055
D:/Pipefish Mesocosm Film/Trial 6/8-12-20/8-12 Noon 01.MTS,179.961,4.556,Inactive,Male,,,,3,1,2,Yes,Yes,2,168.055
D:/Pipefish Mesocosm Film/Trial 6/8-12-20/8-12 Noon 01.MTS,184.518,61.05,Surrounding,Male,,,,3,1,2,Yes,Yes,2,168.055
D:/Pipefish Mesocosm Film/Trial 6/8-12-20/8-12 Noon 01.MTS,342.506,5.317,Pose,Female,S pose,Male,Front,3.5,1,2.5,Yes,Yes,3,268.85
D:/Pipefish Mesocosm Film/Trial 6/8-12-20/8-12 Noon 01.MTS,346.496,66.078,Surrounding,Male,,,,3.5,1,2.5,Yes,Yes,3,268.85
D:/Pipefish Mesocosm Film/Trial 6/8-12-20/8-12 Noon 01.MTS,347.824,86.684,Inactive,Female,,,,3.5,1,2.5,Yes,Yes,3,268.85
D:/Pipefish Mesocosm Film/Trial 6/8-12-20/8-12 Noon 01.MTS,412.575,1.992,Wiggle,Male,Active wiggle,Female,3,3.5,1,2.5,Yes,Yes,3,268.85
D:/Pipefish Mesocosm Film/Trial 6/8-12-20/8-12 Noon 01.MTS,414.568,80.61,Surrounding,Male,,,,3.5,1,2.5,Yes,Yes,3,268.85
D:/Pipefish Mesocosm Film/Trial 6/8-12-20/8-12 Noon 01.MTS,434.509,5.314,Pose,Female,Non-s pose,Male,Front,3.5,1,2.5,Yes,Yes,3,268.85
D:/Pipefish Mesocosm Film/Trial 6/8-12-20/8-12 Noon 01.MTS,439.824,53.929,Inactive,Female,,,,3.5,1,2.5,Yes,Yes,3,268.85
D:/Pipefish Mesocosm Film/Trial 6/8-12-20/8-12 Noon 01.MTS,493.754,7.974,Pose,Female,S pose,Male,Front,3.5,1,2.5,Yes,Yes,3,268.85
D:/Pipefish Mesocosm Film/Trial 6/8-12-20/8-12 Noon 01.MTS,495.179,3.891,Wiggle,Male,Active wiggle,Female,4,3.5,1,2.5,Yes,Yes,3,268.85
D:/Pipefish Mesocosm Film/Trial 6/8-12-20/8-12 Noon 01.MTS,499.071,47.375,Surrounding,Male,,,,3.5,1,2.5,Yes,Yes,3,268.85
D:/Pipefish Mesocosm Film/Trial 6/8-12-20/8-12 Noon 01.MTS,501.729,30.475,Inactive,Female,,,,3.5,1,2.5,Yes,Yes,3,268.85
D:/Pipefish Mesocosm Film/Trial 6/8-12-20/8-12 Noon 01.MTS,532.205,4.558,Pose,Female,Non-s pose,Male,Front,3.5,1,2.5,Yes,Yes,3,268.85
D:/Pipefish Mesocosm Film/Trial 6/8-12-20/8-12 Noon 01.MTS,536.764,74.104,Inactive,Female,,,,3.5,1,2.5,Yes,Yes,3,268.85
D:/Pipefish Mesocosm Film/Trial 6/8-12-20/8-12 Noon 01.MTS,546.447,3.988,Inactive,Male,,,,3.5,1,2.5,Yes,Yes,3,268.85
D:/Pipefish Mesocosm Film/Trial 6/8-12-20/8-12 Noon 01.MTS,550.436,59.912,Surrounding,Male,,,,3.5,1,2.5,Yes,Yes,3,268.85
D:/Pipefish Mesocosm Film/Trial 6/8-12-20/8-12 Noon 01.MTS,652.406,9.875,Pose,Female,Non-s pose,Male,Front,2.6,1,1.6,Yes,Yes,4,405.326
D:/Pipefish Mesocosm Film/Trial 6/8-12-20/8-12 Noon 01.MTS,652.692,41.206,Surrounding,Male,,,,2.6,1,1.6,Yes,Yes,4,405.326
D:/Pipefish Mesocosm Film/Trial 6/8-12-20/8-12 Noon 01.MTS,662.283,7.402,Inactive,Female,,,,2.6,1,1.6,Yes,Yes,4,405.326
D:/Pipefish Mesocosm Film/Trial 6/8-12-20/8-12 Noon 01.MTS,669.686,2.376,Pose,Female,S pose,Male,Front,2.6,1,1.6,Yes,Yes,4,405.326
D:/Pipefish Mesocosm Film/Trial 6/8-12-20/8-12 Noon 01.MTS,672.063,24.777,Inactive,Female,,,,2.6,1,1.6,Yes,Yes,4,405.326
D:/Pipefish Mesocosm Film/Trial 6/8-12-20/8-12 Noon 01.MTS,693.899,5.218,Wiggle,Male,Active wiggle,Female,3,2.6,1,1.6,Yes,Yes,4,405.326
D:/Pipefish Mesocosm Film/Trial 6/8-12-20/8-12 Noon 01.MTS,696.841,2.183,Pose,Female,Non-s pose,Male,Front,2.6,1,1.6,Yes,Yes,4,405.326
D:/Pipefish Mesocosm Film/Trial 6/8-12-20/8-12 Noon 01.MTS,699.025,2.276,Inactive,Female,,,,2.6,1,1.6,Yes,Yes,4,405.326
D:/Pipefish Mesocosm Film/Trial 6/8-12-20/8-12 Noon 01.MTS,699.118,1.71,Surrounding,Male,,,,2.6,1,1.6,Yes,Yes,4,405.326
D:/Pipefish Mesocosm Film/Trial 6/8-12-20/8-12 Noon 01.MTS,700.829,4.081,Wiggle,Male,Active wiggle,Female,2,2.6,1,1.6,Yes,Yes,4,405.326
D:/Pipefish Mesocosm Film/Trial 6/8-12-20/8-12 Noon 01.MTS,701.302,2.754,Pose,Female,Non-s pose,Male,Front,2.6,1,1.6,Yes,Yes,4,405.326
D:/Pipefish Mesocosm Film/Trial 6/8-12-20/8-12 Noon 01.MTS,704.057,135.77,Inactive,Female,,,,2.6,1,1.6,Yes,Yes,4,405.326
D:/Pipefish Mesocosm Film/Trial 6/8-12-20/8-12 Noon 01.MTS,704.911,12.248,Inactive,Male,,,,2.6,1,1.6,Yes,Yes,4,405.326
D:/Pipefish Mesocosm Film/Trial 6/8-12-20/8-12 Noon 01.MTS,717.16,101.115,Surrounding,Male,,,,2.6,1,1.6,Yes,Yes,4,405.326
D:/Pipefish Mesocosm Film/Trial 6/8-12-20/8-12 Noon 01.MTS,818.276,4.462,Wiggle,Male,Active wiggle,Female,2,2.6,1,1.6,Yes,Yes,4,405.326
D:/Pipefish Mesocosm Film/Trial 6/8-12-20/8-12 Noon 01.MTS,822.739,8.069,Surrounding,Male,,,,2.6,1,1.6,Yes,Yes,4,405.326
D:/Pipefish Mesocosm Film/Trial 6/8-12-20/8-12 Noon 01.MTS,830.809,3.987,Wiggle,Male,Active wiggle,Female,3,2.6,1,1.6,Yes,Yes,4,405.326
D:/Pipefish Mesocosm Film/Trial 6/8-12-20/8-12 Noon 01.MTS,834.797,159.505,Surrounding,Male,,,,2.6,1,1.6,Yes,Yes,4,405.326
D:/Pipefish Mesocosm Film/Trial 6/8-12-20/8-12 Noon 01.MTS,839.828,6.456,Pose,Female,Non-s pose,Male,Front,2.6,1,1.6,Yes,Yes,4,405.326
D:/Pipefish Mesocosm Film/Trial 6/8-12-20/8-12 Noon 01.MTS,846.285,105.106,Inactive,Female,,,,2.6,1,1.6,Yes,Yes,4,405.326
D:/Pipefish Mesocosm Film/Trial 6/8-12-20/8-12 Noon 01.MTS,951.392,9.015,Pose,Female,S pose,Male,Front,2.6,1,1.6,Yes,Yes,4,405.326
D:/Pipefish Mesocosm Film/Trial 6/8-12-20/8-12 Noon 01.MTS,960.408,97.322,Inactive,Female,,,,2.6,1,1.6,Yes,Yes,4,405.326
D:/Pipefish Mesocosm Film/Trial 6/8-12-20/8-12 Noon 01.MTS,994.303,1.805,Wiggle,Male,Subtle wiggle,Female,3,2.6,1,1.6,Yes,Yes,4,405.326
D:/Pipefish Mesocosm Film/Trial 6/8-12-20/8-12 Noon 01.MTS,996.109,61.621,Surrounding,Male,,,,2.6,1,1.6,Yes,Yes,4,405.326
D:/Pipefish Mesocosm Film/Trial 6/8-12-20/8-12 Noon 01.MTS,1160.459,2.657,Wiggle,Male,Active wiggle,Female,2,2.5,1,1.5,No,No,5,71.211
D:/Pipefish Mesocosm Film/Trial 6/8-12-20/8-12 Noon 01.MTS,1163.117,4.176,Surrounding,Male,,,,2.5,1,1.5,No,No,5,71.211
D:/Pipefish Mesocosm Film/Trial 6/8-12-20/8-12 Noon 01.MTS,1167.199,64.184,Inactive,Female,,,,2.5,1,1.5,No,No,5,71.211
D:/Pipefish Mesocosm Film/Trial 6/8-12-20/8-12 Noon 01.MTS,1167.294,3.132,Wiggle,Male,Active wiggle,Female,3,2.5,1,1.5,No,No,5,71.211
D:/Pipefish Mesocosm Film/Trial 6/8-12-20/8-12 Noon 01.MTS,1170.427,60.956,Surrounding,Male,,,,2.5,1,1.5,No,No,5,71.211
D:/Pipefish Mesocosm Film/Trial 6/8-12-20/8-12 Noon 01.MTS,1807.793,3.703,Wiggle,Male,Active wiggle,Female,2,2.25,1,1.25,Yes,Yes,6,92.231
D:/Pipefish Mesocosm Film/Trial 6/8-12-20/8-12 Noon 01.MTS,1809.124,11.106,Inactive,Female,,,,2.25,1,1.25,Yes,Yes,6,92.231
D:/Pipefish Mesocosm Film/Trial 6/8-12-20/8-12 Noon 01.MTS,1811.497,8.829,Inactive,Male,,,,2.25,1,1.25,Yes,Yes,6,92.231
D:/Pipefish Mesocosm Film/Trial 6/8-12-20/8-12 Noon 01.MTS,1820.231,5.317,Pose,Female,S pose,Male,Front,2.25,1,1.25,Yes,Yes,6,92.231
D:/Pipefish Mesocosm Film/Trial 6/8-12-20/8-12 Noon 01.MTS,1820.327,18.606,Wiggle,Male,Active wiggle,Female,2,2.25,1,1.25,Yes,Yes,6,92.231
D:/Pipefish Mesocosm Film/Trial 6/8-12-20/8-12 Noon 01.MTS,1825.549,1.993,Wiggle,Female,Active wiggle,Male,2,2.25,1,1.25,Yes,Yes,6,92.231
D:/Pipefish Mesocosm Film/Trial 6/8-12-20/8-12 Noon 01.MTS,1827.543,71.968,Inactive,Female,,,,2.25,1,1.25,Yes,Yes,6,92.231
D:/Pipefish Mesocosm Film/Trial 6/8-12-20/8-12 Noon 01.MTS,1838.934,60.577,Surrounding,Male,,,,2.25,1,1.25,Yes,Yes,6,92.231
D:/Pipefish Mesocosm Film/Trial 6/8-12-20/8-12 Noon 01.MTS,1983.917,4.081,Wiggle,Male,Active wiggle,Female,3,3,1,2,No,No,7,64.28
D:/Pipefish Mesocosm Film/Trial 6/8-12-20/8-12 Noon 01.MTS,1984.582,63.613,Inactive,Female,,,,3,1,2,No,No,7,64.28
D:/Pipefish Mesocosm Film/Trial 6/8-12-20/8-12 Noon 01.MTS,1987.999,60.196,Surrounding,Male,,,,3,1,2,No,No,7,64.28
D:/Pipefish Mesocosm Film/Trial 6/8-12-20/8-12 Noon 01.MTS,2333.79,84.973,Inactive,Female,,,,2.5,1,1.5,Yes,Yes,8,154.385
D:/Pipefish Mesocosm Film/Trial 6/8-12-20/8-12 Noon 01.MTS,2333.79,2.795,Wiggle,Male,Active wiggle,Female,2,2.5,1,1.5,Yes,Yes,8,154.385
D:/Pipefish Mesocosm Film/Trial 6/8-12-20/8-12 Noon 01.MTS,2336.586,2.804,Inactive,Male,,,,2.5,1,1.5,Yes,Yes,8,154.385
D:/Pipefish Mesocosm Film/Trial 6/8-12-20/8-12 Noon 01.MTS,2339.391,6.834,Surrounding,Male,,,,2.5,1,1.5,Yes,Yes,8,154.385
D:/Pipefish Mesocosm Film/Trial 6/8-12-20/8-12 Noon 01.MTS,2346.226,8.546,Inactive,Male,,,,2.5,1,1.5,Yes,Yes,8,154.385
D:/Pipefish Mesocosm Film/Trial 6/8-12-20/8-12 Noon 01.MTS,2354.772,4.081,Wiggle,Male,Active wiggle,Female,3,2.5,1,1.5,Yes,Yes,8,154.385
D:/Pipefish Mesocosm Film/Trial 6/8-12-20/8-12 Noon 01.MTS,2358.854,15.665,Surrounding,Male,,,,2.5,1,1.5,Yes,Yes,8,154.385
D:/Pipefish Mesocosm Film/Trial 6/8-12-20/8-12 Noon 01.MTS,2374.52,2.942,Wiggle,Male,Active wiggle,Female,2,2.5,1,1.5,Yes,Yes,8,154.385
D:/Pipefish Mesocosm Film/Trial 6/8-12-20/8-12 Noon 01.MTS,2377.463,22.692,Surrounding,Male,,,,2.5,1,1.5,Yes,Yes,8,154.385
D:/Pipefish Mesocosm Film/Trial 6/8-12-20/8-12 Noon 01.MTS,2400.156,4.841,Wiggle,Male,Active wiggle,Female,3,2.5,1,1.5,Yes,Yes,8,154.385
D:/Pipefish Mesocosm Film/Trial 6/8-12-20/8-12 Noon 01.MTS,2404.998,82.6,Surrounding,Male,,,,2.5,1,1.5,Yes,Yes,8,154.385
D:/Pipefish Mesocosm Film/Trial 6/8-12-20/8-12 Noon 01.MTS,2418.764,2.944,Wiggle,Female,Active wiggle,Male,3,2.5,1,1.5,Yes,Yes,8,154.385
D:/Pipefish Mesocosm Film/Trial 6/8-12-20/8-12 Noon 01.MTS,2421.709,2.656,Inactive,Female,,,,2.5,1,1.5,Yes,Yes,8,154.385
D:/Pipefish Mesocosm Film/Trial 6/8-12-20/8-12 Noon 01.MTS,2424.366,2.089,Wiggle,Female,Active wiggle,Male,2,2.5,1,1.5,Yes,Yes,8,154.385
D:/Pipefish Mesocosm Film/Trial 6/8-12-20/8-12 Noon 01.MTS,2426.456,61.142,Inactive,Female,,,,2.5,1,1.5,Yes,Yes,8,154.385
D:/Pipefish Mesocosm Film/Trial 6/8-12-20/8-12 Noon 01.MTS,2537.825,4.273,Pose,Female,S pose,Male,Front,4,1,3,Yes,Yes,9,70.259
D:/Pipefish Mesocosm Film/Trial 6/8-12-20/8-12 Noon 01.MTS,2538.111,4.937,Wiggle,Male,Active wiggle,Female,4,4,1,3,Yes,Yes,9,70.259
D:/Pipefish Mesocosm Film/Trial 6/8-12-20/8-12 Noon 01.MTS,2542.099,65.227,Inactive,Female,,,,4,1,3,Yes,Yes,9,70.259
D:/Pipefish Mesocosm Film/Trial 6/8-12-20/8-12 Noon 01.MTS,2543.049,64.277,Surrounding,Male,,,,4,1,3,Yes,Yes,9,70.259
D:/Pipefish Mesocosm Film/Trial 6/8-12-20/8-12 Noon 01.MTS,2614.353,5.599,Wiggle,Male,Active wiggle,Female,3,2.333333333,1,1.33,No,No,10,274.267
D:/Pipefish Mesocosm Film/Trial 6/8-12-20/8-12 Noon 01.MTS,2614.636,129.789,Inactive,Female,,,,2.333333333,1,1.33,No,No,10,274.267
D:/Pipefish Mesocosm Film/Trial 6/8-12-20/8-12 Noon 01.MTS,2619.953,136.625,Surrounding,Male,,,,2.333333333,1,1.33,No,No,10,274.267
D:/Pipefish Mesocosm Film/Trial 6/8-12-20/8-12 Noon 01.MTS,2744.426,10.538,Pose,Female,Non-s pose,Male,Front,2.333333333,1,1.33,No,No,10,274.267
D:/Pipefish Mesocosm Film/Trial 6/8-12-20/8-12 Noon 01.MTS,2754.965,133.653,Inactive,Female,,,,2.333333333,1,1.33,No,No,10,274.267
D:/Pipefish Mesocosm Film/Trial 6/8-12-20/8-12 Noon 01.MTS,2756.579,4.464,Wiggle,Male,Active wiggle,Female,2,2.333333333,1,1.33,No,No,10,274.267
D:/Pipefish Mesocosm Film/Trial 6/8-12-20/8-12 Noon 01.MTS,2761.044,58.83,Surrounding,Male,,,,2.333333333,1,1.33,No,No,10,274.267
D:/Pipefish Mesocosm Film/Trial 6/8-12-20/8-12 Noon 01.MTS,2819.875,8.164,Wiggle,Male,Active wiggle,Female,2,2.333333333,1,1.33,No,No,10,274.267
D:/Pipefish Mesocosm Film/Trial 6/8-12-20/8-12 Noon 02.MTS,2828.04,60.578,Surrounding,Male,,,,2.333333333,1,1.33,No,No,10,274.267
D:/Pipefish Mesocosm Film/Trial 6/8-12-20/8-12 Noon 02.MTS,3174.496,10.444,Wiggle,Male,Active wiggle,Female,2,2,1,1,No,No,11,75.384
D:/Pipefish Mesocosm Film/Trial 6/8-12-20/8-12 Noon 02.MTS,3177.819,10.918,Inactive,Female,,,,2,1,1,No,No,11,75.384
D:/Pipefish Mesocosm Film/Trial 6/8-12-20/8-12 Noon 02.MTS,3184.941,23.639,Surrounding,Male,,,,2,1,1,No,No,11,75.384
D:/Pipefish Mesocosm Film/Trial 6/8-12-20/8-12 Noon 02.MTS,3188.738,8.923,Wiggle,Female,Active wiggle,Female,2,2,1,1,No,No,11,75.384
D:/Pipefish Mesocosm Film/Trial 6/8-12-20/8-12 Noon 02.MTS,3197.662,51.08,Inactive,Female,,,,2,1,1,No,No,11,75.384
D:/Pipefish Mesocosm Film/Trial 6/8-12-20/8-12 Noon 02.MTS,3208.581,40.161,Inactive,Male,,,,2,1,1,No,No,11,75.384
D:/Pipefish Mesocosm Film/Trial 6/8-12-20/8-12 Noon 02.MTS,3298.779,6.265,Pose,Female,S pose,Male,Front,3,1,2,No,No,12,67.505
D:/Pipefish Mesocosm Film/Trial 6/8-12-20/8-12 Noon 02.MTS,3298.97,66.841,Surrounding,Male,,,,3,1,2,No,No,12,67.505
D:/Pipefish Mesocosm Film/Trial 6/8-12-20/8-12 Noon 02.MTS,3305.045,60.766,Inactive,Female,,,,3,1,2,No,No,12,67.505
D:/Pipefish Mesocosm Film/Trial 6/8-12-20/8-12 Noon 02.MTS,3427.621,4.366,Pose,Female,S pose,Male,Front,3,1,2,No,No,13,65.14
D:/Pipefish Mesocosm Film/Trial 6/8-12-20/8-12 Noon 02.MTS,3429.327,62.854,Surrounding,Male,,,,3,1,2,No,No,13,65.14
D:/Pipefish Mesocosm Film/Trial 6/8-12-20/8-12 Noon 02.MTS,3431.988,60.193,Inactive,Female,,,,3,1,2,No,No,13,65.14
D:/Pipefish Mesocosm Film/Trial 6/8-12-20/8-12 Noon 02.MTS,3544.591,3.06,Pose,Female,S pose,Male,Front,2.75,1,1.75,No,No,14,57.689
D:/Pipefish Mesocosm Film/Trial 6/8-12-20/8-12 Noon 02.MTS,3545.256,2.277,Wiggle,Male,Active wiggle,Female,3,2.75,1,1.75,No,No,14,57.689
D:/Pipefish Mesocosm Film/Trial 6/8-12-20/8-12 Noon 02.MTS,3547.534,3.989,Surrounding,Male,,,,2.75,1,1.75,No,No,14,57.689
D:/Pipefish Mesocosm Film/Trial 6/8-12-20/8-12 Noon 02.MTS,3547.652,7.385,Inactive,Female,,,,2.75,1,1.75,No,No,14,57.689
D:/Pipefish Mesocosm Film/Trial 6/8-12-20/8-12 Noon 02.MTS,3551.524,3.131,Wiggle,Male,Active wiggle,Female,3,2.75,1,1.75,No,No,14,57.689
D:/Pipefish Mesocosm Film/Trial 6/8-12-20/8-12 Noon 02.MTS,3554.656,10.064,Surrounding,Male,,,,2.75,1,1.75,No,No,14,57.689
D:/Pipefish Mesocosm Film/Trial 6/8-12-20/8-12 Noon 02.MTS,3555.038,10.821,Pose,Female,S pose,Male,Front,2.75,1,1.75,No,No,14,57.689
D:/Pipefish Mesocosm Film/Trial 6/8-12-20/8-12 Noon 02.MTS,3564.721,3.512,Wiggle,Male,Active wiggle,Female,2,2.75,1,1.75,No,No,14,57.689
D:/Pipefish Mesocosm Film/Trial 6/8-12-20/8-12 Noon 02.MTS,3565.86,9.209,Inactive,Female,,,,2.75,1,1.75,No,No,14,57.689
D:/Pipefish Mesocosm Film/Trial 6/8-12-20/8-12 Noon 02.MTS,3568.234,34.044,Surrounding,Male,,,,2.75,1,1.75,No,No,14,57.689
D:/Pipefish Mesocosm Film/Trial 6/8-12-20/8-12 Noon 02.MTS,3575.07,2.845,Wiggle,Female,Active wiggle,Male,3,2.75,1,1.75,No,No,14,57.689
D:/Pipefish Mesocosm Film/Trial 6/8-12-20/8-12 Noon 02.MTS,3577.916,6.076,Pose,Female,S pose,Male,Front,2.75,1,1.75,No,No,14,57.689
D:/Pipefish Mesocosm Film/Trial 6/8-12-20/8-12 Noon 02.MTS,3583.993,18.285,Inactive,Female,,,,2.75,1,1.75,No,No,14,57.689
