media_file_path,time_in_video,Duration,behavior,subject,modifier_1,modifier_2,modifier_3,Group size,Female,Male,Chasing_end,Chase_present,,total_time_of_courtship
D:/Pipefish Mesocosm Film/Trial 3/4-12-20/4-12 AM 01.MTS,51.785,15.476,Pose,Female,S pose,Male,Front,3.076923077,1,2.08,No,No,1,276.1
D:/Pipefish Mesocosm Film/Trial 3/4-12-20/4-12 AM 01.MTS,52.166,1.517,Inactive,Male,,,,3.076923077,1,2.08,No,No,1,276.1
D:/Pipefish Mesocosm Film/Trial 3/4-12-20/4-12 AM 01.MTS,53.684,6.167,Wiggle,Male,Active wiggle,Female,3,3.076923077,1,2.08,No,No,1,276.1
D:/Pipefish Mesocosm Film/Trial 3/4-12-20/4-12 AM 01.MTS,59.852,46.718,Inactive,Male,,,,3.076923077,1,2.08,No,No,1,276.1
D:/Pipefish Mesocosm Film/Trial 3/4-12-20/4-12 AM 01.MTS,67.263,7.119,Inactive,Female,,,,3.076923077,1,2.08,No,No,1,276.1
D:/Pipefish Mesocosm Film/Trial 3/4-12-20/4-12 AM 01.MTS,74.383,2.559,Out of sight,Female,,,,3.076923077,1,2.08,No,No,1,276.1
D:/Pipefish Mesocosm Film/Trial 3/4-12-20/4-12 AM 01.MTS,76.943,19.084,Inactive,Female,,,,3.076923077,1,2.08,No,No,1,276.1
D:/Pipefish Mesocosm Film/Trial 3/4-12-20/4-12 AM 01.MTS,96.028,2.468,Pose,Female,S pose,Male,Front,3.076923077,1,2.08,No,No,1,276.1
D:/Pipefish Mesocosm Film/Trial 3/4-12-20/4-12 AM 01.MTS,98.497,5.699,Inactive,Female,,,,3.076923077,1,2.08,No,No,1,276.1
D:/Pipefish Mesocosm Film/Trial 3/4-12-20/4-12 AM 01.MTS,104.197,2.275,Wiggle,Female,Subtle wiggle,Male,2,3.076923077,1,2.08,No,No,1,276.1
D:/Pipefish Mesocosm Film/Trial 3/4-12-20/4-12 AM 01.MTS,106.473,3.037,Pose,Female,S pose,Male,Front,3.076923077,1,2.08,No,No,1,276.1
D:/Pipefish Mesocosm Film/Trial 3/4-12-20/4-12 AM 01.MTS,106.571,3.323,Wiggle,Male,Active wiggle,Female,3,3.076923077,1,2.08,No,No,1,276.1
D:/Pipefish Mesocosm Film/Trial 3/4-12-20/4-12 AM 01.MTS,109.511,25.634,Inactive,Female,,,,3.076923077,1,2.08,No,No,1,276.1
D:/Pipefish Mesocosm Film/Trial 3/4-12-20/4-12 AM 01.MTS,109.895,33.037,Inactive,Male,,,,3.076923077,1,2.08,No,No,1,276.1
D:/Pipefish Mesocosm Film/Trial 3/4-12-20/4-12 AM 01.MTS,135.146,6.932,Wiggle,Female,Active wiggle,Male,4,3.076923077,1,2.08,No,No,1,276.1
D:/Pipefish Mesocosm Film/Trial 3/4-12-20/4-12 AM 01.MTS,142.079,5.127,Pose,Female,S pose,Male,Front,3.076923077,1,2.08,No,No,1,276.1
D:/Pipefish Mesocosm Film/Trial 3/4-12-20/4-12 AM 01.MTS,142.933,3.415,Wiggle,Male,Active wiggle,Female,2,3.076923077,1,2.08,No,No,1,276.1
D:/Pipefish Mesocosm Film/Trial 3/4-12-20/4-12 AM 01.MTS,146.349,49.848,Inactive,Male,,,,3.076923077,1,2.08,No,No,1,276.1
D:/Pipefish Mesocosm Film/Trial 3/4-12-20/4-12 AM 01.MTS,147.207,3.128,Inactive,Female,,,,3.076923077,1,2.08,No,No,1,276.1
D:/Pipefish Mesocosm Film/Trial 3/4-12-20/4-12 AM 01.MTS,150.336,5.701,Pose,Female,S pose,Male,Front,3.076923077,1,2.08,No,No,1,276.1
D:/Pipefish Mesocosm Film/Trial 3/4-12-20/4-12 AM 01.MTS,156.038,34.46,Inactive,Female,,,,3.076923077,1,2.08,No,No,1,276.1
D:/Pipefish Mesocosm Film/Trial 3/4-12-20/4-12 AM 01.MTS,190.499,2.276,Wiggle,Female,Active wiggle,Male,3,3.076923077,1,2.08,No,No,1,276.1
D:/Pipefish Mesocosm Film/Trial 3/4-12-20/4-12 AM 01.MTS,192.776,8.834,Pose,Female,S pose,Male,Front,3.076923077,1,2.08,No,No,1,276.1
D:/Pipefish Mesocosm Film/Trial 3/4-12-20/4-12 AM 01.MTS,196.198,2.185,Wiggle,Male,Active wiggle,Female,3,3.076923077,1,2.08,No,No,1,276.1
D:/Pipefish Mesocosm Film/Trial 3/4-12-20/4-12 AM 01.MTS,198.384,8.254,Inactive,Male,,,,3.076923077,1,2.08,No,No,1,276.1
D:/Pipefish Mesocosm Film/Trial 3/4-12-20/4-12 AM 01.MTS,201.612,5.406,Inactive,Female,,,,3.076923077,1,2.08,No,No,1,276.1
D:/Pipefish Mesocosm Film/Trial 3/4-12-20/4-12 AM 01.MTS,206.639,3.228,Wiggle,Male,Subtle wiggle,Female,3,3.076923077,1,2.08,No,No,1,276.1
D:/Pipefish Mesocosm Film/Trial 3/4-12-20/4-12 AM 01.MTS,207.019,2.752,Pose,Female,S pose,Male,Front,3.076923077,1,2.08,No,No,1,276.1
D:/Pipefish Mesocosm Film/Trial 3/4-12-20/4-12 AM 01.MTS,209.772,13.961,Inactive,Female,,,,3.076923077,1,2.08,No,No,1,276.1
D:/Pipefish Mesocosm Film/Trial 3/4-12-20/4-12 AM 01.MTS,209.868,22.599,Inactive,Male,,,,3.076923077,1,2.08,No,No,1,276.1
D:/Pipefish Mesocosm Film/Trial 3/4-12-20/4-12 AM 01.MTS,223.734,4.268,Pose,Female,S pose,Male,Front,3.076923077,1,2.08,No,No,1,276.1
D:/Pipefish Mesocosm Film/Trial 3/4-12-20/4-12 AM 01.MTS,228.003,58.581,Inactive,Female,,,,3.076923077,1,2.08,No,No,1,276.1
D:/Pipefish Mesocosm Film/Trial 3/4-12-20/4-12 AM 01.MTS,232.468,3.603,Wiggle,Male,Active wiggle,Female,3,3.076923077,1,2.08,No,No,1,276.1
D:/Pipefish Mesocosm Film/Trial 3/4-12-20/4-12 AM 01.MTS,236.072,14.243,Inactive,Male,,,,3.076923077,1,2.08,No,No,1,276.1
D:/Pipefish Mesocosm Film/Trial 3/4-12-20/4-12 AM 01.MTS,250.316,3.32,Wiggle,Male,Active wiggle,Female,4,3.076923077,1,2.08,No,No,1,276.1
D:/Pipefish Mesocosm Film/Trial 3/4-12-20/4-12 AM 01.MTS,253.637,19.179,Inactive,Male,,,,3.076923077,1,2.08,No,No,1,276.1
D:/Pipefish Mesocosm Film/Trial 3/4-12-20/4-12 AM 01.MTS,272.817,1.615,Wiggle,Male,Subtle wiggle,Female,2,3.076923077,1,2.08,No,No,1,276.1
D:/Pipefish Mesocosm Film/Trial 3/4-12-20/4-12 AM 01.MTS,274.433,9.113,Inactive,Male,,,,3.076923077,1,2.08,No,No,1,276.1
D:/Pipefish Mesocosm Film/Trial 3/4-12-20/4-12 AM 01.MTS,283.547,1.33,Wiggle,Male,Active wiggle,Female,4,3.076923077,1,2.08,No,No,1,276.1
D:/Pipefish Mesocosm Film/Trial 3/4-12-20/4-12 AM 01.MTS,284.878,2.372,Inactive,Male,,,,3.076923077,1,2.08,No,No,1,276.1
D:/Pipefish Mesocosm Film/Trial 3/4-12-20/4-12 AM 01.MTS,286.585,6.931,Pose,Female,S pose,Male,Front,3.076923077,1,2.08,No,No,1,276.1
D:/Pipefish Mesocosm Film/Trial 3/4-12-20/4-12 AM 01.MTS,287.251,3.036,Wiggle,Male,Active wiggle,Female,4,3.076923077,1,2.08,No,No,1,276.1
D:/Pipefish Mesocosm Film/Trial 3/4-12-20/4-12 AM 01.MTS,290.288,37.314,Inactive,Male,,,,3.076923077,1,2.08,No,No,1,276.1
D:/Pipefish Mesocosm Film/Trial 3/4-12-20/4-12 AM 01.MTS,293.517,20.22,Inactive,Female,,,,3.076923077,1,2.08,No,No,1,276.1
D:/Pipefish Mesocosm Film/Trial 3/4-12-20/4-12 AM 01.MTS,313.738,13.675,Out of sight,Female,,,,3.076923077,1,2.08,No,No,1,276.1
D:/Pipefish Mesocosm Film/Trial 3/4-12-20/4-12 AM 01.MTS,403.177,10.539,Pose,Female,S pose,Male,Front,3.333333333,1,2.333,No,No,2,132.162
D:/Pipefish Mesocosm Film/Trial 3/4-12-20/4-12 AM 01.MTS,405.932,4.677,Wiggle,Male,Active wiggle,Female,3,3.333333333,1,2.333,No,No,2,132.162
D:/Pipefish Mesocosm Film/Trial 3/4-12-20/4-12 AM 01.MTS,410.61,10.226,Inactive,Male,,,,3.333333333,1,2.333,No,No,2,132.162
D:/Pipefish Mesocosm Film/Trial 3/4-12-20/4-12 AM 01.MTS,413.717,8.257,Inactive,Female,,,,3.333333333,1,2.333,No,No,2,132.162
D:/Pipefish Mesocosm Film/Trial 3/4-12-20/4-12 AM 01.MTS,420.837,3.951,Wiggle,Male,Active wiggle,Female,3,3.333333333,1,2.333,No,No,2,132.162
D:/Pipefish Mesocosm Film/Trial 3/4-12-20/4-12 AM 01.MTS,421.975,4.082,Pose,Female,S pose,Male,Front,3.333333333,1,2.333,No,No,2,132.162
D:/Pipefish Mesocosm Film/Trial 3/4-12-20/4-12 AM 01.MTS,424.789,32.507,Inactive,Male,,,,3.333333333,1,2.333,No,No,2,132.162
D:/Pipefish Mesocosm Film/Trial 3/4-12-20/4-12 AM 01.MTS,426.058,27.346,Inactive,Female,,,,3.333333333,1,2.333,No,No,2,132.162
D:/Pipefish Mesocosm Film/Trial 3/4-12-20/4-12 AM 01.MTS,453.405,4.839,Wiggle,Female,Active wiggle,Male,4,3.333333333,1,2.333,No,No,2,132.162
D:/Pipefish Mesocosm Film/Trial 3/4-12-20/4-12 AM 01.MTS,457.297,2.846,Wiggle,Male,Active wiggle,Female,4,3.333333333,1,2.333,No,No,2,132.162
D:/Pipefish Mesocosm Film/Trial 3/4-12-20/4-12 AM 01.MTS,458.245,7.688,Pose,Female,S pose,Male,Front,3.333333333,1,2.333,No,No,2,132.162
D:/Pipefish Mesocosm Film/Trial 3/4-12-20/4-12 AM 01.MTS,460.144,13.954,Inactive,Male,,,,3.333333333,1,2.333,No,No,2,132.162
D:/Pipefish Mesocosm Film/Trial 3/4-12-20/4-12 AM 01.MTS,465.934,57.254,Inactive,Female,,,,3.333333333,1,2.333,No,No,2,132.162
D:/Pipefish Mesocosm Film/Trial 3/4-12-20/4-12 AM 01.MTS,474.099,2.662,Wiggle,Male,Active wiggle,Female,3,3.333333333,1,2.333,No,No,2,132.162
D:/Pipefish Mesocosm Film/Trial 3/4-12-20/4-12 AM 01.MTS,476.762,3.415,Inactive,Male,,,,3.333333333,1,2.333,No,No,2,132.162
D:/Pipefish Mesocosm Film/Trial 3/4-12-20/4-12 AM 01.MTS,480.178,5.883,Wiggle,Male,Active wiggle,Female,3,3.333333333,1,2.333,No,No,2,132.162
D:/Pipefish Mesocosm Film/Trial 3/4-12-20/4-12 AM 01.MTS,486.062,44.245,Inactive,Male,,,,3.333333333,1,2.333,No,No,2,132.162
D:/Pipefish Mesocosm Film/Trial 3/4-12-20/4-12 AM 01.MTS,523.189,10.35,Out of sight,Female,,,,3.333333333,1,2.333,No,No,2,132.162
D:/Pipefish Mesocosm Film/Trial 3/4-12-20/4-12 AM 01.MTS,530.308,3.007,Out of sight,Male,,,,3.333333333,1,2.333,No,No,2,132.162
D:/Pipefish Mesocosm Film/Trial 3/4-12-20/4-12 AM 01.MTS,799.763,11.296,Pose,Female,S pose,Male,Front,3.117647059,1,3.12,No,No,3,491.85
D:/Pipefish Mesocosm Film/Trial 3/4-12-20/4-12 AM 01.MTS,801.376,7.214,Wiggle,Male,Active wiggle,Female,3,3.117647059,1,3.12,No,No,3,491.85
D:/Pipefish Mesocosm Film/Trial 3/4-12-20/4-12 AM 01.MTS,808.591,21.554,Inactive,Male,,,,3.117647059,1,3.12,No,No,3,491.85
D:/Pipefish Mesocosm Film/Trial 3/4-12-20/4-12 AM 01.MTS,811.06,8.547,Wiggle,Female,Active wiggle,Male,2,3.117647059,1,3.12,No,No,3,491.85
D:/Pipefish Mesocosm Film/Trial 3/4-12-20/4-12 AM 01.MTS,819.608,46.992,Inactive,Female,,,,3.117647059,1,3.12,No,No,3,491.85
D:/Pipefish Mesocosm Film/Trial 3/4-12-20/4-12 AM 01.MTS,830.146,3.987,Wiggle,Male,Active wiggle,Female,3,3.117647059,1,3.12,No,No,3,491.85
D:/Pipefish Mesocosm Film/Trial 3/4-12-20/4-12 AM 01.MTS,834.134,29.904,Inactive,Male,,,,3.117647059,1,3.12,No,No,3,491.85
D:/Pipefish Mesocosm Film/Trial 3/4-12-20/4-12 AM 01.MTS,864.039,2.658,Wiggle,Male,Active wiggle,Female,3,3.117647059,1,3.12,No,No,3,491.85
D:/Pipefish Mesocosm Film/Trial 3/4-12-20/4-12 AM 01.MTS,866.601,5.699,Wiggle,Female,Active wiggle,Male,4,3.117647059,1,3.12,No,No,3,491.85
D:/Pipefish Mesocosm Film/Trial 3/4-12-20/4-12 AM 01.MTS,866.698,4.555,Inactive,Male,,,,3.117647059,1,3.12,No,No,3,491.85
D:/Pipefish Mesocosm Film/Trial 3/4-12-20/4-12 AM 01.MTS,871.254,2.28,Wiggle,Male,Active wiggle,Female,3,3.117647059,1,3.12,No,No,3,491.85
D:/Pipefish Mesocosm Film/Trial 3/4-12-20/4-12 AM 01.MTS,872.301,56.109,Inactive,Female,,,,3.117647059,1,3.12,No,No,3,491.85
D:/Pipefish Mesocosm Film/Trial 3/4-12-20/4-12 AM 01.MTS,873.535,51.65,Inactive,Male,,,,3.117647059,1,3.12,No,No,3,491.85
D:/Pipefish Mesocosm Film/Trial 3/4-12-20/4-12 AM 01.MTS,925.186,2.849,Wiggle,Male,Active wiggle,Female,3,3.117647059,1,3.12,No,No,3,491.85
D:/Pipefish Mesocosm Film/Trial 3/4-12-20/4-12 AM 01.MTS,928.036,156.749,Inactive,Male,,,,3.117647059,1,3.12,No,No,3,491.85
D:/Pipefish Mesocosm Film/Trial 3/4-12-20/4-12 AM 01.MTS,928.411,5.983,Pose,Female,S pose,Male,Front,3.117647059,1,3.12,No,No,3,491.85
D:/Pipefish Mesocosm Film/Trial 3/4-12-20/4-12 AM 01.MTS,934.395,40.157,Inactive,Female,,,,3.117647059,1,3.12,No,No,3,491.85
D:/Pipefish Mesocosm Film/Trial 3/4-12-20/4-12 AM 01.MTS,974.553,3.136,Wiggle,Female,Active wiggle,Male,3,3.117647059,1,3.12,No,No,3,491.85
D:/Pipefish Mesocosm Film/Trial 3/4-12-20/4-12 AM 01.MTS,977.69,10.822,Inactive,Female,,,,3.117647059,1,3.12,No,No,3,491.85
D:/Pipefish Mesocosm Film/Trial 3/4-12-20/4-12 AM 01.MTS,988.513,3.989,Pose,Female,S pose,Male,Front,3.117647059,1,3.12,No,No,3,491.85
D:/Pipefish Mesocosm Film/Trial 3/4-12-20/4-12 AM 01.MTS,992.503,8.826,Inactive,Female,,,,3.117647059,1,3.12,No,No,3,491.85
D:/Pipefish Mesocosm Film/Trial 3/4-12-20/4-12 AM 01.MTS,1001.33,1.991,Pose,Female,Non-s pose,Male,Front,3.117647059,1,3.12,No,No,3,491.85
D:/Pipefish Mesocosm Film/Trial 3/4-12-20/4-12 AM 01.MTS,1003.322,13.388,Inactive,Female,,,,3.117647059,1,3.12,No,No,3,491.85
D:/Pipefish Mesocosm Film/Trial 3/4-12-20/4-12 AM 01.MTS,1016.711,11.584,Out of sight,Female,,,,3.117647059,1,3.12,No,No,3,491.85
D:/Pipefish Mesocosm Film/Trial 3/4-12-20/4-12 AM 01.MTS,1028.296,56.393,Inactive,Female,,,,3.117647059,1,3.12,No,No,3,491.85
D:/Pipefish Mesocosm Film/Trial 3/4-12-20/4-12 AM 01.MTS,1084.69,6.27,Pose,Female,S pose,Male,Front,3.117647059,1,3.12,No,No,3,491.85
D:/Pipefish Mesocosm Film/Trial 3/4-12-20/4-12 AM 01.MTS,1084.786,1.615,Wiggle,Male,Subtle wiggle,Female,4,3.117647059,1,3.12,No,No,3,491.85
D:/Pipefish Mesocosm Film/Trial 3/4-12-20/4-12 AM 01.MTS,1086.402,0.376,Inactive,Male,,,,3.117647059,1,3.12,No,No,3,491.85
D:/Pipefish Mesocosm Film/Trial 3/4-12-20/4-12 AM 01.MTS,1086.779,4.179,Wiggle,Male,Active wiggle,Female,4,3.117647059,1,3.12,No,No,3,491.85
D:/Pipefish Mesocosm Film/Trial 3/4-12-20/4-12 AM 01.MTS,1090.959,1.709,Inactive,Male,,,,3.117647059,1,3.12,No,No,3,491.85
D:/Pipefish Mesocosm Film/Trial 3/4-12-20/4-12 AM 01.MTS,1090.961,12.436,Wiggle,Female,Active wiggle,Male,4,3.117647059,1,3.12,No,No,3,491.85
D:/Pipefish Mesocosm Film/Trial 3/4-12-20/4-12 AM 01.MTS,1092.669,2.942,Wiggle,Male,Active wiggle,Female,4,3.117647059,1,3.12,No,No,3,491.85
D:/Pipefish Mesocosm Film/Trial 3/4-12-20/4-12 AM 01.MTS,1095.612,34.37,Inactive,Male,,,,3.117647059,1,3.12,No,No,3,491.85
D:/Pipefish Mesocosm Film/Trial 3/4-12-20/4-12 AM 01.MTS,1103.399,26.486,Inactive,Female,,,,3.117647059,1,3.12,No,No,3,491.85
D:/Pipefish Mesocosm Film/Trial 3/4-12-20/4-12 AM 01.MTS,1129.886,6.456,Pose,Female,S pose,Male,Front,3.117647059,1,3.12,No,No,3,491.85
D:/Pipefish Mesocosm Film/Trial 3/4-12-20/4-12 AM 01.MTS,1129.983,7.405,Wiggle,Male,Active wiggle,Female,2,3.117647059,1,3.12,No,No,3,491.85
D:/Pipefish Mesocosm Film/Trial 3/4-12-20/4-12 AM 01.MTS,1136.343,6.263,Inactive,Female,,,,3.117647059,1,3.12,No,No,3,491.85
D:/Pipefish Mesocosm Film/Trial 3/4-12-20/4-12 AM 01.MTS,1137.389,8.826,Inactive,Male,,,,3.117647059,1,3.12,No,No,3,491.85
D:/Pipefish Mesocosm Film/Trial 3/4-12-20/4-12 AM 01.MTS,1142.607,3.799,Wiggle,Female,Active wiggle,Male,3,3.117647059,1,3.12,No,No,3,491.85
D:/Pipefish Mesocosm Film/Trial 3/4-12-20/4-12 AM 01.MTS,1146.216,3.135,Wiggle,Male,Active wiggle,Female,3,3.117647059,1,3.12,No,No,3,491.85
D:/Pipefish Mesocosm Film/Trial 3/4-12-20/4-12 AM 01.MTS,1146.407,4.464,Pose,Female,S pose,Male,Front,3.117647059,1,3.12,No,No,3,491.85
D:/Pipefish Mesocosm Film/Trial 3/4-12-20/4-12 AM 01.MTS,1149.352,51.836,Inactive,Male,,,,3.117647059,1,3.12,No,No,3,491.85
D:/Pipefish Mesocosm Film/Trial 3/4-12-20/4-12 AM 01.MTS,1150.872,18.033,Inactive,Female,,,,3.117647059,1,3.12,No,No,3,491.85
D:/Pipefish Mesocosm Film/Trial 3/4-12-20/4-12 AM 01.MTS,1168.906,5.321,Pose,Female,S pose,Male,Front,3.117647059,1,3.12,No,No,3,491.85
D:/Pipefish Mesocosm Film/Trial 3/4-12-20/4-12 AM 01.MTS,1174.228,13.67,Inactive,Female,,,,3.117647059,1,3.12,No,No,3,491.85
D:/Pipefish Mesocosm Film/Trial 3/4-12-20/4-12 AM 01.MTS,1187.899,5.694,Pose,Female,S pose,Male,Front,3.117647059,1,3.12,No,No,3,491.85
D:/Pipefish Mesocosm Film/Trial 3/4-12-20/4-12 AM 01.MTS,1193.594,31.046,Inactive,Female,,,,3.117647059,1,3.12,No,No,3,491.85
D:/Pipefish Mesocosm Film/Trial 3/4-12-20/4-12 AM 01.MTS,1201.189,1.33,Wiggle,Male,Active wiggle,Female,2,3.117647059,1,3.12,No,No,3,491.85
D:/Pipefish Mesocosm Film/Trial 3/4-12-20/4-12 AM 01.MTS,1202.52,21.928,Inactive,Male,,,,3.117647059,1,3.12,No,No,3,491.85
D:/Pipefish Mesocosm Film/Trial 3/4-12-20/4-12 AM 01.MTS,1224.449,6.08,Wiggle,Male,Active wiggle,Female,3,3.117647059,1,3.12,No,No,3,491.85
D:/Pipefish Mesocosm Film/Trial 3/4-12-20/4-12 AM 01.MTS,1224.641,10.446,Pose,Female,S pose,Male,Front,3.117647059,1,3.12,No,No,3,491.85
D:/Pipefish Mesocosm Film/Trial 3/4-12-20/4-12 AM 01.MTS,1230.531,43.671,Inactive,Male,,,,3.117647059,1,3.12,No,No,3,491.85
D:/Pipefish Mesocosm Film/Trial 3/4-12-20/4-12 AM 01.MTS,1235.088,37.406,Inactive,Female,,,,3.117647059,1,3.12,No,No,3,491.85
D:/Pipefish Mesocosm Film/Trial 3/4-12-20/4-12 AM 01.MTS,1272.496,18.322,Out of sight,Female,,,,3.117647059,1,3.12,No,No,3,491.85
D:/Pipefish Mesocosm Film/Trial 3/4-12-20/4-12 AM 01.MTS,1274.203,16.615,Out of sight,Male,,,,3.117647059,1,3.12,No,No,3,491.85
D:/Pipefish Mesocosm Film/Trial 3/4-12-20/4-12 AM 01.MTS,1391.933,2.377,Wiggle,Male,Subtle wiggle,Female,3,2.352941176,1,1.353,No,No,4,414.06
D:/Pipefish Mesocosm Film/Trial 3/4-12-20/4-12 AM 01.MTS,1394.311,53.451,Inactive,Male,,,,2.352941176,1,1.353,No,No,4,414.06
D:/Pipefish Mesocosm Film/Trial 3/4-12-20/4-12 AM 01.MTS,1395.734,2.943,Pose,Female,S pose,Male,Front,2.352941176,1,1.353,No,No,4,414.06
D:/Pipefish Mesocosm Film/Trial 3/4-12-20/4-12 AM 01.MTS,1398.678,47.661,Inactive,Female,,,,2.352941176,1,1.353,No,No,4,414.06
D:/Pipefish Mesocosm Film/Trial 3/4-12-20/4-12 AM 01.MTS,1446.34,14.809,Pose,Female,S pose,Male,Front,2.352941176,1,1.353,No,No,4,414.06
D:/Pipefish Mesocosm Film/Trial 3/4-12-20/4-12 AM 01.MTS,1447.763,5.982,Wiggle,Male,Active wiggle,Female,3,2.352941176,1,1.353,No,No,4,414.06
D:/Pipefish Mesocosm Film/Trial 3/4-12-20/4-12 AM 01.MTS,1453.746,26.202,Inactive,Male,,,,2.352941176,1,1.353,No,No,4,414.06
D:/Pipefish Mesocosm Film/Trial 3/4-12-20/4-12 AM 01.MTS,1461.15,15.663,Inactive,Female,,,,2.352941176,1,1.353,No,No,4,414.06
D:/Pipefish Mesocosm Film/Trial 3/4-12-20/4-12 AM 01.MTS,1476.814,7.406,Pose,Female,S pose,Male,Front,2.352941176,1,1.353,No,No,4,414.06
D:/Pipefish Mesocosm Film/Trial 3/4-12-20/4-12 AM 01.MTS,1479.949,2.75,Wiggle,Male,Subtle wiggle,Female,2,2.352941176,1,1.353,No,No,4,414.06
D:/Pipefish Mesocosm Film/Trial 3/4-12-20/4-12 AM 01.MTS,1482.7,40.732,Inactive,Male,,,,2.352941176,1,1.353,No,No,4,414.06
D:/Pipefish Mesocosm Film/Trial 3/4-12-20/4-12 AM 01.MTS,1484.221,5.316,Wiggle,Female,Active wiggle,Male,2,2.352941176,1,1.353,No,No,4,414.06
D:/Pipefish Mesocosm Film/Trial 3/4-12-20/4-12 AM 01.MTS,1489.538,36.077,Inactive,Female,,,,2.352941176,1,1.353,No,No,4,414.06
D:/Pipefish Mesocosm Film/Trial 3/4-12-20/4-12 AM 01.MTS,1523.433,2.469,Wiggle,Male,Active wiggle,Female,3,2.352941176,1,1.353,No,No,4,414.06
D:/Pipefish Mesocosm Film/Trial 3/4-12-20/4-12 AM 01.MTS,1525.616,6.646,Pose,Female,S pose,Male,Front,2.352941176,1,1.353,No,No,4,414.06
D:/Pipefish Mesocosm Film/Trial 3/4-12-20/4-12 AM 01.MTS,1525.903,0.567,Inactive,Male,,,,2.352941176,1,1.353,No,No,4,414.06
D:/Pipefish Mesocosm Film/Trial 3/4-12-20/4-12 AM 01.MTS,1526.471,4.271,Wiggle,Male,Active wiggle,Female,2,2.352941176,1,1.353,No,No,4,414.06
D:/Pipefish Mesocosm Film/Trial 3/4-12-20/4-12 AM 01.MTS,1530.743,8.544,Inactive,Male,,,,2.352941176,1,1.353,No,No,4,414.06
D:/Pipefish Mesocosm Film/Trial 3/4-12-20/4-12 AM 01.MTS,1532.263,4.939,Wiggle,Female,Active wiggle,Male,2,2.352941176,1,1.353,No,No,4,414.06
D:/Pipefish Mesocosm Film/Trial 3/4-12-20/4-12 AM 01.MTS,1537.203,5.694,Inactive,Female,,,,2.352941176,1,1.353,No,No,4,414.06
D:/Pipefish Mesocosm Film/Trial 3/4-12-20/4-12 AM 01.MTS,1539.288,2.561,Wiggle,Male,Active wiggle,Female,2,2.352941176,1,1.353,No,No,4,414.06
D:/Pipefish Mesocosm Film/Trial 3/4-12-20/4-12 AM 01.MTS,1541.85,17.66,Inactive,Male,,,,2.352941176,1,1.353,No,No,4,414.06
D:/Pipefish Mesocosm Film/Trial 3/4-12-20/4-12 AM 01.MTS,1542.898,4.933,Pose,Female,S pose,Male,Front,2.352941176,1,1.353,No,No,4,414.06
D:/Pipefish Mesocosm Film/Trial 3/4-12-20/4-12 AM 01.MTS,1547.832,6.837,Inactive,Female,,,,2.352941176,1,1.353,No,No,4,414.06
D:/Pipefish Mesocosm Film/Trial 3/4-12-20/4-12 AM 01.MTS,1554.67,6.455,Pose,Female,S pose,Male,Front,2.352941176,1,1.353,No,No,4,414.06
D:/Pipefish Mesocosm Film/Trial 3/4-12-20/4-12 AM 01.MTS,1559.511,4.842,Wiggle,Male,Active wiggle,Female,2,2.352941176,1,1.353,No,No,4,414.06
D:/Pipefish Mesocosm Film/Trial 3/4-12-20/4-12 AM 01.MTS,1561.126,17.945,Inactive,Female,,,,2.352941176,1,1.353,No,No,4,414.06
D:/Pipefish Mesocosm Film/Trial 3/4-12-20/4-12 AM 01.MTS,1564.354,13.388,Inactive,Male,,,,2.352941176,1,1.353,No,No,4,414.06
D:/Pipefish Mesocosm Film/Trial 3/4-12-20/4-12 AM 01.MTS,1577.743,1.517,Wiggle,Male,Active wiggle,Female,2,2.352941176,1,1.353,No,No,4,414.06
D:/Pipefish Mesocosm Film/Trial 3/4-12-20/4-12 AM 01.MTS,1579.072,9.683,Pose,Female,S pose,Male,Front,2.352941176,1,1.353,No,No,4,414.06
D:/Pipefish Mesocosm Film/Trial 3/4-12-20/4-12 AM 01.MTS,1579.261,66.652,Inactive,Male,,,,2.352941176,1,1.353,No,No,4,414.06
D:/Pipefish Mesocosm Film/Trial 3/4-12-20/4-12 AM 01.MTS,1588.756,57.062,Inactive,Female,,,,2.352941176,1,1.353,No,No,4,414.06
D:/Pipefish Mesocosm Film/Trial 3/4-12-20/4-12 AM 01.MTS,1645.819,7.974,Pose,Female,S pose,Male,Front,2.352941176,1,1.353,No,No,4,414.06
D:/Pipefish Mesocosm Film/Trial 3/4-12-20/4-12 AM 01.MTS,1645.914,2.278,Wiggle,Male,Active wiggle,Female,3,2.352941176,1,1.353,No,No,4,414.06
D:/Pipefish Mesocosm Film/Trial 3/4-12-20/4-12 AM 01.MTS,1648.193,62.094,Inactive,Male,,,,2.352941176,1,1.353,No,No,4,414.06
D:/Pipefish Mesocosm Film/Trial 3/4-12-20/4-12 AM 01.MTS,1653.794,77.765,Inactive,Female,,,,2.352941176,1,1.353,No,No,4,414.06
D:/Pipefish Mesocosm Film/Trial 3/4-12-20/4-12 AM 01.MTS,1710.288,3.131,Wiggle,Male,Active wiggle,Female,3,2.352941176,1,1.353,No,No,4,414.06
D:/Pipefish Mesocosm Film/Trial 3/4-12-20/4-12 AM 01.MTS,1713.42,18.801,Inactive,Male,,,,2.352941176,1,1.353,No,No,4,414.06
D:/Pipefish Mesocosm Film/Trial 3/4-12-20/4-12 AM 01.MTS,1731.56,7.213,Wiggle,Female,Active wiggle,Male,2,2.352941176,1,1.353,No,No,4,414.06
D:/Pipefish Mesocosm Film/Trial 3/4-12-20/4-12 AM 01.MTS,1732.222,3.986,Wiggle,Male,Active wiggle,Female,2,2.352941176,1,1.353,No,No,4,414.06
D:/Pipefish Mesocosm Film/Trial 3/4-12-20/4-12 AM 01.MTS,1736.209,1.993,Inactive,Male,,,,2.352941176,1,1.353,No,No,4,414.06
D:/Pipefish Mesocosm Film/Trial 3/4-12-20/4-12 AM 01.MTS,1738.203,4.177,Wiggle,Male,Active wiggle,Female,2,2.352941176,1,1.353,No,No,4,414.06
D:/Pipefish Mesocosm Film/Trial 3/4-12-20/4-12 AM 01.MTS,1738.774,2.469,Pose,Female,S pose,Male,Front,2.352941176,1,1.353,No,No,4,414.06
D:/Pipefish Mesocosm Film/Trial 3/4-12-20/4-12 AM 01.MTS,1741.244,1.42,Inactive,Female,,,,2.352941176,1,1.353,No,No,4,414.06
D:/Pipefish Mesocosm Film/Trial 3/4-12-20/4-12 AM 01.MTS,1742.381,38.451,Inactive,Male,,,,2.352941176,1,1.353,No,No,4,414.06
D:/Pipefish Mesocosm Film/Trial 3/4-12-20/4-12 AM 01.MTS,1742.665,5.792,Wiggle,Female,Active wiggle,Male,2,2.352941176,1,1.353,No,No,4,414.06
D:/Pipefish Mesocosm Film/Trial 3/4-12-20/4-12 AM 01.MTS,1748.458,31.047,Inactive,Female,,,,2.352941176,1,1.353,No,No,4,414.06
D:/Pipefish Mesocosm Film/Trial 3/4-12-20/4-12 AM 01.MTS,1779.506,3.128,Out of sight,Female,,,,2.352941176,1,1.353,No,No,4,414.06
D:/Pipefish Mesocosm Film/Trial 3/4-12-20/4-12 AM 01.MTS,1780.833,24.498,Out of sight,Male,,,,2.352941176,1,1.353,No,No,4,414.06
D:/Pipefish Mesocosm Film/Trial 3/4-12-20/4-12 AM 01.MTS,1782.635,10.258,Inactive,Female,,,,2.352941176,1,1.353,No,No,4,414.06
D:/Pipefish Mesocosm Film/Trial 3/4-12-20/4-12 AM 01.MTS,1792.894,12.247,Out of sight,Female,,,,2.352941176,1,1.353,No,No,4,414.06
D:/Pipefish Mesocosm Film/Trial 3/4-12-20/4-12 AM 01.MTS,1819.571,3.036,Wiggle,Male,Active wiggle,Female,3,2.25,1,1.25,No,No,5,61.435
D:/Pipefish Mesocosm Film/Trial 3/4-12-20/4-12 AM 01.MTS,1822.326,8.543,Pose,Female,S pose,Male,Front,2.25,1,1.25,No,No,5,61.435
D:/Pipefish Mesocosm Film/Trial 3/4-12-20/4-12 AM 01.MTS,1822.608,1.71,Inactive,Male,,,,2.25,1,1.25,No,No,5,61.435
D:/Pipefish Mesocosm Film/Trial 3/4-12-20/4-12 AM 01.MTS,1824.319,4.842,Wiggle,Male,Active wiggle,Female,2,2.25,1,1.25,No,No,5,61.435
D:/Pipefish Mesocosm Film/Trial 3/4-12-20/4-12 AM 01.MTS,1829.162,12.533,Inactive,Male,,,,2.25,1,1.25,No,No,5,61.435
D:/Pipefish Mesocosm Film/Trial 3/4-12-20/4-12 AM 01.MTS,1830.87,16.996,Inactive,Female,,,,2.25,1,1.25,No,No,5,61.435
D:/Pipefish Mesocosm Film/Trial 3/4-12-20/4-12 AM 01.MTS,1841.696,2.087,Wiggle,Male,Active wiggle,Female,2,2.25,1,1.25,No,No,5,61.435
D:/Pipefish Mesocosm Film/Trial 3/4-12-20/4-12 AM 01.MTS,1843.784,11.392,Inactive,Male,,,,2.25,1,1.25,No,No,5,61.435
D:/Pipefish Mesocosm Film/Trial 3/4-12-20/4-12 AM 01.MTS,1847.867,4.746,Pose,Female,S pose,Male,Front,2.25,1,1.25,No,No,5,61.435
D:/Pipefish Mesocosm Film/Trial 3/4-12-20/4-12 AM 01.MTS,1852.614,16.807,Inactive,Female,,,,2.25,1,1.25,No,No,5,61.435
D:/Pipefish Mesocosm Film/Trial 3/4-12-20/4-12 AM 01.MTS,1855.177,3.419,Wiggle,Male,Active wiggle,Female,2,2.25,1,1.25,No,No,5,61.435
D:/Pipefish Mesocosm Film/Trial 3/4-12-20/4-12 AM 01.MTS,1858.597,22.024,Inactive,Male,,,,2.25,1,1.25,No,No,5,61.435
D:/Pipefish Mesocosm Film/Trial 3/4-12-20/4-12 AM 01.MTS,1869.422,11.199,Out of sight,Female,,,,2.25,1,1.25,No,No,5,61.435
D:/Pipefish Mesocosm Film/Trial 3/4-12-20/4-12 AM 01.MTS,2196.219,2.374,Wiggle,Male,Active wiggle,Female,5,3.75,1,2.75,No,No,6,145.074
D:/Pipefish Mesocosm Film/Trial 3/4-12-20/4-12 AM 01.MTS,2197.546,7.408,Pose,Female,S pose,Male,Front,3.75,1,2.75,No,No,6,145.074
D:/Pipefish Mesocosm Film/Trial 3/4-12-20/4-12 AM 01.MTS,2198.594,86.875,Inactive,Male,,,,3.75,1,2.75,No,No,6,145.074
D:/Pipefish Mesocosm Film/Trial 3/4-12-20/4-12 AM 01.MTS,2204.955,17.089,Inactive,Female,,,,3.75,1,2.75,No,No,6,145.074
D:/Pipefish Mesocosm Film/Trial 3/4-12-20/4-12 AM 01.MTS,2222.045,12.149,Pose,Female,Non-s pose,Male,Front,3.75,1,2.75,No,No,6,145.074
D:/Pipefish Mesocosm Film/Trial 3/4-12-20/4-12 AM 01.MTS,2234.195,47.948,Inactive,Female,,,,3.75,1,2.75,No,No,6,145.074
D:/Pipefish Mesocosm Film/Trial 3/4-12-20/4-12 AM 01.MTS,2282.144,4.082,Wiggle,Female,Active wiggle,Male,3,3.75,1,2.75,No,No,6,145.074
D:/Pipefish Mesocosm Film/Trial 3/4-12-20/4-12 AM 01.MTS,2285.47,1.991,Wiggle,Male,Active wiggle,Female,3,3.75,1,2.75,No,No,6,145.074
D:/Pipefish Mesocosm Film/Trial 3/4-12-20/4-12 AM 01.MTS,2286.227,2.942,Pose,Female,S pose,Male,Front,3.75,1,2.75,No,No,6,145.074
D:/Pipefish Mesocosm Film/Trial 3/4-12-20/4-12 AM 01.MTS,2287.462,3.703,Inactive,Male,,,,3.75,1,2.75,No,No,6,145.074
D:/Pipefish Mesocosm Film/Trial 3/4-12-20/4-12 AM 01.MTS,2289.17,1.712,Inactive,Female,,,,3.75,1,2.75,No,No,6,145.074
D:/Pipefish Mesocosm Film/Trial 3/4-12-20/4-12 AM 01.MTS,2290.883,3.223,Pose,Female,S pose,Male,Front,3.75,1,2.75,No,No,6,145.074
D:/Pipefish Mesocosm Film/Trial 3/4-12-20/4-12 AM 01.MTS,2291.166,8.262,Wiggle,Male,Active wiggle,Female,4,3.75,1,2.75,No,No,6,145.074
D:/Pipefish Mesocosm Film/Trial 3/4-12-20/4-12 AM 01.MTS,2294.107,35.32,Inactive,Female,,,,3.75,1,2.75,No,No,6,145.074
D:/Pipefish Mesocosm Film/Trial 3/4-12-20/4-12 AM 01.MTS,2299.43,30.377,Inactive,Male,,,,3.75,1,2.75,No,No,6,145.074
D:/Pipefish Mesocosm Film/Trial 3/4-12-20/4-12 AM 01.MTS,2329.428,10.823,Out of sight,Female,,,,3.75,1,2.75,No,No,6,145.074
D:/Pipefish Mesocosm Film/Trial 3/4-12-20/4-12 AM 01.MTS,2329.808,10.631,Out of sight,Male,,,,3.75,1,2.75,No,No,6,145.074
D:/Pipefish Mesocosm Film/Trial 3/4-12-20/4-12 AM 01.MTS,2368.642,3.349,Wiggle,Female,Active wiggle,Male,3,3.404761905,1,2.405,No,No,7,911.768
D:/Pipefish Mesocosm Film/Trial 3/4-12-20/4-12 AM 01.MTS,2369.402,8.828,Wiggle,Male,Active wiggle,Female,4,3.404761905,1,2.405,No,No,7,911.768
D:/Pipefish Mesocosm Film/Trial 3/4-12-20/4-12 AM 01.MTS,2371.992,6.618,Inactive,Female,,,,3.404761905,1,2.405,No,No,7,911.768
D:/Pipefish Mesocosm Film/Trial 3/4-12-20/4-12 AM 01.MTS,2378.232,20.314,Inactive,Male,,,,3.404761905,1,2.405,No,No,7,911.768
D:/Pipefish Mesocosm Film/Trial 3/4-12-20/4-12 AM 01.MTS,2378.611,2.466,Wiggle,Female,Active wiggle,Male,3,3.404761905,1,2.405,No,No,7,911.768
D:/Pipefish Mesocosm Film/Trial 3/4-12-20/4-12 AM 01.MTS,2381.078,40.921,Inactive,Female,,,,3.404761905,1,2.405,No,No,7,911.768
D:/Pipefish Mesocosm Film/Trial 3/4-12-20/4-12 AM 01.MTS,2398.547,1.994,Wiggle,Male,Active wiggle,Female,3,3.404761905,1,2.405,No,No,7,911.768
D:/Pipefish Mesocosm Film/Trial 3/4-12-20/4-12 AM 01.MTS,2400.542,1.516,Inactive,Male,,,,3.404761905,1,2.405,No,No,7,911.768
D:/Pipefish Mesocosm Film/Trial 3/4-12-20/4-12 AM 01.MTS,2402.059,3.42,Wiggle,Male,Active wiggle,Female,3,3.404761905,1,2.405,No,No,7,911.768
D:/Pipefish Mesocosm Film/Trial 3/4-12-20/4-12 AM 01.MTS,2405.48,15.097,Inactive,Male,,,,3.404761905,1,2.405,No,No,7,911.768
D:/Pipefish Mesocosm Film/Trial 3/4-12-20/4-12 AM 01.MTS,2420.578,2.179,Wiggle,Male,Active wiggle,Female,3,3.404761905,1,2.405,No,No,7,911.768
D:/Pipefish Mesocosm Film/Trial 3/4-12-20/4-12 AM 01.MTS,2422,3.893,Wiggle,Female,Active wiggle,Male,3,3.404761905,1,2.405,No,No,7,911.768
D:/Pipefish Mesocosm Film/Trial 3/4-12-20/4-12 AM 01.MTS,2422.758,27.444,Inactive,Male,,,,3.404761905,1,2.405,No,No,7,911.768
D:/Pipefish Mesocosm Film/Trial 3/4-12-20/4-12 AM 01.MTS,2425.894,27.915,Inactive,Female,,,,3.404761905,1,2.405,No,No,7,911.768
D:/Pipefish Mesocosm Film/Trial 3/4-12-20/4-12 AM 01.MTS,2450.203,3.318,Wiggle,Male,Active wiggle,Female,3,3.404761905,1,2.405,No,No,7,911.768
D:/Pipefish Mesocosm Film/Trial 3/4-12-20/4-12 AM 01.MTS,2453.522,2.942,Inactive,Male,,,,3.404761905,1,2.405,No,No,7,911.768
D:/Pipefish Mesocosm Film/Trial 3/4-12-20/4-12 AM 01.MTS,2453.81,2.655,Wiggle,Female,Active wiggle,Male,3,3.404761905,1,2.405,No,No,7,911.768
D:/Pipefish Mesocosm Film/Trial 3/4-12-20/4-12 AM 01.MTS,2456.465,3.415,Wiggle,Male,Active wiggle,Female,3,3.404761905,1,2.405,No,No,7,911.768
D:/Pipefish Mesocosm Film/Trial 3/4-12-20/4-12 AM 01.MTS,2456.466,39.304,Inactive,Female,,,,3.404761905,1,2.405,No,No,7,911.768
D:/Pipefish Mesocosm Film/Trial 3/4-12-20/4-12 AM 01.MTS,2459.881,18.324,Inactive,Male,,,,3.404761905,1,2.405,No,No,7,911.768
D:/Pipefish Mesocosm Film/Trial 3/4-12-20/4-12 AM 01.MTS,2478.206,6.548,Wiggle,Male,Subtle wiggle,Female,3,3.404761905,1,2.405,No,No,7,911.768
D:/Pipefish Mesocosm Film/Trial 3/4-12-20/4-12 AM 01.MTS,2484.755,20.226,Inactive,Male,,,,3.404761905,1,2.405,No,No,7,911.768
D:/Pipefish Mesocosm Film/Trial 3/4-12-20/4-12 AM 01.MTS,2495.771,2.847,Pose,Female,S pose,Male,Front,3.404761905,1,2.405,No,No,7,911.768
D:/Pipefish Mesocosm Film/Trial 3/4-12-20/4-12 AM 01.MTS,2498.619,11.107,Inactive,Female,,,,3.404761905,1,2.405,No,No,7,911.768
D:/Pipefish Mesocosm Film/Trial 3/4-12-20/4-12 AM 01.MTS,2504.982,4.462,Wiggle,Male,Active wiggle,Female,2,3.404761905,1,2.405,No,No,7,911.768
D:/Pipefish Mesocosm Film/Trial 3/4-12-20/4-12 AM 01.MTS,2509.445,1.895,Inactive,Male,,,,3.404761905,1,2.405,No,No,7,911.768
D:/Pipefish Mesocosm Film/Trial 3/4-12-20/4-12 AM 01.MTS,2509.727,2.088,Wiggle,Female,Active wiggle,Male,2,3.404761905,1,2.405,No,No,7,911.768
D:/Pipefish Mesocosm Film/Trial 3/4-12-20/4-12 AM 01.MTS,2511.341,1.521,Wiggle,Male,Active wiggle,Female,3,3.404761905,1,2.405,No,No,7,911.768
D:/Pipefish Mesocosm Film/Trial 3/4-12-20/4-12 AM 01.MTS,2511.816,1.992,Inactive,Female,,,,3.404761905,1,2.405,No,No,7,911.768
D:/Pipefish Mesocosm Film/Trial 3/4-12-20/4-12 AM 01.MTS,2512.863,1.705,Inactive,Male,,,,3.404761905,1,2.405,No,No,7,911.768
D:/Pipefish Mesocosm Film/Trial 3/4-12-20/4-12 AM 01.MTS,2513.809,1.521,Wiggle,Female,Active wiggle,Male,3,3.404761905,1,2.405,No,No,7,911.768
D:/Pipefish Mesocosm Film/Trial 3/4-12-20/4-12 AM 01.MTS,2514.569,4.746,Wiggle,Male,Active wiggle,Female,3,3.404761905,1,2.405,No,No,7,911.768
D:/Pipefish Mesocosm Film/Trial 3/4-12-20/4-12 AM 01.MTS,2515.331,22.692,Inactive,Female,,,,3.404761905,1,2.405,No,No,7,911.768
D:/Pipefish Mesocosm Film/Trial 3/4-12-20/4-12 AM 01.MTS,2519.316,63.993,Inactive,Male,,,,3.404761905,1,2.405,No,No,7,911.768
D:/Pipefish Mesocosm Film/Trial 3/4-12-20/4-12 AM 01.MTS,2538.024,13.098,Pose,Female,S pose,Male,Front,3.404761905,1,2.405,No,No,7,911.768
D:/Pipefish Mesocosm Film/Trial 3/4-12-20/4-12 AM 01.MTS,2551.123,37.506,Inactive,Female,,,,3.404761905,1,2.405,No,No,7,911.768
D:/Pipefish Mesocosm Film/Trial 3/4-12-20/4-12 AM 01.MTS,2583.31,4.178,Wiggle,Male,Active wiggle,Female,4,3.404761905,1,2.405,No,No,7,911.768
D:/Pipefish Mesocosm Film/Trial 3/4-12-20/4-12 AM 01.MTS,2587.489,2.659,Inactive,Male,,,,3.404761905,1,2.405,No,No,7,911.768
D:/Pipefish Mesocosm Film/Trial 3/4-12-20/4-12 AM 01.MTS,2588.63,2.56,Wiggle,Female,Active wiggle,Male,4,3.404761905,1,2.405,No,No,7,911.768
D:/Pipefish Mesocosm Film/Trial 3/4-12-20/4-12 AM 01.MTS,2590.149,3.321,Wiggle,Male,Active wiggle,Female,4,3.404761905,1,2.405,No,No,7,911.768
D:/Pipefish Mesocosm Film/Trial 3/4-12-20/4-12 AM 01.MTS,2591.191,5.412,Inactive,Female,,,,3.404761905,1,2.405,No,No,7,911.768
D:/Pipefish Mesocosm Film/Trial 3/4-12-20/4-12 AM 01.MTS,2593.471,1.419,Inactive,Male,,,,3.404761905,1,2.405,No,No,7,911.768
D:/Pipefish Mesocosm Film/Trial 3/4-12-20/4-12 AM 01.MTS,2594.891,1.805,Wiggle,Male,Active wiggle,Female,4,3.404761905,1,2.405,No,No,7,911.768
D:/Pipefish Mesocosm Film/Trial 3/4-12-20/4-12 AM 01.MTS,2596.604,2.274,Wiggle,Female,Active wiggle,Male,3,3.404761905,1,2.405,No,No,7,911.768
D:/Pipefish Mesocosm Film/Trial 3/4-12-20/4-12 AM 01.MTS,2596.697,25.353,Inactive,Male,,,,3.404761905,1,2.405,No,No,7,911.768
D:/Pipefish Mesocosm Film/Trial 3/4-12-20/4-12 AM 01.MTS,2598.879,84.025,Inactive,Female,,,,3.404761905,1,2.405,No,No,7,911.768
D:/Pipefish Mesocosm Film/Trial 3/4-12-20/4-12 AM 01.MTS,2622.051,3.7,Wiggle,Male,Active wiggle,Female,4,3.404761905,1,2.405,No,No,7,911.768
D:/Pipefish Mesocosm Film/Trial 3/4-12-20/4-12 AM 01.MTS,2625.752,1.71,Inactive,Male,,,,3.404761905,1,2.405,No,No,7,911.768
D:/Pipefish Mesocosm Film/Trial 3/4-12-20/4-12 AM 01.MTS,2627.463,2.846,Wiggle,Male,Subtle wiggle,Female,4,3.404761905,1,2.405,No,No,7,911.768
D:/Pipefish Mesocosm Film/Trial 3/4-12-20/4-12 AM 01.MTS,2630.31,46.045,Inactive,Male,,,,3.404761905,1,2.405,No,No,7,911.768
D:/Pipefish Mesocosm Film/Trial 3/4-12-20/4-12 AM 01.MTS,2676.356,5.414,Wiggle,Male,Active wiggle,Female,4,3.404761905,1,2.405,No,No,7,911.768
D:/Pipefish Mesocosm Film/Trial 3/4-12-20/4-12 AM 01.MTS,2681.771,96.463,Inactive,Male,,,,3.404761905,1,2.405,No,No,7,911.768
D:/Pipefish Mesocosm Film/Trial 3/4-12-20/4-12 AM 01.MTS,2682.905,5.222,Pose,Female,S pose,Male,Front,3.404761905,1,2.405,No,No,7,911.768
D:/Pipefish Mesocosm Film/Trial 3/4-12-20/4-12 AM 01.MTS,2688.128,54.407,Inactive,Female,,,,3.404761905,1,2.405,No,No,7,911.768
D:/Pipefish Mesocosm Film/Trial 3/4-12-20/4-12 AM 01.MTS,2742.536,4.083,Wiggle,Female,Active wiggle,Male,3,3.404761905,1,2.405,No,No,7,911.768
D:/Pipefish Mesocosm Film/Trial 3/4-12-20/4-12 AM 01.MTS,2746.62,30.188,Inactive,Female,,,,3.404761905,1,2.405,No,No,7,911.768
D:/Pipefish Mesocosm Film/Trial 3/4-12-20/4-12 AM 01.MTS,2776.809,1.994,Wiggle,Female,Active wiggle,Male,None,3.404761905,1,2.405,No,No,7,911.768
D:/Pipefish Mesocosm Film/Trial 3/4-12-20/4-12 AM 01.MTS,2778.235,7.497,Wiggle,Male,Active wiggle,Female,3,3.404761905,1,2.405,No,No,7,911.768
D:/Pipefish Mesocosm Film/Trial 3/4-12-20/4-12 AM 01.MTS,2778.804,35.316,Inactive,Female,,,,3.404761905,1,2.405,No,No,7,911.768
D:/Pipefish Mesocosm Film/Trial 3/4-12-20/4-12 AM 01.MTS,2785.733,30.194,Inactive,Male,,,,3.404761905,1,2.405,No,No,7,911.768
D:/Pipefish Mesocosm Film/Trial 3/4-12-20/4-12 AM 01.MTS,2814.121,4.462,Wiggle,Female,Active wiggle,Male,4,3.404761905,1,2.405,No,No,7,911.768
D:/Pipefish Mesocosm Film/Trial 3/4-12-20/4-12 AM 01.MTS,2815.928,4.558,Wiggle,Male,Active wiggle,Female,4,3.404761905,1,2.405,No,No,7,911.768
D:/Pipefish Mesocosm Film/Trial 3/4-12-20/4-12 AM 01.MTS,2818.584,72.077,Inactive,Female,,,,3.404761905,1,2.405,No,No,7,911.768
D:/Pipefish Mesocosm Film/Trial 3/4-12-20/4-12 AM 01.MTS,2820.487,41.215,Inactive,Male,,,,3.404761905,1,2.405,No,No,7,911.768
D:/Pipefish Mesocosm Film/Trial 3/4-12-20/4-12 AM 02.MTS,2861.703,2.181,Wiggle,Male,Active wiggle,Female,4,3.404761905,1,2.405,No,No,7,911.768
D:/Pipefish Mesocosm Film/Trial 3/4-12-20/4-12 AM 02.MTS,2863.885,65.606,Inactive,Male,,,,3.404761905,1,2.405,No,No,7,911.768
D:/Pipefish Mesocosm Film/Trial 3/4-12-20/4-12 AM 02.MTS,2890.662,3.417,Wiggle,Female,Active wiggle,Male,3,3.404761905,1,2.405,No,No,7,911.768
D:/Pipefish Mesocosm Film/Trial 3/4-12-20/4-12 AM 02.MTS,2894.08,2.275,Inactive,Female,,,,3.404761905,1,2.405,No,No,7,911.768
D:/Pipefish Mesocosm Film/Trial 3/4-12-20/4-12 AM 02.MTS,2896.356,4.365,Pose,Female,S pose,Male,Front,3.404761905,1,2.405,No,No,7,911.768
D:/Pipefish Mesocosm Film/Trial 3/4-12-20/4-12 AM 02.MTS,2900.722,27.441,Inactive,Female,,,,3.404761905,1,2.405,No,No,7,911.768
D:/Pipefish Mesocosm Film/Trial 3/4-12-20/4-12 AM 02.MTS,2928.164,3.038,Wiggle,Female,Active wiggle,Male,4,3.404761905,1,2.405,No,No,7,911.768
D:/Pipefish Mesocosm Film/Trial 3/4-12-20/4-12 AM 02.MTS,2929.492,6.548,Wiggle,Male,Active wiggle,Female,4,3.404761905,1,2.405,No,No,7,911.768
D:/Pipefish Mesocosm Film/Trial 3/4-12-20/4-12 AM 02.MTS,2931.203,47.563,Inactive,Female,,,,3.404761905,1,2.405,No,No,7,911.768
D:/Pipefish Mesocosm Film/Trial 3/4-12-20/4-12 AM 02.MTS,2936.042,37.885,Inactive,Male,,,,3.404761905,1,2.405,No,No,7,911.768
D:/Pipefish Mesocosm Film/Trial 3/4-12-20/4-12 AM 02.MTS,2973.928,3.796,Wiggle,Male,Subtle wiggle,Female,3,3.404761905,1,2.405,No,No,7,911.768
D:/Pipefish Mesocosm Film/Trial 3/4-12-20/4-12 AM 02.MTS,2977.725,1.422,Inactive,Male,,,,3.404761905,1,2.405,No,No,7,911.768
D:/Pipefish Mesocosm Film/Trial 3/4-12-20/4-12 AM 02.MTS,2978.767,2.658,Wiggle,Female,Active wiggle,Male,2,3.404761905,1,2.405,No,No,7,911.768
D:/Pipefish Mesocosm Film/Trial 3/4-12-20/4-12 AM 02.MTS,2979.148,2.278,Wiggle,Male,Active wiggle,Female,3,3.404761905,1,2.405,No,No,7,911.768
D:/Pipefish Mesocosm Film/Trial 3/4-12-20/4-12 AM 02.MTS,2981.426,20.225,Inactive,Female,,,,3.404761905,1,2.405,No,No,7,911.768
D:/Pipefish Mesocosm Film/Trial 3/4-12-20/4-12 AM 02.MTS,2981.427,15.57,Inactive,Male,,,,3.404761905,1,2.405,No,No,7,911.768
D:/Pipefish Mesocosm Film/Trial 3/4-12-20/4-12 AM 02.MTS,2996.998,4.463,Wiggle,Male,Active wiggle,Female,4,3.404761905,1,2.405,No,No,7,911.768
D:/Pipefish Mesocosm Film/Trial 3/4-12-20/4-12 AM 02.MTS,3001.462,1.419,Inactive,Male,,,,3.404761905,1,2.405,No,No,7,911.768
D:/Pipefish Mesocosm Film/Trial 3/4-12-20/4-12 AM 02.MTS,3001.652,2.845,Wiggle,Female,Active wiggle,Male,4,3.404761905,1,2.405,No,No,7,911.768
D:/Pipefish Mesocosm Film/Trial 3/4-12-20/4-12 AM 02.MTS,3002.882,4.652,Wiggle,Male,Active wiggle,Female,4,3.404761905,1,2.405,No,No,7,911.768
D:/Pipefish Mesocosm Film/Trial 3/4-12-20/4-12 AM 02.MTS,3004.498,63.613,Inactive,Female,,,,3.404761905,1,2.405,No,No,7,911.768
D:/Pipefish Mesocosm Film/Trial 3/4-12-20/4-12 AM 02.MTS,3007.535,60.764,Inactive,Male,,,,3.404761905,1,2.405,No,No,7,911.768
D:/Pipefish Mesocosm Film/Trial 3/4-12-20/4-12 AM 02.MTS,3068.112,5.128,Pose,Female,S pose,Male,Front,3.404761905,1,2.405,No,No,7,911.768
D:/Pipefish Mesocosm Film/Trial 3/4-12-20/4-12 AM 02.MTS,3068.3,8.45,Wiggle,Male,Active wiggle,Female,4,3.404761905,1,2.405,No,No,7,911.768
D:/Pipefish Mesocosm Film/Trial 3/4-12-20/4-12 AM 02.MTS,3073.241,53.642,Inactive,Female,,,,3.404761905,1,2.405,No,No,7,911.768
D:/Pipefish Mesocosm Film/Trial 3/4-12-20/4-12 AM 02.MTS,3076.752,49.558,Inactive,Male,,,,3.404761905,1,2.405,No,No,7,911.768
D:/Pipefish Mesocosm Film/Trial 3/4-12-20/4-12 AM 02.MTS,3126.311,4.655,Wiggle,Male,Active wiggle,Female,4,3.404761905,1,2.405,No,No,7,911.768
D:/Pipefish Mesocosm Film/Trial 3/4-12-20/4-12 AM 02.MTS,3126.884,1.989,Wiggle,Female,Active wiggle,Male,4,3.404761905,1,2.405,No,No,7,911.768
D:/Pipefish Mesocosm Film/Trial 3/4-12-20/4-12 AM 02.MTS,3128.874,83.933,Inactive,Female,,,,3.404761905,1,2.405,No,No,7,911.768
D:/Pipefish Mesocosm Film/Trial 3/4-12-20/4-12 AM 02.MTS,3130.967,65.699,Inactive,Male,,,,3.404761905,1,2.405,No,No,7,911.768
D:/Pipefish Mesocosm Film/Trial 3/4-12-20/4-12 AM 02.MTS,3196.667,0.948,Wiggle,Male,Active wiggle,Female,4,3.404761905,1,2.405,No,No,7,911.768
D:/Pipefish Mesocosm Film/Trial 3/4-12-20/4-12 AM 02.MTS,3197.616,82.508,Inactive,Male,,,,3.404761905,1,2.405,No,No,7,911.768
D:/Pipefish Mesocosm Film/Trial 3/4-12-20/4-12 AM 02.MTS,3212.808,5.316,Pose,Female,S pose,Male,Front,3.404761905,1,2.405,No,No,7,911.768
D:/Pipefish Mesocosm Film/Trial 3/4-12-20/4-12 AM 02.MTS,3218.125,61.999,Inactive,Female,,,,3.404761905,1,2.405,No,No,7,911.768
D:/Pipefish Mesocosm Film/Trial 3/4-12-20/4-12 AM 02.MTS,3640.725,4.843,Wiggle,Male,Active wiggle,Female,4,3.375,1,2.375,No,No,8,140.897
D:/Pipefish Mesocosm Film/Trial 3/4-12-20/4-12 AM 02.MTS,3641.672,56.397,Inactive,Female,,,,3.375,1,2.375,No,No,8,140.897
D:/Pipefish Mesocosm Film/Trial 3/4-12-20/4-12 AM 02.MTS,3645.569,2.749,Inactive,Male,,,,3.375,1,2.375,No,No,8,140.897
D:/Pipefish Mesocosm Film/Trial 3/4-12-20/4-12 AM 02.MTS,3648.319,2.468,Wiggle,Male,Active wiggle,Female,4,3.375,1,2.375,No,No,8,140.897
D:/Pipefish Mesocosm Film/Trial 3/4-12-20/4-12 AM 02.MTS,3650.788,14.81,Inactive,Male,,,,3.375,1,2.375,No,No,8,140.897
D:/Pipefish Mesocosm Film/Trial 3/4-12-20/4-12 AM 02.MTS,3665.599,1.803,Wiggle,Male,Active wiggle,Female,3,3.375,1,2.375,No,No,8,140.897
D:/Pipefish Mesocosm Film/Trial 3/4-12-20/4-12 AM 02.MTS,3667.403,61.43,Inactive,Male,,,,3.375,1,2.375,No,No,8,140.897
D:/Pipefish Mesocosm Film/Trial 3/4-12-20/4-12 AM 02.MTS,3698.07,3.228,Wiggle,Female,Active wiggle,Male,4,3.375,1,2.375,No,No,8,140.897
D:/Pipefish Mesocosm Film/Trial 3/4-12-20/4-12 AM 02.MTS,3701.299,33.136,Inactive,Female,,,,3.375,1,2.375,No,No,8,140.897
D:/Pipefish Mesocosm Film/Trial 3/4-12-20/4-12 AM 02.MTS,3728.834,1.673,Wiggle,Male,Active wiggle,Female,3,3.375,1,2.375,No,No,8,140.897
D:/Pipefish Mesocosm Film/Trial 3/4-12-20/4-12 AM 02.MTS,3730.508,4.969,Inactive,Male,,,,3.375,1,2.375,No,No,8,140.897
D:/Pipefish Mesocosm Film/Trial 3/4-12-20/4-12 AM 02.MTS,3734.436,3.889,Wiggle,Female,Subtle wiggle,Male,3,3.375,1,2.375,No,No,8,140.897
D:/Pipefish Mesocosm Film/Trial 3/4-12-20/4-12 AM 02.MTS,3735.478,2.498,Wiggle,Male,Active wiggle,Female,3,3.375,1,2.375,No,No,8,140.897
D:/Pipefish Mesocosm Film/Trial 3/4-12-20/4-12 AM 02.MTS,3737.977,23.803,Inactive,Male,,,,3.375,1,2.375,No,No,8,140.897
D:/Pipefish Mesocosm Film/Trial 3/4-12-20/4-12 AM 02.MTS,3738.326,31.901,Inactive,Female,,,,3.375,1,2.375,No,No,8,140.897
D:/Pipefish Mesocosm Film/Trial 3/4-12-20/4-12 AM 02.MTS,3761.781,5.278,Wiggle,Male,Active wiggle,Female,3,3.375,1,2.375,No,No,8,140.897
D:/Pipefish Mesocosm Film/Trial 3/4-12-20/4-12 AM 02.MTS,3767.06,13.614,Inactive,Male,,,,3.375,1,2.375,No,No,8,140.897
D:/Pipefish Mesocosm Film/Trial 3/4-12-20/4-12 AM 02.MTS,3770.228,10.54,Out of sight,Female,,,,3.375,1,2.375,No,No,8,140.897
D:/Pipefish Mesocosm Film/Trial 3/4-12-20/4-12 AM 02.MTS,4318.916,3.608,Wiggle,Male,Subtle wiggle,Female,4,3.583333333,1,2.58,No,No,9,257.585
D:/Pipefish Mesocosm Film/Trial 3/4-12-20/4-12 AM 02.MTS,4319.2,59.627,Inactive,Female,,,,3.583333333,1,2.58,No,No,9,257.585
D:/Pipefish Mesocosm Film/Trial 3/4-12-20/4-12 AM 02.MTS,4322.525,12.53,Inactive,Male,,,,3.583333333,1,2.58,No,No,9,257.585
D:/Pipefish Mesocosm Film/Trial 3/4-12-20/4-12 AM 02.MTS,4335.056,7.121,Wiggle,Male,Active wiggle,Female,4,3.583333333,1,2.58,No,No,9,257.585
D:/Pipefish Mesocosm Film/Trial 3/4-12-20/4-12 AM 02.MTS,4342.178,15.664,Inactive,Male,,,,3.583333333,1,2.58,No,No,9,257.585
D:/Pipefish Mesocosm Film/Trial 3/4-12-20/4-12 AM 02.MTS,4357.843,2.754,Wiggle,Male,Active wiggle,Female,4,3.583333333,1,2.58,No,No,9,257.585
D:/Pipefish Mesocosm Film/Trial 3/4-12-20/4-12 AM 02.MTS,4360.598,19.084,Inactive,Male,,,,3.583333333,1,2.58,No,No,9,257.585
D:/Pipefish Mesocosm Film/Trial 3/4-12-20/4-12 AM 02.MTS,4378.828,2.656,Wiggle,Female,Subtle wiggle,Male,3,3.583333333,1,2.58,No,No,9,257.585
D:/Pipefish Mesocosm Film/Trial 3/4-12-20/4-12 AM 02.MTS,4379.683,1.515,Wiggle,Male,Active wiggle,Female,3,3.583333333,1,2.58,No,No,9,257.585
D:/Pipefish Mesocosm Film/Trial 3/4-12-20/4-12 AM 02.MTS,4381.199,16.236,Inactive,Male,,,,3.583333333,1,2.58,No,No,9,257.585
D:/Pipefish Mesocosm Film/Trial 3/4-12-20/4-12 AM 02.MTS,4381.485,12.532,Inactive,Female,,,,3.583333333,1,2.58,No,No,9,257.585
D:/Pipefish Mesocosm Film/Trial 3/4-12-20/4-12 AM 02.MTS,4394.018,2.372,Wiggle,Female,Subtle wiggle,Male,4,3.583333333,1,2.58,No,No,9,257.585
D:/Pipefish Mesocosm Film/Trial 3/4-12-20/4-12 AM 02.MTS,4396.391,56.68,Inactive,Female,,,,3.583333333,1,2.58,No,No,9,257.585
D:/Pipefish Mesocosm Film/Trial 3/4-12-20/4-12 AM 02.MTS,4397.436,1.898,Wiggle,Male,Subtle wiggle,Female,3,3.583333333,1,2.58,No,No,9,257.585
D:/Pipefish Mesocosm Film/Trial 3/4-12-20/4-12 AM 02.MTS,4399.335,5.981,Inactive,Male,,,,3.583333333,1,2.58,No,No,9,257.585
D:/Pipefish Mesocosm Film/Trial 3/4-12-20/4-12 AM 02.MTS,4405.317,6.17,Wiggle,Male,Active wiggle,Female,3,3.583333333,1,2.58,No,No,9,257.585
D:/Pipefish Mesocosm Film/Trial 3/4-12-20/4-12 AM 02.MTS,4411.488,42.438,Inactive,Male,,,,3.583333333,1,2.58,No,No,9,257.585
D:/Pipefish Mesocosm Film/Trial 3/4-12-20/4-12 AM 02.MTS,4453.072,5.033,Wiggle,Female,Subtle wiggle,Male,4,3.583333333,1,2.58,No,No,9,257.585
D:/Pipefish Mesocosm Film/Trial 3/4-12-20/4-12 AM 02.MTS,4453.927,2.659,Wiggle,Male,Active wiggle,Female,4,3.583333333,1,2.58,No,No,9,257.585
D:/Pipefish Mesocosm Film/Trial 3/4-12-20/4-12 AM 02.MTS,4456.587,11.678,Inactive,Male,,,,3.583333333,1,2.58,No,No,9,257.585
D:/Pipefish Mesocosm Film/Trial 3/4-12-20/4-12 AM 02.MTS,4458.106,52.505,Inactive,Female,,,,3.583333333,1,2.58,No,No,9,257.585
D:/Pipefish Mesocosm Film/Trial 3/4-12-20/4-12 AM 02.MTS,4468.266,2.182,Wiggle,Male,Active wiggle,Female,3,3.583333333,1,2.58,No,No,9,257.585
D:/Pipefish Mesocosm Film/Trial 3/4-12-20/4-12 AM 02.MTS,4470.449,41.869,Inactive,Male,,,,3.583333333,1,2.58,No,No,9,257.585
D:/Pipefish Mesocosm Film/Trial 3/4-12-20/4-12 AM 02.MTS,4510.612,9.206,Pose,Female,S pose,Male,Front,3.583333333,1,2.58,No,No,9,257.585
D:/Pipefish Mesocosm Film/Trial 3/4-12-20/4-12 AM 02.MTS,4512.319,3.133,Wiggle,Male,Subtle wiggle,Female,4,3.583333333,1,2.58,No,No,9,257.585
D:/Pipefish Mesocosm Film/Trial 3/4-12-20/4-12 AM 02.MTS,4515.453,60.288,Inactive,Male,,,,3.583333333,1,2.58,No,No,9,257.585
D:/Pipefish Mesocosm Film/Trial 3/4-12-20/4-12 AM 02.MTS,4519.819,55.922,Inactive,Female,,,,3.583333333,1,2.58,No,No,9,257.585
D:/Pipefish Mesocosm Film/Trial 3/4-12-20/4-12 AM 02.MTS,4577.45,2.374,Wiggle,Male,Active wiggle,Female,4,3.545454545,1,2.545,No,No,10,387.502
D:/Pipefish Mesocosm Film/Trial 3/4-12-20/4-12 AM 02.MTS,4578.21,1.139,Inactive,Female,,,,3.545454545,1,2.545,No,No,10,387.502
D:/Pipefish Mesocosm Film/Trial 3/4-12-20/4-12 AM 02.MTS,4579.35,3.892,Wiggle,Female,Active wiggle,Male,4,3.545454545,1,2.545,No,No,10,387.502
D:/Pipefish Mesocosm Film/Trial 3/4-12-20/4-12 AM 02.MTS,4579.825,26.203,Inactive,Male,,,,3.545454545,1,2.545,No,No,10,387.502
D:/Pipefish Mesocosm Film/Trial 3/4-12-20/4-12 AM 02.MTS,4583.243,31.996,Inactive,Female,,,,3.545454545,1,2.545,No,No,10,387.502
D:/Pipefish Mesocosm Film/Trial 3/4-12-20/4-12 AM 02.MTS,4606.029,3.608,Wiggle,Male,Active wiggle,Female,2,3.545454545,1,2.545,No,No,10,387.502
D:/Pipefish Mesocosm Film/Trial 3/4-12-20/4-12 AM 02.MTS,4609.638,37.502,Inactive,Male,,,,3.545454545,1,2.545,No,No,10,387.502
D:/Pipefish Mesocosm Film/Trial 3/4-12-20/4-12 AM 02.MTS,4615.24,3.511,Pose,Female,S pose,Male,Front,3.545454545,1,2.545,No,No,10,387.502
D:/Pipefish Mesocosm Film/Trial 3/4-12-20/4-12 AM 02.MTS,4618.752,27.628,Inactive,Female,,,,3.545454545,1,2.545,No,No,10,387.502
D:/Pipefish Mesocosm Film/Trial 3/4-12-20/4-12 AM 02.MTS,4646.381,1.233,Wiggle,Female,Subtle wiggle,Male,4,3.545454545,1,2.545,No,No,10,387.502
D:/Pipefish Mesocosm Film/Trial 3/4-12-20/4-12 AM 02.MTS,4647.141,2.277,Wiggle,Male,Active wiggle,Female,4,3.545454545,1,2.545,No,No,10,387.502
D:/Pipefish Mesocosm Film/Trial 3/4-12-20/4-12 AM 02.MTS,4647.615,60.1,Inactive,Female,,,,3.545454545,1,2.545,No,No,10,387.502
D:/Pipefish Mesocosm Film/Trial 3/4-12-20/4-12 AM 02.MTS,4649.419,97.604,Inactive,Male,,,,3.545454545,1,2.545,No,No,10,387.502
D:/Pipefish Mesocosm Film/Trial 3/4-12-20/4-12 AM 02.MTS,4707.716,2.372,Wiggle,Female,Subtle wiggle,Male,5,3.545454545,1,2.545,No,No,10,387.502
D:/Pipefish Mesocosm Film/Trial 3/4-12-20/4-12 AM 02.MTS,4710.089,33.325,Inactive,Female,,,,3.545454545,1,2.545,No,No,10,387.502
D:/Pipefish Mesocosm Film/Trial 3/4-12-20/4-12 AM 02.MTS,4743.415,4.081,Pose,Female,S pose,Male,Front,3.545454545,1,2.545,No,No,10,387.502
D:/Pipefish Mesocosm Film/Trial 3/4-12-20/4-12 AM 02.MTS,4747.024,3.512,Wiggle,Male,Subtle wiggle,Female,3,3.545454545,1,2.545,No,No,10,387.502
D:/Pipefish Mesocosm Film/Trial 3/4-12-20/4-12 AM 02.MTS,4747.497,83.552,Inactive,Female,,,,3.545454545,1,2.545,No,No,10,387.502
D:/Pipefish Mesocosm Film/Trial 3/4-12-20/4-12 AM 02.MTS,4750.537,17.089,Inactive,Male,,,,3.545454545,1,2.545,No,No,10,387.502
D:/Pipefish Mesocosm Film/Trial 3/4-12-20/4-12 AM 02.MTS,4767.627,4.365,Wiggle,Male,Active wiggle,Female,3,3.545454545,1,2.545,No,No,10,387.502
D:/Pipefish Mesocosm Film/Trial 3/4-12-20/4-12 AM 02.MTS,4771.993,131.214,Inactive,Male,,,,3.545454545,1,2.545,No,No,10,387.502
D:/Pipefish Mesocosm Film/Trial 3/4-12-20/4-12 AM 02.MTS,4831.05,1.897,Pose,Female,S pose,Male,Front,3.545454545,1,2.545,No,No,10,387.502
D:/Pipefish Mesocosm Film/Trial 3/4-12-20/4-12 AM 02.MTS,4832.948,12.154,Inactive,Female,,,,3.545454545,1,2.545,No,No,10,387.502
D:/Pipefish Mesocosm Film/Trial 3/4-12-20/4-12 AM 02.MTS,4845.103,4.935,Wiggle,Female,Subtle wiggle,Male,4,3.545454545,1,2.545,No,No,10,387.502
D:/Pipefish Mesocosm Film/Trial 3/4-12-20/4-12 AM 02.MTS,4850.039,51.269,Inactive,Female,,,,3.545454545,1,2.545,No,No,10,387.502
D:/Pipefish Mesocosm Film/Trial 3/4-12-20/4-12 AM 02.MTS,4901.309,2.185,Wiggle,Female,Subtle wiggle,Male,3,3.545454545,1,2.545,No,No,10,387.502
D:/Pipefish Mesocosm Film/Trial 3/4-12-20/4-12 AM 02.MTS,4903.208,2.658,Wiggle,Male,Active wiggle,Female,3,3.545454545,1,2.545,No,No,10,387.502
D:/Pipefish Mesocosm Film/Trial 3/4-12-20/4-12 AM 02.MTS,4903.495,61.237,Inactive,Female,,,,3.545454545,1,2.545,No,No,10,387.502
D:/Pipefish Mesocosm Film/Trial 3/4-12-20/4-12 AM 02.MTS,4905.867,59.055,Inactive,Male,,,,3.545454545,1,2.545,No,No,10,387.502
D:/Pipefish Mesocosm Film/Trial 3/4-12-20/4-12 AM 02.MTS,4966.727,4.269,Wiggle,Female,Active wiggle,Male,4,3.375,1,2.375,No,No,11,474.915
D:/Pipefish Mesocosm Film/Trial 3/4-12-20/4-12 AM 02.MTS,4968.815,12.151,Inactive,Male,,,,3.375,1,2.375,No,No,11,474.915
D:/Pipefish Mesocosm Film/Trial 3/4-12-20/4-12 AM 02.MTS,4970.997,13.577,Inactive,Female,,,,3.375,1,2.375,No,No,11,474.915
D:/Pipefish Mesocosm Film/Trial 3/4-12-20/4-12 AM 02.MTS,4980.967,3.514,Wiggle,Male,Subtle wiggle,Female,3,3.375,1,2.375,No,No,11,474.915
D:/Pipefish Mesocosm Film/Trial 3/4-12-20/4-12 AM 02.MTS,4984.482,23.071,Inactive,Male,,,,3.375,1,2.375,No,No,11,474.915
D:/Pipefish Mesocosm Film/Trial 3/4-12-20/4-12 AM 02.MTS,4984.575,0.001,Wiggle,Female,Active wiggle,Male,2,3.375,1,2.375,No,No,11,474.915
D:/Pipefish Mesocosm Film/Trial 3/4-12-20/4-12 AM 02.MTS,4987.235,47.566,Inactive,Female,,,,3.375,1,2.375,No,No,11,474.915
D:/Pipefish Mesocosm Film/Trial 3/4-12-20/4-12 AM 02.MTS,5007.554,1.801,Wiggle,Male,Active wiggle,Female,3,3.375,1,2.375,No,No,11,474.915
D:/Pipefish Mesocosm Film/Trial 3/4-12-20/4-12 AM 02.MTS,5009.356,83.455,Inactive,Male,,,,3.375,1,2.375,No,No,11,474.915
D:/Pipefish Mesocosm Film/Trial 3/4-12-20/4-12 AM 02.MTS,5034.898,3.892,Wiggle,Female,Active wiggle,Male,3,3.375,1,2.375,No,No,11,474.915
D:/Pipefish Mesocosm Film/Trial 3/4-12-20/4-12 AM 02.MTS,5038.791,28.101,Inactive,Female,,,,3.375,1,2.375,No,No,11,474.915
D:/Pipefish Mesocosm Film/Trial 3/4-12-20/4-12 AM 02.MTS,5066.893,5.317,Wiggle,Female,Active wiggle,Male,3,3.375,1,2.375,No,No,11,474.915
D:/Pipefish Mesocosm Film/Trial 3/4-12-20/4-12 AM 02.MTS,5072.211,102.729,Inactive,Female,,,,3.375,1,2.375,No,No,11,474.915
D:/Pipefish Mesocosm Film/Trial 3/4-12-20/4-12 AM 02.MTS,5092.812,6.456,Wiggle,Male,Active wiggle,Female,4,3.375,1,2.375,No,No,11,474.915
D:/Pipefish Mesocosm Film/Trial 3/4-12-20/4-12 AM 02.MTS,5099.269,14.623,Inactive,Male,,,,3.375,1,2.375,No,No,11,474.915
D:/Pipefish Mesocosm Film/Trial 3/4-12-20/4-12 AM 02.MTS,5113.893,6.075,Wiggle,Male,Active wiggle,Female,3,3.375,1,2.375,No,No,11,474.915
D:/Pipefish Mesocosm Film/Trial 3/4-12-20/4-12 AM 02.MTS,5119.969,93.423,Inactive,Male,,,,3.375,1,2.375,No,No,11,474.915
D:/Pipefish Mesocosm Film/Trial 3/4-12-20/4-12 AM 02.MTS,5174.941,4.366,Pose,Female,S pose,Male,Front,3.375,1,2.375,No,No,11,474.915
D:/Pipefish Mesocosm Film/Trial 3/4-12-20/4-12 AM 02.MTS,5179.308,27.344,Inactive,Female,,,,3.375,1,2.375,No,No,11,474.915
D:/Pipefish Mesocosm Film/Trial 3/4-12-20/4-12 AM 02.MTS,5206.653,2.469,Wiggle,Female,Active wiggle,Male,4,3.375,1,2.375,No,No,11,474.915
D:/Pipefish Mesocosm Film/Trial 3/4-12-20/4-12 AM 02.MTS,5209.123,19.935,Inactive,Female,,,,3.375,1,2.375,No,No,11,474.915
D:/Pipefish Mesocosm Film/Trial 3/4-12-20/4-12 AM 02.MTS,5213.393,2.659,Wiggle,Male,Active wiggle,Female,3,3.375,1,2.375,No,No,11,474.915
D:/Pipefish Mesocosm Film/Trial 3/4-12-20/4-12 AM 02.MTS,5216.053,63.801,Inactive,Male,,,,3.375,1,2.375,No,No,11,474.915
D:/Pipefish Mesocosm Film/Trial 3/4-12-20/4-12 AM 02.MTS,5229.059,7.596,Wiggle,Female,Active wiggle,Male,4,3.375,1,2.375,No,No,11,474.915
D:/Pipefish Mesocosm Film/Trial 3/4-12-20/4-12 AM 02.MTS,5236.656,77.095,Inactive,Female,,,,3.375,1,2.375,No,No,11,474.915
D:/Pipefish Mesocosm Film/Trial 3/4-12-20/4-12 AM 02.MTS,5279.855,3.512,Wiggle,Male,Active wiggle,Male,3,3.375,1,2.375,No,No,11,474.915
D:/Pipefish Mesocosm Film/Trial 3/4-12-20/4-12 AM 02.MTS,5283.368,22.786,Inactive,Male,,,,3.375,1,2.375,No,No,11,474.915
D:/Pipefish Mesocosm Film/Trial 3/4-12-20/4-12 AM 02.MTS,5306.155,7.404,Wiggle,Male,Active wiggle,Female,4,3.375,1,2.375,No,No,11,474.915
D:/Pipefish Mesocosm Film/Trial 3/4-12-20/4-12 AM 02.MTS,5313.56,34.181,Inactive,Male,,,,3.375,1,2.375,No,No,11,474.915
D:/Pipefish Mesocosm Film/Trial 3/4-12-20/4-12 AM 02.MTS,5313.752,4.652,Wiggle,Female,Active wiggle,Male,4,3.375,1,2.375,No,No,11,474.915
D:/Pipefish Mesocosm Film/Trial 3/4-12-20/4-12 AM 02.MTS,5318.405,35.411,Inactive,Female,,,,3.375,1,2.375,No,No,11,474.915
D:/Pipefish Mesocosm Film/Trial 3/4-12-20/4-12 AM 02.MTS,5347.742,5.126,Wiggle,Male,Active wiggle,Female,3,3.375,1,2.375,No,No,11,474.915
D:/Pipefish Mesocosm Film/Trial 3/4-12-20/4-12 AM 02.MTS,5352.869,2.846,Inactive,Male,,,,3.375,1,2.375,No,No,11,474.915
D:/Pipefish Mesocosm Film/Trial 3/4-12-20/4-12 AM 02.MTS,5353.817,3.228,Pose,Female,S pose,Male,Front,3.375,1,2.375,No,No,11,474.915
D:/Pipefish Mesocosm Film/Trial 3/4-12-20/4-12 AM 02.MTS,5355.716,7.026,Wiggle,Male,Active wiggle,Female,4,3.375,1,2.375,No,No,11,474.915
D:/Pipefish Mesocosm Film/Trial 3/4-12-20/4-12 AM 02.MTS,5357.046,22.216,Inactive,Female,,,,3.375,1,2.375,No,No,11,474.915
D:/Pipefish Mesocosm Film/Trial 3/4-12-20/4-12 AM 02.MTS,5362.743,78.328,Inactive,Male,,,,3.375,1,2.375,No,No,11,474.915
D:/Pipefish Mesocosm Film/Trial 3/4-12-20/4-12 AM 02.MTS,5379.263,3.701,Pose,Female,S pose,Male,Front,3.375,1,2.375,No,No,11,474.915
D:/Pipefish Mesocosm Film/Trial 3/4-12-20/4-12 AM 02.MTS,5382.965,49.275,Inactive,Female,,,,3.375,1,2.375,No,No,11,474.915
D:/Pipefish Mesocosm Film/Trial 3/4-12-20/4-12 AM 02.MTS,5432.241,8.83,Out of sight,Female,,,,3.375,1,2.375,No,No,11,474.915
D:/Pipefish Mesocosm Film/Trial 3/4-12-20/4-12 AM 02.MTS,5561.842,6.076,Wiggle,Female,Active wiggle,Male,3,4.142857143,1,3.14,No,No,12,341.474
D:/Pipefish Mesocosm Film/Trial 3/4-12-20/4-12 AM 02.MTS,5562.603,8.544,Inactive,Male,,,,4.142857143,1,3.14,No,No,12,341.474
D:/Pipefish Mesocosm Film/Trial 3/4-12-20/4-12 AM 02.MTS,5567.919,55.068,Inactive,Female,,,,4.142857143,1,3.14,No,No,12,341.474
D:/Pipefish Mesocosm Film/Trial 3/4-12-20/4-12 AM 02.MTS,5571.148,3.511,Wiggle,Male,Active wiggle,Female,6,4.142857143,1,3.14,No,No,12,341.474
D:/Pipefish Mesocosm Film/Trial 3/4-12-20/4-12 AM 02.MTS,5574.66,71.871,Inactive,Male,,,,4.142857143,1,3.14,No,No,12,341.474
D:/Pipefish Mesocosm Film/Trial 3/4-12-20/4-12 AM 02.MTS,5622.988,5.029,Wiggle,Female,Active wiggle,Male,4,4.142857143,1,3.14,No,No,12,341.474
D:/Pipefish Mesocosm Film/Trial 3/4-12-20/4-12 AM 02.MTS,5628.018,67.222,Inactive,Female,,,,4.142857143,1,3.14,No,No,12,341.474
D:/Pipefish Mesocosm Film/Trial 3/4-12-20/4-12 AM 02.MTS,5646.532,2.756,Wiggle,Male,Active wiggle,Female,4,4.142857143,1,3.14,No,No,12,341.474
D:/Pipefish Mesocosm Film/Trial 3/4-12-20/4-12 AM 02.MTS,5649.289,21.548,Inactive,Male,,,,4.142857143,1,3.14,No,No,12,341.474
D:/Pipefish Mesocosm Film/Trial 3/4-12-20/4-12 AM 02.MTS,5670.838,3.419,Wiggle,Male,Active wiggle,Female,3,4.142857143,1,3.14,No,No,12,341.474
D:/Pipefish Mesocosm Film/Trial 3/4-12-20/4-12 AM 02.MTS,5674.258,33.608,Inactive,Male,,,,4.142857143,1,3.14,No,No,12,341.474
D:/Pipefish Mesocosm Film/Trial 3/4-12-20/4-12 AM 02.MTS,5695.241,7.402,Out of sight,Female,,,,4.142857143,1,3.14,No,No,12,341.474
D:/Pipefish Mesocosm Film/Trial 3/4-12-20/4-12 AM 02.MTS,5702.644,8.355,Wiggle,Female,Active wiggle,Male,4,4.142857143,1,3.14,No,No,12,341.474
D:/Pipefish Mesocosm Film/Trial 3/4-12-20/4-12 AM 02.MTS,5707.867,2.374,Wiggle,Male,Active wiggle,Female,4,4.142857143,1,3.14,No,No,12,341.474
D:/Pipefish Mesocosm Film/Trial 3/4-12-20/4-12 AM 02.MTS,5710.242,31.95,Inactive,Male,,,,4.142857143,1,3.14,No,No,12,341.474
D:/Pipefish Mesocosm Film/Trial 3/4-12-20/4-12 AM 02.MTS,5711,19.894,Inactive,Female,,,,4.142857143,1,3.14,No,No,12,341.474
D:/Pipefish Mesocosm Film/Trial 3/4-12-20/4-12 AM 03.MTS,5730.895,7.689,Out of sight,Female,,,,4.142857143,1,3.14,No,No,12,341.474
D:/Pipefish Mesocosm Film/Trial 3/4-12-20/4-12 AM 03.MTS,5738.585,26.775,Inactive,Female,,,,4.142857143,1,3.14,No,No,12,341.474
D:/Pipefish Mesocosm Film/Trial 3/4-12-20/4-12 AM 03.MTS,5742.193,3.227,Wiggle,Male,Active wiggle,Female,4,4.142857143,1,3.14,No,No,12,341.474
D:/Pipefish Mesocosm Film/Trial 3/4-12-20/4-12 AM 03.MTS,5745.421,15.95,Inactive,Male,,,,4.142857143,1,3.14,No,No,12,341.474
D:/Pipefish Mesocosm Film/Trial 3/4-12-20/4-12 AM 03.MTS,5761.372,3.512,Wiggle,Male,Subtle wiggle,Female,4,4.142857143,1,3.14,No,No,12,341.474
D:/Pipefish Mesocosm Film/Trial 3/4-12-20/4-12 AM 03.MTS,5764.885,55.446,Inactive,Male,,,,4.142857143,1,3.14,No,No,12,341.474
D:/Pipefish Mesocosm Film/Trial 3/4-12-20/4-12 AM 03.MTS,5765.361,3.037,Wiggle,Female,Active wiggle,Male,4,4.142857143,1,3.14,No,No,12,341.474
D:/Pipefish Mesocosm Film/Trial 3/4-12-20/4-12 AM 03.MTS,5768.399,12.815,Inactive,Female,,,,4.142857143,1,3.14,No,No,12,341.474
D:/Pipefish Mesocosm Film/Trial 3/4-12-20/4-12 AM 03.MTS,5781.215,6.265,Out of sight,Female,,,,4.142857143,1,3.14,No,No,12,341.474
D:/Pipefish Mesocosm Film/Trial 3/4-12-20/4-12 AM 03.MTS,5787.481,43.485,Inactive,Female,,,,4.142857143,1,3.14,No,No,12,341.474
D:/Pipefish Mesocosm Film/Trial 3/4-12-20/4-12 AM 03.MTS,5820.332,2.657,Wiggle,Male,Active wiggle,Female,4,4.142857143,1,3.14,No,No,12,341.474
D:/Pipefish Mesocosm Film/Trial 3/4-12-20/4-12 AM 03.MTS,5822.99,22.502,Inactive,Male,,,,4.142857143,1,3.14,No,No,12,341.474
D:/Pipefish Mesocosm Film/Trial 3/4-12-20/4-12 AM 03.MTS,5830.967,3.132,Pose,Female,Non-s pose,Male,Front,4.142857143,1,3.14,No,No,12,341.474
D:/Pipefish Mesocosm Film/Trial 3/4-12-20/4-12 AM 03.MTS,5834.1,12.531,Inactive,Female,,,,4.142857143,1,3.14,No,No,12,341.474
D:/Pipefish Mesocosm Film/Trial 3/4-12-20/4-12 AM 03.MTS,5845.493,2.277,Wiggle,Male,Active wiggle,Female,5,4.142857143,1,3.14,No,No,12,341.474
D:/Pipefish Mesocosm Film/Trial 3/4-12-20/4-12 AM 03.MTS,5846.632,2.278,Wiggle,Female,Active wiggle,Male,5,4.142857143,1,3.14,No,No,12,341.474
D:/Pipefish Mesocosm Film/Trial 3/4-12-20/4-12 AM 03.MTS,5847.771,14.05,Inactive,Male,,,,4.142857143,1,3.14,No,No,12,341.474
D:/Pipefish Mesocosm Film/Trial 3/4-12-20/4-12 AM 03.MTS,5848.911,26.11,Inactive,Female,,,,4.142857143,1,3.14,No,No,12,341.474
D:/Pipefish Mesocosm Film/Trial 3/4-12-20/4-12 AM 03.MTS,5861.822,3.703,Wiggle,Male,Subtle wiggle,Female,4,4.142857143,1,3.14,No,No,12,341.474
D:/Pipefish Mesocosm Film/Trial 3/4-12-20/4-12 AM 03.MTS,5865.526,27.344,Inactive,Male,,,,4.142857143,1,3.14,No,No,12,341.474
D:/Pipefish Mesocosm Film/Trial 3/4-12-20/4-12 AM 03.MTS,5875.022,27.535,Out of sight,Female,,,,4.142857143,1,3.14,No,No,12,341.474
D:/Pipefish Mesocosm Film/Trial 3/4-12-20/4-12 AM 03.MTS,5892.871,9.97,Out of sight,Male,,,,4.142857143,1,3.14,No,No,12,341.474
D:/Pipefish Mesocosm Film/Trial 3/4-12-20/4-12 AM 03.MTS,6002.631,1.326,Wiggle,Male,Active wiggle,Female,4,3.083333333,1,2.08,No,No,13,144.031
D:/Pipefish Mesocosm Film/Trial 3/4-12-20/4-12 AM 03.MTS,6003.105,105.104,Inactive,Female,,,,3.083333333,1,2.08,No,No,13,144.031
D:/Pipefish Mesocosm Film/Trial 3/4-12-20/4-12 AM 03.MTS,6003.958,6.363,Inactive,Male,,,,3.083333333,1,2.08,No,No,13,144.031
D:/Pipefish Mesocosm Film/Trial 3/4-12-20/4-12 AM 03.MTS,6010.322,5.695,Wiggle,Male,Active wiggle,Female,4,3.083333333,1,2.08,No,No,13,144.031
D:/Pipefish Mesocosm Film/Trial 3/4-12-20/4-12 AM 03.MTS,6016.018,15.76,Inactive,Male,,,,3.083333333,1,2.08,No,No,13,144.031
D:/Pipefish Mesocosm Film/Trial 3/4-12-20/4-12 AM 03.MTS,6031.779,3.323,Wiggle,Male,Subtle wiggle,Female,2,3.083333333,1,2.08,No,No,13,144.031
D:/Pipefish Mesocosm Film/Trial 3/4-12-20/4-12 AM 03.MTS,6035.103,68.076,Inactive,Male,,,,3.083333333,1,2.08,No,No,13,144.031
D:/Pipefish Mesocosm Film/Trial 3/4-12-20/4-12 AM 03.MTS,6103.18,4.744,Wiggle,Male,Active wiggle,Female,3,3.083333333,1,2.08,No,No,13,144.031
D:/Pipefish Mesocosm Film/Trial 3/4-12-20/4-12 AM 03.MTS,6107.925,12.816,Inactive,Male,,,,3.083333333,1,2.08,No,No,13,144.031
D:/Pipefish Mesocosm Film/Trial 3/4-12-20/4-12 AM 03.MTS,6108.21,2.754,Wiggle,Female,Active wiggle,Male,3,3.083333333,1,2.08,No,No,13,144.031
D:/Pipefish Mesocosm Film/Trial 3/4-12-20/4-12 AM 03.MTS,6110.965,23.071,Inactive,Female,,,,3.083333333,1,2.08,No,No,13,144.031
D:/Pipefish Mesocosm Film/Trial 3/4-12-20/4-12 AM 03.MTS,6120.742,1.995,Wiggle,Male,Active wiggle,Female,3,3.083333333,1,2.08,No,No,13,144.031
D:/Pipefish Mesocosm Film/Trial 3/4-12-20/4-12 AM 03.MTS,6122.738,12.532,Inactive,Male,,,,3.083333333,1,2.08,No,No,13,144.031
D:/Pipefish Mesocosm Film/Trial 3/4-12-20/4-12 AM 03.MTS,6134.037,11.205,Out of sight,Female,,,,3.083333333,1,2.08,No,No,13,144.031
D:/Pipefish Mesocosm Film/Trial 3/4-12-20/4-12 AM 03.MTS,6135.271,10.54,Out of sight,Male,,,,3.083333333,1,2.08,No,No,13,144.031
D:/Pipefish Mesocosm Film/Trial 3/4-12-20/4-12 AM 03.MTS,6287.28,7.876,Wiggle,Male,Subtle wiggle,Female,2,3,1,2,No,No,14,153.238
D:/Pipefish Mesocosm Film/Trial 3/4-12-20/4-12 AM 03.MTS,6288.323,15.285,Inactive,Female,,,,3,1,2,No,No,14,153.238
D:/Pipefish Mesocosm Film/Trial 3/4-12-20/4-12 AM 03.MTS,6295.157,11.963,Inactive,Male,,,,3,1,2,No,No,14,153.238
D:/Pipefish Mesocosm Film/Trial 3/4-12-20/4-12 AM 03.MTS,6303.609,3.986,Wiggle,Female,Active wiggle,Male,3,3,1,2,No,No,14,153.238
D:/Pipefish Mesocosm Film/Trial 3/4-12-20/4-12 AM 03.MTS,6307.121,3.892,Wiggle,Male,Active wiggle,Female,4,3,1,2,No,No,14,153.238
D:/Pipefish Mesocosm Film/Trial 3/4-12-20/4-12 AM 03.MTS,6307.596,30.192,Inactive,Female,,,,3,1,2,No,No,14,153.238
D:/Pipefish Mesocosm Film/Trial 3/4-12-20/4-12 AM 03.MTS,6311.014,38.452,Inactive,Male,,,,3,1,2,No,No,14,153.238
D:/Pipefish Mesocosm Film/Trial 3/4-12-20/4-12 AM 03.MTS,6337.789,4.176,Pose,Female,Non-s pose,Male,Front,3,1,2,No,No,14,153.238
D:/Pipefish Mesocosm Film/Trial 3/4-12-20/4-12 AM 03.MTS,6341.966,31.9,Inactive,Female,,,,3,1,2,No,No,14,153.238
D:/Pipefish Mesocosm Film/Trial 3/4-12-20/4-12 AM 03.MTS,6349.467,2.372,Wiggle,Male,Active wiggle,Female,3,3,1,2,No,No,14,153.238
D:/Pipefish Mesocosm Film/Trial 3/4-12-20/4-12 AM 03.MTS,6351.84,6.551,Inactive,Male,,,,3,1,2,No,No,14,153.238
D:/Pipefish Mesocosm Film/Trial 3/4-12-20/4-12 AM 03.MTS,6358.392,2.848,Wiggle,Male,Active wiggle,Female,2,3,1,2,No,No,14,153.238
D:/Pipefish Mesocosm Film/Trial 3/4-12-20/4-12 AM 03.MTS,6361.241,78.339,Inactive,Male,,,,3,1,2,No,No,14,153.238
D:/Pipefish Mesocosm Film/Trial 3/4-12-20/4-12 AM 03.MTS,6373.867,1.236,Wiggle,Female,Subtle wiggle,Male,4,3,1,2,No,No,14,153.238
D:/Pipefish Mesocosm Film/Trial 3/4-12-20/4-12 AM 03.MTS,6375.104,63.896,Inactive,Female,,,,3,1,2,No,No,14,153.238
D:/Pipefish Mesocosm Film/Trial 3/4-12-20/4-12 AM 03.MTS,6521.224,4.654,Wiggle,Male,Active wiggle,Female,2,2.5,1,1.5,No,No,15,33.899
D:/Pipefish Mesocosm Film/Trial 3/4-12-20/4-12 AM 03.MTS,6524.072,3.132,Inactive,Female,,,,2.5,1,1.5,No,No,15,33.899
D:/Pipefish Mesocosm Film/Trial 3/4-12-20/4-12 AM 03.MTS,6525.879,2.56,Inactive,Male,,,,2.5,1,1.5,No,No,15,33.899
D:/Pipefish Mesocosm Film/Trial 3/4-12-20/4-12 AM 03.MTS,6527.205,4.843,Wiggle,Female,Active wiggle,Male,2,2.5,1,1.5,No,No,15,33.899
D:/Pipefish Mesocosm Film/Trial 3/4-12-20/4-12 AM 03.MTS,6528.44,1.899,Wiggle,Male,Active wiggle,Female,2,2.5,1,1.5,No,No,15,33.899
D:/Pipefish Mesocosm Film/Trial 3/4-12-20/4-12 AM 03.MTS,6530.34,21.08,Inactive,Male,,,,2.5,1,1.5,No,No,15,33.899
D:/Pipefish Mesocosm Film/Trial 3/4-12-20/4-12 AM 03.MTS,6532.049,12.533,Inactive,Female,,,,2.5,1,1.5,No,No,15,33.899
D:/Pipefish Mesocosm Film/Trial 3/4-12-20/4-12 AM 03.MTS,6544.583,9.875,Out of sight,Female,,,,2.5,1,1.5,No,No,15,33.899
D:/Pipefish Mesocosm Film/Trial 3/4-12-20/4-12 AM 03.MTS,6723.555,3.892,Pose,Female,Non-s pose,Male,Front,4,1,3,No,No,16,35.701
D:/Pipefish Mesocosm Film/Trial 3/4-12-20/4-12 AM 03.MTS,6723.744,2.942,Wiggle,Male,Active wiggle,Female,4,4,1,3,No,No,16,35.701
D:/Pipefish Mesocosm Film/Trial 3/4-12-20/4-12 AM 03.MTS,6726.687,31.715,Inactive,Male,,,,4,1,3,No,No,16,35.701
D:/Pipefish Mesocosm Film/Trial 3/4-12-20/4-12 AM 03.MTS,6727.448,16.424,Inactive,Female,,,,4,1,3,No,No,16,35.701
D:/Pipefish Mesocosm Film/Trial 3/4-12-20/4-12 AM 03.MTS,6743.873,14.812,Out of sight,Female,,,,4,1,3,No,No,16,35.701
D:/Pipefish Mesocosm Film/Trial 3/4-12-20/4-12 AM 03.MTS,6854.484,5.886,Wiggle,Male,Active wiggle,Female,3,3,1,2,No,No,17,92.579
D:/Pipefish Mesocosm Film/Trial 3/4-12-20/4-12 AM 03.MTS,6855.528,23.64,Inactive,Female,,,,3,1,2,No,No,17,92.579
D:/Pipefish Mesocosm Film/Trial 3/4-12-20/4-12 AM 03.MTS,6860.371,20.793,Inactive,Male,,,,3,1,2,No,No,17,92.579
D:/Pipefish Mesocosm Film/Trial 3/4-12-20/4-12 AM 03.MTS,6879.169,3.23,Pose,Female,S pose,Male,Front,3,1,2,No,No,17,92.579
D:/Pipefish Mesocosm Film/Trial 3/4-12-20/4-12 AM 03.MTS,6881.165,3.987,Wiggle,Male,Active wiggle,Female,3,3,1,2,No,No,17,92.579
D:/Pipefish Mesocosm Film/Trial 3/4-12-20/4-12 AM 03.MTS,6882.4,64.412,Inactive,Female,,,,3,1,2,No,No,17,92.579
D:/Pipefish Mesocosm Film/Trial 3/4-12-20/4-12 AM 03.MTS,6885.153,61.144,Inactive,Male,,,,3,1,2,No,No,17,92.579
D:/Pipefish Mesocosm Film/Trial 3/4-12-20/4-12 AM 03.MTS,6972.977,3.51,Wiggle,Male,Active wiggle,Female,3,3.25,1,2.25,No,No,18,118.206
D:/Pipefish Mesocosm Film/Trial 3/4-12-20/4-12 AM 03.MTS,6973.451,7.879,Pose,Female,Non-s pose,Male,Front,3.25,1,2.25,No,No,18,118.206
D:/Pipefish Mesocosm Film/Trial 3/4-12-20/4-12 AM 03.MTS,6976.488,19.083,Inactive,Male,,,,3.25,1,2.25,No,No,18,118.206
D:/Pipefish Mesocosm Film/Trial 3/4-12-20/4-12 AM 03.MTS,6981.331,107.099,Inactive,Female,,,,3.25,1,2.25,No,No,18,118.206
D:/Pipefish Mesocosm Film/Trial 3/4-12-20/4-12 AM 03.MTS,6995.572,2.565,Wiggle,Male,Active wiggle,Female,4,3.25,1,2.25,No,No,18,118.206
D:/Pipefish Mesocosm Film/Trial 3/4-12-20/4-12 AM 03.MTS,6998.138,6.834,Inactive,Male,,,,3.25,1,2.25,No,No,18,118.206
D:/Pipefish Mesocosm Film/Trial 3/4-12-20/4-12 AM 03.MTS,7004.973,2.564,Wiggle,Male,Active wiggle,Female,4,3.25,1,2.25,No,No,18,118.206
D:/Pipefish Mesocosm Film/Trial 3/4-12-20/4-12 AM 03.MTS,7007.538,17.656,Inactive,Male,,,,3.25,1,2.25,No,No,18,118.206
D:/Pipefish Mesocosm Film/Trial 3/4-12-20/4-12 AM 03.MTS,7025.195,3.036,Wiggle,Male,Active wiggle,Female,2,3.25,1,2.25,No,No,18,118.206
D:/Pipefish Mesocosm Film/Trial 3/4-12-20/4-12 AM 03.MTS,7028.232,60.198,Inactive,Male,,,,3.25,1,2.25,No,No,18,118.206
