media_file_path,time_in_video,Duration,behavior,subject,modifier_1,modifier_2,modifier_3,Group size,Female,Male,Chasing_end,Chase_present,courtship_events,total_time_of_courtship
D:/Pipefish Mesocosm Film/Trial 5/9-12-20/9-12 AM 01.MTS,298.071,44.912,Inactive,Second female,,,,,,,,,1,46.521
D:/Pipefish Mesocosm Film/Trial 5/9-12-20/9-12 AM 01.MTS,300.636,4.65,Wiggle,Female,Active wiggle,Female,2,,,,,,1,46.521
D:/Pipefish Mesocosm Film/Trial 5/9-12-20/9-12 AM 01.MTS,305.287,2.848,Pose,Female,S pose,Female,Front,,,,,,1,46.521
D:/Pipefish Mesocosm Film/Trial 5/9-12-20/9-12 AM 01.MTS,308.136,34.75,Inactive,Female,,,,,,,,,1,46.521
D:/Pipefish Mesocosm Film/Trial 5/9-12-20/9-12 AM 01.MTS,703.581,4.086,Pose,Female,S pose,Male,Front,2,1,1,No,No,2,17.756
D:/Pipefish Mesocosm Film/Trial 5/9-12-20/9-12 AM 01.MTS,703.583,17.374,Inactive,Male,,,,2,1,1,No,No,2,17.756
D:/Pipefish Mesocosm Film/Trial 5/9-12-20/9-12 AM 01.MTS,707.668,12.623,Inactive,Female,,,,2,1,1,No,No,2,17.756
D:/Pipefish Mesocosm Film/Trial 5/9-12-20/9-12 AM 01.MTS,836.218,11.3,Pose,Female,S pose,Female,Front,,,,,,3,27.918
D:/Pipefish Mesocosm Film/Trial 5/9-12-20/9-12 AM 01.MTS,836.218,11.871,Pose,Second female,S pose,Female,Front,,,,,,3,27.918
D:/Pipefish Mesocosm Film/Trial 5/9-12-20/9-12 AM 01.MTS,847.519,15.948,Inactive,Female,,,,,,,,,3,27.918
D:/Pipefish Mesocosm Film/Trial 5/9-12-20/9-12 AM 01.MTS,848.09,15.19,Inactive,Second female,,,,,,,,,3,27.918
D:/Pipefish Mesocosm Film/Trial 5/9-12-20/9-12 AM 01.MTS,904.677,4.459,Pose,Female,Non-s pose,Female,Front,,,,,,4,18.132
D:/Pipefish Mesocosm Film/Trial 5/9-12-20/9-12 AM 01.MTS,904.867,8.449,Swim away,Second female,,,,,,,,,4,18.132
D:/Pipefish Mesocosm Film/Trial 5/9-12-20/9-12 AM 01.MTS,909.137,9.874,Swim away,Female,,,,,,,,,4,18.132
D:/Pipefish Mesocosm Film/Trial 5/9-12-20/9-12 AM 01.MTS,910.847,0,Follow,Second female,,,,,,,,,4,18.132
D:/Pipefish Mesocosm Film/Trial 5/9-12-20/9-12 AM 01.MTS,913.317,5.694,Inactive,Second female,,,,,,,,,4,18.132
D:/Pipefish Mesocosm Film/Trial 5/9-12-20/9-12 AM 01.MTS,971.707,3.23,Swim away,Second female,,,,,,,,,5,18.61
D:/Pipefish Mesocosm Film/Trial 5/9-12-20/9-12 AM 01.MTS,974.079,6.744,Pose,Female,Non-s pose,Female,Front,,,,,,5,18.61
D:/Pipefish Mesocosm Film/Trial 5/9-12-20/9-12 AM 01.MTS,974.938,4.742,Pose,Second female,Non-s pose,Female,Front,,,,,,5,18.61
D:/Pipefish Mesocosm Film/Trial 5/9-12-20/9-12 AM 01.MTS,979.681,4.555,Inactive,Second female,,,,,,,,,5,18.61
D:/Pipefish Mesocosm Film/Trial 5/9-12-20/9-12 AM 01.MTS,980.824,8.261,Inactive,Female,,,,,,,,,5,18.61
D:/Pipefish Mesocosm Film/Trial 5/9-12-20/9-12 AM 01.MTS,984.237,5.225,Swim away,Second female,,,,,,,,,5,18.61
D:/Pipefish Mesocosm Film/Trial 5/9-12-20/9-12 AM 01.MTS,1082.223,14.147,Pose,Female,S pose,Male,Front,2,1,1,No,No,6,88.11
D:/Pipefish Mesocosm Film/Trial 5/9-12-20/9-12 AM 01.MTS,1084.125,7.024,Inactive,Male,,,,2,1,1,No,No,6,88.11
D:/Pipefish Mesocosm Film/Trial 5/9-12-20/9-12 AM 01.MTS,1091.15,9.68,Wiggle,Male,Active wiggle,Female,2,2,1,1,No,No,6,88.11
D:/Pipefish Mesocosm Film/Trial 5/9-12-20/9-12 AM 01.MTS,1096.371,3.13,Inactive,Female,,,,2,1,1,No,No,6,88.11
D:/Pipefish Mesocosm Film/Trial 5/9-12-20/9-12 AM 01.MTS,1099.502,6.267,Swim away,Female,,,,2,1,1,No,No,6,88.11
D:/Pipefish Mesocosm Film/Trial 5/9-12-20/9-12 AM 01.MTS,1100.831,50.989,Inactive,Male,,,,2,1,1,No,No,6,88.11
D:/Pipefish Mesocosm Film/Trial 5/9-12-20/9-12 AM 01.MTS,1105.77,4.651,Inactive,Female,,,,2,1,1,No,No,6,88.11
D:/Pipefish Mesocosm Film/Trial 5/9-12-20/9-12 AM 01.MTS,1110.422,6.93,Wiggle,Female,Active wiggle,Male,2,2,1,1,No,No,6,88.11
D:/Pipefish Mesocosm Film/Trial 5/9-12-20/9-12 AM 01.MTS,1117.353,3.512,Inactive,Female,,,,2,1,1,No,No,6,88.11
D:/Pipefish Mesocosm Film/Trial 5/9-12-20/9-12 AM 01.MTS,1120.866,6.265,Pose,Female,Non-s pose,Male,Front,2,1,1,No,No,6,88.11
D:/Pipefish Mesocosm Film/Trial 5/9-12-20/9-12 AM 01.MTS,1127.132,8.544,Inactive,Female,,,,2,1,1,No,No,6,88.11
D:/Pipefish Mesocosm Film/Trial 5/9-12-20/9-12 AM 01.MTS,1135.677,3.038,Wiggle,Female,Active wiggle,Male,2,2,1,1,No,No,6,88.11
D:/Pipefish Mesocosm Film/Trial 5/9-12-20/9-12 AM 01.MTS,1138.716,3.7,Inactive,Female,,,,2,1,1,No,No,6,88.11
D:/Pipefish Mesocosm Film/Trial 5/9-12-20/9-12 AM 01.MTS,1142.417,1.994,Wiggle,Female,Active wiggle,Male,2,2,1,1,No,No,6,88.11
D:/Pipefish Mesocosm Film/Trial 5/9-12-20/9-12 AM 01.MTS,1144.412,5.316,Pose,Female,Non-s pose,Male,Front,2,1,1,No,No,6,88.11
D:/Pipefish Mesocosm Film/Trial 5/9-12-20/9-12 AM 01.MTS,1149.729,20.508,Inactive,Female,,,,2,1,1,No,No,6,88.11
D:/Pipefish Mesocosm Film/Trial 5/9-12-20/9-12 AM 01.MTS,1161.976,8.261,Swim away,Male,,,,2,1,1,No,No,6,88.11
D:/Pipefish Mesocosm Film/Trial 5/9-12-20/9-12 AM 01.MTS,1191.221,20.979,Wiggle,Male,Active wiggle,Female,2,2.25,1.25,1,No,No,7,83.835
D:/Pipefish Mesocosm Film/Trial 5/9-12-20/9-12 AM 01.MTS,1195.395,13.862,Pose,Female,S pose,Male,Front,2.25,1.25,1,No,No,7,83.835
D:/Pipefish Mesocosm Film/Trial 5/9-12-20/9-12 AM 01.MTS,1209.258,46.715,Inactive,Female,,,,2.25,1.25,1,No,No,7,83.835
D:/Pipefish Mesocosm Film/Trial 5/9-12-20/9-12 AM 01.MTS,1212.201,10.542,Inactive,Male,,,,2.25,1.25,1,No,No,7,83.835
D:/Pipefish Mesocosm Film/Trial 5/9-12-20/9-12 AM 01.MTS,1222.744,2.088,Wiggle,Male,Active wiggle,Female,2,2.25,1.25,1,No,No,7,83.835
D:/Pipefish Mesocosm Film/Trial 5/9-12-20/9-12 AM 01.MTS,1224.833,11.675,Inactive,Male,,,,2.25,1.25,1,No,No,7,83.835
D:/Pipefish Mesocosm Film/Trial 5/9-12-20/9-12 AM 01.MTS,1236.509,3.988,Wiggle,Male,Active wiggle,Female,2,2.25,1.25,1,No,No,7,83.835
D:/Pipefish Mesocosm Film/Trial 5/9-12-20/9-12 AM 01.MTS,1236.89,0,Join group,Second female,,,,2.25,1.25,1,No,No,7,83.835
D:/Pipefish Mesocosm Film/Trial 5/9-12-20/9-12 AM 01.MTS,1240.498,34.179,Inactive,Male,,,,2.25,1.25,1,No,No,7,83.835
D:/Pipefish Mesocosm Film/Trial 5/9-12-20/9-12 AM 01.MTS,1245.341,6.643,Pose,Second female,S pose,Male,Front,2.25,1.25,1,No,No,7,83.835
D:/Pipefish Mesocosm Film/Trial 5/9-12-20/9-12 AM 01.MTS,1251.985,23.07,Inactive,Second female,,,,2.25,1.25,1,No,No,7,83.835
D:/Pipefish Mesocosm Film/Trial 5/9-12-20/9-12 AM 01.MTS,1255.974,9.964,Swim away,Female,,,,2.25,1.25,1,No,No,7,83.835
D:/Pipefish Mesocosm Film/Trial 5/9-12-20/9-12 AM 01.MTS,1265.939,8.361,Inactive,Female,,,,2.25,1.25,1,No,No,7,83.835
D:/Pipefish Mesocosm Film/Trial 5/9-12-20/9-12 AM 01.MTS,1315.787,51.554,Swim away,Female,,,,,,,,,8,178.593
D:/Pipefish Mesocosm Film/Trial 5/9-12-20/9-12 AM 01.MTS,1315.884,30.478,Chasing,Male,,,,,,,,,8,178.593
D:/Pipefish Mesocosm Film/Trial 5/9-12-20/9-12 AM 01.MTS,1346.363,38.163,Surrounding,Male,,,,,,,,,8,178.593
D:/Pipefish Mesocosm Film/Trial 5/9-12-20/9-12 AM 01.MTS,1367.342,15.666,Inactive,Female,,,,,,,,,8,178.593
D:/Pipefish Mesocosm Film/Trial 5/9-12-20/9-12 AM 01.MTS,1383.009,21.361,Swim away,Female,,,,,,,,,8,178.593
D:/Pipefish Mesocosm Film/Trial 5/9-12-20/9-12 AM 01.MTS,1384.527,17.375,Chasing,Male,,,,,,,,,8,178.593
D:/Pipefish Mesocosm Film/Trial 5/9-12-20/9-12 AM 01.MTS,1401.903,37.881,Surrounding,Male,,,,,,,,,8,178.593
D:/Pipefish Mesocosm Film/Trial 5/9-12-20/9-12 AM 01.MTS,1404.371,25.064,Inactive,Female,,,,,,,,,8,178.593
D:/Pipefish Mesocosm Film/Trial 5/9-12-20/9-12 AM 01.MTS,1429.436,30.384,Swim away,Female,,,,,,,,,8,178.593
D:/Pipefish Mesocosm Film/Trial 5/9-12-20/9-12 AM 01.MTS,1439.785,22.313,Chasing,Male,,,,,,,,,8,178.593
D:/Pipefish Mesocosm Film/Trial 5/9-12-20/9-12 AM 01.MTS,1459.821,33.612,Inactive,Female,,,,,,,,,8,178.593
D:/Pipefish Mesocosm Film/Trial 5/9-12-20/9-12 AM 01.MTS,1462.099,31.427,Inactive,Male,,,,,,,,,8,178.593
D:/Pipefish Mesocosm Film/Trial 5/9-12-20/9-12 AM 01.MTS,1678.669,6.834,Wiggle,Male,Active wiggle,Female,2,2,1,1,No,No,9,117.732
D:/Pipefish Mesocosm Film/Trial 5/9-12-20/9-12 AM 01.MTS,1681.708,11.864,Pose,Female,Non-s pose,Male,Front,2,1,1,No,No,9,117.732
D:/Pipefish Mesocosm Film/Trial 5/9-12-20/9-12 AM 01.MTS,1685.504,23.168,Inactive,Male,,,,2,1,1,No,No,9,117.732
D:/Pipefish Mesocosm Film/Trial 5/9-12-20/9-12 AM 01.MTS,1693.573,40.449,Inactive,Female,,,,2,1,1,No,No,9,117.732
D:/Pipefish Mesocosm Film/Trial 5/9-12-20/9-12 AM 01.MTS,1708.673,1.993,Wiggle,Male,Active wiggle,Female,2,2,1,1,No,No,9,117.732
D:/Pipefish Mesocosm Film/Trial 5/9-12-20/9-12 AM 01.MTS,1710.667,13.86,Inactive,Male,,,,2,1,1,No,No,9,117.732
D:/Pipefish Mesocosm Film/Trial 5/9-12-20/9-12 AM 01.MTS,1724.528,3.318,Wiggle,Male,Active wiggle,Female,2,2,1,1,No,No,9,117.732
D:/Pipefish Mesocosm Film/Trial 5/9-12-20/9-12 AM 01.MTS,1727.847,2.851,Inactive,Male,,,,2,1,1,No,No,9,117.732
D:/Pipefish Mesocosm Film/Trial 5/9-12-20/9-12 AM 01.MTS,1730.699,3.989,Wiggle,Male,Active wiggle,Female,2,2,1,1,No,No,9,117.732
D:/Pipefish Mesocosm Film/Trial 5/9-12-20/9-12 AM 01.MTS,1734.023,3.323,Pose,Female,Non-s pose,Male,Front,2,1,1,No,No,9,117.732
D:/Pipefish Mesocosm Film/Trial 5/9-12-20/9-12 AM 01.MTS,1734.689,59.432,Inactive,Male,,,,2,1,1,No,No,9,117.732
D:/Pipefish Mesocosm Film/Trial 5/9-12-20/9-12 AM 01.MTS,1737.347,56.964,Inactive,Female,,,,2,1,1,No,No,9,117.732
D:/Pipefish Mesocosm Film/Trial 5/9-12-20/9-12 AM 01.MTS,1795.927,12.912,Pose,Female,S pose,Male,Front,3,1,2,No,Yes,10,120.39
D:/Pipefish Mesocosm Film/Trial 5/9-12-20/9-12 AM 01.MTS,1796.873,4.75,Wiggle,Male,Active wiggle,Female,3,3,1,2,No,Yes,10,120.39
D:/Pipefish Mesocosm Film/Trial 5/9-12-20/9-12 AM 01.MTS,1801.624,11.39,Surrounding,Male,,,,3,1,2,No,Yes,10,120.39
D:/Pipefish Mesocosm Film/Trial 5/9-12-20/9-12 AM 01.MTS,1808.84,3.413,Inactive,Female,,,,3,1,2,No,Yes,10,120.39
D:/Pipefish Mesocosm Film/Trial 5/9-12-20/9-12 AM 01.MTS,1812.254,11.681,Swim away,Female,,,,3,1,2,No,Yes,10,120.39
D:/Pipefish Mesocosm Film/Trial 5/9-12-20/9-12 AM 01.MTS,1813.015,15.286,Chasing,Male,,,,3,1,2,No,Yes,10,120.39
D:/Pipefish Mesocosm Film/Trial 5/9-12-20/9-12 AM 01.MTS,1823.936,19.462,Inactive,Female,,,,3,1,2,No,Yes,10,120.39
D:/Pipefish Mesocosm Film/Trial 5/9-12-20/9-12 AM 01.MTS,1828.302,15.666,Surrounding,Male,,,,3,1,2,No,Yes,10,120.39
D:/Pipefish Mesocosm Film/Trial 5/9-12-20/9-12 AM 01.MTS,1843.399,21.074,Swim away,Female,,,,3,1,2,No,Yes,10,120.39
D:/Pipefish Mesocosm Film/Trial 5/9-12-20/9-12 AM 01.MTS,1843.969,48.704,Chasing,Male,,,,3,1,2,No,Yes,10,120.39
D:/Pipefish Mesocosm Film/Trial 5/9-12-20/9-12 AM 01.MTS,1864.474,7.119,Inactive,Female,,,,3,1,2,No,Yes,10,120.39
D:/Pipefish Mesocosm Film/Trial 5/9-12-20/9-12 AM 01.MTS,1871.594,20.508,Swim away,Female,,,,3,1,2,No,Yes,10,120.39
D:/Pipefish Mesocosm Film/Trial 5/9-12-20/9-12 AM 01.MTS,1892.103,23.927,Inactive,Female,,,,3,1,2,No,Yes,10,120.39
D:/Pipefish Mesocosm Film/Trial 5/9-12-20/9-12 AM 01.MTS,1892.674,4.841,Surrounding,Male,,,,3,1,2,No,Yes,10,120.39
D:/Pipefish Mesocosm Film/Trial 5/9-12-20/9-12 AM 01.MTS,1897.516,18.085,Inactive,Male,,,,3,1,2,No,Yes,10,120.39
D:/Pipefish Mesocosm Film/Trial 5/9-12-20/9-12 AM 01.MTS,1936.632,3.512,Wiggle,Male,Active wiggle,Female,2,2,1,1,No,No,11,25.636
D:/Pipefish Mesocosm Film/Trial 5/9-12-20/9-12 AM 01.MTS,1936.917,3.42,Inactive,Female,,,,2,1,1,No,No,11,25.636
D:/Pipefish Mesocosm Film/Trial 5/9-12-20/9-12 AM 01.MTS,1940.145,21.648,Inactive,Male,,,,2,1,1,No,No,11,25.636
D:/Pipefish Mesocosm Film/Trial 5/9-12-20/9-12 AM 01.MTS,1940.338,5.979,Swim away,Female,,,,2,1,1,No,No,11,25.636
D:/Pipefish Mesocosm Film/Trial 5/9-12-20/9-12 AM 01.MTS,1946.318,15.475,Inactive,Female,,,,2,1,1,No,No,11,25.636
D:/Pipefish Mesocosm Film/Trial 5/9-12-20/9-12 AM 01.MTS,1971.478,5.125,Wiggle,Female,Active wiggle,Male,2,2,1,1,No,No,12,60.192
D:/Pipefish Mesocosm Film/Trial 5/9-12-20/9-12 AM 01.MTS,1972.807,21.076,Inactive,Male,,,,2,1,1,No,No,12,60.192
D:/Pipefish Mesocosm Film/Trial 5/9-12-20/9-12 AM 01.MTS,1976.604,27.063,Inactive,Female,,,,2,1,1,No,No,12,60.192
D:/Pipefish Mesocosm Film/Trial 5/9-12-20/9-12 AM 01.MTS,1982.492,0,Move away,Male,,,,2,1,1,No,No,12,60.192
D:/Pipefish Mesocosm Film/Trial 5/9-12-20/9-12 AM 01.MTS,1993.884,8.261,Surrounding,Male,,,,2,1,1,No,No,12,60.192
D:/Pipefish Mesocosm Film/Trial 5/9-12-20/9-12 AM 01.MTS,2002.146,27.253,Inactive,Male,,,,2,1,1,No,No,12,60.192
D:/Pipefish Mesocosm Film/Trial 5/9-12-20/9-12 AM 01.MTS,2003.668,6.453,Swim away,Female,,,,2,1,1,No,No,12,60.192
D:/Pipefish Mesocosm Film/Trial 5/9-12-20/9-12 AM 01.MTS,2010.122,19.368,Inactive,Female,,,,2,1,1,No,No,12,60.192
D:/Pipefish Mesocosm Film/Trial 5/9-12-20/9-12 AM 01.MTS,2087.502,6.55,Pose,Female,S pose,Male,Front,3,1.285714286,1.714285714,No,Yes,13,254.261
D:/Pipefish Mesocosm Film/Trial 5/9-12-20/9-12 AM 01.MTS,2087.691,8.165,Wiggle,Male,Active wiggle,Male,4,3,1.285714286,1.714285714,No,Yes,13,254.261
D:/Pipefish Mesocosm Film/Trial 5/9-12-20/9-12 AM 01.MTS,2094.053,6.547,Out of sight,Female,,,,3,1.285714286,1.714285714,No,Yes,13,254.261
D:/Pipefish Mesocosm Film/Trial 5/9-12-20/9-12 AM 01.MTS,2095.857,31.617,Surrounding,Male,,,,3,1.285714286,1.714285714,No,Yes,13,254.261
D:/Pipefish Mesocosm Film/Trial 5/9-12-20/9-12 AM 01.MTS,2100.601,28.768,Inactive,Female,,,,3,1.285714286,1.714285714,No,Yes,13,254.261
D:/Pipefish Mesocosm Film/Trial 5/9-12-20/9-12 AM 01.MTS,2127.475,3.985,Wiggle,Male,Active wiggle,Male,2,3,1.285714286,1.714285714,No,Yes,13,254.261
D:/Pipefish Mesocosm Film/Trial 5/9-12-20/9-12 AM 01.MTS,2129.37,2.567,Pose,Female,Non-s pose,Male,Front,3,1.285714286,1.714285714,No,Yes,13,254.261
D:/Pipefish Mesocosm Film/Trial 5/9-12-20/9-12 AM 01.MTS,2131.461,19.938,Inactive,Male,,,,3,1.285714286,1.714285714,No,Yes,13,254.261
D:/Pipefish Mesocosm Film/Trial 5/9-12-20/9-12 AM 01.MTS,2131.938,54.875,Inactive,Female,,,,3,1.285714286,1.714285714,No,Yes,13,254.261
D:/Pipefish Mesocosm Film/Trial 5/9-12-20/9-12 AM 01.MTS,2151.4,6.738,Surrounding,Male,,,,3,1.285714286,1.714285714,No,Yes,13,254.261
D:/Pipefish Mesocosm Film/Trial 5/9-12-20/9-12 AM 01.MTS,2158.139,2.088,Wiggle,Male,Subtle wiggle,Male,3,3,1.285714286,1.714285714,No,Yes,13,254.261
D:/Pipefish Mesocosm Film/Trial 5/9-12-20/9-12 AM 01.MTS,2160.228,21.171,Surrounding,Male,,,,3,1.285714286,1.714285714,No,Yes,13,254.261
D:/Pipefish Mesocosm Film/Trial 5/9-12-20/9-12 AM 01.MTS,2181.4,9.685,Chasing,Male,,,,3,1.285714286,1.714285714,No,Yes,13,254.261
D:/Pipefish Mesocosm Film/Trial 5/9-12-20/9-12 AM 01.MTS,2191.086,12.533,Surrounding,Male,,,,3,1.285714286,1.714285714,No,Yes,13,254.261
D:/Pipefish Mesocosm Film/Trial 5/9-12-20/9-12 AM 01.MTS,2199.916,0,Follow,Male,,,,3,1.285714286,1.714285714,No,Yes,13,254.261
D:/Pipefish Mesocosm Film/Trial 5/9-12-20/9-12 AM 01.MTS,2203.62,104.248,Surrounding,Male,,,,3,1.285714286,1.714285714,No,Yes,13,254.261
D:/Pipefish Mesocosm Film/Trial 5/9-12-20/9-12 AM 01.MTS,2307.869,3.417,Inactive,Male,,,,3,1.285714286,1.714285714,No,Yes,13,254.261
D:/Pipefish Mesocosm Film/Trial 5/9-12-20/9-12 AM 01.MTS,2311.287,3.036,Wiggle,Male,Active wiggle,Female,2,3,1.285714286,1.714285714,No,Yes,13,254.261
D:/Pipefish Mesocosm Film/Trial 5/9-12-20/9-12 AM 01.MTS,2314.324,4.94,Chasing,Male,,,,3,1.285714286,1.714285714,No,Yes,13,254.261
D:/Pipefish Mesocosm Film/Trial 5/9-12-20/9-12 AM 01.MTS,2314.706,19.938,Swim away,Female,,,,3,1.285714286,1.714285714,No,Yes,13,254.261
D:/Pipefish Mesocosm Film/Trial 5/9-12-20/9-12 AM 01.MTS,2319.265,2.179,Wiggle,Male,Subtle wiggle,Female,2,3,1.285714286,1.714285714,No,Yes,13,254.261
D:/Pipefish Mesocosm Film/Trial 5/9-12-20/9-12 AM 01.MTS,2321.445,3.608,Surrounding,Male,,,,3,1.285714286,1.714285714,No,Yes,13,254.261
D:/Pipefish Mesocosm Film/Trial 5/9-12-20/9-12 AM 01.MTS,2325.054,15.475,Inactive,Male,,,,3,1.285714286,1.714285714,No,Yes,13,254.261
D:/Pipefish Mesocosm Film/Trial 5/9-12-20/9-12 AM 01.MTS,2334.645,6.264,Inactive,Female,,,,3,1.285714286,1.714285714,No,Yes,13,254.261
D:/Pipefish Mesocosm Film/Trial 5/9-12-20/9-12 AM 01.MTS,2680.056,5.312,Wiggle,Male,Active wiggle,Female,3,3,1,2,No,No,14,74.246
D:/Pipefish Mesocosm Film/Trial 5/9-12-20/9-12 AM 01.MTS,2681.383,13.673,Inactive,Female,,,,3,1,2,No,No,14,74.246
D:/Pipefish Mesocosm Film/Trial 5/9-12-20/9-12 AM 01.MTS,2685.369,9.115,Inactive,Male,,,,3,1,2,No,No,14,74.246
D:/Pipefish Mesocosm Film/Trial 5/9-12-20/9-12 AM 01.MTS,2694.485,10.921,Chasing,Male,,,,3,1,2,No,No,14,74.246
D:/Pipefish Mesocosm Film/Trial 5/9-12-20/9-12 AM 01.MTS,2695.057,7.116,Swim away,Female,,,,3,1,2,No,No,14,74.246
D:/Pipefish Mesocosm Film/Trial 5/9-12-20/9-12 AM 01.MTS,2702.174,50.988,Inactive,Female,,,,3,1,2,No,No,14,74.246
D:/Pipefish Mesocosm Film/Trial 5/9-12-20/9-12 AM 01.MTS,2705.407,48.041,Inactive,Male,,,,3,1,2,No,No,14,74.246
D:/Pipefish Mesocosm Film/Trial 5/9-12-20/9-12 AM 01.MTS,2841.938,3.224,Pose,Female,S pose,Female,Front,,,,,,15,18.02
D:/Pipefish Mesocosm Film/Trial 5/9-12-20/9-12 AM 01.MTS,2842.411,16.5,Inactive,Second female,,,,,,,,,15,18.02
D:/Pipefish Mesocosm Film/Trial 5/9-12-20/9-12 AM 01.MTS,2845.163,13.748,Inactive,Female,,,,,,,,,15,18.02
D:/Pipefish Mesocosm Film/Trial 5/9-12-20/9-12 AM 02.MTS,2876.664,2.278,Wiggle,Male,Active wiggle,Male,2,2,1,1,No,No,16,35.701
D:/Pipefish Mesocosm Film/Trial 5/9-12-20/9-12 AM 02.MTS,2878.943,4.273,Inactive,Male,,,,2,1,1,No,No,16,35.701
D:/Pipefish Mesocosm Film/Trial 5/9-12-20/9-12 AM 02.MTS,2881.603,12.054,Pose,Female,S pose,Male,Front,2,1,1,No,No,16,35.701
D:/Pipefish Mesocosm Film/Trial 5/9-12-20/9-12 AM 02.MTS,2883.217,5.124,Wiggle,Male,Active wiggle,Female,2,2,1,1,No,No,16,35.701
D:/Pipefish Mesocosm Film/Trial 5/9-12-20/9-12 AM 02.MTS,2888.342,22.124,Inactive,Male,,,,2,1,1,No,No,16,35.701
D:/Pipefish Mesocosm Film/Trial 5/9-12-20/9-12 AM 02.MTS,2893.658,17.663,Inactive,Female,,,,2,1,1,No,No,16,35.701
D:/Pipefish Mesocosm Film/Trial 5/9-12-20/9-12 AM 02.MTS,3062.566,3.227,Wiggle,Male,Active wiggle,Female,2,2.2,1,1.2,No,No,17,70.926
D:/Pipefish Mesocosm Film/Trial 5/9-12-20/9-12 AM 02.MTS,3065.226,17.848,Inactive,Female,,,,2.2,1,1.2,No,No,17,70.926
D:/Pipefish Mesocosm Film/Trial 5/9-12-20/9-12 AM 02.MTS,3065.794,9.875,Inactive,Male,,,,2.2,1,1.2,No,No,17,70.926
D:/Pipefish Mesocosm Film/Trial 5/9-12-20/9-12 AM 02.MTS,3075.67,2.847,Wiggle,Male,Active wiggle,Female,3,2.2,1,1.2,No,No,17,70.926
D:/Pipefish Mesocosm Film/Trial 5/9-12-20/9-12 AM 02.MTS,3078.518,1.803,Inactive,Male,,,,2.2,1,1.2,No,No,17,70.926
D:/Pipefish Mesocosm Film/Trial 5/9-12-20/9-12 AM 02.MTS,3080.322,7.784,Wiggle,Male,Active wiggle,Female,2,2.2,1,1.2,No,No,17,70.926
D:/Pipefish Mesocosm Film/Trial 5/9-12-20/9-12 AM 02.MTS,3083.075,6.077,Pose,Female,S pose,Male,Front,2.2,1,1.2,No,No,17,70.926
D:/Pipefish Mesocosm Film/Trial 5/9-12-20/9-12 AM 02.MTS,3088.107,1.9,Inactive,Male,,,,2.2,1,1.2,No,No,17,70.926
D:/Pipefish Mesocosm Film/Trial 5/9-12-20/9-12 AM 02.MTS,3089.153,2.467,Wiggle,Female,Active wiggle,Male,2,2.2,1,1.2,No,No,17,70.926
D:/Pipefish Mesocosm Film/Trial 5/9-12-20/9-12 AM 02.MTS,3090.008,3.897,Wiggle,Male,Active wiggle,Female,2,2.2,1,1.2,No,No,17,70.926
D:/Pipefish Mesocosm Film/Trial 5/9-12-20/9-12 AM 02.MTS,3091.621,41.87,Inactive,Female,,,,2.2,1,1.2,No,No,17,70.926
D:/Pipefish Mesocosm Film/Trial 5/9-12-20/9-12 AM 02.MTS,3093.906,39.585,Inactive,Male,,,,2.2,1,1.2,No,No,17,70.926
D:/Pipefish Mesocosm Film/Trial 5/9-12-20/9-12 AM 02.MTS,3136.343,4.171,Pose,Female,S pose,Male,Front,3,1,2,No,No,18,133.489
D:/Pipefish Mesocosm Film/Trial 5/9-12-20/9-12 AM 02.MTS,3136.72,2.469,Wiggle,Male,Active wiggle,Female,4,3,1,2,No,No,18,133.489
D:/Pipefish Mesocosm Film/Trial 5/9-12-20/9-12 AM 02.MTS,3139.19,10.443,Surrounding,Male,,,,3,1,2,No,No,18,133.489
D:/Pipefish Mesocosm Film/Trial 5/9-12-20/9-12 AM 02.MTS,3140.515,16.045,Inactive,Female,,,,3,1,2,No,No,18,133.489
D:/Pipefish Mesocosm Film/Trial 5/9-12-20/9-12 AM 02.MTS,3149.634,6.072,Inactive,Male,,,,3,1,2,No,No,18,133.489
D:/Pipefish Mesocosm Film/Trial 5/9-12-20/9-12 AM 02.MTS,3155.707,4.558,Wiggle,Male,Active wiggle,Female,3,3,1,2,No,No,18,133.489
D:/Pipefish Mesocosm Film/Trial 5/9-12-20/9-12 AM 02.MTS,3156.561,10.445,Pose,Female,S pose,Male,Front,3,1,2,No,No,18,133.489
D:/Pipefish Mesocosm Film/Trial 5/9-12-20/9-12 AM 02.MTS,3160.266,4.081,Inactive,Male,,,,3,1,2,No,No,18,133.489
D:/Pipefish Mesocosm Film/Trial 5/9-12-20/9-12 AM 02.MTS,3164.348,6.266,Wiggle,Male,Active wiggle,Female,3,3,1,2,No,No,18,133.489
D:/Pipefish Mesocosm Film/Trial 5/9-12-20/9-12 AM 02.MTS,3167.007,3.13,Out of sight,Female,,,,3,1,2,No,No,18,133.489
D:/Pipefish Mesocosm Film/Trial 5/9-12-20/9-12 AM 02.MTS,3170.138,11.963,Inactive,Female,,,,3,1,2,No,No,18,133.489
D:/Pipefish Mesocosm Film/Trial 5/9-12-20/9-12 AM 02.MTS,3170.615,7.214,Inactive,Male,,,,3,1,2,No,No,18,133.489
D:/Pipefish Mesocosm Film/Trial 5/9-12-20/9-12 AM 02.MTS,3177.83,2.087,Wiggle,Male,Active wiggle,Female,3,3,1,2,No,No,18,133.489
D:/Pipefish Mesocosm Film/Trial 5/9-12-20/9-12 AM 02.MTS,3179.918,89.057,Inactive,Male,,,,3,1,2,No,No,18,133.489
D:/Pipefish Mesocosm Film/Trial 5/9-12-20/9-12 AM 02.MTS,3182.102,4.654,Pose,Female,S pose,Male,Front,3,1,2,No,No,18,133.489
D:/Pipefish Mesocosm Film/Trial 5/9-12-20/9-12 AM 02.MTS,3186.757,4.84,Wiggle,Female,Active wiggle,Male,2,3,1,2,No,No,18,133.489
D:/Pipefish Mesocosm Film/Trial 5/9-12-20/9-12 AM 02.MTS,3191.598,77.377,Inactive,Female,,,,3,1,2,No,No,18,133.489
D:/Pipefish Mesocosm Film/Trial 5/9-12-20/9-12 AM 02.MTS,3406.94,8.916,Wiggle,Female,Active wiggle,Male,2,2,1,1,No,No,19,41.009
D:/Pipefish Mesocosm Film/Trial 5/9-12-20/9-12 AM 02.MTS,3409.024,10.059,Inactive,Male,,,,2,1,1,No,No,19,41.009
D:/Pipefish Mesocosm Film/Trial 5/9-12-20/9-12 AM 02.MTS,3415.857,8.544,Inactive,Female,,,,2,1,1,No,No,19,41.009
D:/Pipefish Mesocosm Film/Trial 5/9-12-20/9-12 AM 02.MTS,3419.084,3.896,Wiggle,Male,Active wiggle,Female,2,2,1,1,No,No,19,41.009
D:/Pipefish Mesocosm Film/Trial 5/9-12-20/9-12 AM 02.MTS,3422.981,19.937,Inactive,Male,,,,2,1,1,No,No,19,41.009
D:/Pipefish Mesocosm Film/Trial 5/9-12-20/9-12 AM 02.MTS,3424.402,17.191,Swim away,Female,,,,2,1,1,No,No,19,41.009
D:/Pipefish Mesocosm Film/Trial 5/9-12-20/9-12 AM 02.MTS,3441.594,6.354,Inactive,Female,,,,2,1,1,No,No,19,41.009
D:/Pipefish Mesocosm Film/Trial 5/9-12-20/9-12 AM 02.MTS,3448.992,28.863,Surrounding,Male,,,,,,,,,20,68.455
D:/Pipefish Mesocosm Film/Trial 5/9-12-20/9-12 AM 02.MTS,3453.552,62.376,Inactive,Female,,,,,,,,,20,68.455
D:/Pipefish Mesocosm Film/Trial 5/9-12-20/9-12 AM 02.MTS,3477.856,38.072,Inactive,Male,,,,,,,,,20,68.455
D:/Pipefish Mesocosm Film/Trial 5/9-12-20/9-12 AM 02.MTS,3861.722,4.837,Wiggle,Male,Active wiggle,Female,3,2.8,1,1.8,No,Yes,21,281.891
D:/Pipefish Mesocosm Film/Trial 5/9-12-20/9-12 AM 02.MTS,3866.56,4.085,Inactive,Male,,,,2.8,1,1.8,No,Yes,21,281.891
D:/Pipefish Mesocosm Film/Trial 5/9-12-20/9-12 AM 02.MTS,3866.564,7.213,Inactive,Female,,,,2.8,1,1.8,No,Yes,21,281.891
D:/Pipefish Mesocosm Film/Trial 5/9-12-20/9-12 AM 02.MTS,3870.646,2.844,Wiggle,Male,Active wiggle,Female,3,2.8,1,1.8,No,Yes,21,281.891
D:/Pipefish Mesocosm Film/Trial 5/9-12-20/9-12 AM 02.MTS,3873.491,39.594,Inactive,Male,,,,2.8,1,1.8,No,Yes,21,281.891
D:/Pipefish Mesocosm Film/Trial 5/9-12-20/9-12 AM 02.MTS,3873.778,16.047,Pose,Female,S pose,Male,Front,2.8,1,1.8,No,Yes,21,281.891
D:/Pipefish Mesocosm Film/Trial 5/9-12-20/9-12 AM 02.MTS,3889.826,25.919,Inactive,Female,,,,2.8,1,1.8,No,Yes,21,281.891
D:/Pipefish Mesocosm Film/Trial 5/9-12-20/9-12 AM 02.MTS,3913.086,12.625,Wiggle,Male,Active wiggle,Female,2,2.8,1,1.8,No,Yes,21,281.891
D:/Pipefish Mesocosm Film/Trial 5/9-12-20/9-12 AM 02.MTS,3915.746,13.577,Pose,Female,S pose,Male,Front,2.8,1,1.8,No,Yes,21,281.891
D:/Pipefish Mesocosm Film/Trial 5/9-12-20/9-12 AM 02.MTS,3925.712,34.75,Inactive,Male,,,,2.8,1,1.8,No,Yes,21,281.891
D:/Pipefish Mesocosm Film/Trial 5/9-12-20/9-12 AM 02.MTS,3929.324,29.902,Inactive,Female,,,,2.8,1,1.8,No,Yes,21,281.891
D:/Pipefish Mesocosm Film/Trial 5/9-12-20/9-12 AM 02.MTS,3959.227,4.084,Pose,Female,Non-s pose,Male,Front,2.8,1,1.8,No,Yes,21,281.891
D:/Pipefish Mesocosm Film/Trial 5/9-12-20/9-12 AM 02.MTS,3960.463,6.454,Surrounding,Male,,,,2.8,1,1.8,No,Yes,21,281.891
D:/Pipefish Mesocosm Film/Trial 5/9-12-20/9-12 AM 02.MTS,3963.312,118.965,Inactive,Female,,,,2.8,1,1.8,No,Yes,21,281.891
D:/Pipefish Mesocosm Film/Trial 5/9-12-20/9-12 AM 02.MTS,3966.918,1.422,Inactive,Male,,,,2.8,1,1.8,No,Yes,21,281.891
D:/Pipefish Mesocosm Film/Trial 5/9-12-20/9-12 AM 02.MTS,3968.341,8.831,Wiggle,Male,Subtle wiggle,Female,3,2.8,1,1.8,No,Yes,21,281.891
D:/Pipefish Mesocosm Film/Trial 5/9-12-20/9-12 AM 02.MTS,3977.173,76.05,Inactive,Male,,,,2.8,1,1.8,No,Yes,21,281.891
D:/Pipefish Mesocosm Film/Trial 5/9-12-20/9-12 AM 02.MTS,4053.224,6.264,Wiggle,Male,Active wiggle,Female,3,2.8,1,1.8,No,Yes,21,281.891
D:/Pipefish Mesocosm Film/Trial 5/9-12-20/9-12 AM 02.MTS,4058.924,0,Move away,Female,,,,2.8,1,1.8,No,Yes,21,281.891
D:/Pipefish Mesocosm Film/Trial 5/9-12-20/9-12 AM 02.MTS,4059.489,23.17,Inactive,Male,,,,2.8,1,1.8,No,Yes,21,281.891
D:/Pipefish Mesocosm Film/Trial 5/9-12-20/9-12 AM 02.MTS,4082.278,15.377,Swim away,Female,,,,2.8,1,1.8,No,Yes,21,281.891
D:/Pipefish Mesocosm Film/Trial 5/9-12-20/9-12 AM 02.MTS,4082.66,15.375,Chasing,Male,,,,2.8,1,1.8,No,Yes,21,281.891
D:/Pipefish Mesocosm Film/Trial 5/9-12-20/9-12 AM 02.MTS,4097.656,44.247,Inactive,Female,,,,2.8,1,1.8,No,Yes,21,281.891
D:/Pipefish Mesocosm Film/Trial 5/9-12-20/9-12 AM 02.MTS,4098.036,44.723,Inactive,Male,,,,2.8,1,1.8,No,Yes,21,281.891
D:/Pipefish Mesocosm Film/Trial 5/9-12-20/9-12 AM 02.MTS,4160.704,17.468,Pose,Female,S pose,Male,Front,2,1,1,No,No,22,59.528
D:/Pipefish Mesocosm Film/Trial 5/9-12-20/9-12 AM 02.MTS,4162.318,18.701,Wiggle,Male,Active wiggle,Female,2,2,1,1,No,No,22,59.528
D:/Pipefish Mesocosm Film/Trial 5/9-12-20/9-12 AM 02.MTS,4178.173,9.87,Inactive,Female,,,,2,1,1,No,No,22,59.528
D:/Pipefish Mesocosm Film/Trial 5/9-12-20/9-12 AM 02.MTS,4181.02,38.454,Inactive,Male,,,,2,1,1,No,No,22,59.528
D:/Pipefish Mesocosm Film/Trial 5/9-12-20/9-12 AM 02.MTS,4188.044,4.752,Swim away,Female,,,,2,1,1,No,No,22,59.528
D:/Pipefish Mesocosm Film/Trial 5/9-12-20/9-12 AM 02.MTS,4190.135,0,Follow,Male,,,,2,1,1,No,No,22,59.528
D:/Pipefish Mesocosm Film/Trial 5/9-12-20/9-12 AM 02.MTS,4192.797,26.774,Inactive,Female,,,,2,1,1,No,No,22,59.528
D:/Pipefish Mesocosm Film/Trial 5/9-12-20/9-12 AM 02.MTS,4297.236,8.356,Pose,Female,S pose,Male,Front,3.5,1,2.5,No,No,23,109.944
D:/Pipefish Mesocosm Film/Trial 5/9-12-20/9-12 AM 02.MTS,4305.021,4.267,Wiggle,Male,Active wiggle,Female,3,3.5,1,2.5,No,No,23,109.944
D:/Pipefish Mesocosm Film/Trial 5/9-12-20/9-12 AM 02.MTS,4305.593,16.515,Swim away,Female,,,,3.5,1,2.5,No,No,23,109.944
D:/Pipefish Mesocosm Film/Trial 5/9-12-20/9-12 AM 02.MTS,4309.289,20.889,Inactive,Male,,,,3.5,1,2.5,No,No,23,109.944
D:/Pipefish Mesocosm Film/Trial 5/9-12-20/9-12 AM 02.MTS,4322.109,6.074,Inactive,Female,,,,3.5,1,2.5,No,No,23,109.944
D:/Pipefish Mesocosm Film/Trial 5/9-12-20/9-12 AM 02.MTS,4328.184,5.315,Pose,Female,S pose,Male,Front,3.5,1,2.5,No,No,23,109.944
D:/Pipefish Mesocosm Film/Trial 5/9-12-20/9-12 AM 02.MTS,4330.179,3.228,Wiggle,Male,Active wiggle,Female,4,3.5,1,2.5,No,No,23,109.944
D:/Pipefish Mesocosm Film/Trial 5/9-12-20/9-12 AM 02.MTS,4333.408,73.015,Inactive,Male,,,,3.5,1,2.5,No,No,23,109.944
D:/Pipefish Mesocosm Film/Trial 5/9-12-20/9-12 AM 02.MTS,4333.5,73.014,Inactive,Female,,,,3.5,1,2.5,No,No,23,109.944
D:/Pipefish Mesocosm Film/Trial 5/9-12-20/9-12 AM 02.MTS,4471.934,8.448,Pose,Female,S pose,Male,Front,2,1,1,No,No,24,64.941
D:/Pipefish Mesocosm Film/Trial 5/9-12-20/9-12 AM 02.MTS,4475.541,4.081,Wiggle,Male,Active wiggle,Female,2,2,1,1,No,No,24,64.941
D:/Pipefish Mesocosm Film/Trial 5/9-12-20/9-12 AM 02.MTS,4479.623,2.657,Inactive,Male,,,,2,1,1,No,No,24,64.941
D:/Pipefish Mesocosm Film/Trial 5/9-12-20/9-12 AM 02.MTS,4480.383,56.397,Inactive,Female,,,,2,1,1,No,No,24,64.941
D:/Pipefish Mesocosm Film/Trial 5/9-12-20/9-12 AM 02.MTS,4482.281,4.651,Wiggle,Male,Active wiggle,Female,2,2,1,1,No,No,24,64.941
D:/Pipefish Mesocosm Film/Trial 5/9-12-20/9-12 AM 02.MTS,4486.933,49.469,Inactive,Male,,,,2,1,1,No,No,24,64.941
D:/Pipefish Mesocosm Film/Trial 5/9-12-20/9-12 AM 02.MTS,4558.902,7.307,Wiggle,Male,Active wiggle,Female,2,2,1,1,No,No,25,131.692
D:/Pipefish Mesocosm Film/Trial 5/9-12-20/9-12 AM 02.MTS,4561.276,5.883,Pose,Female,S pose,Male,Front,2,1,1,No,No,25,131.692
D:/Pipefish Mesocosm Film/Trial 5/9-12-20/9-12 AM 02.MTS,4566.21,124.193,Inactive,Male,,,,2,1,1,No,No,25,131.692
D:/Pipefish Mesocosm Film/Trial 5/9-12-20/9-12 AM 02.MTS,4567.16,123,Inactive,Female,,,,2,1,1,No,No,25,131.692
D:/Pipefish Mesocosm Film/Trial 5/9-12-20/9-12 AM 02.MTS,4790.57,3.508,Wiggle,Female,Active wiggle,Male,2,,,,,,26,30.189
D:/Pipefish Mesocosm Film/Trial 5/9-12-20/9-12 AM 02.MTS,4791.281,23.588,Inactive,Second female,,,,,,,,,26,30.189
D:/Pipefish Mesocosm Film/Trial 5/9-12-20/9-12 AM 02.MTS,4794.079,26.208,Inactive,Female,,,,,,,,,26,30.189
D:/Pipefish Mesocosm Film/Trial 5/9-12-20/9-12 AM 02.MTS,4814.87,2.283,Pose,Second female,S pose,Male,Front,,,,,,26,30.189
D:/Pipefish Mesocosm Film/Trial 5/9-12-20/9-12 AM 02.MTS,4817.154,3.133,Inactive,Second female,,,,,,,,,26,30.189
D:/Pipefish Mesocosm Film/Trial 5/9-12-20/9-12 AM 02.MTS,4956.439,9.493,Wiggle,Female,Active wiggle,Male,2,2,1,1,No,No,27,32.471
D:/Pipefish Mesocosm Film/Trial 5/9-12-20/9-12 AM 02.MTS,4960.139,28.198,Inactive,Male,,,,2,1,1,No,No,27,32.471
D:/Pipefish Mesocosm Film/Trial 5/9-12-20/9-12 AM 02.MTS,4965.933,22.308,Inactive,Female,,,,2,1,1,No,No,27,32.471
D:/Pipefish Mesocosm Film/Trial 5/9-12-20/9-12 AM 02.MTS,5105.594,13.01,Wiggle,Male,Active wiggle,Female,2,2.5,1,1.5,No,No,28,87.539
D:/Pipefish Mesocosm Film/Trial 5/9-12-20/9-12 AM 02.MTS,5107.779,6.078,Inactive,Female,,,,2.5,1,1.5,No,No,28,87.539
D:/Pipefish Mesocosm Film/Trial 5/9-12-20/9-12 AM 02.MTS,5113.858,6.167,Pose,Female,S pose,Male,Front,2.5,1,1.5,No,No,28,87.539
D:/Pipefish Mesocosm Film/Trial 5/9-12-20/9-12 AM 02.MTS,5118.605,29.242,Inactive,Male,,,,2.5,1,1.5,No,No,28,87.539
D:/Pipefish Mesocosm Film/Trial 5/9-12-20/9-12 AM 02.MTS,5120.026,29.341,Inactive,Female,,,,2.5,1,1.5,No,No,28,87.539
D:/Pipefish Mesocosm Film/Trial 5/9-12-20/9-12 AM 02.MTS,5124.014,0,Move away,Female,,,,2.5,1,1.5,No,No,28,87.539
D:/Pipefish Mesocosm Film/Trial 5/9-12-20/9-12 AM 02.MTS,5147.848,8.827,Wiggle,Male,Active wiggle,Female,3,2.5,1,1.5,No,No,28,87.539
D:/Pipefish Mesocosm Film/Trial 5/9-12-20/9-12 AM 02.MTS,5149.368,5.504,Pose,Female,S pose,Male,Front,2.5,1,1.5,No,No,28,87.539
D:/Pipefish Mesocosm Film/Trial 5/9-12-20/9-12 AM 02.MTS,5154.873,36.361,Inactive,Female,,,,2.5,1,1.5,No,No,28,87.539
D:/Pipefish Mesocosm Film/Trial 5/9-12-20/9-12 AM 02.MTS,5156.676,34.558,Inactive,Male,,,,2.5,1,1.5,No,No,28,87.539
D:/Pipefish Mesocosm Film/Trial 5/9-12-20/9-12 AM 02.MTS,5159.428,0,Move away,Female,,,,2.5,1,1.5,No,No,28,87.539
D:/Pipefish Mesocosm Film/Trial 5/9-12-20/9-12 AM 02.MTS,5345.52,7.788,Wiggle,Male,Active wiggle,Female,2,2,1,1,No,No,29,31.714
D:/Pipefish Mesocosm Film/Trial 5/9-12-20/9-12 AM 02.MTS,5348.654,26.303,Inactive,Female,,,,2,1,1,No,No,29,31.714
D:/Pipefish Mesocosm Film/Trial 5/9-12-20/9-12 AM 02.MTS,5353.309,21.648,Inactive,Male,,,,2,1,1,No,No,29,31.714
D:/Pipefish Mesocosm Film/Trial 5/9-12-20/9-12 AM 02.MTS,5358.432,0,Move away,Female,,,,2,1,1,No,No,29,31.714
D:/Pipefish Mesocosm Film/Trial 5/9-12-20/9-12 AM 02.MTS,5511.96,8.639,Wiggle,Female,Active wiggle,Male,2,2,1,1,No,No,30,27.345
D:/Pipefish Mesocosm Film/Trial 5/9-12-20/9-12 AM 02.MTS,5512.151,26.679,Inactive,Male,,,,2,1,1,No,No,30,27.345
D:/Pipefish Mesocosm Film/Trial 5/9-12-20/9-12 AM 02.MTS,5520.6,18.23,Inactive,Female,,,,2,1,1,No,No,30,27.345
D:/Pipefish Mesocosm Film/Trial 5/9-12-20/9-12 AM 02.MTS,5658.744,3.512,Wiggle,Male,Active wiggle,Female,3,3.125,1.176470588,1.948529412,No,No,31,593.789
D:/Pipefish Mesocosm Film/Trial 5/9-12-20/9-12 AM 02.MTS,5659.031,15.472,Inactive,Female,,,,3.125,1.176470588,1.948529412,No,No,31,593.789
D:/Pipefish Mesocosm Film/Trial 5/9-12-20/9-12 AM 02.MTS,5662.257,11.487,Inactive,Male,,,,3.125,1.176470588,1.948529412,No,No,31,593.789
D:/Pipefish Mesocosm Film/Trial 5/9-12-20/9-12 AM 02.MTS,5673.745,3.894,Wiggle,Male,Active wiggle,Female,2,3.125,1.176470588,1.948529412,No,No,31,593.789
D:/Pipefish Mesocosm Film/Trial 5/9-12-20/9-12 AM 02.MTS,5674.504,5.318,Pose,Female,S pose,Male,Front,3.125,1.176470588,1.948529412,No,No,31,593.789
D:/Pipefish Mesocosm Film/Trial 5/9-12-20/9-12 AM 02.MTS,5677.64,18.325,Inactive,Male,,,,3.125,1.176470588,1.948529412,No,No,31,593.789
D:/Pipefish Mesocosm Film/Trial 5/9-12-20/9-12 AM 02.MTS,5679.823,49.466,Inactive,Female,,,,3.125,1.176470588,1.948529412,No,No,31,593.789
D:/Pipefish Mesocosm Film/Trial 5/9-12-20/9-12 AM 02.MTS,5695.966,5.412,Wiggle,Male,Active wiggle,Female,2,3.125,1.176470588,1.948529412,No,No,31,593.789
D:/Pipefish Mesocosm Film/Trial 5/9-12-20/9-12 AM 02.MTS,5701.379,27.06,Inactive,Male,,,,3.125,1.176470588,1.948529412,No,No,31,593.789
D:/Pipefish Mesocosm Film/Trial 5/9-12-20/9-12 AM 03.MTS,5728.44,10.724,Wiggle,Male,Active wiggle,Female,3,3.125,1.176470588,1.948529412,No,No,31,593.789
D:/Pipefish Mesocosm Film/Trial 5/9-12-20/9-12 AM 03.MTS,5729.009,11.581,Pose,Second female,S pose,Male,Front,3.125,1.176470588,1.948529412,No,No,31,593.789
D:/Pipefish Mesocosm Film/Trial 5/9-12-20/9-12 AM 03.MTS,5729.29,4.842,Pose,Female,S pose,Female,Front,3.125,1.176470588,1.948529412,No,No,31,593.789
D:/Pipefish Mesocosm Film/Trial 5/9-12-20/9-12 AM 03.MTS,5734.133,75.292,Inactive,Female,,,,3.125,1.176470588,1.948529412,No,No,31,593.789
D:/Pipefish Mesocosm Film/Trial 5/9-12-20/9-12 AM 03.MTS,5739.165,67.314,Inactive,Male,,,,3.125,1.176470588,1.948529412,No,No,31,593.789
D:/Pipefish Mesocosm Film/Trial 5/9-12-20/9-12 AM 03.MTS,5740.591,7.404,Inactive,Second female,,,,3.125,1.176470588,1.948529412,No,No,31,593.789
D:/Pipefish Mesocosm Film/Trial 5/9-12-20/9-12 AM 03.MTS,5747.995,0,Leave group,Second female,,,,3.125,1.176470588,1.948529412,No,No,31,593.789
D:/Pipefish Mesocosm Film/Trial 5/9-12-20/9-12 AM 03.MTS,5806.48,2.375,Wiggle,Male,Active wiggle,Female,3,3.125,1.176470588,1.948529412,No,No,31,593.789
D:/Pipefish Mesocosm Film/Trial 5/9-12-20/9-12 AM 03.MTS,5808.856,33.703,Inactive,Male,,,,3.125,1.176470588,1.948529412,No,No,31,593.789
D:/Pipefish Mesocosm Film/Trial 5/9-12-20/9-12 AM 03.MTS,5809.426,12.532,Pose,Female,S pose,Male,Front,3.125,1.176470588,1.948529412,No,No,31,593.789
D:/Pipefish Mesocosm Film/Trial 5/9-12-20/9-12 AM 03.MTS,5821.959,49.273,Inactive,Female,,,,3.125,1.176470588,1.948529412,No,No,31,593.789
D:/Pipefish Mesocosm Film/Trial 5/9-12-20/9-12 AM 03.MTS,5842.56,1.422,Wiggle,Male,Active wiggle,Female,3,3.125,1.176470588,1.948529412,No,No,31,593.789
D:/Pipefish Mesocosm Film/Trial 5/9-12-20/9-12 AM 03.MTS,5843.983,23.641,Inactive,Male,,,,3.125,1.176470588,1.948529412,No,No,31,593.789
D:/Pipefish Mesocosm Film/Trial 5/9-12-20/9-12 AM 03.MTS,5867.625,8.166,Wiggle,Male,Active wiggle,Female,2,3.125,1.176470588,1.948529412,No,No,31,593.789
D:/Pipefish Mesocosm Film/Trial 5/9-12-20/9-12 AM 03.MTS,5871.233,4.747,Pose,Female,S pose,Male,Front,3.125,1.176470588,1.948529412,No,No,31,593.789
D:/Pipefish Mesocosm Film/Trial 5/9-12-20/9-12 AM 03.MTS,5875.792,20.981,Inactive,Male,,,,3.125,1.176470588,1.948529412,No,No,31,593.789
D:/Pipefish Mesocosm Film/Trial 5/9-12-20/9-12 AM 03.MTS,5875.981,15.667,Inactive,Female,,,,3.125,1.176470588,1.948529412,No,No,31,593.789
D:/Pipefish Mesocosm Film/Trial 5/9-12-20/9-12 AM 03.MTS,5891.649,9.018,Pose,Second female,S pose,Male,Front,3.125,1.176470588,1.948529412,No,No,31,593.789
D:/Pipefish Mesocosm Film/Trial 5/9-12-20/9-12 AM 03.MTS,5896.774,3.989,Wiggle,Male,Active wiggle,Female,4,3.125,1.176470588,1.948529412,No,No,31,593.789
D:/Pipefish Mesocosm Film/Trial 5/9-12-20/9-12 AM 03.MTS,5900.668,60.763,Inactive,Second female,,,,3.125,1.176470588,1.948529412,No,No,31,593.789
D:/Pipefish Mesocosm Film/Trial 5/9-12-20/9-12 AM 03.MTS,5900.764,90.292,Inactive,Male,,,,3.125,1.176470588,1.948529412,No,No,31,593.789
D:/Pipefish Mesocosm Film/Trial 5/9-12-20/9-12 AM 03.MTS,5991.057,4.837,Wiggle,Male,Subtle wiggle,Female,4,3.125,1.176470588,1.948529412,No,No,31,593.789
D:/Pipefish Mesocosm Film/Trial 5/9-12-20/9-12 AM 03.MTS,5995.895,3.706,Inactive,Male,,,,3.125,1.176470588,1.948529412,No,No,31,593.789
D:/Pipefish Mesocosm Film/Trial 5/9-12-20/9-12 AM 03.MTS,5999.602,2.182,Wiggle,Male,Active wiggle,Female,2,3.125,1.176470588,1.948529412,No,No,31,593.789
D:/Pipefish Mesocosm Film/Trial 5/9-12-20/9-12 AM 03.MTS,5999.693,7.788,Pose,Female,S pose,Female,Front,3.125,1.176470588,1.948529412,No,No,31,593.789
D:/Pipefish Mesocosm Film/Trial 5/9-12-20/9-12 AM 03.MTS,6001.785,3.607,Inactive,Male,,,,3.125,1.176470588,1.948529412,No,No,31,593.789
D:/Pipefish Mesocosm Film/Trial 5/9-12-20/9-12 AM 03.MTS,6005.393,5.031,Wiggle,Male,Active wiggle,Female,3,3.125,1.176470588,1.948529412,No,No,31,593.789
D:/Pipefish Mesocosm Film/Trial 5/9-12-20/9-12 AM 03.MTS,6007.482,20.504,Inactive,Female,,,,3.125,1.176470588,1.948529412,No,No,31,593.789
D:/Pipefish Mesocosm Film/Trial 5/9-12-20/9-12 AM 03.MTS,6010.425,72.349,Inactive,Male,,,,3.125,1.176470588,1.948529412,No,No,31,593.789
D:/Pipefish Mesocosm Film/Trial 5/9-12-20/9-12 AM 03.MTS,6027.987,4.176,Wiggle,Second female,Active wiggle,Male,4,3.125,1.176470588,1.948529412,No,No,31,593.789
D:/Pipefish Mesocosm Film/Trial 5/9-12-20/9-12 AM 03.MTS,6032.164,30.955,Inactive,Second female,,,,3.125,1.176470588,1.948529412,No,No,31,593.789
D:/Pipefish Mesocosm Film/Trial 5/9-12-20/9-12 AM 03.MTS,6063.974,0,Leave group,Second female,,,,3.125,1.176470588,1.948529412,No,No,31,593.789
D:/Pipefish Mesocosm Film/Trial 5/9-12-20/9-12 AM 03.MTS,6082.775,2.656,Wiggle,Male,Active wiggle,Female,3,3.125,1.176470588,1.948529412,No,No,31,593.789
D:/Pipefish Mesocosm Film/Trial 5/9-12-20/9-12 AM 03.MTS,6085.432,48.894,Inactive,Male,,,,3.125,1.176470588,1.948529412,No,No,31,593.789
D:/Pipefish Mesocosm Film/Trial 5/9-12-20/9-12 AM 03.MTS,6118.566,2.466,Pose,Female,Non-s pose,Male,Front,3.125,1.176470588,1.948529412,No,No,31,593.789
D:/Pipefish Mesocosm Film/Trial 5/9-12-20/9-12 AM 03.MTS,6121.033,129.315,Inactive,Female,,,,3.125,1.176470588,1.948529412,No,No,31,593.789
D:/Pipefish Mesocosm Film/Trial 5/9-12-20/9-12 AM 03.MTS,6134.327,3.607,Wiggle,Male,Active wiggle,Female,2,3.125,1.176470588,1.948529412,No,No,31,593.789
D:/Pipefish Mesocosm Film/Trial 5/9-12-20/9-12 AM 03.MTS,6137.935,112.509,Inactive,Male,,,,3.125,1.176470588,1.948529412,No,No,31,593.789
D:/Pipefish Mesocosm Film/Trial 5/9-12-20/9-12 AM 03.MTS,6306.176,5.888,Wiggle,Female,Subtle wiggle,Female,2,,,,,,32,43.391
D:/Pipefish Mesocosm Film/Trial 5/9-12-20/9-12 AM 03.MTS,6309.882,3.702,Pose,Second female,S pose,Female,Front,,,,,,32,43.391
D:/Pipefish Mesocosm Film/Trial 5/9-12-20/9-12 AM 03.MTS,6312.065,2.846,Pose,Female,S pose,Female,Front,,,,,,32,43.391
D:/Pipefish Mesocosm Film/Trial 5/9-12-20/9-12 AM 03.MTS,6313.585,35.416,Inactive,Second female,,,,,,,,,32,43.391
D:/Pipefish Mesocosm Film/Trial 5/9-12-20/9-12 AM 03.MTS,6314.912,3.421,Wiggle,Female,Active wiggle,Female,2,,,,,,32,43.391
D:/Pipefish Mesocosm Film/Trial 5/9-12-20/9-12 AM 03.MTS,6318.334,7.59,Out of sight,Female,,,,,,,,,32,43.391
D:/Pipefish Mesocosm Film/Trial 5/9-12-20/9-12 AM 03.MTS,6325.925,23.076,Inactive,Female,,,,,,,,,32,43.391
D:/Pipefish Mesocosm Film/Trial 5/9-12-20/9-12 AM 03.MTS,6418.97,6.173,Pose,Female,S pose,Female,Front,2,1,1,No,No,33,35.418
D:/Pipefish Mesocosm Film/Trial 5/9-12-20/9-12 AM 03.MTS,6422.106,2.275,Pose,Second female,S pose,Female,Front,2,1,1,No,No,33,35.418
D:/Pipefish Mesocosm Film/Trial 5/9-12-20/9-12 AM 03.MTS,6424.382,4.181,Swim away,Second female,,,,2,1,1,No,No,33,35.418
D:/Pipefish Mesocosm Film/Trial 5/9-12-20/9-12 AM 03.MTS,6425.144,3.1,Chasing,Female,,,,2,1,1,No,No,33,35.418
D:/Pipefish Mesocosm Film/Trial 5/9-12-20/9-12 AM 03.MTS,6428.245,21.584,Inactive,Female,,,,2,1,1,No,No,33,35.418
D:/Pipefish Mesocosm Film/Trial 5/9-12-20/9-12 AM 03.MTS,6428.564,20.127,Inactive,Second female,,,,2,1,1,No,No,33,35.418
D:/Pipefish Mesocosm Film/Trial 5/9-12-20/9-12 AM 03.MTS,6507.937,54.971,Inactive,Male,,,,2,1,1,No,No,34,56.393
D:/Pipefish Mesocosm Film/Trial 5/9-12-20/9-12 AM 03.MTS,6509.362,2.084,Pose,Female,S pose,Male,Front,2,1,1,No,No,34,56.393
D:/Pipefish Mesocosm Film/Trial 5/9-12-20/9-12 AM 03.MTS,6511.447,6.456,Wiggle,Female,Active wiggle,Male,2,2,1,1,No,No,34,56.393
D:/Pipefish Mesocosm Film/Trial 5/9-12-20/9-12 AM 03.MTS,6517.904,44.245,Inactive,Female,,,,2,1,1,No,No,34,56.393
D:/Pipefish Mesocosm Film/Trial 5/9-12-20/9-12 AM 03.MTS,6720.136,5.413,Wiggle,Male,Active wiggle,Female,2,2,1,1,No,No,35,51.27
D:/Pipefish Mesocosm Film/Trial 5/9-12-20/9-12 AM 03.MTS,6720.902,4.171,Pose,Female,S pose,Male,Front,2,1,1,No,No,35,51.27
D:/Pipefish Mesocosm Film/Trial 5/9-12-20/9-12 AM 03.MTS,6725.074,2.849,Wiggle,Female,Active wiggle,Male,2,2,1,1,No,No,35,51.27
D:/Pipefish Mesocosm Film/Trial 5/9-12-20/9-12 AM 03.MTS,6725.55,15.098,Inactive,Male,,,,2,1,1,No,No,35,51.27
D:/Pipefish Mesocosm Film/Trial 5/9-12-20/9-12 AM 03.MTS,6727.924,43.481,Inactive,Female,,,,2,1,1,No,No,35,51.27
D:/Pipefish Mesocosm Film/Trial 5/9-12-20/9-12 AM 03.MTS,6736.963,0,Move away,Male,,,,2,1,1,No,No,35,51.27
D:/Pipefish Mesocosm Film/Trial 5/9-12-20/9-12 AM 03.MTS,6740.649,2.18,Wiggle,Male,Active wiggle,Female,2,2,1,1,No,No,35,51.27
D:/Pipefish Mesocosm Film/Trial 5/9-12-20/9-12 AM 03.MTS,6742.448,28.957,Inactive,Second female,,,,2,1,1,No,No,35,51.27
D:/Pipefish Mesocosm Film/Trial 5/9-12-20/9-12 AM 03.MTS,6742.83,28.575,Inactive,Male,,,,2,1,1,No,No,35,51.27
D:/Pipefish Mesocosm Film/Trial 5/9-12-20/9-12 AM 03.MTS,6771.407,3.419,Wiggle,Female,Active wiggle,Male,2,2,1,1,No,No,36,71.4
D:/Pipefish Mesocosm Film/Trial 5/9-12-20/9-12 AM 03.MTS,6773.876,68.364,Inactive,Male,,,,2,1,1,No,No,36,71.4
D:/Pipefish Mesocosm Film/Trial 5/9-12-20/9-12 AM 03.MTS,6774.827,67.413,Inactive,Female,,,,2,1,1,No,No,36,71.4
D:/Pipefish Mesocosm Film/Trial 5/9-12-20/9-12 AM 03.MTS,6917.242,5.795,Wiggle,Male,Active wiggle,Female,2,2,1,1,No,No,37,18.134
D:/Pipefish Mesocosm Film/Trial 5/9-12-20/9-12 AM 03.MTS,6920.661,13.864,Inactive,Female,,,,2,1,1,No,No,37,18.134
D:/Pipefish Mesocosm Film/Trial 5/9-12-20/9-12 AM 03.MTS,6923.038,11.676,Inactive,Male,,,,2,1,1,No,No,37,18.134
D:/Pipefish Mesocosm Film/Trial 5/9-12-20/9-12 AM 03.MTS,6972.026,3.611,Wiggle,Male,Active wiggle,Female,2,2,1,1,No,No,38,62.478
D:/Pipefish Mesocosm Film/Trial 5/9-12-20/9-12 AM 03.MTS,6975.638,58.2,Inactive,Male,,,,2,1,1,No,No,38,62.478
D:/Pipefish Mesocosm Film/Trial 5/9-12-20/9-12 AM 03.MTS,6975.727,6.174,Wiggle,Female,Active wiggle,Male,2,2,1,1,No,No,38,62.478
D:/Pipefish Mesocosm Film/Trial 5/9-12-20/9-12 AM 03.MTS,6981.902,7.593,Inactive,Female,,,,2,1,1,No,No,38,62.478
D:/Pipefish Mesocosm Film/Trial 5/9-12-20/9-12 AM 03.MTS,6989.496,3.987,Swim away,Female,,,,2,1,1,No,No,38,62.478
D:/Pipefish Mesocosm Film/Trial 5/9-12-20/9-12 AM 03.MTS,6993.484,39.876,Inactive,Female,,,,2,1,1,No,No,38,62.478
D:/Pipefish Mesocosm Film/Trial 5/9-12-20/9-12 AM 03.MTS,7071.149,6.649,Wiggle,Male,Active wiggle,Female,2,2.6,1,1.6,No,Yes,39,163.168
D:/Pipefish Mesocosm Film/Trial 5/9-12-20/9-12 AM 03.MTS,7072.668,5.41,Inactive,Female,,,,2.6,1,1.6,No,Yes,39,163.168
D:/Pipefish Mesocosm Film/Trial 5/9-12-20/9-12 AM 03.MTS,7077.799,27.721,Inactive,Male,,,,2.6,1,1.6,No,Yes,39,163.168
D:/Pipefish Mesocosm Film/Trial 5/9-12-20/9-12 AM 03.MTS,7078.079,1.803,Pose,Female,S pose,Male,Front,2.6,1,1.6,No,Yes,39,163.168
D:/Pipefish Mesocosm Film/Trial 5/9-12-20/9-12 AM 03.MTS,7079.883,5.127,Wiggle,Female,Active wiggle,Male,3,2.6,1,1.6,No,Yes,39,163.168
D:/Pipefish Mesocosm Film/Trial 5/9-12-20/9-12 AM 03.MTS,7085.011,96.654,Inactive,Female,,,,2.6,1,1.6,No,Yes,39,163.168
D:/Pipefish Mesocosm Film/Trial 5/9-12-20/9-12 AM 03.MTS,7087.099,0,Move away,Female,,,,2.6,1,1.6,No,Yes,39,163.168
D:/Pipefish Mesocosm Film/Trial 5/9-12-20/9-12 AM 03.MTS,7105.521,3.227,Wiggle,Male,Subtle wiggle,Female,3,2.6,1,1.6,No,Yes,39,163.168
D:/Pipefish Mesocosm Film/Trial 5/9-12-20/9-12 AM 03.MTS,7108.749,57.532,Inactive,Male,,,,2.6,1,1.6,No,Yes,39,163.168
D:/Pipefish Mesocosm Film/Trial 5/9-12-20/9-12 AM 03.MTS,7115.583,0,Touch,Second female,,,,2.6,1,1.6,No,Yes,39,163.168
D:/Pipefish Mesocosm Film/Trial 5/9-12-20/9-12 AM 03.MTS,7116.248,0,Move away,Female,,,,2.6,1,1.6,No,Yes,39,163.168
D:/Pipefish Mesocosm Film/Trial 5/9-12-20/9-12 AM 03.MTS,7166.282,2.851,Wiggle,Male,Active wiggle,Female,3,2.6,1,1.6,No,Yes,39,163.168
D:/Pipefish Mesocosm Film/Trial 5/9-12-20/9-12 AM 03.MTS,7169.134,13.478,Inactive,Male,,,,2.6,1,1.6,No,Yes,39,163.168
D:/Pipefish Mesocosm Film/Trial 5/9-12-20/9-12 AM 03.MTS,7181.666,6.93,Pose,Female,S pose,Male,Front,2.6,1,1.6,No,Yes,39,163.168
D:/Pipefish Mesocosm Film/Trial 5/9-12-20/9-12 AM 03.MTS,7182.613,4.085,Wiggle,Male,Active wiggle,Female,2,2.6,1,1.6,No,Yes,39,163.168
D:/Pipefish Mesocosm Film/Trial 5/9-12-20/9-12 AM 03.MTS,7186.699,4.745,Inactive,Male,,,,2.6,1,1.6,No,Yes,39,163.168
D:/Pipefish Mesocosm Film/Trial 5/9-12-20/9-12 AM 03.MTS,7188.597,3.607,Inactive,Female,,,,2.6,1,1.6,No,Yes,39,163.168
D:/Pipefish Mesocosm Film/Trial 5/9-12-20/9-12 AM 03.MTS,7191.445,15.188,Surrounding,Male,,,,2.6,1,1.6,No,Yes,39,163.168
D:/Pipefish Mesocosm Film/Trial 5/9-12-20/9-12 AM 03.MTS,7192.205,2.466,Swim away,Female,,,,2.6,1,1.6,No,Yes,39,163.168
D:/Pipefish Mesocosm Film/Trial 5/9-12-20/9-12 AM 03.MTS,7194.672,6.93,Inactive,Female,,,,2.6,1,1.6,No,Yes,39,163.168
D:/Pipefish Mesocosm Film/Trial 5/9-12-20/9-12 AM 03.MTS,7201.603,4.558,Swim away,Female,,,,2.6,1,1.6,No,Yes,39,163.168
D:/Pipefish Mesocosm Film/Trial 5/9-12-20/9-12 AM 03.MTS,7206.162,21.076,Inactive,Female,,,,2.6,1,1.6,No,Yes,39,163.168
D:/Pipefish Mesocosm Film/Trial 5/9-12-20/9-12 AM 03.MTS,7206.634,26.735,Inactive,Male,,,,2.6,1,1.6,No,Yes,39,163.168
D:/Pipefish Mesocosm Film/Trial 5/9-12-20/9-12 AM 03.MTS,7227.239,5.391,Pose,Female,S pose,Male,Front,2.6,1,1.6,No,Yes,39,163.168
D:/Pipefish Mesocosm Film/Trial 5/9-12-20/9-12 AM 03.MTS,7232.631,0.738,Inactive,Female,,,,2.6,1,1.6,No,Yes,39,163.168
