media_file_path,time_in_video,Duration,behavior,subject,modifier_1,modifier_2,modifier_3,Group size,Female,Male,Chasing_end,Chase_present,courtship_events,total_time_of_courtship
D:/Pipefish Mesocosm Film/Trial 4/6-12-20/6-12 AM 03.MTS,669.025,48.422,Inactive,Female,,,,2,1,1,No,No,1,48.71
D:/Pipefish Mesocosm Film/Trial 4/6-12-20/6-12 AM 03.MTS,669.025,1.517,Wiggle,Male,Active wiggle,Female,2,2,1,1,No,No,1,48.71
D:/Pipefish Mesocosm Film/Trial 4/6-12-20/6-12 AM 03.MTS,670.543,3.892,Inactive,Male,,,,2,1,1,No,No,1,48.71
D:/Pipefish Mesocosm Film/Trial 4/6-12-20/6-12 AM 03.MTS,674.436,2.278,Wiggle,Male,Active wiggle,Female,2,2,1,1,No,No,1,48.71
D:/Pipefish Mesocosm Film/Trial 4/6-12-20/6-12 AM 03.MTS,676.715,41.015,Inactive,Male,,,,2,1,1,No,No,1,48.71
D:/Pipefish Mesocosm Film/Trial 4/6-12-20/6-12 AM 03.MTS,688.739,0,Move away,Female,,,,2,1,1,No,No,1,48.71
D:/Pipefish Mesocosm Film/Trial 4/6-12-20/6-12 AM 03.MTS,700.261,0,Move away,Male,,,,2,1,1,No,No,1,48.71
D:/Pipefish Mesocosm Film/Trial 4/6-12-20/6-12 AM 03.MTS,838.785,96.367,Inactive,Female,,,,2,1,1,No,No,2,98.933
D:/Pipefish Mesocosm Film/Trial 4/6-12-20/6-12 AM 03.MTS,839.355,3.417,Inactive,Male,,,,2,1,1,No,No,2,98.933
D:/Pipefish Mesocosm Film/Trial 4/6-12-20/6-12 AM 03.MTS,842.773,3.891,Wiggle,Male,Active wiggle,Female,2,2,1,1,No,No,2,98.933
D:/Pipefish Mesocosm Film/Trial 4/6-12-20/6-12 AM 03.MTS,846.665,88.487,Inactive,Male,,,,2,1,1,No,No,2,98.933
D:/Pipefish Mesocosm Film/Trial 4/6-12-20/6-12 AM 03.MTS,859.862,0,Move away,Male,,,,2,1,1,No,No,2,98.933
D:/Pipefish Mesocosm Film/Trial 4/6-12-20/6-12 AM 03.MTS,930.881,0,Move away,Female,,,,2,1,1,No,No,2,98.933
D:/Pipefish Mesocosm Film/Trial 4/6-12-20/6-12 AM 03.MTS,1038.074,30.002,Inactive,Female,,,,2,1,1,No,No,3,97.606
D:/Pipefish Mesocosm Film/Trial 4/6-12-20/6-12 AM 03.MTS,1038.55,3.418,Wiggle,Male,Active wiggle,Female,2,2,1,1,No,No,3,97.606
D:/Pipefish Mesocosm Film/Trial 4/6-12-20/6-12 AM 03.MTS,1041.969,91.43,Inactive,Male,,,,2,1,1,No,No,3,97.606
D:/Pipefish Mesocosm Film/Trial 4/6-12-20/6-12 AM 03.MTS,1054.31,0,Move away,Female,,,,2,1,1,No,No,3,97.606
D:/Pipefish Mesocosm Film/Trial 4/6-12-20/6-12 AM 03.MTS,1055.354,0,Touch,Male,,,,2,1,1,No,No,3,97.606
D:/Pipefish Mesocosm Film/Trial 4/6-12-20/6-12 AM 03.MTS,1058.869,0,Move away,Female,,,,2,1,1,No,No,3,97.606
D:/Pipefish Mesocosm Film/Trial 4/6-12-20/6-12 AM 03.MTS,1062.191,0,Follow,Male,,,,2,1,1,No,No,3,97.606
D:/Pipefish Mesocosm Film/Trial 4/6-12-20/6-12 AM 03.MTS,1068.077,4.652,Wiggle,Female,Active wiggle,Male,2,2,1,1,No,No,3,97.606
D:/Pipefish Mesocosm Film/Trial 4/6-12-20/6-12 AM 03.MTS,1072.73,9.208,Pose,Female,Non-s pose,Male,Front,2,1,1,No,No,3,97.606
D:/Pipefish Mesocosm Film/Trial 4/6-12-20/6-12 AM 03.MTS,1081.939,50.791,Inactive,Female,,,,2,1,1,No,No,3,97.606
D:/Pipefish Mesocosm Film/Trial 4/6-12-20/6-12 AM 03.MTS,1092.859,0,Move away,Female,,,,2,1,1,No,No,3,97.606
D:/Pipefish Mesocosm Film/Trial 4/6-12-20/6-12 AM 03.MTS,1103.111,0,Move away,Female,,,,2,1,1,No,No,3,97.606
D:/Pipefish Mesocosm Film/Trial 4/6-12-20/6-12 AM 03.MTS,1120.772,0,Move away,Female,,,,2,1,1,No,No,3,97.606
D:/Pipefish Mesocosm Film/Trial 4/6-12-20/6-12 AM 03.MTS,1123.146,0,Follow,Male,,,,2,1,1,No,No,3,97.606
D:/Pipefish Mesocosm Film/Trial 4/6-12-20/6-12 AM 03.MTS,1416.145,2.279,Inactive,Female,,,,2,1,1,No,No,4,79.188
D:/Pipefish Mesocosm Film/Trial 4/6-12-20/6-12 AM 03.MTS,1416.621,1.993,Wiggle,Male,Subtle wiggle,Female,2,2,1,1,No,No,4,79.188
D:/Pipefish Mesocosm Film/Trial 4/6-12-20/6-12 AM 03.MTS,1418.425,1.138,Pose,Female,Non-s pose,Male,Front,2,1,1,No,No,4,79.188
D:/Pipefish Mesocosm Film/Trial 4/6-12-20/6-12 AM 03.MTS,1418.615,76.051,Inactive,Male,,,,2,1,1,No,No,4,79.188
D:/Pipefish Mesocosm Film/Trial 4/6-12-20/6-12 AM 03.MTS,1419.564,5.031,Wiggle,Female,Active wiggle,Male,2,2,1,1,No,No,4,79.188
D:/Pipefish Mesocosm Film/Trial 4/6-12-20/6-12 AM 03.MTS,1424.596,2.372,Pose,Female,Non-s pose,Male,Front,2,1,1,No,No,4,79.188
D:/Pipefish Mesocosm Film/Trial 4/6-12-20/6-12 AM 03.MTS,1426.969,67.983,Inactive,Female,,,,2,1,1,No,No,4,79.188
D:/Pipefish Mesocosm Film/Trial 4/6-12-20/6-12 AM 03.MTS,1439.979,0,Move away,Male,,,,2,1,1,No,No,4,79.188
D:/Pipefish Mesocosm Film/Trial 4/6-12-20/6-12 AM 03.MTS,1469.602,0,Move away,Male,,,,2,1,1,No,No,4,79.188
