media_file_path,time_in_video,Duration,behavior,subject,modifier_1,modifier_2,modifier_3,Group size,Female,Male,Chasing_end,Chase_present,courtship_events,total_time_of_courtship
D:/Pipefish Mesocosm Film/Trial 4/4-12-20/4-12 AM 01.MTS,92.799,5.509,Wiggle,Male,Active wiggle,Female,3,3.5,1,2.5,No,No,1,113.082
D:/Pipefish Mesocosm Film/Trial 4/4-12-20/4-12 AM 01.MTS,96.313,8.829,Pose,Female,S pose,Male,Front,3.5,1,2.5,No,No,1,113.082
D:/Pipefish Mesocosm Film/Trial 4/4-12-20/4-12 AM 01.MTS,98.309,40.824,Inactive,Male,,,,3.5,1,2.5,No,No,1,113.082
D:/Pipefish Mesocosm Film/Trial 4/4-12-20/4-12 AM 01.MTS,105.143,37.313,Inactive,Female,,,,3.5,1,2.5,No,No,1,113.082
D:/Pipefish Mesocosm Film/Trial 4/4-12-20/4-12 AM 01.MTS,139.134,5.221,Wiggle,Male,Active wiggle,Female,4,3.5,1,2.5,No,No,1,113.082
D:/Pipefish Mesocosm Film/Trial 4/4-12-20/4-12 AM 01.MTS,142.457,4.746,Pose,Female,S pose,Male,Front,3.5,1,2.5,No,No,1,113.082
D:/Pipefish Mesocosm Film/Trial 4/4-12-20/4-12 AM 01.MTS,144.356,60.955,Inactive,Male,,,,3.5,1,2.5,No,No,1,113.082
D:/Pipefish Mesocosm Film/Trial 4/4-12-20/4-12 AM 01.MTS,147.204,58.392,Inactive,Female,,,,3.5,1,2.5,No,No,1,113.082
D:/Pipefish Mesocosm Film/Trial 4/4-12-20/4-12 AM 01.MTS,222.019,3.893,Pose,Female,S pose,Male,Front,3.5,2,1.5,Yes,Yes,2,51.748
D:/Pipefish Mesocosm Film/Trial 4/4-12-20/4-12 AM 01.MTS,222.875,8.449,Inactive,Male,,,,3.5,2,1.5,Yes,Yes,2,51.748
D:/Pipefish Mesocosm Film/Trial 4/4-12-20/4-12 AM 01.MTS,225.913,8.163,Inactive,Female,,,,3.5,2,1.5,Yes,Yes,2,51.748
D:/Pipefish Mesocosm Film/Trial 4/4-12-20/4-12 AM 01.MTS,231.325,41.491,Chasing,Male,,,,3.5,2,1.5,Yes,Yes,2,51.748
D:/Pipefish Mesocosm Film/Trial 4/4-12-20/4-12 AM 01.MTS,234.077,38.739,Swim away,Female,,,,3.5,2,1.5,Yes,Yes,2,51.748
D:/Pipefish Mesocosm Film/Trial 4/4-12-20/4-12 AM 01.MTS,296.931,1.614,Pose,Female,S pose,Male,Front,3.5,2,1.5,No,Yes,3,43.961
D:/Pipefish Mesocosm Film/Trial 4/4-12-20/4-12 AM 01.MTS,296.931,28.864,Surrounding,Male,,,,3.5,2,1.5,No,Yes,3,43.961
D:/Pipefish Mesocosm Film/Trial 4/4-12-20/4-12 AM 01.MTS,298.546,24.685,Inactive,Female,,,,3.5,2,1.5,No,Yes,3,43.961
D:/Pipefish Mesocosm Film/Trial 4/4-12-20/4-12 AM 01.MTS,323.232,2.752,Pose,Female,S pose,Male,Front,3.5,2,1.5,No,Yes,3,43.961
D:/Pipefish Mesocosm Film/Trial 4/4-12-20/4-12 AM 01.MTS,325.796,14.62,Inactive,Male,,,,3.5,2,1.5,No,Yes,3,43.961
D:/Pipefish Mesocosm Film/Trial 4/4-12-20/4-12 AM 01.MTS,325.985,14.621,Inactive,Female,,,,3.5,2,1.5,No,Yes,3,43.961
D:/Pipefish Mesocosm Film/Trial 4/4-12-20/4-12 AM 01.MTS,363.109,4.081,Pose,Female,S pose,Male,Front,7,4,3,No,No,4,71.589
D:/Pipefish Mesocosm Film/Trial 4/4-12-20/4-12 AM 01.MTS,363.109,70.26,Surrounding,Male,,,,7,4,3,No,No,4,71.589
D:/Pipefish Mesocosm Film/Trial 4/4-12-20/4-12 AM 01.MTS,367.191,66.178,Surrounding,Female,,,,7,4,3,No,No,4,71.589
D:/Pipefish Mesocosm Film/Trial 4/4-12-20/4-12 AM 01.MTS,440.869,12.816,Pose,Female,S pose,Male,Front,2,1,1,No,No,5,26.777
D:/Pipefish Mesocosm Film/Trial 4/4-12-20/4-12 AM 01.MTS,440.964,26.205,Inactive,Male,,,,2,1,1,No,No,5,26.777
D:/Pipefish Mesocosm Film/Trial 4/4-12-20/4-12 AM 01.MTS,453.686,13.483,Inactive,Female,,,,2,1,1,No,No,5,26.777
D:/Pipefish Mesocosm Film/Trial 4/4-12-20/4-12 AM 01.MTS,579.968,5.66,Wiggle,Female,Active wiggle,Male,2,2,1,1,No,No,6,16.426
D:/Pipefish Mesocosm Film/Trial 4/4-12-20/4-12 AM 01.MTS,579.968,15.972,Inactive,Male,,,,2,1,1,No,No,6,16.426
D:/Pipefish Mesocosm Film/Trial 4/4-12-20/4-12 AM 01.MTS,585.629,10.311,Inactive,Female,,,,2,1,1,No,No,6,16.426
D:/Pipefish Mesocosm Film/Trial 4/4-12-20/4-12 AM 01.MTS,603.606,2.371,Wiggle,Male,Subtle wiggle,Female,2,2,1,1,No,No,7,38.736
D:/Pipefish Mesocosm Film/Trial 4/4-12-20/4-12 AM 01.MTS,604.936,13.669,Wiggle,Female,Active wiggle,Male,2,2,1,1,No,No,7,38.736
D:/Pipefish Mesocosm Film/Trial 4/4-12-20/4-12 AM 01.MTS,605.978,35.131,Inactive,Male,,,,2,1,1,No,No,7,38.736
D:/Pipefish Mesocosm Film/Trial 4/4-12-20/4-12 AM 01.MTS,618.606,22.88,Inactive,Female,,,,2,1,1,No,No,7,38.736
D:/Pipefish Mesocosm Film/Trial 4/4-12-20/4-12 AM 01.MTS,724.47,7.689,Pose,Female,S pose,Male,Front,2,1,1,No,No,8,43.296
D:/Pipefish Mesocosm Film/Trial 4/4-12-20/4-12 AM 01.MTS,725.42,41.775,Inactive,Male,,,,2,1,1,No,No,8,43.296
D:/Pipefish Mesocosm Film/Trial 4/4-12-20/4-12 AM 01.MTS,732.16,35.035,Inactive,Female,,,,2,1,1,No,No,8,43.296
D:/Pipefish Mesocosm Film/Trial 4/4-12-20/4-12 AM 01.MTS,799.856,4.391,Pose,Female,S pose,Male,Front,2,1,1,No,No,9,103.964
D:/Pipefish Mesocosm Film/Trial 4/4-12-20/4-12 AM 01.MTS,801.376,3.609,Wiggle,Male,Active wiggle,Female,2,2,1,1,No,No,9,103.964
D:/Pipefish Mesocosm Film/Trial 4/4-12-20/4-12 AM 01.MTS,804.248,46.402,Inactive,Female,,,,2,1,1,No,No,9,103.964
D:/Pipefish Mesocosm Film/Trial 4/4-12-20/4-12 AM 01.MTS,804.986,38.543,Inactive,Male,,,,2,1,1,No,No,9,103.964
D:/Pipefish Mesocosm Film/Trial 4/4-12-20/4-12 AM 01.MTS,843.53,4.75,Wiggle,Male,Active wiggle,Female,2,2,1,1,No,No,9,103.964
D:/Pipefish Mesocosm Film/Trial 4/4-12-20/4-12 AM 01.MTS,848.281,54.116,Inactive,Male,,,,2,1,1,No,No,9,103.964
D:/Pipefish Mesocosm Film/Trial 4/4-12-20/4-12 AM 01.MTS,850.651,1.806,Wiggle,Female,Active wiggle,Male,2,2,1,1,No,No,9,103.964
D:/Pipefish Mesocosm Film/Trial 4/4-12-20/4-12 AM 01.MTS,852.458,50.508,Inactive,Female,,,,2,1,1,No,No,9,103.964
D:/Pipefish Mesocosm Film/Trial 4/4-12-20/4-12 AM 01.MTS,926.037,5.032,Wiggle,Female,Active wiggle,Male,2,2,1,1,No,No,10,59.246
D:/Pipefish Mesocosm Film/Trial 4/4-12-20/4-12 AM 01.MTS,926.512,57.725,Inactive,Male,,,,2,1,1,No,No,10,59.246
D:/Pipefish Mesocosm Film/Trial 4/4-12-20/4-12 AM 01.MTS,931.07,53.167,Inactive,Female,,,,2,1,1,No,No,10,59.246
D:/Pipefish Mesocosm Film/Trial 4/4-12-20/4-12 AM 01.MTS,1015.854,4.367,Wiggle,Male,Active wiggle,Female,3,3,1,2,No,No,11,147.827
D:/Pipefish Mesocosm Film/Trial 4/4-12-20/4-12 AM 01.MTS,1016.234,53.836,Inactive,Female,,,,3,1,2,No,No,11,147.827
D:/Pipefish Mesocosm Film/Trial 4/4-12-20/4-12 AM 01.MTS,1020.222,16.05,Inactive,Male,,,,3,1,2,No,No,11,147.827
D:/Pipefish Mesocosm Film/Trial 4/4-12-20/4-12 AM 01.MTS,1036.273,3.697,Wiggle,Male,Active wiggle,Female,3,3,1,2,No,No,11,147.827
D:/Pipefish Mesocosm Film/Trial 4/4-12-20/4-12 AM 01.MTS,1039.971,9.97,Inactive,Male,,,,3,1,2,No,No,11,147.827
D:/Pipefish Mesocosm Film/Trial 4/4-12-20/4-12 AM 01.MTS,1049.942,2.275,Wiggle,Male,Active wiggle,Female,3,3,1,2,No,No,11,147.827
D:/Pipefish Mesocosm Film/Trial 4/4-12-20/4-12 AM 01.MTS,1052.218,27.915,Inactive,Male,,,,3,1,2,No,No,11,147.827
D:/Pipefish Mesocosm Film/Trial 4/4-12-20/4-12 AM 01.MTS,1070.071,6.549,Pose,Female,S pose,Male,Front,3,1,2,No,No,11,147.827
D:/Pipefish Mesocosm Film/Trial 4/4-12-20/4-12 AM 01.MTS,1076.621,32.184,Inactive,Female,,,,3,1,2,No,No,11,147.827
D:/Pipefish Mesocosm Film/Trial 4/4-12-20/4-12 AM 01.MTS,1080.134,3.321,Wiggle,Male,Active wiggle,Female,3,3,1,2,No,No,11,147.827
D:/Pipefish Mesocosm Film/Trial 4/4-12-20/4-12 AM 01.MTS,1083.456,21.172,Inactive,Male,,,,3,1,2,No,No,11,147.827
D:/Pipefish Mesocosm Film/Trial 4/4-12-20/4-12 AM 01.MTS,1104.629,4.082,Wiggle,Male,Active wiggle,Female,33,3,1,2,No,No,11,147.827
D:/Pipefish Mesocosm Film/Trial 4/4-12-20/4-12 AM 01.MTS,1108.712,12.817,Inactive,Male,,,,3,1,2,No,No,11,147.827
D:/Pipefish Mesocosm Film/Trial 4/4-12-20/4-12 AM 01.MTS,1108.806,4.747,Pose,Female,S pose,Male,Front,3,1,2,No,No,11,147.827
D:/Pipefish Mesocosm Film/Trial 4/4-12-20/4-12 AM 01.MTS,1113.554,49.087,Inactive,Female,,,,3,1,2,No,No,11,147.827
D:/Pipefish Mesocosm Film/Trial 4/4-12-20/4-12 AM 01.MTS,1121.53,4.459,Wiggle,Male,Active wiggle,Female,3,3,1,2,No,No,11,147.827
D:/Pipefish Mesocosm Film/Trial 4/4-12-20/4-12 AM 01.MTS,1125.99,36.934,Inactive,Male,,,,3,1,2,No,No,11,147.827
D:/Pipefish Mesocosm Film/Trial 4/4-12-20/4-12 AM 01.MTS,1164.73,7.879,Pose,Female,Non-s pose,Male,Front,2.684210526,1,1.68,No,No,12,821.012
D:/Pipefish Mesocosm Film/Trial 4/4-12-20/4-12 AM 01.MTS,1169.192,34.748,Inactive,Male,,,,2.684210526,1,1.68,No,No,12,821.012
D:/Pipefish Mesocosm Film/Trial 4/4-12-20/4-12 AM 01.MTS,1172.61,68.549,Inactive,Female,,,,2.684210526,1,1.68,No,No,12,821.012
D:/Pipefish Mesocosm Film/Trial 4/4-12-20/4-12 AM 01.MTS,1203.941,2.849,Wiggle,Male,Active wiggle,Male,4,2.684210526,1,1.68,No,No,12,821.012
D:/Pipefish Mesocosm Film/Trial 4/4-12-20/4-12 AM 01.MTS,1206.791,28.575,Inactive,Male,,,,2.684210526,1,1.68,No,No,12,821.012
D:/Pipefish Mesocosm Film/Trial 4/4-12-20/4-12 AM 01.MTS,1235.367,2.468,Wiggle,Male,Active wiggle,Female,2,2.684210526,1,1.68,No,No,12,821.012
D:/Pipefish Mesocosm Film/Trial 4/4-12-20/4-12 AM 01.MTS,1237.836,10.824,Inactive,Male,,,,2.684210526,1,1.68,No,No,12,821.012
D:/Pipefish Mesocosm Film/Trial 4/4-12-20/4-12 AM 01.MTS,1241.16,16.806,Pose,Female,S pose,Male,Front,2.684210526,1,1.68,No,No,12,821.012
D:/Pipefish Mesocosm Film/Trial 4/4-12-20/4-12 AM 01.MTS,1248.661,7.118,Wiggle,Male,Active wiggle,Female,3,2.684210526,1,1.68,No,No,12,821.012
D:/Pipefish Mesocosm Film/Trial 4/4-12-20/4-12 AM 01.MTS,1255.78,39.119,Inactive,Male,,,,2.684210526,1,1.68,No,No,12,821.012
D:/Pipefish Mesocosm Film/Trial 4/4-12-20/4-12 AM 01.MTS,1257.967,38.926,Inactive,Female,,,,2.684210526,1,1.68,No,No,12,821.012
D:/Pipefish Mesocosm Film/Trial 4/4-12-20/4-12 AM 01.MTS,1294.9,3.604,Wiggle,Male,Active wiggle,Female,5,2.684210526,1,1.68,No,No,12,821.012
D:/Pipefish Mesocosm Film/Trial 4/4-12-20/4-12 AM 01.MTS,1296.894,3.985,Pose,Female,Non-s pose,Male,Back,2.684210526,1,1.68,No,No,12,821.012
D:/Pipefish Mesocosm Film/Trial 4/4-12-20/4-12 AM 01.MTS,1298.505,59.344,Inactive,Male,,,,2.684210526,1,1.68,No,No,12,821.012
D:/Pipefish Mesocosm Film/Trial 4/4-12-20/4-12 AM 01.MTS,1300.88,19.94,Inactive,Female,,,,2.684210526,1,1.68,No,No,12,821.012
D:/Pipefish Mesocosm Film/Trial 4/4-12-20/4-12 AM 01.MTS,1320.821,4.078,Pose,Female,S pose,Male,Front,2.684210526,1,1.68,No,No,12,821.012
D:/Pipefish Mesocosm Film/Trial 4/4-12-20/4-12 AM 01.MTS,1324.9,74.913,Inactive,Female,,,,2.684210526,1,1.68,No,No,12,821.012
D:/Pipefish Mesocosm Film/Trial 4/4-12-20/4-12 AM 01.MTS,1357.85,77.092,Surrounding,Male,,,,2.684210526,1,1.68,No,No,12,821.012
D:/Pipefish Mesocosm Film/Trial 4/4-12-20/4-12 AM 01.MTS,1399.814,3.796,Pose,Female,S pose,Male,Front,2.684210526,1,1.68,No,No,12,821.012
D:/Pipefish Mesocosm Film/Trial 4/4-12-20/4-12 AM 01.MTS,1403.611,27.629,Inactive,Female,,,,2.684210526,1,1.68,No,No,12,821.012
D:/Pipefish Mesocosm Film/Trial 4/4-12-20/4-12 AM 01.MTS,1431.241,2.467,Pose,Female,Non-s pose,Male,Front,2.684210526,1,1.68,No,No,12,821.012
D:/Pipefish Mesocosm Film/Trial 4/4-12-20/4-12 AM 01.MTS,1433.709,44.812,Inactive,Female,,,,2.684210526,1,1.68,No,No,12,821.012
D:/Pipefish Mesocosm Film/Trial 4/4-12-20/4-12 AM 01.MTS,1434.943,2.277,Wiggle,Male,Active wiggle,Female,2,2.684210526,1,1.68,No,No,12,821.012
D:/Pipefish Mesocosm Film/Trial 4/4-12-20/4-12 AM 01.MTS,1437.221,143.937,Inactive,Male,,,,2.684210526,1,1.68,No,No,12,821.012
D:/Pipefish Mesocosm Film/Trial 4/4-12-20/4-12 AM 01.MTS,1478.522,3.608,Pose,Female,S pose,Male,Front,2.684210526,1,1.68,No,No,12,821.012
D:/Pipefish Mesocosm Film/Trial 4/4-12-20/4-12 AM 01.MTS,1482.131,70.922,Inactive,Female,,,,2.684210526,1,1.68,No,No,12,821.012
D:/Pipefish Mesocosm Film/Trial 4/4-12-20/4-12 AM 01.MTS,1553.054,8.639,Pose,Female,Non-s pose,Male,Front,2.684210526,1,1.68,No,No,12,821.012
D:/Pipefish Mesocosm Film/Trial 4/4-12-20/4-12 AM 01.MTS,1561.694,88.013,Inactive,Female,,,,2.684210526,1,1.68,No,No,12,821.012
D:/Pipefish Mesocosm Film/Trial 4/4-12-20/4-12 AM 01.MTS,1581.159,4.46,Wiggle,Male,Active wiggle,Female,4,2.684210526,1,1.68,No,No,12,821.012
D:/Pipefish Mesocosm Film/Trial 4/4-12-20/4-12 AM 01.MTS,1585.62,100.358,Inactive,Male,,,,2.684210526,1,1.68,No,No,12,821.012
D:/Pipefish Mesocosm Film/Trial 4/4-12-20/4-12 AM 01.MTS,1649.708,7.69,Pose,Female,S pose,Male,Front,2.684210526,1,1.68,No,No,12,821.012
D:/Pipefish Mesocosm Film/Trial 4/4-12-20/4-12 AM 01.MTS,1657.399,33.041,Inactive,Female,,,,2.684210526,1,1.68,No,No,12,821.012
D:/Pipefish Mesocosm Film/Trial 4/4-12-20/4-12 AM 01.MTS,1685.979,4.935,Wiggle,Male,Active wiggle,Female,2,2.684210526,1,1.68,No,No,12,821.012
D:/Pipefish Mesocosm Film/Trial 4/4-12-20/4-12 AM 01.MTS,1690.441,11.392,Wiggle,Female,Active wiggle,Male,2,2.684210526,1,1.68,No,No,12,821.012
D:/Pipefish Mesocosm Film/Trial 4/4-12-20/4-12 AM 01.MTS,1690.915,41.87,Inactive,Male,,,,2.684210526,1,1.68,No,No,12,821.012
D:/Pipefish Mesocosm Film/Trial 4/4-12-20/4-12 AM 01.MTS,1701.834,40.35,Inactive,Female,,,,2.684210526,1,1.68,No,No,12,821.012
D:/Pipefish Mesocosm Film/Trial 4/4-12-20/4-12 AM 01.MTS,1732.786,5.031,Wiggle,Male,Active wiggle,Female,4,2.684210526,1,1.68,No,No,12,821.012
D:/Pipefish Mesocosm Film/Trial 4/4-12-20/4-12 AM 01.MTS,1737.818,21.647,Inactive,Male,,,,2.684210526,1,1.68,No,No,12,821.012
D:/Pipefish Mesocosm Film/Trial 4/4-12-20/4-12 AM 01.MTS,1742.185,5.221,Wiggle,Female,Active wiggle,Male,2,2.684210526,1,1.68,No,No,12,821.012
D:/Pipefish Mesocosm Film/Trial 4/4-12-20/4-12 AM 01.MTS,1747.407,34.276,Inactive,Female,,,,2.684210526,1,1.68,No,No,12,821.012
D:/Pipefish Mesocosm Film/Trial 4/4-12-20/4-12 AM 01.MTS,1759.466,4.653,Wiggle,Male,Subtle wiggle,Female,2,2.684210526,1,1.68,No,No,12,821.012
D:/Pipefish Mesocosm Film/Trial 4/4-12-20/4-12 AM 01.MTS,1764.12,33.703,Inactive,Male,,,,2.684210526,1,1.68,No,No,12,821.012
D:/Pipefish Mesocosm Film/Trial 4/4-12-20/4-12 AM 01.MTS,1781.684,5.03,Wiggle,Female,Active wiggle,Female,2,2.684210526,1,1.68,No,No,12,821.012
D:/Pipefish Mesocosm Film/Trial 4/4-12-20/4-12 AM 01.MTS,1786.715,18.797,Inactive,Female,,,,2.684210526,1,1.68,No,No,12,821.012
D:/Pipefish Mesocosm Film/Trial 4/4-12-20/4-12 AM 01.MTS,1797.824,5.982,Wiggle,Male,Active wiggle,Female,3,2.684210526,1,1.68,No,No,12,821.012
D:/Pipefish Mesocosm Film/Trial 4/4-12-20/4-12 AM 01.MTS,1803.807,35.316,Inactive,Male,,,,2.684210526,1,1.68,No,No,12,821.012
D:/Pipefish Mesocosm Film/Trial 4/4-12-20/4-12 AM 01.MTS,1805.513,2.657,Pose,Female,S pose,Male,Front,2.684210526,1,1.68,No,No,12,821.012
D:/Pipefish Mesocosm Film/Trial 4/4-12-20/4-12 AM 01.MTS,1808.171,37.028,Inactive,Female,,,,2.684210526,1,1.68,No,No,12,821.012
D:/Pipefish Mesocosm Film/Trial 4/4-12-20/4-12 AM 01.MTS,1839.124,3.986,Wiggle,Male,Active wiggle,Female,2,2.684210526,1,1.68,No,No,12,821.012
D:/Pipefish Mesocosm Film/Trial 4/4-12-20/4-12 AM 01.MTS,1843.111,3.702,Inactive,Male,,,,2.684210526,1,1.68,No,No,12,821.012
D:/Pipefish Mesocosm Film/Trial 4/4-12-20/4-12 AM 01.MTS,1845.2,8.733,Pose,Female,S pose,Male,Front,2.684210526,1,1.68,No,No,12,821.012
D:/Pipefish Mesocosm Film/Trial 4/4-12-20/4-12 AM 01.MTS,1846.814,5.22,Wiggle,Male,Active wiggle,Female,2,2.684210526,1,1.68,No,No,12,821.012
D:/Pipefish Mesocosm Film/Trial 4/4-12-20/4-12 AM 01.MTS,1852.035,20.224,Inactive,Male,,,,2.684210526,1,1.68,No,No,12,821.012
D:/Pipefish Mesocosm Film/Trial 4/4-12-20/4-12 AM 01.MTS,1853.934,38.358,Inactive,Female,,,,2.684210526,1,1.68,No,No,12,821.012
D:/Pipefish Mesocosm Film/Trial 4/4-12-20/4-12 AM 01.MTS,1872.26,4.651,Wiggle,Male,Active wiggle,Female,2,2.684210526,1,1.68,No,No,12,821.012
D:/Pipefish Mesocosm Film/Trial 4/4-12-20/4-12 AM 01.MTS,1876.912,7.405,Inactive,Male,,,,2.684210526,1,1.68,No,No,12,821.012
D:/Pipefish Mesocosm Film/Trial 4/4-12-20/4-12 AM 01.MTS,1884.318,2.657,Wiggle,Male,Active wiggle,Female,3,2.684210526,1,1.68,No,No,12,821.012
D:/Pipefish Mesocosm Film/Trial 4/4-12-20/4-12 AM 01.MTS,1886.976,31.901,Inactive,Male,,,,2.684210526,1,1.68,No,No,12,821.012
D:/Pipefish Mesocosm Film/Trial 4/4-12-20/4-12 AM 01.MTS,1892.293,2.468,Wiggle,Female,Active wiggle,Male,3,2.684210526,1,1.68,No,No,12,821.012
D:/Pipefish Mesocosm Film/Trial 4/4-12-20/4-12 AM 01.MTS,1894.762,90.978,Inactive,Female,,,,2.684210526,1,1.68,No,No,12,821.012
D:/Pipefish Mesocosm Film/Trial 4/4-12-20/4-12 AM 01.MTS,1918.878,5.317,Wiggle,Male,Active wiggle,Female,2,2.684210526,1,1.68,No,No,12,821.012
D:/Pipefish Mesocosm Film/Trial 4/4-12-20/4-12 AM 01.MTS,1924.196,61.544,Inactive,Male,,,,2.684210526,1,1.68,No,No,12,821.012
D:/Pipefish Mesocosm Film/Trial 4/4-12-20/4-12 AM 01.MTS,2014.014,8.639,Pose,Female,S pose,Male,Front,2.666666667,1,1.667,No,No,13,223.822
D:/Pipefish Mesocosm Film/Trial 4/4-12-20/4-12 AM 01.MTS,2014.773,112.129,Inactive,Male,,,,2.666666667,1,1.667,No,No,13,223.822
D:/Pipefish Mesocosm Film/Trial 4/4-12-20/4-12 AM 01.MTS,2022.654,36.742,Inactive,Female,,,,2.666666667,1,1.667,No,No,13,223.822
D:/Pipefish Mesocosm Film/Trial 4/4-12-20/4-12 AM 01.MTS,2059.397,7.784,Pose,Female,Non-s pose,Male,Front,2.666666667,1,1.667,No,No,13,223.822
D:/Pipefish Mesocosm Film/Trial 4/4-12-20/4-12 AM 01.MTS,2067.182,59.816,Inactive,Female,,,,2.666666667,1,1.667,No,No,13,223.822
D:/Pipefish Mesocosm Film/Trial 4/4-12-20/4-12 AM 01.MTS,2126.903,3.132,Wiggle,Male,Active wiggle,Female,3,2.666666667,1,1.667,No,No,13,223.822
D:/Pipefish Mesocosm Film/Trial 4/4-12-20/4-12 AM 01.MTS,2126.999,4.175,Pose,Female,S pose,Male,Front,2.666666667,1,1.667,No,No,13,223.822
D:/Pipefish Mesocosm Film/Trial 4/4-12-20/4-12 AM 01.MTS,2130.036,107.798,Inactive,Male,,,,2.666666667,1,1.667,No,No,13,223.822
D:/Pipefish Mesocosm Film/Trial 4/4-12-20/4-12 AM 01.MTS,2131.175,3.893,Wiggle,Female,Active wiggle,Male,2,2.666666667,1,1.667,No,No,13,223.822
D:/Pipefish Mesocosm Film/Trial 4/4-12-20/4-12 AM 01.MTS,2135.069,36.551,Inactive,Female,,,,2.666666667,1,1.667,No,No,13,223.822
D:/Pipefish Mesocosm Film/Trial 4/4-12-20/4-12 AM 01.MTS,2171.621,5.126,Wiggle,Female,Active wiggle,Male,3,2.666666667,1,1.667,No,No,13,223.822
D:/Pipefish Mesocosm Film/Trial 4/4-12-20/4-12 AM 01.MTS,2176.748,61.086,Inactive,Female,,,,2.666666667,1,1.667,No,No,13,223.822
D:/Pipefish Mesocosm Film/Trial 4/4-12-20/4-12 AM 01.MTS,2320.982,15.464,Pose,Female,S pose,Male,Front,3,1,2,No,No,14,84.975
D:/Pipefish Mesocosm Film/Trial 4/4-12-20/4-12 AM 01.MTS,2321.92,78.52,Inactive,Male,,,,3,1,2,No,No,14,84.975
D:/Pipefish Mesocosm Film/Trial 4/4-12-20/4-12 AM 01.MTS,2336.447,68.644,Inactive,Female,,,,3,1,2,No,No,14,84.975
D:/Pipefish Mesocosm Film/Trial 4/4-12-20/4-12 AM 01.MTS,2438.513,2.943,Inactive,Female,,,,2.4,1,1.4,No,No,15,47.188
D:/Pipefish Mesocosm Film/Trial 4/4-12-20/4-12 AM 01.MTS,2438.607,2.848,Wiggle,Male,Active wiggle,Female,2,2.4,1,1.4,No,No,15,47.188
D:/Pipefish Mesocosm Film/Trial 4/4-12-20/4-12 AM 01.MTS,2441.456,8.45,Inactive,Male,,,,2.4,1,1.4,No,No,15,47.188
D:/Pipefish Mesocosm Film/Trial 4/4-12-20/4-12 AM 01.MTS,2441.457,3.985,Wiggle,Female,Active wiggle,Male,2,2.4,1,1.4,No,No,15,47.188
D:/Pipefish Mesocosm Film/Trial 4/4-12-20/4-12 AM 01.MTS,2445.443,8.831,Inactive,Female,,,,2.4,1,1.4,No,No,15,47.188
D:/Pipefish Mesocosm Film/Trial 4/4-12-20/4-12 AM 01.MTS,2449.907,3.226,Wiggle,Male,Active wiggle,Female,3,2.4,1,1.4,No,No,15,47.188
D:/Pipefish Mesocosm Film/Trial 4/4-12-20/4-12 AM 01.MTS,2453.134,14.049,Inactive,Male,,,,2.4,1,1.4,No,No,15,47.188
D:/Pipefish Mesocosm Film/Trial 4/4-12-20/4-12 AM 01.MTS,2454.275,8.068,Wiggle,Female,Active wiggle,Male,3,2.4,1,1.4,No,No,15,47.188
D:/Pipefish Mesocosm Film/Trial 4/4-12-20/4-12 AM 01.MTS,2462.344,21.458,Inactive,Female,,,,2.4,1,1.4,No,No,15,47.188
D:/Pipefish Mesocosm Film/Trial 4/4-12-20/4-12 AM 01.MTS,2467.184,8.261,Wiggle,Male,Active wiggle,Female,2,2.4,1,1.4,No,No,15,47.188
D:/Pipefish Mesocosm Film/Trial 4/4-12-20/4-12 AM 01.MTS,2475.446,8.261,Inactive,Male,,,,2.4,1,1.4,No,No,15,47.188
D:/Pipefish Mesocosm Film/Trial 4/4-12-20/4-12 AM 01.MTS,2490.636,12.153,Pose,Female,S pose,Male,Front,2.5,1,1.5,No,No,16,265.467
D:/Pipefish Mesocosm Film/Trial 4/4-12-20/4-12 AM 01.MTS,2490.637,1.613,Inactive,Male,,,,2.5,1,1.5,No,No,16,265.467
D:/Pipefish Mesocosm Film/Trial 4/4-12-20/4-12 AM 01.MTS,2492.251,8.353,Wiggle,Male,Active wiggle,Female,2,2.5,1,1.5,No,No,16,265.467
D:/Pipefish Mesocosm Film/Trial 4/4-12-20/4-12 AM 01.MTS,2500.605,10.824,Inactive,Male,,,,2.5,1,1.5,No,No,16,265.467
D:/Pipefish Mesocosm Film/Trial 4/4-12-20/4-12 AM 01.MTS,2502.79,55.258,Inactive,Female,,,,2.5,1,1.5,No,No,16,265.467
D:/Pipefish Mesocosm Film/Trial 4/4-12-20/4-12 AM 01.MTS,2511.43,5.031,Wiggle,Male,Active wiggle,Female,2,2.5,1,1.5,No,No,16,265.467
D:/Pipefish Mesocosm Film/Trial 4/4-12-20/4-12 AM 01.MTS,2516.462,15.665,Inactive,Male,,,,2.5,1,1.5,No,No,16,265.467
D:/Pipefish Mesocosm Film/Trial 4/4-12-20/4-12 AM 01.MTS,2532.128,4.842,Wiggle,Male,Active wiggle,Female,2,2.5,1,1.5,No,No,16,265.467
D:/Pipefish Mesocosm Film/Trial 4/4-12-20/4-12 AM 01.MTS,2536.971,11.773,Inactive,Male,,,,2.5,1,1.5,No,No,16,265.467
D:/Pipefish Mesocosm Film/Trial 4/4-12-20/4-12 AM 01.MTS,2548.745,2.276,Wiggle,Male,Active wiggle,Female,3,2.5,1,1.5,No,No,16,265.467
D:/Pipefish Mesocosm Film/Trial 4/4-12-20/4-12 AM 01.MTS,2551.022,24.116,Inactive,Male,,,,2.5,1,1.5,No,No,16,265.467
D:/Pipefish Mesocosm Film/Trial 4/4-12-20/4-12 AM 01.MTS,2558.049,7.689,Pose,Female,S pose,Male,Front,2.5,1,1.5,No,No,16,265.467
D:/Pipefish Mesocosm Film/Trial 4/4-12-20/4-12 AM 01.MTS,2565.739,41.016,Inactive,Female,,,,2.5,1,1.5,No,No,16,265.467
D:/Pipefish Mesocosm Film/Trial 4/4-12-20/4-12 AM 01.MTS,2575.139,1.804,Wiggle,Male,Active wiggle,Female,2,2.5,1,1.5,No,No,16,265.467
D:/Pipefish Mesocosm Film/Trial 4/4-12-20/4-12 AM 01.MTS,2576.944,21.36,Inactive,Male,,,,2.5,1,1.5,No,No,16,265.467
D:/Pipefish Mesocosm Film/Trial 4/4-12-20/4-12 AM 01.MTS,2598.305,5.886,Wiggle,Male,Active wiggle,Female,3,2.5,1,1.5,No,No,16,265.467
D:/Pipefish Mesocosm Film/Trial 4/4-12-20/4-12 AM 01.MTS,2604.192,25.919,Inactive,Male,,,,2.5,1,1.5,No,No,16,265.467
D:/Pipefish Mesocosm Film/Trial 4/4-12-20/4-12 AM 01.MTS,2606.756,4.461,Wiggle,Female,Active wiggle,Male,2,2.5,1,1.5,No,No,16,265.467
D:/Pipefish Mesocosm Film/Trial 4/4-12-20/4-12 AM 01.MTS,2611.218,69.498,Inactive,Female,,,,2.5,1,1.5,No,No,16,265.467
D:/Pipefish Mesocosm Film/Trial 4/4-12-20/4-12 AM 01.MTS,2630.112,4.841,Wiggle,Male,Active wiggle,Female,3,2.5,1,1.5,No,No,16,265.467
D:/Pipefish Mesocosm Film/Trial 4/4-12-20/4-12 AM 01.MTS,2634.954,25.066,Inactive,Male,,,,2.5,1,1.5,No,No,16,265.467
D:/Pipefish Mesocosm Film/Trial 4/4-12-20/4-12 AM 01.MTS,2660.021,6.549,Wiggle,Male,Active wiggle,Female,3,2.5,1,1.5,No,No,16,265.467
D:/Pipefish Mesocosm Film/Trial 4/4-12-20/4-12 AM 01.MTS,2666.571,16.519,Inactive,Male,,,,2.5,1,1.5,No,No,16,265.467
D:/Pipefish Mesocosm Film/Trial 4/4-12-20/4-12 AM 01.MTS,2680.717,3.893,Pose,Female,S pose,Male,Front,2.5,1,1.5,No,No,16,265.467
D:/Pipefish Mesocosm Film/Trial 4/4-12-20/4-12 AM 01.MTS,2683.091,6.645,Wiggle,Male,Active wiggle,Female,3,2.5,1,1.5,No,No,16,265.467
D:/Pipefish Mesocosm Film/Trial 4/4-12-20/4-12 AM 01.MTS,2684.611,7.12,Inactive,Female,,,,2.5,1,1.5,No,No,16,265.467
D:/Pipefish Mesocosm Film/Trial 4/4-12-20/4-12 AM 01.MTS,2689.737,65.702,Inactive,Male,,,,2.5,1,1.5,No,No,16,265.467
D:/Pipefish Mesocosm Film/Trial 4/4-12-20/4-12 AM 01.MTS,2691.732,2.848,Pose,Female,Non-s pose,Male,Front,2.5,1,1.5,No,No,16,265.467
D:/Pipefish Mesocosm Film/Trial 4/4-12-20/4-12 AM 01.MTS,2694.581,60.858,Inactive,Female,,,,2.5,1,1.5,No,No,16,265.467
D:/Pipefish Mesocosm Film/Trial 4/4-12-20/4-12 AM 01.MTS,2792.564,2.085,Wiggle,Male,Active wiggle,Female,3,2.515151515,1.212121212,1.303030303,No,Yes,17,885.65
D:/Pipefish Mesocosm Film/Trial 4/4-12-20/4-12 AM 01.MTS,2793.32,2.66,Inactive,Female,,,,2.515151515,1.212121212,1.303030303,No,Yes,17,885.65
D:/Pipefish Mesocosm Film/Trial 4/4-12-20/4-12 AM 01.MTS,2794.65,11.488,Inactive,Male,,,,2.515151515,1.212121212,1.303030303,No,Yes,17,885.65
D:/Pipefish Mesocosm Film/Trial 4/4-12-20/4-12 AM 01.MTS,2795.981,9.208,Wiggle,Female,Active wiggle,Male,2,2.515151515,1.212121212,1.303030303,No,Yes,17,885.65
D:/Pipefish Mesocosm Film/Trial 4/4-12-20/4-12 AM 01.MTS,2805.19,6.457,Pose,Female,S pose,Male,Front,2.515151515,1.212121212,1.303030303,No,Yes,17,885.65
D:/Pipefish Mesocosm Film/Trial 4/4-12-20/4-12 AM 01.MTS,2806.139,7.69,Wiggle,Male,Active wiggle,Female,2,2.515151515,1.212121212,1.303030303,No,Yes,17,885.65
D:/Pipefish Mesocosm Film/Trial 4/4-12-20/4-12 AM 01.MTS,2811.648,40.539,Inactive,Female,,,,2.515151515,1.212121212,1.303030303,No,Yes,17,885.65
D:/Pipefish Mesocosm Film/Trial 4/4-12-20/4-12 AM 01.MTS,2813.83,27.915,Inactive,Male,,,,2.515151515,1.212121212,1.303030303,No,Yes,17,885.65
D:/Pipefish Mesocosm Film/Trial 4/4-12-20/4-12 AM 01.MTS,2841.746,6.169,Wiggle,Male,Active wiggle,Female,3,2.515151515,1.212121212,1.303030303,No,Yes,17,885.65
D:/Pipefish Mesocosm Film/Trial 4/4-12-20/4-12 AM 01.MTS,2847.916,9.543,Inactive,Male,,,,2.515151515,1.212121212,1.303030303,No,Yes,17,885.65
D:/Pipefish Mesocosm Film/Trial 4/4-12-20/4-12 AM 01.MTS,2852.188,13.768,Pose,Female,S pose,Male,Front,2.515151515,1.212121212,1.303030303,No,Yes,17,885.65
D:/Pipefish Mesocosm Film/Trial 4/4-12-20/4-12 AM 01.MTS,2857.46,3.654,Wiggle,Male,Active wiggle,Female,2,2.515151515,1.212121212,1.303030303,No,Yes,17,885.65
D:/Pipefish Mesocosm Film/Trial 4/4-12-20/4-12 AM 02.MTS,2861.115,5.41,Inactive,Male,,,,2.515151515,1.212121212,1.303030303,No,Yes,17,885.65
D:/Pipefish Mesocosm Film/Trial 4/4-12-20/4-12 AM 02.MTS,2865.957,53.549,Inactive,Female,,,,2.515151515,1.212121212,1.303030303,No,Yes,17,885.65
D:/Pipefish Mesocosm Film/Trial 4/4-12-20/4-12 AM 02.MTS,2866.526,4.936,Wiggle,Male,Active wiggle,Female,2,2.515151515,1.212121212,1.303030303,No,Yes,17,885.65
D:/Pipefish Mesocosm Film/Trial 4/4-12-20/4-12 AM 02.MTS,2871.463,49.561,Inactive,Male,,,,2.515151515,1.212121212,1.303030303,No,Yes,17,885.65
D:/Pipefish Mesocosm Film/Trial 4/4-12-20/4-12 AM 02.MTS,2919.507,10.06,Pose,Female,S pose,Male,Front,2.515151515,1.212121212,1.303030303,No,Yes,17,885.65
D:/Pipefish Mesocosm Film/Trial 4/4-12-20/4-12 AM 02.MTS,2921.025,4.365,Wiggle,Male,Active wiggle,Female,2,2.515151515,1.212121212,1.303030303,No,Yes,17,885.65
D:/Pipefish Mesocosm Film/Trial 4/4-12-20/4-12 AM 02.MTS,2925.391,13.102,Inactive,Male,,,,2.515151515,1.212121212,1.303030303,No,Yes,17,885.65
D:/Pipefish Mesocosm Film/Trial 4/4-12-20/4-12 AM 02.MTS,2929.568,77.381,Inactive,Female,,,,2.515151515,1.212121212,1.303030303,No,Yes,17,885.65
D:/Pipefish Mesocosm Film/Trial 4/4-12-20/4-12 AM 02.MTS,2938.494,2.752,Wiggle,Male,Active wiggle,Female,2,2.515151515,1.212121212,1.303030303,No,Yes,17,885.65
D:/Pipefish Mesocosm Film/Trial 4/4-12-20/4-12 AM 02.MTS,2941.247,15.476,Inactive,Male,,,,2.515151515,1.212121212,1.303030303,No,Yes,17,885.65
D:/Pipefish Mesocosm Film/Trial 4/4-12-20/4-12 AM 02.MTS,2956.724,3.225,Wiggle,Male,Active wiggle,Female,2,2.515151515,1.212121212,1.303030303,No,Yes,17,885.65
D:/Pipefish Mesocosm Film/Trial 4/4-12-20/4-12 AM 02.MTS,2959.95,13.958,Inactive,Male,,,,2.515151515,1.212121212,1.303030303,No,Yes,17,885.65
D:/Pipefish Mesocosm Film/Trial 4/4-12-20/4-12 AM 02.MTS,2973.909,3.796,Wiggle,Male,Active wiggle,Female,3,2.515151515,1.212121212,1.303030303,No,Yes,17,885.65
D:/Pipefish Mesocosm Film/Trial 4/4-12-20/4-12 AM 02.MTS,2977.706,67.315,Inactive,Male,,,,2.515151515,1.212121212,1.303030303,No,Yes,17,885.65
D:/Pipefish Mesocosm Film/Trial 4/4-12-20/4-12 AM 02.MTS,3006.95,14.335,Pose,Female,S pose,Male,Front,2.515151515,1.212121212,1.303030303,No,Yes,17,885.65
D:/Pipefish Mesocosm Film/Trial 4/4-12-20/4-12 AM 02.MTS,3021.286,28.958,Inactive,Female,,,,2.515151515,1.212121212,1.303030303,No,Yes,17,885.65
D:/Pipefish Mesocosm Film/Trial 4/4-12-20/4-12 AM 02.MTS,3045.022,4.367,Wiggle,Male,Active wiggle,Female,2,2.515151515,1.212121212,1.303030303,No,Yes,17,885.65
D:/Pipefish Mesocosm Film/Trial 4/4-12-20/4-12 AM 02.MTS,3049.39,13.005,Inactive,Male,,,,2.515151515,1.212121212,1.303030303,No,Yes,17,885.65
D:/Pipefish Mesocosm Film/Trial 4/4-12-20/4-12 AM 02.MTS,3050.245,6.17,Wiggle,Female,Active wiggle,Male,2,2.515151515,1.212121212,1.303030303,No,Yes,17,885.65
D:/Pipefish Mesocosm Film/Trial 4/4-12-20/4-12 AM 02.MTS,3056.416,5.696,Pose,Female,S pose,Male,Front,2.515151515,1.212121212,1.303030303,No,Yes,17,885.65
D:/Pipefish Mesocosm Film/Trial 4/4-12-20/4-12 AM 02.MTS,3062.113,16.804,Inactive,Female,,,,2.515151515,1.212121212,1.303030303,No,Yes,17,885.65
D:/Pipefish Mesocosm Film/Trial 4/4-12-20/4-12 AM 02.MTS,3062.396,2.659,Wiggle,Male,Active wiggle,Female,2,2.515151515,1.212121212,1.303030303,No,Yes,17,885.65
D:/Pipefish Mesocosm Film/Trial 4/4-12-20/4-12 AM 02.MTS,3065.056,46.141,Inactive,Male,,,,2.515151515,1.212121212,1.303030303,No,Yes,17,885.65
D:/Pipefish Mesocosm Film/Trial 4/4-12-20/4-12 AM 02.MTS,3078.918,3.987,Pose,Female,S pose,Male,Front,2.515151515,1.212121212,1.303030303,No,Yes,17,885.65
D:/Pipefish Mesocosm Film/Trial 4/4-12-20/4-12 AM 02.MTS,3082.906,78.045,Inactive,Female,,,,2.515151515,1.212121212,1.303030303,No,Yes,17,885.65
D:/Pipefish Mesocosm Film/Trial 4/4-12-20/4-12 AM 02.MTS,3111.198,3.419,Wiggle,Male,Active wiggle,Female,2,2.515151515,1.212121212,1.303030303,No,Yes,17,885.65
D:/Pipefish Mesocosm Film/Trial 4/4-12-20/4-12 AM 02.MTS,3114.618,61.332,Inactive,Male,,,,2.515151515,1.212121212,1.303030303,No,Yes,17,885.65
D:/Pipefish Mesocosm Film/Trial 4/4-12-20/4-12 AM 02.MTS,3160.952,4.46,Pose,Female,S pose,Male,Front,2.515151515,1.212121212,1.303030303,No,Yes,17,885.65
D:/Pipefish Mesocosm Film/Trial 4/4-12-20/4-12 AM 02.MTS,3165.413,10.253,Inactive,Female,,,,2.515151515,1.212121212,1.303030303,No,Yes,17,885.65
D:/Pipefish Mesocosm Film/Trial 4/4-12-20/4-12 AM 02.MTS,3175.667,6.645,Pose,Female,S pose,Male,Front,2.515151515,1.212121212,1.303030303,No,Yes,17,885.65
D:/Pipefish Mesocosm Film/Trial 4/4-12-20/4-12 AM 02.MTS,3175.951,3.797,Wiggle,Male,Active wiggle,Female,2,2.515151515,1.212121212,1.303030303,No,Yes,17,885.65
D:/Pipefish Mesocosm Film/Trial 4/4-12-20/4-12 AM 02.MTS,3179.749,14.526,Inactive,Male,,,,2.515151515,1.212121212,1.303030303,No,Yes,17,885.65
D:/Pipefish Mesocosm Film/Trial 4/4-12-20/4-12 AM 02.MTS,3182.313,109.661,Inactive,Female,,,,2.515151515,1.212121212,1.303030303,No,Yes,17,885.65
D:/Pipefish Mesocosm Film/Trial 4/4-12-20/4-12 AM 02.MTS,3194.276,3.418,Wiggle,Male,Active wiggle,Female,3,2.515151515,1.212121212,1.303030303,No,Yes,17,885.65
D:/Pipefish Mesocosm Film/Trial 4/4-12-20/4-12 AM 02.MTS,3197.695,17.088,Inactive,Male,,,,2.515151515,1.212121212,1.303030303,No,Yes,17,885.65
D:/Pipefish Mesocosm Film/Trial 4/4-12-20/4-12 AM 02.MTS,3214.784,2.658,Wiggle,Male,Active wiggle,Female,2,2.515151515,1.212121212,1.303030303,No,Yes,17,885.65
D:/Pipefish Mesocosm Film/Trial 4/4-12-20/4-12 AM 02.MTS,3217.443,39.304,Inactive,Male,,,,2.515151515,1.212121212,1.303030303,No,Yes,17,885.65
D:/Pipefish Mesocosm Film/Trial 4/4-12-20/4-12 AM 02.MTS,3256.748,2.658,Wiggle,Male,Active wiggle,Female,3,2.515151515,1.212121212,1.303030303,No,Yes,17,885.65
D:/Pipefish Mesocosm Film/Trial 4/4-12-20/4-12 AM 02.MTS,3259.407,28.483,Inactive,Male,,,,2.515151515,1.212121212,1.303030303,No,Yes,17,885.65
D:/Pipefish Mesocosm Film/Trial 4/4-12-20/4-12 AM 02.MTS,3287.891,2.942,Wiggle,Male,Active wiggle,Female,3,2.515151515,1.212121212,1.303030303,No,Yes,17,885.65
D:/Pipefish Mesocosm Film/Trial 4/4-12-20/4-12 AM 02.MTS,3290.834,35.319,Inactive,Male,,,,2.515151515,1.212121212,1.303030303,No,Yes,17,885.65
D:/Pipefish Mesocosm Film/Trial 4/4-12-20/4-12 AM 02.MTS,3291.975,5.219,Wiggle,Female,Active wiggle,Male,3,2.515151515,1.212121212,1.303030303,No,Yes,17,885.65
D:/Pipefish Mesocosm Film/Trial 4/4-12-20/4-12 AM 02.MTS,3297.195,37.313,Inactive,Female,,,,2.515151515,1.212121212,1.303030303,No,Yes,17,885.65
D:/Pipefish Mesocosm Film/Trial 4/4-12-20/4-12 AM 02.MTS,3326.154,5.981,Wiggle,Male,Active wiggle,Female,3,2.515151515,1.212121212,1.303030303,No,Yes,17,885.65
D:/Pipefish Mesocosm Film/Trial 4/4-12-20/4-12 AM 02.MTS,3332.136,3.702,Inactive,Male,,,,2.515151515,1.212121212,1.303030303,No,Yes,17,885.65
D:/Pipefish Mesocosm Film/Trial 4/4-12-20/4-12 AM 02.MTS,3334.509,5.508,Pose,Female,S pose,Male,Front,2.515151515,1.212121212,1.303030303,No,Yes,17,885.65
D:/Pipefish Mesocosm Film/Trial 4/4-12-20/4-12 AM 02.MTS,3335.839,3.132,Wiggle,Male,Active wiggle,Female,3,2.515151515,1.212121212,1.303030303,No,Yes,17,885.65
D:/Pipefish Mesocosm Film/Trial 4/4-12-20/4-12 AM 02.MTS,3338.972,25.918,Inactive,Male,,,,2.515151515,1.212121212,1.303030303,No,Yes,17,885.65
D:/Pipefish Mesocosm Film/Trial 4/4-12-20/4-12 AM 02.MTS,3340.018,125.515,Inactive,Female,,,,2.515151515,1.212121212,1.303030303,No,Yes,17,885.65
D:/Pipefish Mesocosm Film/Trial 4/4-12-20/4-12 AM 02.MTS,3364.891,2.278,Wiggle,Male,Active wiggle,Female,3,2.515151515,1.212121212,1.303030303,No,Yes,17,885.65
D:/Pipefish Mesocosm Film/Trial 4/4-12-20/4-12 AM 02.MTS,3367.17,28.484,Inactive,Male,,,,2.515151515,1.212121212,1.303030303,No,Yes,17,885.65
D:/Pipefish Mesocosm Film/Trial 4/4-12-20/4-12 AM 02.MTS,3395.655,2.942,Wiggle,Male,Active wiggle,Female,3,2.515151515,1.212121212,1.303030303,No,Yes,17,885.65
D:/Pipefish Mesocosm Film/Trial 4/4-12-20/4-12 AM 02.MTS,3398.598,36.363,Inactive,Male,,,,2.515151515,1.212121212,1.303030303,No,Yes,17,885.65
D:/Pipefish Mesocosm Film/Trial 4/4-12-20/4-12 AM 02.MTS,3434.962,2.848,Wiggle,Male,Active wiggle,Female,2,2.515151515,1.212121212,1.303030303,No,Yes,17,885.65
D:/Pipefish Mesocosm Film/Trial 4/4-12-20/4-12 AM 02.MTS,3437.811,30.476,Inactive,Male,,,,2.515151515,1.212121212,1.303030303,No,Yes,17,885.65
D:/Pipefish Mesocosm Film/Trial 4/4-12-20/4-12 AM 02.MTS,3465.534,9.304,Pose,Female,S pose,Male,Front,2.515151515,1.212121212,1.303030303,No,Yes,17,885.65
D:/Pipefish Mesocosm Film/Trial 4/4-12-20/4-12 AM 02.MTS,3468.288,3.418,Wiggle,Male,Active wiggle,Female,2,2.515151515,1.212121212,1.303030303,No,Yes,17,885.65
D:/Pipefish Mesocosm Film/Trial 4/4-12-20/4-12 AM 02.MTS,3471.707,8.545,Inactive,Male,,,,2.515151515,1.212121212,1.303030303,No,Yes,17,885.65
D:/Pipefish Mesocosm Film/Trial 4/4-12-20/4-12 AM 02.MTS,3474.839,81.842,Inactive,Female,,,,2.515151515,1.212121212,1.303030303,No,Yes,17,885.65
D:/Pipefish Mesocosm Film/Trial 4/4-12-20/4-12 AM 02.MTS,3480.253,3.795,Wiggle,Male,Active wiggle,Female,2,2.515151515,1.212121212,1.303030303,No,Yes,17,885.65
D:/Pipefish Mesocosm Film/Trial 4/4-12-20/4-12 AM 02.MTS,3484.049,61.713,Inactive,Male,,,,2.515151515,1.212121212,1.303030303,No,Yes,17,885.65
D:/Pipefish Mesocosm Film/Trial 4/4-12-20/4-12 AM 02.MTS,3545.763,4.652,Wiggle,Male,Active wiggle,Female,2,2.515151515,1.212121212,1.303030303,No,Yes,17,885.65
D:/Pipefish Mesocosm Film/Trial 4/4-12-20/4-12 AM 02.MTS,3550.416,6.076,Inactive,Male,,,,2.515151515,1.212121212,1.303030303,No,Yes,17,885.65
D:/Pipefish Mesocosm Film/Trial 4/4-12-20/4-12 AM 02.MTS,3556.493,2.561,Wiggle,Male,Active wiggle,Female,2,2.515151515,1.212121212,1.303030303,No,Yes,17,885.65
D:/Pipefish Mesocosm Film/Trial 4/4-12-20/4-12 AM 02.MTS,3556.682,9.209,Pose,Female,S pose,Male,Front,2.515151515,1.212121212,1.303030303,No,Yes,17,885.65
D:/Pipefish Mesocosm Film/Trial 4/4-12-20/4-12 AM 02.MTS,3559.055,13.386,Inactive,Male,,,,2.515151515,1.212121212,1.303030303,No,Yes,17,885.65
D:/Pipefish Mesocosm Film/Trial 4/4-12-20/4-12 AM 02.MTS,3565.892,26.489,Inactive,Female,,,,2.515151515,1.212121212,1.303030303,No,Yes,17,885.65
D:/Pipefish Mesocosm Film/Trial 4/4-12-20/4-12 AM 02.MTS,3572.442,3.798,Wiggle,Male,Active wiggle,Female,3,2.515151515,1.212121212,1.303030303,No,Yes,17,885.65
D:/Pipefish Mesocosm Film/Trial 4/4-12-20/4-12 AM 02.MTS,3576.241,10.823,Inactive,Male,,,,2.515151515,1.212121212,1.303030303,No,Yes,17,885.65
D:/Pipefish Mesocosm Film/Trial 4/4-12-20/4-12 AM 02.MTS,3587.065,2.752,Wiggle,Male,Active wiggle,Female,3,2.515151515,1.212121212,1.303030303,No,Yes,17,885.65
D:/Pipefish Mesocosm Film/Trial 4/4-12-20/4-12 AM 02.MTS,3589.818,12.912,Inactive,Male,,,,2.515151515,1.212121212,1.303030303,No,Yes,17,885.65
D:/Pipefish Mesocosm Film/Trial 4/4-12-20/4-12 AM 02.MTS,3592.382,2.181,Pose,Female,S pose,Male,Front,2.515151515,1.212121212,1.303030303,No,Yes,17,885.65
D:/Pipefish Mesocosm Film/Trial 4/4-12-20/4-12 AM 02.MTS,3594.564,11.963,Inactive,Female,,,,2.515151515,1.212121212,1.303030303,No,Yes,17,885.65
D:/Pipefish Mesocosm Film/Trial 4/4-12-20/4-12 AM 02.MTS,3602.731,8.924,Wiggle,Male,Active wiggle,Female,4,2.515151515,1.212121212,1.303030303,No,Yes,17,885.65
D:/Pipefish Mesocosm Film/Trial 4/4-12-20/4-12 AM 02.MTS,3606.528,3.323,Wiggle,Female,Active wiggle,Male,4,2.515151515,1.212121212,1.303030303,No,Yes,17,885.65
D:/Pipefish Mesocosm Film/Trial 4/4-12-20/4-12 AM 02.MTS,3609.567,9.494,Pose,Second female,S pose,Female,Front,2.515151515,1.212121212,1.303030303,No,Yes,17,885.65
D:/Pipefish Mesocosm Film/Trial 4/4-12-20/4-12 AM 02.MTS,3609.852,53.547,Inactive,Female,,,,2.515151515,1.212121212,1.303030303,No,Yes,17,885.65
D:/Pipefish Mesocosm Film/Trial 4/4-12-20/4-12 AM 02.MTS,3611.656,66.556,Inactive,Male,,,,2.515151515,1.212121212,1.303030303,No,Yes,17,885.65
D:/Pipefish Mesocosm Film/Trial 4/4-12-20/4-12 AM 02.MTS,3619.062,59.15,Inactive,Second female,,,,2.515151515,1.212121212,1.303030303,No,Yes,17,885.65
D:/Pipefish Mesocosm Film/Trial 4/4-12-20/4-12 AM 02.MTS,3663.4,14.526,Surrounding,Female,,,,2.515151515,1.212121212,1.303030303,No,Yes,17,885.65
D:/Pipefish Mesocosm Film/Trial 4/4-12-20/4-12 AM 02.MTS,3677.927,0.285,Inactive,Female,,,,2.515151515,1.212121212,1.303030303,No,Yes,17,885.65
D:/Pipefish Mesocosm Film/Trial 4/4-12-20/4-12 AM 02.MTS,3686.567,7.783,Pose,Female,S pose,Male,Front,2,1,1,No,No,18,98.648
D:/Pipefish Mesocosm Film/Trial 4/4-12-20/4-12 AM 02.MTS,3687.326,7.974,Wiggle,Male,Active wiggle,Female,2,2,1,1,No,No,18,98.648
D:/Pipefish Mesocosm Film/Trial 4/4-12-20/4-12 AM 02.MTS,3694.351,90.39,Inactive,Female,,,,2,1,1,No,No,18,98.648
D:/Pipefish Mesocosm Film/Trial 4/4-12-20/4-12 AM 02.MTS,3695.301,15.482,Inactive,Male,,,,2,1,1,No,No,18,98.648
D:/Pipefish Mesocosm Film/Trial 4/4-12-20/4-12 AM 02.MTS,3710.784,73.957,Surrounding,Male,,,,2,1,1,No,No,18,98.648
D:/Pipefish Mesocosm Film/Trial 4/4-12-20/4-12 AM 02.MTS,3811.514,6.835,Pose,Female,S pose,Male,Front,2,1,1,No,No,19,23.438
D:/Pipefish Mesocosm Film/Trial 4/4-12-20/4-12 AM 02.MTS,3811.514,22.598,Inactive,Male,,,,2,1,1,No,No,19,23.438
D:/Pipefish Mesocosm Film/Trial 4/4-12-20/4-12 AM 02.MTS,3818.35,15.762,Inactive,Female,,,,2,1,1,No,No,19,23.438
D:/Pipefish Mesocosm Film/Trial 4/4-12-20/4-12 AM 02.MTS,3834.683,4.078,Pose,Female,S pose,Male,Front,2,1,1,No,No,20,43.955
D:/Pipefish Mesocosm Film/Trial 4/4-12-20/4-12 AM 02.MTS,3834.683,43.103,Inactive,Male,,,,2,1,1,No,No,20,43.955
D:/Pipefish Mesocosm Film/Trial 4/4-12-20/4-12 AM 02.MTS,3838.762,39.024,Inactive,Female,,,,2,1,1,No,No,20,43.955
D:/Pipefish Mesocosm Film/Trial 4/4-12-20/4-12 AM 02.MTS,3913.486,5.222,Wiggle,Male,Active wiggle,Female,2,2.25,1,1.25,No,No,21,175.216
D:/Pipefish Mesocosm Film/Trial 4/4-12-20/4-12 AM 02.MTS,3914.815,8.165,Pose,Female,S pose,Male,Front,2.25,1,1.25,No,No,21,175.216
D:/Pipefish Mesocosm Film/Trial 4/4-12-20/4-12 AM 02.MTS,3918.709,17.371,Inactive,Male,,,,2.25,1,1.25,No,No,21,175.216
D:/Pipefish Mesocosm Film/Trial 4/4-12-20/4-12 AM 02.MTS,3922.981,28.832,Inactive,Female,,,,2.25,1,1.25,No,No,21,175.216
D:/Pipefish Mesocosm Film/Trial 4/4-12-20/4-12 AM 02.MTS,3936.081,3.988,Wiggle,Male,Active wiggle,Female,3,2.25,1,1.25,No,No,21,175.216
D:/Pipefish Mesocosm Film/Trial 4/4-12-20/4-12 AM 02.MTS,3940.07,4.942,Inactive,Male,,,,2.25,1,1.25,No,No,21,175.216
D:/Pipefish Mesocosm Film/Trial 4/4-12-20/4-12 AM 02.MTS,3945.013,4.362,Wiggle,Male,Active wiggle,Female,3,2.25,1,1.25,No,No,21,175.216
D:/Pipefish Mesocosm Film/Trial 4/4-12-20/4-12 AM 02.MTS,3949.376,4.84,Inactive,Male,,,,2.25,1,1.25,No,No,21,175.216
D:/Pipefish Mesocosm Film/Trial 4/4-12-20/4-12 AM 02.MTS,3951.814,10.635,Pose,Female,S pose,Male,Front,2.25,1,1.25,No,No,21,175.216
D:/Pipefish Mesocosm Film/Trial 4/4-12-20/4-12 AM 02.MTS,3954.217,10.633,Wiggle,Male,Active wiggle,Female,2,2.25,1,1.25,No,No,21,175.216
D:/Pipefish Mesocosm Film/Trial 4/4-12-20/4-12 AM 02.MTS,3962.45,49.354,Inactive,Female,,,,2.25,1,1.25,No,No,21,175.216
D:/Pipefish Mesocosm Film/Trial 4/4-12-20/4-12 AM 02.MTS,3964.851,18.229,Inactive,Male,,,,2.25,1,1.25,No,No,21,175.216
D:/Pipefish Mesocosm Film/Trial 4/4-12-20/4-12 AM 02.MTS,3983.081,3.415,Wiggle,Male,Active wiggle,Female,2,2.25,1,1.25,No,No,21,175.216
D:/Pipefish Mesocosm Film/Trial 4/4-12-20/4-12 AM 02.MTS,3986.497,12.248,Inactive,Male,,,,2.25,1,1.25,No,No,21,175.216
D:/Pipefish Mesocosm Film/Trial 4/4-12-20/4-12 AM 02.MTS,3998.746,3.038,Wiggle,Male,Active wiggle,Female,2,2.25,1,1.25,No,No,21,175.216
D:/Pipefish Mesocosm Film/Trial 4/4-12-20/4-12 AM 02.MTS,4001.785,11.869,Inactive,Male,,,,2.25,1,1.25,No,No,21,175.216
D:/Pipefish Mesocosm Film/Trial 4/4-12-20/4-12 AM 02.MTS,4011.805,3.842,Wiggle,Female,Active wiggle,Male,2,2.25,1,1.25,No,No,21,175.216
D:/Pipefish Mesocosm Film/Trial 4/4-12-20/4-12 AM 02.MTS,4013.655,13.955,Wiggle,Male,Active wiggle,Female,2,2.25,1,1.25,No,No,21,175.216
D:/Pipefish Mesocosm Film/Trial 4/4-12-20/4-12 AM 02.MTS,4015.648,11.548,Pose,Female,S pose,Male,Front,2.25,1,1.25,No,No,21,175.216
D:/Pipefish Mesocosm Film/Trial 4/4-12-20/4-12 AM 02.MTS,4027.197,61.504,Inactive,Female,,,,2.25,1,1.25,No,No,21,175.216
D:/Pipefish Mesocosm Film/Trial 4/4-12-20/4-12 AM 02.MTS,4027.611,61.09,Inactive,Male,,,,2.25,1,1.25,No,No,21,175.216
D:/Pipefish Mesocosm Film/Trial 4/4-12-20/4-12 AM 02.MTS,4167.842,4.461,Pose,Female,S pose,Male,Front,3,1,2,No,No,22,82.887
D:/Pipefish Mesocosm Film/Trial 4/4-12-20/4-12 AM 02.MTS,4170.124,1.328,Inactive,Male,,,,3,1,2,No,No,22,82.887
D:/Pipefish Mesocosm Film/Trial 4/4-12-20/4-12 AM 02.MTS,4171.453,3.511,Wiggle,Male,Active wiggle,Female,4,3,1,2,No,No,22,82.887
D:/Pipefish Mesocosm Film/Trial 4/4-12-20/4-12 AM 02.MTS,4172.304,31.649,Inactive,Female,,,,3,1,2,No,No,22,82.887
D:/Pipefish Mesocosm Film/Trial 4/4-12-20/4-12 AM 02.MTS,4174.965,7.214,Inactive,Male,,,,3,1,2,No,No,22,82.887
D:/Pipefish Mesocosm Film/Trial 4/4-12-20/4-12 AM 02.MTS,4182.18,28.292,Surrounding,Male,,,,3,1,2,No,No,22,82.887
D:/Pipefish Mesocosm Film/Trial 4/4-12-20/4-12 AM 02.MTS,4203.954,15.441,Pose,Female,S pose,Male,Front,3,1,2,No,No,22,82.887
D:/Pipefish Mesocosm Film/Trial 4/4-12-20/4-12 AM 02.MTS,4210.473,4.749,Wiggle,Male,Subtle wiggle,Female,2,3,1,2,No,No,22,82.887
D:/Pipefish Mesocosm Film/Trial 4/4-12-20/4-12 AM 02.MTS,4215.223,34.181,Inactive,Male,,,,3,1,2,No,No,22,82.887
D:/Pipefish Mesocosm Film/Trial 4/4-12-20/4-12 AM 02.MTS,4219.396,30.481,Inactive,Female,,,,3,1,2,No,No,22,82.887
D:/Pipefish Mesocosm Film/Trial 4/4-12-20/4-12 AM 02.MTS,4282.062,5.884,Pose,Female,S pose,Male,Front,3.666666667,1,2.667,No,No,23,158.75
D:/Pipefish Mesocosm Film/Trial 4/4-12-20/4-12 AM 02.MTS,4282.062,5.125,Wiggle,Male,Active wiggle,Female,3,3.666666667,1,2.667,No,No,23,158.75
D:/Pipefish Mesocosm Film/Trial 4/4-12-20/4-12 AM 02.MTS,4287.188,37.598,Inactive,Male,,,,3.666666667,1,2.667,No,No,23,158.75
D:/Pipefish Mesocosm Film/Trial 4/4-12-20/4-12 AM 02.MTS,4287.947,39.404,Inactive,Female,,,,3.666666667,1,2.667,No,No,23,158.75
D:/Pipefish Mesocosm Film/Trial 4/4-12-20/4-12 AM 02.MTS,4324.787,2.564,Wiggle,Male,Active wiggle,Female,4,3.666666667,1,2.667,No,No,23,158.75
D:/Pipefish Mesocosm Film/Trial 4/4-12-20/4-12 AM 02.MTS,4327.352,6.93,Pose,Female,S pose,Male,Front,3.666666667,1,2.667,No,No,23,158.75
D:/Pipefish Mesocosm Film/Trial 4/4-12-20/4-12 AM 02.MTS,4327.352,1.137,Inactive,Male,,,,3.666666667,1,2.667,No,No,23,158.75
D:/Pipefish Mesocosm Film/Trial 4/4-12-20/4-12 AM 02.MTS,4328.49,2.372,Wiggle,Male,Active wiggle,Female,4,3.666666667,1,2.667,No,No,23,158.75
D:/Pipefish Mesocosm Film/Trial 4/4-12-20/4-12 AM 02.MTS,4330.863,3.988,Inactive,Male,,,,3.666666667,1,2.667,No,No,23,158.75
D:/Pipefish Mesocosm Film/Trial 4/4-12-20/4-12 AM 02.MTS,4334.283,40.444,Inactive,Female,,,,3.666666667,1,2.667,No,No,23,158.75
D:/Pipefish Mesocosm Film/Trial 4/4-12-20/4-12 AM 02.MTS,4334.852,2.562,Wiggle,Male,Active wiggle,Female,4,3.666666667,1,2.667,No,No,23,158.75
D:/Pipefish Mesocosm Film/Trial 4/4-12-20/4-12 AM 02.MTS,4337.415,3.891,Inactive,Male,,,,3.666666667,1,2.667,No,No,23,158.75
D:/Pipefish Mesocosm Film/Trial 4/4-12-20/4-12 AM 02.MTS,4341.307,3.987,Wiggle,Male,Active wiggle,Female,4,3.666666667,1,2.667,No,No,23,158.75
D:/Pipefish Mesocosm Film/Trial 4/4-12-20/4-12 AM 02.MTS,4345.295,31.522,Inactive,Male,,,,3.666666667,1,2.667,No,No,23,158.75
D:/Pipefish Mesocosm Film/Trial 4/4-12-20/4-12 AM 02.MTS,4374.728,6.076,Pose,Female,S pose,Male,Front,3.666666667,1,2.667,No,No,23,158.75
D:/Pipefish Mesocosm Film/Trial 4/4-12-20/4-12 AM 02.MTS,4376.818,3.037,Wiggle,Male,Active wiggle,Male,3,3.666666667,1,2.667,No,No,23,158.75
D:/Pipefish Mesocosm Film/Trial 4/4-12-20/4-12 AM 02.MTS,4379.856,60.292,Inactive,Male,,,,3.666666667,1,2.667,No,No,23,158.75
D:/Pipefish Mesocosm Film/Trial 4/4-12-20/4-12 AM 02.MTS,4380.805,59.343,Inactive,Female,,,,3.666666667,1,2.667,No,No,23,158.75
D:/Pipefish Mesocosm Film/Trial 4/4-12-20/4-12 AM 02.MTS,4442.901,5.028,Pose,Female,S pose,Male,Front,2.333333333,1,1.33,No,No,24,201.187
D:/Pipefish Mesocosm Film/Trial 4/4-12-20/4-12 AM 02.MTS,4444.132,16.71,Inactive,Male,,,,2.333333333,1,1.33,No,No,24,201.187
D:/Pipefish Mesocosm Film/Trial 4/4-12-20/4-12 AM 02.MTS,4447.93,120.311,Inactive,Female,,,,2.333333333,1,1.33,No,No,24,201.187
D:/Pipefish Mesocosm Film/Trial 4/4-12-20/4-12 AM 02.MTS,4460.843,2.563,Wiggle,Male,Active wiggle,Male,4,2.333333333,1,1.33,No,No,24,201.187
D:/Pipefish Mesocosm Film/Trial 4/4-12-20/4-12 AM 02.MTS,4463.407,6.648,Inactive,Male,,,,2.333333333,1,1.33,No,No,24,201.187
D:/Pipefish Mesocosm Film/Trial 4/4-12-20/4-12 AM 02.MTS,4470.056,9.396,Wiggle,Male,Active wiggle,Female,2,2.333333333,1,1.33,No,No,24,201.187
D:/Pipefish Mesocosm Film/Trial 4/4-12-20/4-12 AM 02.MTS,4479.453,8.83,Inactive,Male,,,,2.333333333,1,1.33,No,No,24,201.187
D:/Pipefish Mesocosm Film/Trial 4/4-12-20/4-12 AM 02.MTS,4488.284,8.448,Wiggle,Male,Active wiggle,Female,2,2.333333333,1,1.33,No,No,24,201.187
D:/Pipefish Mesocosm Film/Trial 4/4-12-20/4-12 AM 02.MTS,4496.733,29.149,Inactive,Male,,,,2.333333333,1,1.33,No,No,24,201.187
D:/Pipefish Mesocosm Film/Trial 4/4-12-20/4-12 AM 02.MTS,4525.883,4.174,Wiggle,Male,Active wiggle,Female,2,2.333333333,1,1.33,No,No,24,201.187
D:/Pipefish Mesocosm Film/Trial 4/4-12-20/4-12 AM 02.MTS,4530.058,39.403,Inactive,Male,,,,2.333333333,1,1.33,No,No,24,201.187
D:/Pipefish Mesocosm Film/Trial 4/4-12-20/4-12 AM 02.MTS,4568.242,13.94,Pose,Female,S pose,Male,Front,2.333333333,1,1.33,No,No,24,201.187
D:/Pipefish Mesocosm Film/Trial 4/4-12-20/4-12 AM 02.MTS,4569.462,6.739,Wiggle,Male,Active wiggle,Female,2,2.333333333,1,1.33,No,No,24,201.187
D:/Pipefish Mesocosm Film/Trial 4/4-12-20/4-12 AM 02.MTS,4576.202,23.925,Inactive,Male,,,,2.333333333,1,1.33,No,No,24,201.187
D:/Pipefish Mesocosm Film/Trial 4/4-12-20/4-12 AM 02.MTS,4582.183,61.241,Inactive,Female,,,,2.333333333,1,1.33,No,No,24,201.187
D:/Pipefish Mesocosm Film/Trial 4/4-12-20/4-12 AM 02.MTS,4600.128,5.126,Wiggle,Male,Active wiggle,Female,2,2.333333333,1,1.33,No,No,24,201.187
D:/Pipefish Mesocosm Film/Trial 4/4-12-20/4-12 AM 02.MTS,4605.255,38.169,Inactive,Male,,,,2.333333333,1,1.33,No,No,24,201.187
D:/Pipefish Mesocosm Film/Trial 4/4-12-20/4-12 AM 02.MTS,4662.603,5.6,Inactive,Female,,,,2,1,1,No,No,25,21.172
D:/Pipefish Mesocosm Film/Trial 4/4-12-20/4-12 AM 02.MTS,4662.603,2.942,Wiggle,Male,Active wiggle,Female,2,2,1,1,No,No,25,21.172
D:/Pipefish Mesocosm Film/Trial 4/4-12-20/4-12 AM 02.MTS,4665.546,17.756,Inactive,Male,,,,2,1,1,No,No,25,21.172
D:/Pipefish Mesocosm Film/Trial 4/4-12-20/4-12 AM 02.MTS,4668.204,5.791,Wiggle,Female,Active wiggle,Female,2,2,1,1,No,No,25,21.172
D:/Pipefish Mesocosm Film/Trial 4/4-12-20/4-12 AM 02.MTS,4673.996,9.305,Inactive,Female,,,,2,1,1,No,No,25,21.172
D:/Pipefish Mesocosm Film/Trial 4/4-12-20/4-12 AM 02.MTS,4708.936,189.413,Inactive,Female,,,,2,1,1,No,No,26,189.983
D:/Pipefish Mesocosm Film/Trial 4/4-12-20/4-12 AM 02.MTS,4708.936,1.518,Wiggle,Male,Active wiggle,Female,2,2,1,1,No,No,26,189.983
D:/Pipefish Mesocosm Film/Trial 4/4-12-20/4-12 AM 02.MTS,4710.455,0.473,Inactive,Male,,,,2,1,1,No,No,26,189.983
D:/Pipefish Mesocosm Film/Trial 4/4-12-20/4-12 AM 02.MTS,4710.929,4.176,Wiggle,Male,Active wiggle,Female,2,2,1,1,No,No,26,189.983
D:/Pipefish Mesocosm Film/Trial 4/4-12-20/4-12 AM 02.MTS,4715.106,3.988,Inactive,Male,,,,2,1,1,No,No,26,189.983
D:/Pipefish Mesocosm Film/Trial 4/4-12-20/4-12 AM 02.MTS,4719.095,2.088,Wiggle,Male,Active wiggle,Female,2,2,1,1,No,No,26,189.983
D:/Pipefish Mesocosm Film/Trial 4/4-12-20/4-12 AM 02.MTS,4721.184,7.119,Inactive,Male,,,,2,1,1,No,No,26,189.983
D:/Pipefish Mesocosm Film/Trial 4/4-12-20/4-12 AM 02.MTS,4728.304,1.803,Wiggle,Male,Active wiggle,Female,2,2,1,1,No,No,26,189.983
D:/Pipefish Mesocosm Film/Trial 4/4-12-20/4-12 AM 02.MTS,4730.108,6.265,Inactive,Male,,,,2,1,1,No,No,26,189.983
D:/Pipefish Mesocosm Film/Trial 4/4-12-20/4-12 AM 02.MTS,4736.374,4.177,Wiggle,Male,Active wiggle,Female,2,2,1,1,No,No,26,189.983
D:/Pipefish Mesocosm Film/Trial 4/4-12-20/4-12 AM 02.MTS,4740.552,26.394,Inactive,Male,,,,2,1,1,No,No,26,189.983
D:/Pipefish Mesocosm Film/Trial 4/4-12-20/4-12 AM 02.MTS,4766.947,2.087,Wiggle,Male,Active wiggle,Female,3,2,1,1,No,No,26,189.983
D:/Pipefish Mesocosm Film/Trial 4/4-12-20/4-12 AM 02.MTS,4769.035,22.786,Inactive,Male,,,,2,1,1,No,No,26,189.983
D:/Pipefish Mesocosm Film/Trial 4/4-12-20/4-12 AM 02.MTS,4791.822,2.941,Wiggle,Male,Active wiggle,Female,2,2,1,1,No,No,26,189.983
D:/Pipefish Mesocosm Film/Trial 4/4-12-20/4-12 AM 02.MTS,4794.764,20.033,Inactive,Male,,,,2,1,1,No,No,26,189.983
D:/Pipefish Mesocosm Film/Trial 4/4-12-20/4-12 AM 02.MTS,4814.798,2.751,Wiggle,Male,Active wiggle,Female,2,2,1,1,No,No,26,189.983
D:/Pipefish Mesocosm Film/Trial 4/4-12-20/4-12 AM 02.MTS,4817.55,7.691,Inactive,Male,,,,2,1,1,No,No,26,189.983
D:/Pipefish Mesocosm Film/Trial 4/4-12-20/4-12 AM 02.MTS,4825.242,5.128,Wiggle,Male,Active wiggle,Female,2,2,1,1,No,No,26,189.983
D:/Pipefish Mesocosm Film/Trial 4/4-12-20/4-12 AM 02.MTS,4830.371,67.978,Inactive,Male,,,,2,1,1,No,No,26,189.983
D:/Pipefish Mesocosm Film/Trial 4/4-12-20/4-12 AM 02.MTS,4970.603,3.996,Pose,Female,S pose,Male,Front,2,1,1,No,No,27,52.032
D:/Pipefish Mesocosm Film/Trial 4/4-12-20/4-12 AM 02.MTS,4971.268,16.994,Inactive,Male,,,,2,1,1,No,No,27,52.032
D:/Pipefish Mesocosm Film/Trial 4/4-12-20/4-12 AM 02.MTS,4974.6,47.747,Inactive,Female,,,,2,1,1,No,No,27,52.032
D:/Pipefish Mesocosm Film/Trial 4/4-12-20/4-12 AM 02.MTS,4988.263,3.511,Wiggle,Male,Active wiggle,Female,2,2,1,1,No,No,27,52.032
D:/Pipefish Mesocosm Film/Trial 4/4-12-20/4-12 AM 02.MTS,4991.775,15.665,Inactive,Male,,,,2,1,1,No,No,27,52.032
D:/Pipefish Mesocosm Film/Trial 4/4-12-20/4-12 AM 02.MTS,5007.441,2.659,Wiggle,Male,Active wiggle,Female,2,2,1,1,No,No,27,52.032
D:/Pipefish Mesocosm Film/Trial 4/4-12-20/4-12 AM 02.MTS,5010.101,12.246,Inactive,Male,,,,2,1,1,No,No,27,52.032
D:/Pipefish Mesocosm Film/Trial 4/4-12-20/4-12 AM 02.MTS,5065.547,6.362,Pose,Female,S pose,Male,Front,3,1.333333333,1.666666667,No,No,28,118.683
D:/Pipefish Mesocosm Film/Trial 4/4-12-20/4-12 AM 02.MTS,5065.548,117.828,Inactive,Male,,,,3,1.333333333,1.666666667,No,No,28,118.683
D:/Pipefish Mesocosm Film/Trial 4/4-12-20/4-12 AM 02.MTS,5071.91,42.345,Inactive,Female,,,,3,1.333333333,1.666666667,No,No,28,118.683
D:/Pipefish Mesocosm Film/Trial 4/4-12-20/4-12 AM 02.MTS,5114.256,4.841,Pose,Female,S pose,Male,Front,3,1.333333333,1.666666667,No,No,28,118.683
D:/Pipefish Mesocosm Film/Trial 4/4-12-20/4-12 AM 02.MTS,5119.098,14.145,Inactive,Female,,,,3,1.333333333,1.666666667,No,No,28,118.683
D:/Pipefish Mesocosm Film/Trial 4/4-12-20/4-12 AM 02.MTS,5133.244,19.082,Pose,Female,S pose,Male,Front,3,1.333333333,1.666666667,No,No,28,118.683
D:/Pipefish Mesocosm Film/Trial 4/4-12-20/4-12 AM 02.MTS,5152.327,31.049,Inactive,Female,,,,3,1.333333333,1.666666667,No,No,28,118.683
D:/Pipefish Mesocosm Film/Trial 4/4-12-20/4-12 AM 02.MTS,5218.983,6.381,Wiggle,Male,Active wiggle,Female,2,2,1,1,No,No,29,52.029
D:/Pipefish Mesocosm Film/Trial 4/4-12-20/4-12 AM 02.MTS,5220.993,8.072,Inactive,Female,,,,2,1,1,No,No,29,52.029
D:/Pipefish Mesocosm Film/Trial 4/4-12-20/4-12 AM 02.MTS,5225.365,7.48,Inactive,Male,,,,2,1,1,No,No,29,52.029
D:/Pipefish Mesocosm Film/Trial 4/4-12-20/4-12 AM 02.MTS,5229.066,4.728,Wiggle,Female,Active wiggle,Male,2,2,1,1,No,No,29,52.029
D:/Pipefish Mesocosm Film/Trial 4/4-12-20/4-12 AM 02.MTS,5232.846,8.16,Wiggle,Male,Active wiggle,Female,2,2,1,1,No,No,29,52.029
D:/Pipefish Mesocosm Film/Trial 4/4-12-20/4-12 AM 02.MTS,5233.795,37.216,Inactive,Female,,,,2,1,1,No,No,29,52.029
D:/Pipefish Mesocosm Film/Trial 4/4-12-20/4-12 AM 02.MTS,5241.007,30.004,Inactive,Male,,,,2,1,1,No,No,29,52.029
D:/Pipefish Mesocosm Film/Trial 4/4-12-20/4-12 AM 02.MTS,5375.166,7.69,Wiggle,Male,Active wiggle,Female,2,2,1,1,No,No,30,198.054
D:/Pipefish Mesocosm Film/Trial 4/4-12-20/4-12 AM 02.MTS,5376.303,11.585,Inactive,Female,,,,2,1,1,No,No,30,198.054
D:/Pipefish Mesocosm Film/Trial 4/4-12-20/4-12 AM 02.MTS,5382.857,3.415,Inactive,Male,,,,2,1,1,No,No,30,198.054
D:/Pipefish Mesocosm Film/Trial 4/4-12-20/4-12 AM 02.MTS,5386.273,1.709,Wiggle,Male,Active wiggle,Female,2,2,1,1,No,No,30,198.054
D:/Pipefish Mesocosm Film/Trial 4/4-12-20/4-12 AM 02.MTS,5387.889,3.224,Pose,Female,Non-s pose,Male,Front,2,1,1,No,No,30,198.054
D:/Pipefish Mesocosm Film/Trial 4/4-12-20/4-12 AM 02.MTS,5387.983,3.606,Inactive,Male,,,,2,1,1,No,No,30,198.054
D:/Pipefish Mesocosm Film/Trial 4/4-12-20/4-12 AM 02.MTS,5391.114,43.675,Inactive,Female,,,,2,1,1,No,No,30,198.054
D:/Pipefish Mesocosm Film/Trial 4/4-12-20/4-12 AM 02.MTS,5391.59,2.752,Wiggle,Male,Active wiggle,Female,2,2,1,1,No,No,30,198.054
D:/Pipefish Mesocosm Film/Trial 4/4-12-20/4-12 AM 02.MTS,5394.343,7.405,Inactive,Male,,,,2,1,1,No,No,30,198.054
D:/Pipefish Mesocosm Film/Trial 4/4-12-20/4-12 AM 02.MTS,5401.749,6.075,Wiggle,Male,Active wiggle,Female,2,2,1,1,No,No,30,198.054
D:/Pipefish Mesocosm Film/Trial 4/4-12-20/4-12 AM 02.MTS,5407.825,21.931,Inactive,Male,,,,2,1,1,No,No,30,198.054
D:/Pipefish Mesocosm Film/Trial 4/4-12-20/4-12 AM 02.MTS,5429.757,1.993,Wiggle,Male,Active wiggle,Female,2,2,1,1,No,No,30,198.054
D:/Pipefish Mesocosm Film/Trial 4/4-12-20/4-12 AM 02.MTS,5431.751,49.277,Inactive,Male,,,,2,1,1,No,No,30,198.054
D:/Pipefish Mesocosm Film/Trial 4/4-12-20/4-12 AM 02.MTS,5434.79,3.038,Pose,Female,Non-s pose,Male,Front,2,1,1,No,No,30,198.054
D:/Pipefish Mesocosm Film/Trial 4/4-12-20/4-12 AM 02.MTS,5437.829,101.592,Inactive,Female,,,,2,1,1,No,No,30,198.054
D:/Pipefish Mesocosm Film/Trial 4/4-12-20/4-12 AM 02.MTS,5481.029,3.418,Wiggle,Male,Active wiggle,Female,2,2,1,1,No,No,30,198.054
D:/Pipefish Mesocosm Film/Trial 4/4-12-20/4-12 AM 02.MTS,5484.448,34.084,Inactive,Male,,,,2,1,1,No,No,30,198.054
D:/Pipefish Mesocosm Film/Trial 4/4-12-20/4-12 AM 02.MTS,5518.533,3.32,Wiggle,Male,Active wiggle,Female,2,2,1,1,No,No,30,198.054
D:/Pipefish Mesocosm Film/Trial 4/4-12-20/4-12 AM 02.MTS,5521.854,12.25,Inactive,Male,,,,2,1,1,No,No,30,198.054
D:/Pipefish Mesocosm Film/Trial 4/4-12-20/4-12 AM 02.MTS,5534.105,5.124,Wiggle,Male,Active wiggle,Female,2,2,1,1,No,No,30,198.054
D:/Pipefish Mesocosm Film/Trial 4/4-12-20/4-12 AM 02.MTS,5539.23,32.377,Inactive,Male,,,,2,1,1,No,No,30,198.054
D:/Pipefish Mesocosm Film/Trial 4/4-12-20/4-12 AM 02.MTS,5539.422,7.213,Pose,Female,S pose,Male,Front,2,1,1,No,No,30,198.054
D:/Pipefish Mesocosm Film/Trial 4/4-12-20/4-12 AM 02.MTS,5546.636,24.971,Inactive,Female,,,,2,1,1,No,No,30,198.054
D:/Pipefish Mesocosm Film/Trial 4/4-12-20/4-12 AM 02.MTS,5586.513,7.309,Wiggle,Male,Active wiggle,Female,2,2,1,1,No,No,31,90.767
D:/Pipefish Mesocosm Film/Trial 4/4-12-20/4-12 AM 02.MTS,5588.222,75.579,Inactive,Female,,,,2,1,1,No,No,31,90.767
D:/Pipefish Mesocosm Film/Trial 4/4-12-20/4-12 AM 02.MTS,5593.823,2.849,Inactive,Male,,,,2,1,1,No,No,31,90.767
D:/Pipefish Mesocosm Film/Trial 4/4-12-20/4-12 AM 02.MTS,5596.673,2.846,Wiggle,Male,Active wiggle,Female,2,2,1,1,No,No,31,90.767
D:/Pipefish Mesocosm Film/Trial 4/4-12-20/4-12 AM 02.MTS,5599.52,18.134,Inactive,Male,,,,2,1,1,No,No,31,90.767
D:/Pipefish Mesocosm Film/Trial 4/4-12-20/4-12 AM 02.MTS,5617.655,4.367,Wiggle,Male,Active wiggle,Female,2,2,1,1,No,No,31,90.767
D:/Pipefish Mesocosm Film/Trial 4/4-12-20/4-12 AM 02.MTS,5622.023,32.944,Inactive,Male,,,,2,1,1,No,No,31,90.767
D:/Pipefish Mesocosm Film/Trial 4/4-12-20/4-12 AM 02.MTS,5654.968,5.032,Wiggle,Male,Active wiggle,Female,2,2,1,1,No,No,31,90.767
D:/Pipefish Mesocosm Film/Trial 4/4-12-20/4-12 AM 02.MTS,5660.001,16.711,Inactive,Male,,,,2,1,1,No,No,31,90.767
D:/Pipefish Mesocosm Film/Trial 4/4-12-20/4-12 AM 02.MTS,5663.802,4.553,Pose,Female,S pose,Male,Front,2,1,1,No,No,31,90.767
D:/Pipefish Mesocosm Film/Trial 4/4-12-20/4-12 AM 02.MTS,5668.356,2.75,Inactive,Female,,,,2,1,1,No,No,31,90.767
D:/Pipefish Mesocosm Film/Trial 4/4-12-20/4-12 AM 02.MTS,5671.107,3.134,Pose,Female,S pose,Male,Front,2,1,1,No,No,31,90.767
D:/Pipefish Mesocosm Film/Trial 4/4-12-20/4-12 AM 02.MTS,5674.242,2.47,Inactive,Female,,,,2,1,1,No,No,31,90.767
D:/Pipefish Mesocosm Film/Trial 4/4-12-20/4-12 AM 02.MTS,5690.669,5.504,Wiggle,Male,Active wiggle,Female,2,2.333333333,1,1.33,No,No,32,98.699
D:/Pipefish Mesocosm Film/Trial 4/4-12-20/4-12 AM 02.MTS,5692.092,97.274,Inactive,Female,,,,2.333333333,1,1.33,No,No,32,98.699
D:/Pipefish Mesocosm Film/Trial 4/4-12-20/4-12 AM 02.MTS,5696.174,15.856,Inactive,Male,,,,2.333333333,1,1.33,No,No,32,98.699
D:/Pipefish Mesocosm Film/Trial 4/4-12-20/4-12 AM 02.MTS,5712.031,3.416,Wiggle,Male,Active wiggle,Female,3,2.333333333,1,1.33,No,No,32,98.699
D:/Pipefish Mesocosm Film/Trial 4/4-12-20/4-12 AM 02.MTS,5715.448,57.775,Inactive,Male,,,,2.333333333,1,1.33,No,No,32,98.699
D:/Pipefish Mesocosm Film/Trial 4/4-12-20/4-12 AM 03.MTS,5773.224,5.031,Wiggle,Male,Active wiggle,Female,2,2.333333333,1,1.33,No,No,32,98.699
D:/Pipefish Mesocosm Film/Trial 4/4-12-20/4-12 AM 03.MTS,5778.256,11.11,Inactive,Male,,,,2.333333333,1,1.33,No,No,32,98.699
D:/Pipefish Mesocosm Film/Trial 4/4-12-20/4-12 AM 03.MTS,5791.453,3.417,Wiggle,Male,Active wiggle,Female,2,2.28,1,1.28,No,No,33,585.54
D:/Pipefish Mesocosm Film/Trial 4/4-12-20/4-12 AM 03.MTS,5793.262,13.766,Inactive,Female,,,,2.28,1,1.28,No,No,33,585.54
D:/Pipefish Mesocosm Film/Trial 4/4-12-20/4-12 AM 03.MTS,5794.871,11.963,Inactive,Male,,,,2.28,1,1.28,No,No,33,585.54
D:/Pipefish Mesocosm Film/Trial 4/4-12-20/4-12 AM 03.MTS,5806.835,9.017,Wiggle,Male,Active wiggle,Female,2,2.28,1,1.28,No,No,33,585.54
D:/Pipefish Mesocosm Film/Trial 4/4-12-20/4-12 AM 03.MTS,5807.029,8.348,Pose,Female,S pose,Male,Front,2.28,1,1.28,No,No,33,585.54
D:/Pipefish Mesocosm Film/Trial 4/4-12-20/4-12 AM 03.MTS,5815.378,26.205,Inactive,Female,,,,2.28,1,1.28,No,No,33,585.54
D:/Pipefish Mesocosm Film/Trial 4/4-12-20/4-12 AM 03.MTS,5815.853,16.235,Inactive,Male,,,,2.28,1,1.28,No,No,33,585.54
D:/Pipefish Mesocosm Film/Trial 4/4-12-20/4-12 AM 03.MTS,5832.089,5.886,Wiggle,Male,Active wiggle,Female,2,2.28,1,1.28,No,No,33,585.54
D:/Pipefish Mesocosm Film/Trial 4/4-12-20/4-12 AM 03.MTS,5837.976,21.268,Inactive,Male,,,,2.28,1,1.28,No,No,33,585.54
D:/Pipefish Mesocosm Film/Trial 4/4-12-20/4-12 AM 03.MTS,5841.584,5.506,Pose,Female,Non-s pose,Male,Front,2.28,1,1.28,No,No,33,585.54
D:/Pipefish Mesocosm Film/Trial 4/4-12-20/4-12 AM 03.MTS,5847.091,24.876,Inactive,Female,,,,2.28,1,1.28,No,No,33,585.54
D:/Pipefish Mesocosm Film/Trial 4/4-12-20/4-12 AM 03.MTS,5859.245,7.693,Wiggle,Male,Active wiggle,Female,2,2.28,1,1.28,No,No,33,585.54
D:/Pipefish Mesocosm Film/Trial 4/4-12-20/4-12 AM 03.MTS,5866.939,16.799,Inactive,Male,,,,2.28,1,1.28,No,No,33,585.54
D:/Pipefish Mesocosm Film/Trial 4/4-12-20/4-12 AM 03.MTS,5871.968,8.447,Pose,Female,S pose,Male,Front,2.28,1,1.28,No,No,33,585.54
D:/Pipefish Mesocosm Film/Trial 4/4-12-20/4-12 AM 03.MTS,5880.416,30.574,Inactive,Female,,,,2.28,1,1.28,No,No,33,585.54
D:/Pipefish Mesocosm Film/Trial 4/4-12-20/4-12 AM 03.MTS,5883.739,4.178,Wiggle,Male,Active wiggle,Female,3,2.28,1,1.28,No,No,33,585.54
D:/Pipefish Mesocosm Film/Trial 4/4-12-20/4-12 AM 03.MTS,5887.918,25.633,Inactive,Male,,,,2.28,1,1.28,No,No,33,585.54
D:/Pipefish Mesocosm Film/Trial 4/4-12-20/4-12 AM 03.MTS,5910.991,7.782,Pose,Female,S pose,Male,Front,2.28,1,1.28,No,No,33,585.54
D:/Pipefish Mesocosm Film/Trial 4/4-12-20/4-12 AM 03.MTS,5913.552,3.703,Wiggle,Male,Active wiggle,Female,2,2.28,1,1.28,No,No,33,585.54
D:/Pipefish Mesocosm Film/Trial 4/4-12-20/4-12 AM 03.MTS,5917.256,15.571,Inactive,Male,,,,2.28,1,1.28,No,No,33,585.54
D:/Pipefish Mesocosm Film/Trial 4/4-12-20/4-12 AM 03.MTS,5918.774,93.715,Inactive,Female,,,,2.28,1,1.28,No,No,33,585.54
D:/Pipefish Mesocosm Film/Trial 4/4-12-20/4-12 AM 03.MTS,5932.828,3.416,Wiggle,Male,Active wiggle,Female,2,2.28,1,1.28,No,No,33,585.54
D:/Pipefish Mesocosm Film/Trial 4/4-12-20/4-12 AM 03.MTS,5936.245,17.184,Inactive,Male,,,,2.28,1,1.28,No,No,33,585.54
D:/Pipefish Mesocosm Film/Trial 4/4-12-20/4-12 AM 03.MTS,5953.43,7.343,Wiggle,Male,Active wiggle,Female,2,2.28,1,1.28,No,No,33,585.54
D:/Pipefish Mesocosm Film/Trial 4/4-12-20/4-12 AM 03.MTS,5960.774,12.308,Inactive,Male,,,,2.28,1,1.28,No,No,33,585.54
D:/Pipefish Mesocosm Film/Trial 4/4-12-20/4-12 AM 03.MTS,5973.083,5.035,Wiggle,Male,Active wiggle,Female,3,2.28,1,1.28,No,No,33,585.54
D:/Pipefish Mesocosm Film/Trial 4/4-12-20/4-12 AM 03.MTS,5978.119,26.549,Inactive,Male,,,,2.28,1,1.28,No,No,33,585.54
D:/Pipefish Mesocosm Film/Trial 4/4-12-20/4-12 AM 03.MTS,6004.669,4.267,Wiggle,Male,Active wiggle,Female,2,2.28,1,1.28,No,No,33,585.54
D:/Pipefish Mesocosm Film/Trial 4/4-12-20/4-12 AM 03.MTS,6008.937,23.109,Inactive,Male,,,,2.28,1,1.28,No,No,33,585.54
D:/Pipefish Mesocosm Film/Trial 4/4-12-20/4-12 AM 03.MTS,6012.49,4.932,Wiggle,Female,Active wiggle,Male,2,2.28,1,1.28,No,No,33,585.54
D:/Pipefish Mesocosm Film/Trial 4/4-12-20/4-12 AM 03.MTS,6017.423,14.431,Inactive,Female,,,,2.28,1,1.28,No,No,33,585.54
D:/Pipefish Mesocosm Film/Trial 4/4-12-20/4-12 AM 03.MTS,6031.855,10.06,Pose,Female,S pose,Male,Front,2.28,1,1.28,No,No,33,585.54
D:/Pipefish Mesocosm Film/Trial 4/4-12-20/4-12 AM 03.MTS,6032.047,7.595,Wiggle,Male,Active wiggle,Female,2,2.28,1,1.28,No,No,33,585.54
D:/Pipefish Mesocosm Film/Trial 4/4-12-20/4-12 AM 03.MTS,6039.643,6.744,Inactive,Male,,,,2.28,1,1.28,No,No,33,585.54
D:/Pipefish Mesocosm Film/Trial 4/4-12-20/4-12 AM 03.MTS,6041.916,13.387,Inactive,Female,,,,2.28,1,1.28,No,No,33,585.54
D:/Pipefish Mesocosm Film/Trial 4/4-12-20/4-12 AM 03.MTS,6046.388,6.475,Wiggle,Male,Active wiggle,Female,2,2.28,1,1.28,No,No,33,585.54
D:/Pipefish Mesocosm Film/Trial 4/4-12-20/4-12 AM 03.MTS,6052.865,36.148,Inactive,Male,,,,2.28,1,1.28,No,No,33,585.54
D:/Pipefish Mesocosm Film/Trial 4/4-12-20/4-12 AM 03.MTS,6055.304,6.837,Pose,Female,S pose,Male,Front,2.28,1,1.28,No,No,33,585.54
D:/Pipefish Mesocosm Film/Trial 4/4-12-20/4-12 AM 03.MTS,6062.142,40.446,Inactive,Female,,,,2.28,1,1.28,No,No,33,585.54
D:/Pipefish Mesocosm Film/Trial 4/4-12-20/4-12 AM 03.MTS,6089.014,6.575,Wiggle,Male,Active wiggle,Female,2,2.28,1,1.28,No,No,33,585.54
D:/Pipefish Mesocosm Film/Trial 4/4-12-20/4-12 AM 03.MTS,6095.59,8.862,Inactive,Male,,,,2.28,1,1.28,No,No,33,585.54
D:/Pipefish Mesocosm Film/Trial 4/4-12-20/4-12 AM 03.MTS,6102.589,2.182,Wiggle,Female,Active wiggle,Male,2,2.28,1,1.28,No,No,33,585.54
D:/Pipefish Mesocosm Film/Trial 4/4-12-20/4-12 AM 03.MTS,6104.453,5.447,Wiggle,Male,Active wiggle,Female,2,2.28,1,1.28,No,No,33,585.54
D:/Pipefish Mesocosm Film/Trial 4/4-12-20/4-12 AM 03.MTS,6104.772,7.783,Pose,Female,S pose,Male,Front,2.28,1,1.28,No,No,33,585.54
D:/Pipefish Mesocosm Film/Trial 4/4-12-20/4-12 AM 03.MTS,6109.901,18.514,Inactive,Male,,,,2.28,1,1.28,No,No,33,585.54
D:/Pipefish Mesocosm Film/Trial 4/4-12-20/4-12 AM 03.MTS,6112.556,50.417,Inactive,Female,,,,2.28,1,1.28,No,No,33,585.54
D:/Pipefish Mesocosm Film/Trial 4/4-12-20/4-12 AM 03.MTS,6128.416,5.505,Wiggle,Male,Active wiggle,Female,2,2.28,1,1.28,No,No,33,585.54
D:/Pipefish Mesocosm Film/Trial 4/4-12-20/4-12 AM 03.MTS,6133.922,17.09,Inactive,Male,,,,2.28,1,1.28,No,No,33,585.54
D:/Pipefish Mesocosm Film/Trial 4/4-12-20/4-12 AM 03.MTS,6151.013,4.744,Wiggle,Male,Active wiggle,Female,2,2.28,1,1.28,No,No,33,585.54
D:/Pipefish Mesocosm Film/Trial 4/4-12-20/4-12 AM 03.MTS,6155.758,10.122,Inactive,Male,,,,2.28,1,1.28,No,No,33,585.54
D:/Pipefish Mesocosm Film/Trial 4/4-12-20/4-12 AM 03.MTS,6162.974,3.321,Wiggle,Female,Active wiggle,Female,2,2.28,1,1.28,No,No,33,585.54
D:/Pipefish Mesocosm Film/Trial 4/4-12-20/4-12 AM 03.MTS,6165.881,2.979,Wiggle,Male,Active wiggle,Female,2,2.28,1,1.28,No,No,33,585.54
D:/Pipefish Mesocosm Film/Trial 4/4-12-20/4-12 AM 03.MTS,6166.296,6.361,Pose,Female,S pose,Male,Front,2.28,1,1.28,No,No,33,585.54
D:/Pipefish Mesocosm Film/Trial 4/4-12-20/4-12 AM 03.MTS,6168.861,12.722,Inactive,Male,,,,2.28,1,1.28,No,No,33,585.54
D:/Pipefish Mesocosm Film/Trial 4/4-12-20/4-12 AM 03.MTS,6172.658,204.227,Inactive,Female,,,,2.28,1,1.28,No,No,33,585.54
D:/Pipefish Mesocosm Film/Trial 4/4-12-20/4-12 AM 03.MTS,6181.584,3.824,Wiggle,Male,Active wiggle,Female,3,2.28,1,1.28,No,No,33,585.54
D:/Pipefish Mesocosm Film/Trial 4/4-12-20/4-12 AM 03.MTS,6185.409,41.081,Inactive,Male,,,,2.28,1,1.28,No,No,33,585.54
D:/Pipefish Mesocosm Film/Trial 4/4-12-20/4-12 AM 03.MTS,6226.491,4.653,Wiggle,Male,Active wiggle,Female,3,2.28,1,1.28,No,No,33,585.54
D:/Pipefish Mesocosm Film/Trial 4/4-12-20/4-12 AM 03.MTS,6231.145,13.006,Inactive,Male,,,,2.28,1,1.28,No,No,33,585.54
D:/Pipefish Mesocosm Film/Trial 4/4-12-20/4-12 AM 03.MTS,6244.152,2.941,Wiggle,Male,Active wiggle,Female,3,2.28,1,1.28,No,No,33,585.54
D:/Pipefish Mesocosm Film/Trial 4/4-12-20/4-12 AM 03.MTS,6247.094,18.609,Inactive,Male,,,,2.28,1,1.28,No,No,33,585.54
D:/Pipefish Mesocosm Film/Trial 4/4-12-20/4-12 AM 03.MTS,6265.704,2.278,Wiggle,Male,Active wiggle,Female,3,2.28,1,1.28,No,No,33,585.54
D:/Pipefish Mesocosm Film/Trial 4/4-12-20/4-12 AM 03.MTS,6267.983,10.538,Inactive,Male,,,,2.28,1,1.28,No,No,33,585.54
D:/Pipefish Mesocosm Film/Trial 4/4-12-20/4-12 AM 03.MTS,6278.522,6.073,Wiggle,Male,Active wiggle,Female,3,2.28,1,1.28,No,No,33,585.54
D:/Pipefish Mesocosm Film/Trial 4/4-12-20/4-12 AM 03.MTS,6284.596,91.813,Inactive,Male,,,,2.28,1,1.28,No,No,33,585.54
