media_file_path,time_in_video,Duration,behavior,subject,modifier_1,modifier_2,modifier_3,Group size,Female,Male,Chasing_end,Chase_present,courtship_events,total_time_of_courtship
D:/Pipefish Mesocosm Film/Trial 6/10-12-20/10-12 AM 01.MTS,237.879,4.369,Pose,Female,S pose,Male,Front,2,1,1,No,No,1,67.507
D:/Pipefish Mesocosm Film/Trial 6/10-12-20/10-12 AM 01.MTS,239.209,65.605,Inactive,Male,,,,2,1,1,No,No,1,67.507
D:/Pipefish Mesocosm Film/Trial 6/10-12-20/10-12 AM 01.MTS,242.249,62.565,Inactive,Female,,,,2,1,1,No,No,1,67.507
D:/Pipefish Mesocosm Film/Trial 6/10-12-20/10-12 AM 01.MTS,594.112,4.938,Pose,Female,S pose,Male,Front,2,1,1,No,No,2,68.27
D:/Pipefish Mesocosm Film/Trial 6/10-12-20/10-12 AM 01.MTS,594.209,65.988,Inactive,Male,,,,2,1,1,No,No,2,68.27
D:/Pipefish Mesocosm Film/Trial 6/10-12-20/10-12 AM 01.MTS,599.051,61.146,Inactive,Female,,,,2,1,1,No,No,2,68.27
D:/Pipefish Mesocosm Film/Trial 6/10-12-20/10-12 AM 01.MTS,891.484,3.702,Inactive,Male,,,,2,1,1,No,No,3,32.003
D:/Pipefish Mesocosm Film/Trial 6/10-12-20/10-12 AM 01.MTS,892.908,9.586,Pose,Female,S pose,Male,Front,2,1,1,No,No,3,32.003
D:/Pipefish Mesocosm Film/Trial 6/10-12-20/10-12 AM 01.MTS,895.187,3.602,Wiggle,Male,Subtle wiggle,Female,2,2,1,1,No,No,3,32.003
D:/Pipefish Mesocosm Film/Trial 6/10-12-20/10-12 AM 01.MTS,898.79,17.66,Inactive,Male,,,,2,1,1,No,No,3,32.003
D:/Pipefish Mesocosm Film/Trial 6/10-12-20/10-12 AM 01.MTS,902.495,19.371,Inactive,Female,,,,2,1,1,No,No,3,32.003
D:/Pipefish Mesocosm Film/Trial 6/10-12-20/10-12 AM 01.MTS,916.451,5.126,Swim away,Male,,,,2,1,1,No,No,3,32.003
D:/Pipefish Mesocosm Film/Trial 6/10-12-20/10-12 AM 01.MTS,1013.677,7.878,Pose,Female,S pose,Male,Front,2,1,1,No,No,4,75.573
D:/Pipefish Mesocosm Film/Trial 6/10-12-20/10-12 AM 01.MTS,1013.864,2.468,Inactive,Male,,,,2,1,1,No,No,4,75.573
D:/Pipefish Mesocosm Film/Trial 6/10-12-20/10-12 AM 01.MTS,1016.333,2.562,Wiggle,Male,Active wiggle,Female,2,2,1,1,No,No,4,75.573
D:/Pipefish Mesocosm Film/Trial 6/10-12-20/10-12 AM 01.MTS,1018.896,68.741,Inactive,Male,,,,2,1,1,No,No,4,75.573
D:/Pipefish Mesocosm Film/Trial 6/10-12-20/10-12 AM 01.MTS,1021.556,66.081,Inactive,Female,,,,2,1,1,No,No,4,75.573
D:/Pipefish Mesocosm Film/Trial 6/10-12-20/10-12 AM 01.MTS,1105.775,6.831,Wiggle,Male,Active wiggle,Female,2,2,1,1,No,No,5,128.459
D:/Pipefish Mesocosm Film/Trial 6/10-12-20/10-12 AM 01.MTS,1106.44,54.651,Inactive,Female,,,,2,1,1,No,No,5,128.459
D:/Pipefish Mesocosm Film/Trial 6/10-12-20/10-12 AM 01.MTS,1112.607,54.221,Inactive,Male,,,,2,1,1,No,No,5,128.459
D:/Pipefish Mesocosm Film/Trial 6/10-12-20/10-12 AM 01.MTS,1161.092,13.484,Pose,Female,S pose,Male,Front,2,1,1,No,No,5,128.459
D:/Pipefish Mesocosm Film/Trial 6/10-12-20/10-12 AM 01.MTS,1166.829,5.024,Wiggle,Male,Subtle wiggle,Female,2,2,1,1,No,No,5,128.459
D:/Pipefish Mesocosm Film/Trial 6/10-12-20/10-12 AM 01.MTS,1171.854,62.379,Inactive,Male,,,,2,1,1,No,No,5,128.459
D:/Pipefish Mesocosm Film/Trial 6/10-12-20/10-12 AM 01.MTS,1174.577,59.656,Inactive,Female,,,,2,1,1,No,No,5,128.459
D:/Pipefish Mesocosm Film/Trial 6/10-12-20/10-12 AM 01.MTS,1234.236,3.602,Wiggle,Male,Active wiggle,Female,2,2,1,1,No,No,6,107.592
D:/Pipefish Mesocosm Film/Trial 6/10-12-20/10-12 AM 01.MTS,1235.375,106.45,Inactive,Female,,,,2,1,1,No,No,6,107.592
D:/Pipefish Mesocosm Film/Trial 6/10-12-20/10-12 AM 01.MTS,1237.839,38.265,Inactive,Male,,,,2,1,1,No,No,6,107.592
D:/Pipefish Mesocosm Film/Trial 6/10-12-20/10-12 AM 01.MTS,1276.105,4.65,Wiggle,Male,Active wiggle,Female,2,2,1,1,No,No,6,107.592
D:/Pipefish Mesocosm Film/Trial 6/10-12-20/10-12 AM 01.MTS,1280.756,61.069,Inactive,Male,,,,2,1,1,No,No,6,107.592
D:/Pipefish Mesocosm Film/Trial 6/10-12-20/10-12 AM 01.MTS,1447.292,4.749,Wiggle,Female,Active wiggle,Male,3,2.875,1,1.875,No,No,7,320.441
D:/Pipefish Mesocosm Film/Trial 6/10-12-20/10-12 AM 01.MTS,1448.43,3.604,Surrounding,Male,,,,2.875,1,1.875,No,No,7,320.441
D:/Pipefish Mesocosm Film/Trial 6/10-12-20/10-12 AM 01.MTS,1452.035,5.889,Wiggle,Male,Subtle wiggle,Female,3,2.875,1,1.875,No,No,7,320.441
D:/Pipefish Mesocosm Film/Trial 6/10-12-20/10-12 AM 01.MTS,1452.042,7.021,Pose,Female,S pose,Male,Front,2.875,1,1.875,No,No,7,320.441
D:/Pipefish Mesocosm Film/Trial 6/10-12-20/10-12 AM 01.MTS,1457.925,96.937,Inactive,Male,,,,2.875,1,1.875,No,No,7,320.441
D:/Pipefish Mesocosm Film/Trial 6/10-12-20/10-12 AM 01.MTS,1459.064,14.815,Inactive,Female,,,,2.875,1,1.875,No,No,7,320.441
D:/Pipefish Mesocosm Film/Trial 6/10-12-20/10-12 AM 01.MTS,1473.88,2.084,Wiggle,Female,Active wiggle,Male,4,2.875,1,1.875,No,No,7,320.441
D:/Pipefish Mesocosm Film/Trial 6/10-12-20/10-12 AM 01.MTS,1475.965,78.424,Inactive,Female,,,,2.875,1,1.875,No,No,7,320.441
D:/Pipefish Mesocosm Film/Trial 6/10-12-20/10-12 AM 01.MTS,1554.39,3.793,Pose,Female,S pose,Male,Front,2.875,1,1.875,No,No,7,320.441
D:/Pipefish Mesocosm Film/Trial 6/10-12-20/10-12 AM 01.MTS,1554.863,4.843,Wiggle,Male,Active wiggle,Female,3,2.875,1,1.875,No,No,7,320.441
D:/Pipefish Mesocosm Film/Trial 6/10-12-20/10-12 AM 01.MTS,1558.184,64.089,Inactive,Female,,,,2.875,1,1.875,No,No,7,320.441
D:/Pipefish Mesocosm Film/Trial 6/10-12-20/10-12 AM 01.MTS,1559.707,20.792,Inactive,Male,,,,2.875,1,1.875,No,No,7,320.441
D:/Pipefish Mesocosm Film/Trial 6/10-12-20/10-12 AM 01.MTS,1578.505,2.754,Wiggle,Male,Active wiggle,Female,2,2.875,1,1.875,No,No,7,320.441
D:/Pipefish Mesocosm Film/Trial 6/10-12-20/10-12 AM 01.MTS,1581.261,43.48,Inactive,Male,,,,2.875,1,1.875,No,No,7,320.441
D:/Pipefish Mesocosm Film/Trial 6/10-12-20/10-12 AM 01.MTS,1622.274,5.885,Pose,Female,Non-s pose,Male,Front,2.875,1,1.875,No,No,7,320.441
D:/Pipefish Mesocosm Film/Trial 6/10-12-20/10-12 AM 01.MTS,1624.742,2.278,Wiggle,Male,Active wiggle,Female,3,2.875,1,1.875,No,No,7,320.441
D:/Pipefish Mesocosm Film/Trial 6/10-12-20/10-12 AM 01.MTS,1627.021,36.457,Inactive,Male,,,,2.875,1,1.875,No,No,7,320.441
D:/Pipefish Mesocosm Film/Trial 6/10-12-20/10-12 AM 01.MTS,1628.16,139.571,Inactive,Female,,,,2.875,1,1.875,No,No,7,320.441
D:/Pipefish Mesocosm Film/Trial 6/10-12-20/10-12 AM 01.MTS,1663.479,3.417,Wiggle,Male,Active wiggle,Female,3,2.875,1,1.875,No,No,7,320.441
D:/Pipefish Mesocosm Film/Trial 6/10-12-20/10-12 AM 01.MTS,1666.897,33.61,Inactive,Male,,,,2.875,1,1.875,No,No,7,320.441
D:/Pipefish Mesocosm Film/Trial 6/10-12-20/10-12 AM 01.MTS,1700.508,3.796,Wiggle,Male,Active wiggle,Female,2,2.875,1,1.875,No,No,7,320.441
D:/Pipefish Mesocosm Film/Trial 6/10-12-20/10-12 AM 01.MTS,1704.305,63.426,Inactive,Male,,,,2.875,1,1.875,No,No,7,320.441
D:/Pipefish Mesocosm Film/Trial 6/10-12-20/10-12 AM 01.MTS,1870.269,4.935,Wiggle,Male,Active wiggle,Female,2,3,1,2,No,No,8,481.66
D:/Pipefish Mesocosm Film/Trial 6/10-12-20/10-12 AM 01.MTS,1872.074,2.563,Inactive,Female,,,,3,1,2,No,No,8,481.66
D:/Pipefish Mesocosm Film/Trial 6/10-12-20/10-12 AM 01.MTS,1874.638,3.323,Pose,Female,S pose,Male,Front,3,1,2,No,No,8,481.66
D:/Pipefish Mesocosm Film/Trial 6/10-12-20/10-12 AM 01.MTS,1875.205,1.139,Inactive,Male,,,,3,1,2,No,No,8,481.66
D:/Pipefish Mesocosm Film/Trial 6/10-12-20/10-12 AM 01.MTS,1876.345,3.514,Wiggle,Male,Active wiggle,Female,3,3,1,2,No,No,8,481.66
D:/Pipefish Mesocosm Film/Trial 6/10-12-20/10-12 AM 01.MTS,1877.962,2.469,Inactive,Female,,,,3,1,2,No,No,8,481.66
D:/Pipefish Mesocosm Film/Trial 6/10-12-20/10-12 AM 01.MTS,1879.86,66.178,Inactive,Male,,,,3,1,2,No,No,8,481.66
D:/Pipefish Mesocosm Film/Trial 6/10-12-20/10-12 AM 01.MTS,1880.432,3.417,Pose,Female,S pose,Male,Front,3,1,2,No,No,8,481.66
D:/Pipefish Mesocosm Film/Trial 6/10-12-20/10-12 AM 01.MTS,1883.85,63.041,Inactive,Female,,,,3,1,2,No,No,8,481.66
D:/Pipefish Mesocosm Film/Trial 6/10-12-20/10-12 AM 01.MTS,1946.039,8.922,Wiggle,Male,Active wiggle,Female,3,3,1,2,No,No,8,481.66
D:/Pipefish Mesocosm Film/Trial 6/10-12-20/10-12 AM 01.MTS,1946.892,7.877,Pose,Female,Non-s pose,Male,Front,3,1,2,No,No,8,481.66
D:/Pipefish Mesocosm Film/Trial 6/10-12-20/10-12 AM 01.MTS,1954.77,45.575,Inactive,Female,,,,3,1,2,No,No,8,481.66
D:/Pipefish Mesocosm Film/Trial 6/10-12-20/10-12 AM 01.MTS,1954.962,41.488,Inactive,Male,,,,3,1,2,No,No,8,481.66
D:/Pipefish Mesocosm Film/Trial 6/10-12-20/10-12 AM 01.MTS,1996.451,3.135,Wiggle,Male,Active wiggle,Female,2,3,1,2,No,No,8,481.66
D:/Pipefish Mesocosm Film/Trial 6/10-12-20/10-12 AM 01.MTS,1999.587,2.845,Inactive,Male,,,,3,1,2,No,No,8,481.66
D:/Pipefish Mesocosm Film/Trial 6/10-12-20/10-12 AM 01.MTS,2000.346,5.033,Pose,Female,S pose,Male,Front,3,1,2,No,No,8,481.66
D:/Pipefish Mesocosm Film/Trial 6/10-12-20/10-12 AM 01.MTS,2002.433,3.132,Wiggle,Male,Active wiggle,Female,3,3,1,2,No,No,8,481.66
D:/Pipefish Mesocosm Film/Trial 6/10-12-20/10-12 AM 01.MTS,2005.38,78.326,Inactive,Female,,,,3,1,2,No,No,8,481.66
D:/Pipefish Mesocosm Film/Trial 6/10-12-20/10-12 AM 01.MTS,2005.566,24.496,Inactive,Male,,,,3,1,2,No,No,8,481.66
D:/Pipefish Mesocosm Film/Trial 6/10-12-20/10-12 AM 01.MTS,2030.063,3.798,Wiggle,Male,Active wiggle,Female,3,3,1,2,No,No,8,481.66
D:/Pipefish Mesocosm Film/Trial 6/10-12-20/10-12 AM 01.MTS,2033.862,42.061,Inactive,Male,,,,3,1,2,No,No,8,481.66
D:/Pipefish Mesocosm Film/Trial 6/10-12-20/10-12 AM 01.MTS,2075.924,3.798,Wiggle,Male,Active wiggle,Female,3,3,1,2,No,No,8,481.66
D:/Pipefish Mesocosm Film/Trial 6/10-12-20/10-12 AM 01.MTS,2079.723,4.555,Inactive,Male,,,,3,1,2,No,No,8,481.66
D:/Pipefish Mesocosm Film/Trial 6/10-12-20/10-12 AM 01.MTS,2083.707,1.516,Pose,Female,Non-s pose,Male,Front,3,1,2,No,No,8,481.66
D:/Pipefish Mesocosm Film/Trial 6/10-12-20/10-12 AM 01.MTS,2084.279,2.844,Wiggle,Male,Active wiggle,Female,3,3,1,2,No,No,8,481.66
D:/Pipefish Mesocosm Film/Trial 6/10-12-20/10-12 AM 01.MTS,2085.224,3.513,Inactive,Female,,,,3,1,2,No,No,8,481.66
D:/Pipefish Mesocosm Film/Trial 6/10-12-20/10-12 AM 01.MTS,2087.124,2.847,Inactive,Male,,,,3,1,2,No,No,8,481.66
D:/Pipefish Mesocosm Film/Trial 6/10-12-20/10-12 AM 01.MTS,2088.738,1.709,Pose,Female,S pose,Male,Front,3,1,2,No,No,8,481.66
D:/Pipefish Mesocosm Film/Trial 6/10-12-20/10-12 AM 01.MTS,2089.972,2.183,Wiggle,Male,Active wiggle,Female,3,3,1,2,No,No,8,481.66
D:/Pipefish Mesocosm Film/Trial 6/10-12-20/10-12 AM 01.MTS,2090.448,2.277,Inactive,Female,,,,3,1,2,No,No,8,481.66
D:/Pipefish Mesocosm Film/Trial 6/10-12-20/10-12 AM 01.MTS,2092.156,2.849,Inactive,Male,,,,3,1,2,No,No,8,481.66
D:/Pipefish Mesocosm Film/Trial 6/10-12-20/10-12 AM 01.MTS,2092.726,9.778,Pose,Female,Non-s pose,Male,Front,3,1,2,No,No,8,481.66
D:/Pipefish Mesocosm Film/Trial 6/10-12-20/10-12 AM 01.MTS,2095.006,7.878,Wiggle,Male,Active wiggle,Female,3,3,1,2,No,No,8,481.66
D:/Pipefish Mesocosm Film/Trial 6/10-12-20/10-12 AM 01.MTS,2102.505,25.159,Inactive,Female,,,,3,1,2,No,No,8,481.66
D:/Pipefish Mesocosm Film/Trial 6/10-12-20/10-12 AM 01.MTS,2102.885,21.649,Inactive,Male,,,,3,1,2,No,No,8,481.66
D:/Pipefish Mesocosm Film/Trial 6/10-12-20/10-12 AM 01.MTS,2124.535,7.408,Wiggle,Male,Active wiggle,Female,3,3,1,2,No,No,8,481.66
D:/Pipefish Mesocosm Film/Trial 6/10-12-20/10-12 AM 01.MTS,2127.665,1.52,Pose,Female,S pose,Male,Front,3,1,2,No,No,8,481.66
D:/Pipefish Mesocosm Film/Trial 6/10-12-20/10-12 AM 01.MTS,2129.186,1.706,Inactive,Female,,,,3,1,2,No,No,8,481.66
D:/Pipefish Mesocosm Film/Trial 6/10-12-20/10-12 AM 01.MTS,2130.893,2.375,Pose,Female,S pose,Male,Front,3,1,2,No,No,8,481.66
D:/Pipefish Mesocosm Film/Trial 6/10-12-20/10-12 AM 01.MTS,2131.944,50.315,Inactive,Male,,,,3,1,2,No,No,8,481.66
D:/Pipefish Mesocosm Film/Trial 6/10-12-20/10-12 AM 01.MTS,2133.269,107.286,Inactive,Female,,,,3,1,2,No,No,8,481.66
D:/Pipefish Mesocosm Film/Trial 6/10-12-20/10-12 AM 01.MTS,2182.26,4.555,Wiggle,Male,Active wiggle,Female,4,3,1,2,No,No,8,481.66
D:/Pipefish Mesocosm Film/Trial 6/10-12-20/10-12 AM 01.MTS,2186.816,102.825,Inactive,Male,,,,3,1,2,No,No,8,481.66
D:/Pipefish Mesocosm Film/Trial 6/10-12-20/10-12 AM 01.MTS,2240.556,1.611,Pose,Female,S pose,Male,Front,3,1,2,No,No,8,481.66
D:/Pipefish Mesocosm Film/Trial 6/10-12-20/10-12 AM 01.MTS,2242.168,3.704,Inactive,Female,,,,3,1,2,No,No,8,481.66
D:/Pipefish Mesocosm Film/Trial 6/10-12-20/10-12 AM 01.MTS,2245.873,3.131,Pose,Female,S pose,Male,Front,3,1,2,No,No,8,481.66
D:/Pipefish Mesocosm Film/Trial 6/10-12-20/10-12 AM 01.MTS,2249.005,102.922,Inactive,Female,,,,3,1,2,No,No,8,481.66
D:/Pipefish Mesocosm Film/Trial 6/10-12-20/10-12 AM 01.MTS,2289.642,1.804,Wiggle,Male,Active wiggle,Female,4,3,1,2,No,No,8,481.66
D:/Pipefish Mesocosm Film/Trial 6/10-12-20/10-12 AM 01.MTS,2291.447,60.48,Inactive,Male,,,,3,1,2,No,No,8,481.66
D:/Pipefish Mesocosm Film/Trial 6/10-12-20/10-12 AM 01.MTS,2468.426,2.654,Wiggle,Male,Active wiggle,Female,3,2.833333333,1,1.83,No,No,9,260.315
D:/Pipefish Mesocosm Film/Trial 6/10-12-20/10-12 AM 01.MTS,2471.081,38.456,Inactive,Male,,,,2.833333333,1,1.83,No,No,9,260.315
D:/Pipefish Mesocosm Film/Trial 6/10-12-20/10-12 AM 01.MTS,2472.602,4.464,Inactive,Female,,,,2.833333333,1,1.83,No,No,9,260.315
D:/Pipefish Mesocosm Film/Trial 6/10-12-20/10-12 AM 01.MTS,2472.603,4.462,Pose,Female,Non-s pose,Male,Front,2.833333333,1,1.83,No,No,9,260.315
D:/Pipefish Mesocosm Film/Trial 6/10-12-20/10-12 AM 01.MTS,2501.844,46.711,Inactive,Female,,,,2.833333333,1,1.83,No,No,9,260.315
D:/Pipefish Mesocosm Film/Trial 6/10-12-20/10-12 AM 01.MTS,2509.538,2.559,Wiggle,Male,Active wiggle,Female,3,2.833333333,1,1.83,No,No,9,260.315
D:/Pipefish Mesocosm Film/Trial 6/10-12-20/10-12 AM 01.MTS,2512.098,30.569,Inactive,Male,,,,2.833333333,1,1.83,No,No,9,260.315
D:/Pipefish Mesocosm Film/Trial 6/10-12-20/10-12 AM 01.MTS,2513.621,0,Move away,Female,,,,2.833333333,1,1.83,No,No,9,260.315
D:/Pipefish Mesocosm Film/Trial 6/10-12-20/10-12 AM 01.MTS,2542.668,5.227,Wiggle,Male,Active wiggle,Female,4,2.833333333,1,1.83,No,No,9,260.315
D:/Pipefish Mesocosm Film/Trial 6/10-12-20/10-12 AM 01.MTS,2547.896,4.838,Inactive,Male,,,,2.833333333,1,1.83,No,No,9,260.315
D:/Pipefish Mesocosm Film/Trial 6/10-12-20/10-12 AM 01.MTS,2548.557,10.067,Pose,Female,Non-s pose,Female,Front,2.833333333,1,1.83,No,No,9,260.315
D:/Pipefish Mesocosm Film/Trial 6/10-12-20/10-12 AM 01.MTS,2552.735,2.184,Wiggle,Male,Active wiggle,Female,2,2.833333333,1,1.83,No,No,9,260.315
D:/Pipefish Mesocosm Film/Trial 6/10-12-20/10-12 AM 01.MTS,2554.92,45.665,Inactive,Male,,,,2.833333333,1,1.83,No,No,9,260.315
D:/Pipefish Mesocosm Film/Trial 6/10-12-20/10-12 AM 01.MTS,2558.626,169.38,Inactive,Female,,,,2.833333333,1,1.83,No,No,9,260.315
D:/Pipefish Mesocosm Film/Trial 6/10-12-20/10-12 AM 01.MTS,2600.586,3.614,Wiggle,Male,Active wiggle,Female,3,2.833333333,1,1.83,No,No,9,260.315
D:/Pipefish Mesocosm Film/Trial 6/10-12-20/10-12 AM 01.MTS,2604.201,60.283,Inactive,Male,,,,2.833333333,1,1.83,No,No,9,260.315
D:/Pipefish Mesocosm Film/Trial 6/10-12-20/10-12 AM 01.MTS,2664.485,2.943,Wiggle,Male,Active wiggle,Female,2,2.833333333,1,1.83,No,No,9,260.315
D:/Pipefish Mesocosm Film/Trial 6/10-12-20/10-12 AM 01.MTS,2667.429,60.577,Inactive,Male,,,,2.833333333,1,1.83,No,No,9,260.315
D:/Pipefish Mesocosm Film/Trial 6/10-12-20/10-12 AM 01.MTS,2845.452,2.086,Wiggle,Male,Active wiggle,Female,2,2,1,1,No,No,10,80.796
D:/Pipefish Mesocosm Film/Trial 6/10-12-20/10-12 AM 01.MTS,2847.539,78.518,Inactive,Male,,,,2,1,1,No,No,10,80.796
D:/Pipefish Mesocosm Film/Trial 6/10-12-20/10-12 AM 01.MTS,2849.062,12.243,Inactive,Female,,,,2,1,1,No,No,10,80.796
D:/Pipefish Mesocosm Film/Trial 6/10-12-20/10-12 AM 02.MTS,2861.306,4.087,Pose,Female,S pose,Male,Front,2,1,1,No,No,10,80.796
D:/Pipefish Mesocosm Film/Trial 6/10-12-20/10-12 AM 02.MTS,2865.394,60.663,Inactive,Female,,,,2,1,1,No,No,10,80.796
D:/Pipefish Mesocosm Film/Trial 6/10-12-20/10-12 AM 02.MTS,2972.298,6.168,Wiggle,Male,Active wiggle,Female,2,2,1,1,No,No,11,110.804
D:/Pipefish Mesocosm Film/Trial 6/10-12-20/10-12 AM 02.MTS,2978.188,3.221,Pose,Female,S pose,Male,Front,2,1,1,No,No,11,110.804
D:/Pipefish Mesocosm Film/Trial 6/10-12-20/10-12 AM 02.MTS,2978.467,1.423,Inactive,Male,,,,2,1,1,No,No,11,110.804
D:/Pipefish Mesocosm Film/Trial 6/10-12-20/10-12 AM 02.MTS,2979.891,1.803,Wiggle,Male,Active wiggle,Female,2,2,1,1,No,No,11,110.804
D:/Pipefish Mesocosm Film/Trial 6/10-12-20/10-12 AM 02.MTS,2981.41,1.709,Inactive,Female,,,,2,1,1,No,No,11,110.804
D:/Pipefish Mesocosm Film/Trial 6/10-12-20/10-12 AM 02.MTS,2981.695,37.505,Inactive,Male,,,,2,1,1,No,No,11,110.804
D:/Pipefish Mesocosm Film/Trial 6/10-12-20/10-12 AM 02.MTS,2983.12,3.225,Pose,Female,S pose,Male,Front,2,1,1,No,No,11,110.804
D:/Pipefish Mesocosm Film/Trial 6/10-12-20/10-12 AM 02.MTS,2986.346,96.374,Inactive,Female,,,,2,1,1,No,No,11,110.804
D:/Pipefish Mesocosm Film/Trial 6/10-12-20/10-12 AM 02.MTS,3019.201,3.036,Wiggle,Male,Active wiggle,Female,2,2,1,1,No,No,11,110.804
D:/Pipefish Mesocosm Film/Trial 6/10-12-20/10-12 AM 02.MTS,3022.238,60.482,Inactive,Male,,,,2,1,1,No,No,11,110.804
D:/Pipefish Mesocosm Film/Trial 6/10-12-20/10-12 AM 02.MTS,3094.203,3.805,Wiggle,Male,Active wiggle,Female,3,2.5,1,1.5,No,No,12,117.924
D:/Pipefish Mesocosm Film/Trial 6/10-12-20/10-12 AM 02.MTS,3094.206,5.223,Inactive,Female,,,,2.5,1,1.5,No,No,12,117.924
D:/Pipefish Mesocosm Film/Trial 6/10-12-20/10-12 AM 02.MTS,3098.009,47.563,Inactive,Male,,,,2.5,1,1.5,No,No,12,117.924
D:/Pipefish Mesocosm Film/Trial 6/10-12-20/10-12 AM 02.MTS,3099.43,2.375,Pose,Female,Flash,Male,Front,2.5,1,1.5,No,No,12,117.924
D:/Pipefish Mesocosm Film/Trial 6/10-12-20/10-12 AM 02.MTS,3101.806,109.811,Inactive,Female,,,,2.5,1,1.5,No,No,12,117.924
D:/Pipefish Mesocosm Film/Trial 6/10-12-20/10-12 AM 02.MTS,3145.573,5.696,Wiggle,Male,Active wiggle,Female,2,2.5,1,1.5,No,No,12,117.924
D:/Pipefish Mesocosm Film/Trial 6/10-12-20/10-12 AM 02.MTS,3151.27,60.347,Inactive,Male,,,,2.5,1,1.5,No,No,12,117.924
D:/Pipefish Mesocosm Film/Trial 6/10-12-20/10-12 AM 02.MTS,3231.78,4.181,Wiggle,Male,Active wiggle,Female,2,2.5,1,1.5,No,No,13,171.113
D:/Pipefish Mesocosm Film/Trial 6/10-12-20/10-12 AM 02.MTS,3232.452,70.82,Inactive,Female,,,,2.5,1,1.5,No,No,13,171.113
D:/Pipefish Mesocosm Film/Trial 6/10-12-20/10-12 AM 02.MTS,3235.962,28.107,Inactive,Male,,,,2.5,1,1.5,No,No,13,171.113
D:/Pipefish Mesocosm Film/Trial 6/10-12-20/10-12 AM 02.MTS,3264.07,3.314,Wiggle,Male,Active wiggle,Female,2,2.5,1,1.5,No,No,13,171.113
D:/Pipefish Mesocosm Film/Trial 6/10-12-20/10-12 AM 02.MTS,3267.385,31.146,Inactive,Male,,,,2.5,1,1.5,No,No,13,171.113
D:/Pipefish Mesocosm Film/Trial 6/10-12-20/10-12 AM 02.MTS,3298.532,5.028,Wiggle,Male,Active wiggle,Female,4,2.5,1,1.5,No,No,13,171.113
D:/Pipefish Mesocosm Film/Trial 6/10-12-20/10-12 AM 02.MTS,3303.273,2.752,Pose,Female,S pose,Male,Front,2.5,1,1.5,No,No,13,171.113
D:/Pipefish Mesocosm Film/Trial 6/10-12-20/10-12 AM 02.MTS,3303.561,33.04,Inactive,Male,,,,2.5,1,1.5,No,No,13,171.113
D:/Pipefish Mesocosm Film/Trial 6/10-12-20/10-12 AM 02.MTS,3306.026,96.466,Inactive,Female,,,,2.5,1,1.5,No,No,13,171.113
D:/Pipefish Mesocosm Film/Trial 6/10-12-20/10-12 AM 02.MTS,3336.602,4.082,Wiggle,Male,Active wiggle,Female,2,2.5,1,1.5,No,No,13,171.113
D:/Pipefish Mesocosm Film/Trial 6/10-12-20/10-12 AM 02.MTS,3340.685,61.807,Inactive,Male,,,,2.5,1,1.5,No,No,13,171.113
D:/Pipefish Mesocosm Film/Trial 6/10-12-20/10-12 AM 02.MTS,3477.119,4.745,Wiggle,Male,Active wiggle,Female,2,2.25,1,1.25,No,No,14,206.887
D:/Pipefish Mesocosm Film/Trial 6/10-12-20/10-12 AM 02.MTS,3477.403,5.029,Inactive,Female,,,,2.25,1,1.25,No,No,14,206.887
D:/Pipefish Mesocosm Film/Trial 6/10-12-20/10-12 AM 02.MTS,3481.865,79.768,Inactive,Male,,,,2.25,1,1.25,No,No,14,206.887
D:/Pipefish Mesocosm Film/Trial 6/10-12-20/10-12 AM 02.MTS,3482.433,6.362,Pose,Female,Non-s pose,Male,Front,2.25,1,1.25,No,No,14,206.887
D:/Pipefish Mesocosm Film/Trial 6/10-12-20/10-12 AM 02.MTS,3488.796,72.253,Inactive,Female,,,,2.25,1,1.25,No,No,14,206.887
D:/Pipefish Mesocosm Film/Trial 6/10-12-20/10-12 AM 02.MTS,3561.05,2.562,Pose,Female,S pose,Male,Front,2.25,1,1.25,No,No,14,206.887
D:/Pipefish Mesocosm Film/Trial 6/10-12-20/10-12 AM 02.MTS,3561.634,5.207,Wiggle,Male,Active wiggle,Female,2,2.25,1,1.25,No,No,14,206.887
D:/Pipefish Mesocosm Film/Trial 6/10-12-20/10-12 AM 02.MTS,3563.613,17.184,Inactive,Female,,,,2.25,1,1.25,No,No,14,206.887
D:/Pipefish Mesocosm Film/Trial 6/10-12-20/10-12 AM 02.MTS,3566.842,4.745,Inactive,Male,,,,2.25,1,1.25,No,No,14,206.887
D:/Pipefish Mesocosm Film/Trial 6/10-12-20/10-12 AM 02.MTS,3571.588,2.47,Wiggle,Male,Active wiggle,Female,3,2.25,1,1.25,No,No,14,206.887
D:/Pipefish Mesocosm Film/Trial 6/10-12-20/10-12 AM 02.MTS,3574.059,43.67,Inactive,Male,,,,2.25,1,1.25,No,No,14,206.887
D:/Pipefish Mesocosm Film/Trial 6/10-12-20/10-12 AM 02.MTS,3580.798,1.901,Pose,Female,Non-s pose,Male,Front,2.25,1,1.25,No,No,14,206.887
D:/Pipefish Mesocosm Film/Trial 6/10-12-20/10-12 AM 02.MTS,3582.7,1.138,Inactive,Female,,,,2.25,1,1.25,No,No,14,206.887
D:/Pipefish Mesocosm Film/Trial 6/10-12-20/10-12 AM 02.MTS,3583.839,5.694,Pose,Female,Non-s pose,Male,Front,2.25,1,1.25,No,No,14,206.887
D:/Pipefish Mesocosm Film/Trial 6/10-12-20/10-12 AM 02.MTS,3589.534,94.088,Inactive,Female,,,,2.25,1,1.25,No,No,14,206.887
D:/Pipefish Mesocosm Film/Trial 6/10-12-20/10-12 AM 02.MTS,3617.73,5.315,Wiggle,Male,Active wiggle,Female,2,2.25,1,1.25,No,No,14,206.887
D:/Pipefish Mesocosm Film/Trial 6/10-12-20/10-12 AM 02.MTS,3623.046,60.576,Inactive,Male,,,,2.25,1,1.25,No,No,14,206.887
D:/Pipefish Mesocosm Film/Trial 6/10-12-20/10-12 AM 02.MTS,3706.794,3.507,Wiggle,Male,Active wiggle,Female,2,2.1,1,1.1,No,No,15,480.24
D:/Pipefish Mesocosm Film/Trial 6/10-12-20/10-12 AM 02.MTS,3708.319,1.984,Pose,Female,Non-s pose,Male,Front,2.1,1,1.1,No,No,15,480.24
D:/Pipefish Mesocosm Film/Trial 6/10-12-20/10-12 AM 02.MTS,3710.302,3.42,Inactive,Male,,,,2.1,1,1.1,No,No,15,480.24
D:/Pipefish Mesocosm Film/Trial 6/10-12-20/10-12 AM 02.MTS,3710.304,1.991,Inactive,Female,,,,2.1,1,1.1,No,No,15,480.24
D:/Pipefish Mesocosm Film/Trial 6/10-12-20/10-12 AM 02.MTS,3712.296,4.082,Pose,Female,S pose,Male,Front,2.1,1,1.1,No,No,15,480.24
D:/Pipefish Mesocosm Film/Trial 6/10-12-20/10-12 AM 02.MTS,3713.723,1.894,Wiggle,Male,Active wiggle,Female,2,2.1,1,1.1,No,No,15,480.24
D:/Pipefish Mesocosm Film/Trial 6/10-12-20/10-12 AM 02.MTS,3715.618,84.221,Inactive,Male,,,,2.1,1,1.1,No,No,15,480.24
D:/Pipefish Mesocosm Film/Trial 6/10-12-20/10-12 AM 02.MTS,3716.379,42.634,Inactive,Female,,,,2.1,1,1.1,No,No,15,480.24
D:/Pipefish Mesocosm Film/Trial 6/10-12-20/10-12 AM 02.MTS,3759.014,3.414,Pose,Female,Non-s pose,Male,Front,2.1,1,1.1,No,No,15,480.24
D:/Pipefish Mesocosm Film/Trial 6/10-12-20/10-12 AM 02.MTS,3762.429,34.938,Inactive,Female,,,,2.1,1,1.1,No,No,15,480.24
D:/Pipefish Mesocosm Film/Trial 6/10-12-20/10-12 AM 02.MTS,3797.368,5.696,Pose,Female,S pose,Male,Front,2.1,1,1.1,No,No,15,480.24
D:/Pipefish Mesocosm Film/Trial 6/10-12-20/10-12 AM 02.MTS,3799.84,3.795,Wiggle,Male,Active wiggle,Female,2,2.1,1,1.1,No,No,15,480.24
D:/Pipefish Mesocosm Film/Trial 6/10-12-20/10-12 AM 02.MTS,3803.065,177.833,Inactive,Female,,,,2.1,1,1.1,No,No,15,480.24
D:/Pipefish Mesocosm Film/Trial 6/10-12-20/10-12 AM 02.MTS,3803.636,13.099,Inactive,Male,,,,2.1,1,1.1,No,No,15,480.24
D:/Pipefish Mesocosm Film/Trial 6/10-12-20/10-12 AM 02.MTS,3816.736,3.991,Wiggle,Male,Active wiggle,Female,2,2.1,1,1.1,No,No,15,480.24
D:/Pipefish Mesocosm Film/Trial 6/10-12-20/10-12 AM 02.MTS,3820.728,56.774,Inactive,Male,,,,2.1,1,1.1,No,No,15,480.24
D:/Pipefish Mesocosm Film/Trial 6/10-12-20/10-12 AM 02.MTS,3877.503,2.378,Wiggle,Male,Active wiggle,Female,2,2.1,1,1.1,No,No,15,480.24
D:/Pipefish Mesocosm Film/Trial 6/10-12-20/10-12 AM 02.MTS,3879.882,53.357,Inactive,Male,,,,2.1,1,1.1,No,No,15,480.24
D:/Pipefish Mesocosm Film/Trial 6/10-12-20/10-12 AM 02.MTS,3933.24,3.317,Wiggle,Male,Active wiggle,Female,2,2.1,1,1.1,No,No,15,480.24
D:/Pipefish Mesocosm Film/Trial 6/10-12-20/10-12 AM 02.MTS,3936.558,43.486,Inactive,Male,,,,2.1,1,1.1,No,No,15,480.24
D:/Pipefish Mesocosm Film/Trial 6/10-12-20/10-12 AM 02.MTS,3980.045,2.657,Wiggle,Male,Active wiggle,Female,2,2.1,1,1.1,No,No,15,480.24
D:/Pipefish Mesocosm Film/Trial 6/10-12-20/10-12 AM 02.MTS,3980.899,4.276,Pose,Female,Non-s pose,Male,Front,2.1,1,1.1,No,No,15,480.24
D:/Pipefish Mesocosm Film/Trial 6/10-12-20/10-12 AM 02.MTS,3982.703,12.942,Inactive,Male,,,,2.1,1,1.1,No,No,15,480.24
D:/Pipefish Mesocosm Film/Trial 6/10-12-20/10-12 AM 02.MTS,3985.176,12.07,Inactive,Female,,,,2.1,1,1.1,No,No,15,480.24
D:/Pipefish Mesocosm Film/Trial 6/10-12-20/10-12 AM 02.MTS,3995.646,2.34,Wiggle,Male,Active wiggle,Female,2,2.1,1,1.1,No,No,15,480.24
D:/Pipefish Mesocosm Film/Trial 6/10-12-20/10-12 AM 02.MTS,3997.247,6.724,Pose,Female,S pose,Male,Front,2.1,1,1.1,No,No,15,480.24
D:/Pipefish Mesocosm Film/Trial 6/10-12-20/10-12 AM 02.MTS,3997.987,56.489,Inactive,Male,,,,2.1,1,1.1,No,No,15,480.24
D:/Pipefish Mesocosm Film/Trial 6/10-12-20/10-12 AM 02.MTS,4003.972,60.113,Inactive,Female,,,,2.1,1,1.1,No,No,15,480.24
D:/Pipefish Mesocosm Film/Trial 6/10-12-20/10-12 AM 02.MTS,4054.477,2.566,Wiggle,Male,Active wiggle,Female,3,2.1,1,1.1,No,No,15,480.24
D:/Pipefish Mesocosm Film/Trial 6/10-12-20/10-12 AM 02.MTS,4057.044,66.841,Inactive,Male,,,,2.1,1,1.1,No,No,15,480.24
D:/Pipefish Mesocosm Film/Trial 6/10-12-20/10-12 AM 02.MTS,4064.086,4.541,Pose,Female,Non-s pose,Male,Front,2.1,1,1.1,No,No,15,480.24
D:/Pipefish Mesocosm Film/Trial 6/10-12-20/10-12 AM 02.MTS,4068.628,1.136,Inactive,Female,,,,2.1,1,1.1,No,No,15,480.24
D:/Pipefish Mesocosm Film/Trial 6/10-12-20/10-12 AM 02.MTS,4069.765,4.84,Pose,Female,Non-s pose,Male,Front,2.1,1,1.1,No,No,15,480.24
D:/Pipefish Mesocosm Film/Trial 6/10-12-20/10-12 AM 02.MTS,4074.606,47.57,Inactive,Female,,,,2.1,1,1.1,No,No,15,480.24
D:/Pipefish Mesocosm Film/Trial 6/10-12-20/10-12 AM 02.MTS,4122.177,2.748,Pose,Female,Non-s pose,Male,Front,2.1,1,1.1,No,No,15,480.24
D:/Pipefish Mesocosm Film/Trial 6/10-12-20/10-12 AM 02.MTS,4123.886,2.944,Wiggle,Male,Active wiggle,Female,2,2.1,1,1.1,No,No,15,480.24
D:/Pipefish Mesocosm Film/Trial 6/10-12-20/10-12 AM 02.MTS,4124.926,61.716,Inactive,Female,,,,2.1,1,1.1,No,No,15,480.24
D:/Pipefish Mesocosm Film/Trial 6/10-12-20/10-12 AM 02.MTS,4126.831,59.811,Inactive,Male,,,,2.1,1,1.1,No,No,15,480.24
D:/Pipefish Mesocosm Film/Trial 6/10-12-20/10-12 AM 02.MTS,4199.361,2.941,Wiggle,Male,Active wiggle,Female,2,2,1,1,No,No,16,68.419
D:/Pipefish Mesocosm Film/Trial 6/10-12-20/10-12 AM 02.MTS,4200.247,3.015,Inactive,Female,,,,2,1,1,No,No,16,68.419
D:/Pipefish Mesocosm Film/Trial 6/10-12-20/10-12 AM 02.MTS,4202.303,64.949,Inactive,Male,,,,2,1,1,No,No,16,68.419
D:/Pipefish Mesocosm Film/Trial 6/10-12-20/10-12 AM 02.MTS,4203.263,1.896,Pose,Female,S pose,Male,Front,2,1,1,No,No,16,68.419
D:/Pipefish Mesocosm Film/Trial 6/10-12-20/10-12 AM 02.MTS,4205.16,62.092,Inactive,Female,,,,2,1,1,No,No,16,68.419
D:/Pipefish Mesocosm Film/Trial 6/10-12-20/10-12 AM 02.MTS,4283.955,3.327,Wiggle,Male,Active wiggle,Female,2,2.5,1,1.5,No,No,17,115.081
D:/Pipefish Mesocosm Film/Trial 6/10-12-20/10-12 AM 02.MTS,4284.248,114.785,Inactive,Female,,,,2.5,1,1.5,No,No,17,115.081
D:/Pipefish Mesocosm Film/Trial 6/10-12-20/10-12 AM 02.MTS,4287.283,48.131,Inactive,Male,,,,2.5,1,1.5,No,No,17,115.081
D:/Pipefish Mesocosm Film/Trial 6/10-12-20/10-12 AM 02.MTS,4335.415,2.658,Wiggle,Male,Active wiggle,Female,3,2.5,1,1.5,No,No,17,115.081
D:/Pipefish Mesocosm Film/Trial 6/10-12-20/10-12 AM 02.MTS,4338.074,60.959,Inactive,Male,,,,2.5,1,1.5,No,No,17,115.081
D:/Pipefish Mesocosm Film/Trial 6/10-12-20/10-12 AM 02.MTS,4425.804,3.701,Wiggle,Male,Active wiggle,Female,2,2,1,1,No,No,18,320.675
D:/Pipefish Mesocosm Film/Trial 6/10-12-20/10-12 AM 02.MTS,4426.662,242.766,Inactive,Female,,,,2,1,1,No,No,18,320.675
D:/Pipefish Mesocosm Film/Trial 6/10-12-20/10-12 AM 02.MTS,4429.506,31.049,Inactive,Male,,,,2,1,1,No,No,18,320.675
D:/Pipefish Mesocosm Film/Trial 6/10-12-20/10-12 AM 02.MTS,4460.556,2.75,Wiggle,Male,Active wiggle,Female,2,2,1,1,No,No,18,320.675
D:/Pipefish Mesocosm Film/Trial 6/10-12-20/10-12 AM 02.MTS,4463.307,42.825,Inactive,Male,,,,2,1,1,No,No,18,320.675
D:/Pipefish Mesocosm Film/Trial 6/10-12-20/10-12 AM 02.MTS,4506.133,3.883,Wiggle,Male,Active wiggle,Female,2,2,1,1,No,No,18,320.675
D:/Pipefish Mesocosm Film/Trial 6/10-12-20/10-12 AM 02.MTS,4510.017,46.431,Inactive,Male,,,,2,1,1,No,No,18,320.675
D:/Pipefish Mesocosm Film/Trial 6/10-12-20/10-12 AM 02.MTS,4556.449,2.658,Wiggle,Male,Active wiggle,Female,2,2,1,1,No,No,18,320.675
D:/Pipefish Mesocosm Film/Trial 6/10-12-20/10-12 AM 02.MTS,4559.108,60.386,Inactive,Male,,,,2,1,1,No,No,18,320.675
D:/Pipefish Mesocosm Film/Trial 6/10-12-20/10-12 AM 02.MTS,4619.495,5.975,Wiggle,Male,Active wiggle,Female,3,2,1,1,No,No,18,320.675
D:/Pipefish Mesocosm Film/Trial 6/10-12-20/10-12 AM 02.MTS,4625.471,34.179,Inactive,Male,,,,2,1,1,No,No,18,320.675
D:/Pipefish Mesocosm Film/Trial 6/10-12-20/10-12 AM 02.MTS,4659.651,7.406,Wiggle,Male,Active wiggle,Female,2,2,1,1,No,No,18,320.675
D:/Pipefish Mesocosm Film/Trial 6/10-12-20/10-12 AM 02.MTS,4667.058,16.616,Inactive,Male,,,,2,1,1,No,No,18,320.675
D:/Pipefish Mesocosm Film/Trial 6/10-12-20/10-12 AM 02.MTS,4669.429,6.845,Pose,Female,S pose,Male,Front,2,1,1,No,No,18,320.675
D:/Pipefish Mesocosm Film/Trial 6/10-12-20/10-12 AM 02.MTS,4676.275,69.687,Inactive,Female,,,,2,1,1,No,No,18,320.675
D:/Pipefish Mesocosm Film/Trial 6/10-12-20/10-12 AM 02.MTS,4683.675,1.992,Wiggle,Male,Active wiggle,Female,2,2,1,1,No,No,18,320.675
D:/Pipefish Mesocosm Film/Trial 6/10-12-20/10-12 AM 02.MTS,4685.668,60.294,Inactive,Male,,,,2,1,1,No,No,18,320.675
D:/Pipefish Mesocosm Film/Trial 6/10-12-20/10-12 AM 02.MTS,4766.471,4.077,Wiggle,Male,Active wiggle,Female,2,2,1,1,No,No,19,64.659
D:/Pipefish Mesocosm Film/Trial 6/10-12-20/10-12 AM 02.MTS,4766.756,64.183,Inactive,Female,,,,2,1,1,No,No,19,64.659
D:/Pipefish Mesocosm Film/Trial 6/10-12-20/10-12 AM 02.MTS,4770.549,60.39,Inactive,Male,,,,2,1,1,No,No,19,64.659
D:/Pipefish Mesocosm Film/Trial 6/10-12-20/10-12 AM 02.MTS,4875.658,55.785,Inactive,Female,,,,3.5,1,2.5,No,No,20,124.62
D:/Pipefish Mesocosm Film/Trial 6/10-12-20/10-12 AM 02.MTS,4875.658,4.846,Wiggle,Male,Subtle wiggle,Female,3,3.5,1,2.5,No,No,20,124.62
D:/Pipefish Mesocosm Film/Trial 6/10-12-20/10-12 AM 02.MTS,4880.505,21.453,Inactive,Male,,,,3.5,1,2.5,No,No,20,124.62
D:/Pipefish Mesocosm Film/Trial 6/10-12-20/10-12 AM 02.MTS,4901.959,2.374,Wiggle,Male,Active wiggle,Female,4,3.5,1,2.5,No,No,20,124.62
D:/Pipefish Mesocosm Film/Trial 6/10-12-20/10-12 AM 02.MTS,4904.334,95.323,Inactive,Male,,,,3.5,1,2.5,No,No,20,124.62
D:/Pipefish Mesocosm Film/Trial 6/10-12-20/10-12 AM 02.MTS,4931.444,7.638,Pose,Female,S pose,Male,Front,3.5,1,2.5,No,No,20,124.62
D:/Pipefish Mesocosm Film/Trial 6/10-12-20/10-12 AM 02.MTS,4939.083,60.574,Inactive,Female,,,,3.5,1,2.5,No,No,20,124.62
D:/Pipefish Mesocosm Film/Trial 6/10-12-20/10-12 AM 02.MTS,5027.761,4.557,Wiggle,Male,Active wiggle,Female,2,2.5,1,1.5,No,No,21,178.875
D:/Pipefish Mesocosm Film/Trial 6/10-12-20/10-12 AM 02.MTS,5028.046,4.274,Inactive,Female,,,,2.5,1,1.5,No,No,21,178.875
D:/Pipefish Mesocosm Film/Trial 6/10-12-20/10-12 AM 02.MTS,5032.319,43.106,Inactive,Male,,,,2.5,1,1.5,No,No,21,178.875
D:/Pipefish Mesocosm Film/Trial 6/10-12-20/10-12 AM 02.MTS,5032.321,5.882,Pose,Female,S pose,Male,Front,2.5,1,1.5,No,No,21,178.875
D:/Pipefish Mesocosm Film/Trial 6/10-12-20/10-12 AM 02.MTS,5038.204,63.614,Inactive,Female,,,,2.5,1,1.5,No,No,21,178.875
D:/Pipefish Mesocosm Film/Trial 6/10-12-20/10-12 AM 02.MTS,5075.426,5.505,Wiggle,Male,Active wiggle,Female,2,2.5,1,1.5,No,No,21,178.875
D:/Pipefish Mesocosm Film/Trial 6/10-12-20/10-12 AM 02.MTS,5080.932,20.606,Inactive,Male,,,,2.5,1,1.5,No,No,21,178.875
D:/Pipefish Mesocosm Film/Trial 6/10-12-20/10-12 AM 02.MTS,5101.539,2.177,Wiggle,Male,Active wiggle,Female,3,2.5,1,1.5,No,No,21,178.875
D:/Pipefish Mesocosm Film/Trial 6/10-12-20/10-12 AM 02.MTS,5101.819,0.953,Pose,Female,Flash,Male,Front,2.5,1,1.5,No,No,21,178.875
D:/Pipefish Mesocosm Film/Trial 6/10-12-20/10-12 AM 02.MTS,5102.773,103.579,Inactive,Female,,,,2.5,1,1.5,No,No,21,178.875
D:/Pipefish Mesocosm Film/Trial 6/10-12-20/10-12 AM 02.MTS,5103.717,35.989,Inactive,Male,,,,2.5,1,1.5,No,No,21,178.875
D:/Pipefish Mesocosm Film/Trial 6/10-12-20/10-12 AM 02.MTS,5139.707,2.365,Wiggle,Male,Active wiggle,Female,3,2.5,1,1.5,No,No,21,178.875
D:/Pipefish Mesocosm Film/Trial 6/10-12-20/10-12 AM 02.MTS,5142.073,64.279,Inactive,Male,,,,2.5,1,1.5,No,No,21,178.875
D:/Pipefish Mesocosm Film/Trial 6/10-12-20/10-12 AM 02.MTS,5212.813,27.915,Inactive,Female,,,,3,1,2,No,No,22,231.947
D:/Pipefish Mesocosm Film/Trial 6/10-12-20/10-12 AM 02.MTS,5212.813,3.035,Wiggle,Male,Active wiggle,Female,2,3,1,2,No,No,22,231.947
D:/Pipefish Mesocosm Film/Trial 6/10-12-20/10-12 AM 02.MTS,5215.849,89.062,Inactive,Male,,,,3,1,2,No,No,22,231.947
D:/Pipefish Mesocosm Film/Trial 6/10-12-20/10-12 AM 02.MTS,5240.729,2.844,Wiggle,Female,Active wiggle,Male,4,3,1,2,No,No,22,231.947
D:/Pipefish Mesocosm Film/Trial 6/10-12-20/10-12 AM 02.MTS,5243.574,113.175,Inactive,Female,,,,3,1,2,No,No,22,231.947
D:/Pipefish Mesocosm Film/Trial 6/10-12-20/10-12 AM 02.MTS,5304.912,3.411,Wiggle,Male,Active wiggle,Female,3,3,1,2,No,No,22,231.947
D:/Pipefish Mesocosm Film/Trial 6/10-12-20/10-12 AM 02.MTS,5308.324,48.808,Inactive,Male,,,,3,1,2,No,No,22,231.947
D:/Pipefish Mesocosm Film/Trial 6/10-12-20/10-12 AM 02.MTS,5356.75,1.991,Pose,Female,Non-s pose,Male,Front,3,1,2,No,No,22,231.947
D:/Pipefish Mesocosm Film/Trial 6/10-12-20/10-12 AM 02.MTS,5357.133,2.083,Wiggle,Male,Active wiggle,Female,4,3,1,2,No,No,22,231.947
D:/Pipefish Mesocosm Film/Trial 6/10-12-20/10-12 AM 02.MTS,5358.742,22.023,Inactive,Female,,,,3,1,2,No,No,22,231.947
D:/Pipefish Mesocosm Film/Trial 6/10-12-20/10-12 AM 02.MTS,5359.217,18.131,Surrounding,Male,,,,3,1,2,No,No,22,231.947
D:/Pipefish Mesocosm Film/Trial 6/10-12-20/10-12 AM 02.MTS,5377.349,2.182,Wiggle,Male,Active wiggle,Female,2,3,1,2,No,No,22,231.947
D:/Pipefish Mesocosm Film/Trial 6/10-12-20/10-12 AM 02.MTS,5379.532,65.226,Inactive,Male,,,,3,1,2,No,No,22,231.947
D:/Pipefish Mesocosm Film/Trial 6/10-12-20/10-12 AM 02.MTS,5380.766,2.848,Pose,Female,Flash,Male,Front,3,1,2,No,No,22,231.947
D:/Pipefish Mesocosm Film/Trial 6/10-12-20/10-12 AM 02.MTS,5383.615,61.143,Inactive,Female,,,,3,1,2,No,No,22,231.947
D:/Pipefish Mesocosm Film/Trial 6/10-12-20/10-12 AM 02.MTS,5557.746,2.179,Wiggle,Male,Subtle wiggle,Female,3,2.176470588,1,1.176,No,No,23,745.55
D:/Pipefish Mesocosm Film/Trial 6/10-12-20/10-12 AM 02.MTS,5558.224,19.933,Inactive,Female,,,,2.176470588,1,1.176,No,No,23,745.55
D:/Pipefish Mesocosm Film/Trial 6/10-12-20/10-12 AM 02.MTS,5559.926,20.893,Inactive,Male,,,,2.176470588,1,1.176,No,No,23,745.55
D:/Pipefish Mesocosm Film/Trial 6/10-12-20/10-12 AM 02.MTS,5578.158,3.037,Pose,Female,Non-s pose,Male,Front,2.176470588,1,1.176,No,No,23,745.55
D:/Pipefish Mesocosm Film/Trial 6/10-12-20/10-12 AM 02.MTS,5580.82,4.362,Wiggle,Male,Active wiggle,Female,2,2.176470588,1,1.176,No,No,23,745.55
D:/Pipefish Mesocosm Film/Trial 6/10-12-20/10-12 AM 02.MTS,5581.196,93.917,Inactive,Female,,,,2.176470588,1,1.176,No,No,23,745.55
D:/Pipefish Mesocosm Film/Trial 6/10-12-20/10-12 AM 02.MTS,5585.183,14.246,Inactive,Male,,,,2.176470588,1,1.176,No,No,23,745.55
D:/Pipefish Mesocosm Film/Trial 6/10-12-20/10-12 AM 02.MTS,5599.43,3.604,Wiggle,Male,Subtle wiggle,Female,3,2.176470588,1,1.176,No,No,23,745.55
D:/Pipefish Mesocosm Film/Trial 6/10-12-20/10-12 AM 02.MTS,5603.035,27.626,Inactive,Male,,,,2.176470588,1,1.176,No,No,23,745.55
D:/Pipefish Mesocosm Film/Trial 6/10-12-20/10-12 AM 02.MTS,5630.662,1.898,Wiggle,Male,Active wiggle,Female,2,2.176470588,1,1.176,No,No,23,745.55
D:/Pipefish Mesocosm Film/Trial 6/10-12-20/10-12 AM 02.MTS,5632.561,105.807,Inactive,Male,,,,2.176470588,1,1.176,No,No,23,745.55
D:/Pipefish Mesocosm Film/Trial 6/10-12-20/10-12 AM 02.MTS,5675.114,2.164,Pose,Female,S pose,Male,Front,2.176470588,1,1.176,No,No,23,745.55
D:/Pipefish Mesocosm Film/Trial 6/10-12-20/10-12 AM 02.MTS,5677.279,64.405,Inactive,Female,,,,2.176470588,1,1.176,No,No,23,745.55
D:/Pipefish Mesocosm Film/Trial 6/10-12-20/10-12 AM 03.MTS,5738.369,3.982,Wiggle,Male,Active wiggle,Female,2,2.176470588,1,1.176,No,No,23,745.55
D:/Pipefish Mesocosm Film/Trial 6/10-12-20/10-12 AM 03.MTS,5741.685,2.281,Pose,Female,Non-s pose,Male,Front,2.176470588,1,1.176,No,No,23,745.55
D:/Pipefish Mesocosm Film/Trial 6/10-12-20/10-12 AM 03.MTS,5742.352,54.688,Inactive,Male,,,,2.176470588,1,1.176,No,No,23,745.55
D:/Pipefish Mesocosm Film/Trial 6/10-12-20/10-12 AM 03.MTS,5743.967,206.313,Inactive,Female,,,,2.176470588,1,1.176,No,No,23,745.55
D:/Pipefish Mesocosm Film/Trial 6/10-12-20/10-12 AM 03.MTS,5797.041,2.846,Wiggle,Male,Active wiggle,Female,2,2.176470588,1,1.176,No,No,23,745.55
D:/Pipefish Mesocosm Film/Trial 6/10-12-20/10-12 AM 03.MTS,5799.888,29.433,Inactive,Male,,,,2.176470588,1,1.176,No,No,23,745.55
D:/Pipefish Mesocosm Film/Trial 6/10-12-20/10-12 AM 03.MTS,5829.322,2.09,Wiggle,Male,Active wiggle,Female,2,2.176470588,1,1.176,No,No,23,745.55
D:/Pipefish Mesocosm Film/Trial 6/10-12-20/10-12 AM 03.MTS,5831.413,26.201,Inactive,Male,,,,2.176470588,1,1.176,No,No,23,745.55
D:/Pipefish Mesocosm Film/Trial 6/10-12-20/10-12 AM 03.MTS,5857.615,1.042,Wiggle,Male,Active wiggle,Female,2,2.176470588,1,1.176,No,No,23,745.55
D:/Pipefish Mesocosm Film/Trial 6/10-12-20/10-12 AM 03.MTS,5858.658,37.409,Inactive,Male,,,,2.176470588,1,1.176,No,No,23,745.55
D:/Pipefish Mesocosm Film/Trial 6/10-12-20/10-12 AM 03.MTS,5896.068,3.229,Wiggle,Male,Active wiggle,Female,2,2.176470588,1,1.176,No,No,23,745.55
D:/Pipefish Mesocosm Film/Trial 6/10-12-20/10-12 AM 03.MTS,5899.298,58.484,Inactive,Male,,,,2.176470588,1,1.176,No,No,23,745.55
D:/Pipefish Mesocosm Film/Trial 6/10-12-20/10-12 AM 03.MTS,5950.281,3.511,Wiggle,Female,Active wiggle,Male,2,2.176470588,1,1.176,No,No,23,745.55
D:/Pipefish Mesocosm Film/Trial 6/10-12-20/10-12 AM 03.MTS,5953.793,195.49,Inactive,Female,,,,2.176470588,1,1.176,No,No,23,745.55
D:/Pipefish Mesocosm Film/Trial 6/10-12-20/10-12 AM 03.MTS,5957.783,3.891,Wiggle,Male,Active wiggle,Female,3,2.176470588,1,1.176,No,No,23,745.55
D:/Pipefish Mesocosm Film/Trial 6/10-12-20/10-12 AM 03.MTS,5961.675,73.296,Inactive,Male,,,,2.176470588,1,1.176,No,No,23,745.55
D:/Pipefish Mesocosm Film/Trial 6/10-12-20/10-12 AM 03.MTS,6034.972,1.708,Wiggle,Male,Subtle wiggle,Female,2,2.176470588,1,1.176,No,No,23,745.55
D:/Pipefish Mesocosm Film/Trial 6/10-12-20/10-12 AM 03.MTS,6036.681,12.726,Inactive,Male,,,,2.176470588,1,1.176,No,No,23,745.55
D:/Pipefish Mesocosm Film/Trial 6/10-12-20/10-12 AM 03.MTS,6049.408,2.085,Wiggle,Male,Active wiggle,Female,2,2.176470588,1,1.176,No,No,23,745.55
D:/Pipefish Mesocosm Film/Trial 6/10-12-20/10-12 AM 03.MTS,6051.494,26.106,Inactive,Male,,,,2.176470588,1,1.176,No,No,23,745.55
D:/Pipefish Mesocosm Film/Trial 6/10-12-20/10-12 AM 03.MTS,6077.601,2.657,Wiggle,Male,Active wiggle,Female,2,2.176470588,1,1.176,No,No,23,745.55
D:/Pipefish Mesocosm Film/Trial 6/10-12-20/10-12 AM 03.MTS,6080.259,15.099,Inactive,Male,,,,2.176470588,1,1.176,No,No,23,745.55
D:/Pipefish Mesocosm Film/Trial 6/10-12-20/10-12 AM 03.MTS,6095.359,1.708,Wiggle,Male,Active wiggle,Female,2,2.176470588,1,1.176,No,No,23,745.55
D:/Pipefish Mesocosm Film/Trial 6/10-12-20/10-12 AM 03.MTS,6097.068,52.332,Inactive,Male,,,,2.176470588,1,1.176,No,No,23,745.55
D:/Pipefish Mesocosm Film/Trial 6/10-12-20/10-12 AM 03.MTS,6149.284,2.754,Pose,Female,Non-s pose,Male,Front,2.176470588,1,1.176,No,No,23,745.55
D:/Pipefish Mesocosm Film/Trial 6/10-12-20/10-12 AM 03.MTS,6149.401,4.916,Wiggle,Male,Active wiggle,Female,2,2.176470588,1,1.176,No,No,23,745.55
D:/Pipefish Mesocosm Film/Trial 6/10-12-20/10-12 AM 03.MTS,6152.039,34.368,Inactive,Female,,,,2.176470588,1,1.176,No,No,23,745.55
D:/Pipefish Mesocosm Film/Trial 6/10-12-20/10-12 AM 03.MTS,6154.318,85.07,Inactive,Male,,,,2.176470588,1,1.176,No,No,23,745.55
D:/Pipefish Mesocosm Film/Trial 6/10-12-20/10-12 AM 03.MTS,6186.408,3.512,Pose,Female,Non-s pose,Male,Front,2.176470588,1,1.176,No,No,23,745.55
D:/Pipefish Mesocosm Film/Trial 6/10-12-20/10-12 AM 03.MTS,6189.921,112.061,Inactive,Female,,,,2.176470588,1,1.176,No,No,23,745.55
D:/Pipefish Mesocosm Film/Trial 6/10-12-20/10-12 AM 03.MTS,6239.389,1.803,Wiggle,Male,Active wiggle,Female,2,2.176470588,1,1.176,No,No,23,745.55
D:/Pipefish Mesocosm Film/Trial 6/10-12-20/10-12 AM 03.MTS,6241.193,60.789,Inactive,Male,,,,2.176470588,1,1.176,No,No,23,745.55
D:/Pipefish Mesocosm Film/Trial 6/10-12-20/10-12 AM 03.MTS,6316.865,148.208,Inactive,Female,,,,2,1,1,No,No,24,148.211
D:/Pipefish Mesocosm Film/Trial 6/10-12-20/10-12 AM 03.MTS,6316.865,4.65,Wiggle,Male,Active wiggle,Female,2,2,1,1,No,No,24,148.211
D:/Pipefish Mesocosm Film/Trial 6/10-12-20/10-12 AM 03.MTS,6321.516,53.551,Inactive,Male,,,,2,1,1,No,No,24,148.211
D:/Pipefish Mesocosm Film/Trial 6/10-12-20/10-12 AM 03.MTS,6375.068,29.806,Surrounding,Male,,,,2,1,1,No,No,24,148.211
D:/Pipefish Mesocosm Film/Trial 6/10-12-20/10-12 AM 03.MTS,6404.875,60.198,Inactive,Male,,,,2,1,1,No,No,24,148.211
D:/Pipefish Mesocosm Film/Trial 6/10-12-20/10-12 AM 03.MTS,6534.669,5.599,Wiggle,Male,Active wiggle,Female,3,2.4,1,1.4,No,No,25,272.684
D:/Pipefish Mesocosm Film/Trial 6/10-12-20/10-12 AM 03.MTS,6539.988,128.171,Inactive,Female,,,,2.4,1,1.4,No,No,25,272.684
D:/Pipefish Mesocosm Film/Trial 6/10-12-20/10-12 AM 03.MTS,6540.269,20.51,Inactive,Male,,,,2.4,1,1.4,No,No,25,272.684
D:/Pipefish Mesocosm Film/Trial 6/10-12-20/10-12 AM 03.MTS,6560.78,5.408,Wiggle,Male,Active wiggle,Female,2,2.4,1,1.4,No,No,25,272.684
D:/Pipefish Mesocosm Film/Trial 6/10-12-20/10-12 AM 03.MTS,6566.189,30.101,Inactive,Male,,,,2.4,1,1.4,No,No,25,272.684
D:/Pipefish Mesocosm Film/Trial 6/10-12-20/10-12 AM 03.MTS,6596.291,3.321,Wiggle,Male,Active wiggle,Female,2,2.4,1,1.4,No,No,25,272.684
D:/Pipefish Mesocosm Film/Trial 6/10-12-20/10-12 AM 03.MTS,6599.613,138.05,Inactive,Male,,,,2.4,1,1.4,No,No,25,272.684
D:/Pipefish Mesocosm Film/Trial 6/10-12-20/10-12 AM 03.MTS,6668.16,11.584,Pose,Female,Non-s pose,Male,Front,2.4,1,1.4,No,No,25,272.684
D:/Pipefish Mesocosm Film/Trial 6/10-12-20/10-12 AM 03.MTS,6679.745,127.604,Inactive,Female,,,,2.4,1,1.4,No,No,25,272.684
D:/Pipefish Mesocosm Film/Trial 6/10-12-20/10-12 AM 03.MTS,6737.664,2.279,Wiggle,Male,Active wiggle,Female,2,2.4,1,1.4,No,No,25,272.684
D:/Pipefish Mesocosm Film/Trial 6/10-12-20/10-12 AM 03.MTS,6739.944,4.172,Inactive,Male,,,,2.4,1,1.4,No,No,25,272.684
D:/Pipefish Mesocosm Film/Trial 6/10-12-20/10-12 AM 03.MTS,6744.117,2.185,Wiggle,Male,Active wiggle,Female,3,2.4,1,1.4,No,No,25,272.684
D:/Pipefish Mesocosm Film/Trial 6/10-12-20/10-12 AM 03.MTS,6746.303,61.046,Inactive,Male,,,,2.4,1,1.4,No,No,25,272.684
D:/Pipefish Mesocosm Film/Trial 6/10-12-20/10-12 AM 03.MTS,6956.033,4.178,Wiggle,Male,Active wiggle,Female,3,2.5,1,1.5,No,No,26,246.059
D:/Pipefish Mesocosm Film/Trial 6/10-12-20/10-12 AM 03.MTS,6960.211,25.159,Inactive,Female,,,,2.5,1,1.5,No,No,26,246.059
D:/Pipefish Mesocosm Film/Trial 6/10-12-20/10-12 AM 03.MTS,6960.212,29.059,Inactive,Male,,,,2.5,1,1.5,No,No,26,246.059
D:/Pipefish Mesocosm Film/Trial 6/10-12-20/10-12 AM 03.MTS,6985.371,3.893,Pose,Female,Non-s pose,Male,Front,2.5,1,1.5,No,No,26,246.059
D:/Pipefish Mesocosm Film/Trial 6/10-12-20/10-12 AM 03.MTS,6989.266,212.824,Inactive,Female,,,,2.5,1,1.5,No,No,26,246.059
D:/Pipefish Mesocosm Film/Trial 6/10-12-20/10-12 AM 03.MTS,6989.272,3.408,Wiggle,Male,Active wiggle,Female,2,2.5,1,1.5,No,No,26,246.059
D:/Pipefish Mesocosm Film/Trial 6/10-12-20/10-12 AM 03.MTS,6992.681,116.689,Inactive,Male,,,,2.5,1,1.5,No,No,26,246.059
D:/Pipefish Mesocosm Film/Trial 6/10-12-20/10-12 AM 03.MTS,7109.37,3.892,Wiggle,Male,Active wiggle,Female,2,2.5,1,1.5,No,No,26,246.059
