media_file_path,time_in_video,Duration,behavior,subject,modifier_1,modifier_2,modifier_3,Group size,Female,Male,Chasing_end,Chase_present,courtship_events,total_time_of_courtship
D:/Pipefish Mesocosm Film/Trial 2/9-12-20/9-12 AM 01.MTS,1.75,25.537,Inactive,Female,,,,3,1,2,No,No,1,64.886
D:/Pipefish Mesocosm Film/Trial 2/9-12-20/9-12 AM 01.MTS,4.977,6.264,Inactive,Male,,,,3,1,2,No,No,1,64.886
D:/Pipefish Mesocosm Film/Trial 2/9-12-20/9-12 AM 01.MTS,11.242,6.17,Wiggle,Male,Active wiggle,Female,3,3,1,2,No,No,1,64.886
D:/Pipefish Mesocosm Film/Trial 2/9-12-20/9-12 AM 01.MTS,17.413,11.203,Inactive,Male,,,,3,1,2,No,No,1,64.886
D:/Pipefish Mesocosm Film/Trial 2/9-12-20/9-12 AM 01.MTS,27.288,9.493,Pose,Female,S pose,Male,Front,3,1,2,No,No,1,64.886
D:/Pipefish Mesocosm Film/Trial 2/9-12-20/9-12 AM 01.MTS,28.617,8.259,Wiggle,Male,Active wiggle,Female,3,3,1,2,No,No,1,64.886
D:/Pipefish Mesocosm Film/Trial 2/9-12-20/9-12 AM 01.MTS,36.782,17.943,Inactive,Female,,,,3,1,2,No,No,1,64.886
D:/Pipefish Mesocosm Film/Trial 2/9-12-20/9-12 AM 01.MTS,36.877,27.345,Inactive,Male,,,,3,1,2,No,No,1,64.886
D:/Pipefish Mesocosm Film/Trial 2/9-12-20/9-12 AM 01.MTS,54.726,3.703,Swim away,Female,,,,3,1,2,No,No,1,64.886
D:/Pipefish Mesocosm Film/Trial 2/9-12-20/9-12 AM 01.MTS,58.43,5.741,Inactive,Female,,,,3,1,2,No,No,1,64.886
D:/Pipefish Mesocosm Film/Trial 2/9-12-20/9-12 AM 01.MTS,77.133,2.659,Wiggle,Male,Active wiggle,Female,3,3.607843137,1,2.61,No,Yes,2,2991.278
D:/Pipefish Mesocosm Film/Trial 2/9-12-20/9-12 AM 01.MTS,78.561,6.547,Inactive,Female,,,,3.607843137,1,2.61,No,Yes,2,2991.278
D:/Pipefish Mesocosm Film/Trial 2/9-12-20/9-12 AM 01.MTS,79.793,16.898,Inactive,Male,,,,3.607843137,1,2.61,No,Yes,2,2991.278
D:/Pipefish Mesocosm Film/Trial 2/9-12-20/9-12 AM 01.MTS,85.109,2.66,Pose,Female,Non-s pose,Male,Back,3.607843137,1,2.61,No,Yes,2,2991.278
D:/Pipefish Mesocosm Film/Trial 2/9-12-20/9-12 AM 01.MTS,87.77,6.835,Inactive,Female,,,,3.607843137,1,2.61,No,Yes,2,2991.278
D:/Pipefish Mesocosm Film/Trial 2/9-12-20/9-12 AM 01.MTS,94.606,9.21,Pose,Female,Non-s pose,Male,Back,3.607843137,1,2.61,No,Yes,2,2991.278
D:/Pipefish Mesocosm Film/Trial 2/9-12-20/9-12 AM 01.MTS,96.692,81.936,Surrounding,Male,,,,3.607843137,1,2.61,No,Yes,2,2991.278
D:/Pipefish Mesocosm Film/Trial 2/9-12-20/9-12 AM 01.MTS,103.817,13.098,Inactive,Female,,,,3.607843137,1,2.61,No,Yes,2,2991.278
D:/Pipefish Mesocosm Film/Trial 2/9-12-20/9-12 AM 01.MTS,116.916,3.231,Pose,Female,S pose,Male,Front,3.607843137,1,2.61,No,Yes,2,2991.278
D:/Pipefish Mesocosm Film/Trial 2/9-12-20/9-12 AM 01.MTS,120.148,2.847,Inactive,Female,,,,3.607843137,1,2.61,No,Yes,2,2991.278
D:/Pipefish Mesocosm Film/Trial 2/9-12-20/9-12 AM 01.MTS,122.996,5.029,Pose,Female,S pose,Male,Front,3.607843137,1,2.61,No,Yes,2,2991.278
D:/Pipefish Mesocosm Film/Trial 2/9-12-20/9-12 AM 01.MTS,128.026,8.927,Inactive,Female,,,,3.607843137,1,2.61,No,Yes,2,2991.278
D:/Pipefish Mesocosm Film/Trial 2/9-12-20/9-12 AM 01.MTS,136.954,3.697,Pose,Female,S pose,Male,Front,3.607843137,1,2.61,No,Yes,2,2991.278
D:/Pipefish Mesocosm Film/Trial 2/9-12-20/9-12 AM 01.MTS,140.652,36.176,Inactive,Female,,,,3.607843137,1,2.61,No,Yes,2,2991.278
D:/Pipefish Mesocosm Film/Trial 2/9-12-20/9-12 AM 01.MTS,176.829,3.228,Pose,Female,S pose,Male,Front,3.607843137,1,2.61,No,Yes,2,2991.278
D:/Pipefish Mesocosm Film/Trial 2/9-12-20/9-12 AM 01.MTS,178.629,1.615,Wiggle,Male,Active wiggle,Female,3,3.607843137,1,2.61,No,Yes,2,2991.278
D:/Pipefish Mesocosm Film/Trial 2/9-12-20/9-12 AM 01.MTS,180.058,3.984,Inactive,Female,,,,3.607843137,1,2.61,No,Yes,2,2991.278
D:/Pipefish Mesocosm Film/Trial 2/9-12-20/9-12 AM 01.MTS,180.245,2.563,Inactive,Male,,,,3.607843137,1,2.61,No,Yes,2,2991.278
D:/Pipefish Mesocosm Film/Trial 2/9-12-20/9-12 AM 01.MTS,182.809,104.344,Surrounding,Male,,,,3.607843137,1,2.61,No,Yes,2,2991.278
D:/Pipefish Mesocosm Film/Trial 2/9-12-20/9-12 AM 01.MTS,184.043,3.612,Pose,Female,S pose,Male,Front,3.607843137,1,2.61,No,Yes,2,2991.278
D:/Pipefish Mesocosm Film/Trial 2/9-12-20/9-12 AM 01.MTS,187.656,54.684,Inactive,Female,,,,3.607843137,1,2.61,No,Yes,2,2991.278
D:/Pipefish Mesocosm Film/Trial 2/9-12-20/9-12 AM 01.MTS,242.341,2.372,Pose,Female,S pose,Male,Front,3.607843137,1,2.61,No,Yes,2,2991.278
D:/Pipefish Mesocosm Film/Trial 2/9-12-20/9-12 AM 01.MTS,244.714,20.694,Inactive,Female,,,,3.607843137,1,2.61,No,Yes,2,2991.278
D:/Pipefish Mesocosm Film/Trial 2/9-12-20/9-12 AM 01.MTS,265.409,4.747,Pose,Female,Non-s pose,Male,Front,3.607843137,1,2.61,No,Yes,2,2991.278
D:/Pipefish Mesocosm Film/Trial 2/9-12-20/9-12 AM 01.MTS,270.157,9.968,Inactive,Female,,,,3.607843137,1,2.61,No,Yes,2,2991.278
D:/Pipefish Mesocosm Film/Trial 2/9-12-20/9-12 AM 01.MTS,280.126,3.041,Pose,Female,S pose,Male,Front,3.607843137,1,2.61,No,Yes,2,2991.278
D:/Pipefish Mesocosm Film/Trial 2/9-12-20/9-12 AM 01.MTS,283.168,20.506,Out of sight,Female,,,,3.607843137,1,2.61,No,Yes,2,2991.278
D:/Pipefish Mesocosm Film/Trial 2/9-12-20/9-12 AM 01.MTS,287.154,9.493,Out of sight,Male,,,,3.607843137,1,2.61,No,Yes,2,2991.278
D:/Pipefish Mesocosm Film/Trial 2/9-12-20/9-12 AM 01.MTS,296.648,43.292,Surrounding,Male,,,,3.607843137,1,2.61,No,Yes,2,2991.278
D:/Pipefish Mesocosm Film/Trial 2/9-12-20/9-12 AM 01.MTS,303.675,34.086,Inactive,Female,,,,3.607843137,1,2.61,No,Yes,2,2991.278
D:/Pipefish Mesocosm Film/Trial 2/9-12-20/9-12 AM 01.MTS,337.762,3.413,Pose,Female,S pose,Male,Front,3.607843137,1,2.61,No,Yes,2,2991.278
D:/Pipefish Mesocosm Film/Trial 2/9-12-20/9-12 AM 01.MTS,339.941,4.464,Chasing,Male,,,,3.607843137,1,2.61,No,Yes,2,2991.278
D:/Pipefish Mesocosm Film/Trial 2/9-12-20/9-12 AM 01.MTS,341.176,18.517,Inactive,Female,,,,3.607843137,1,2.61,No,Yes,2,2991.278
D:/Pipefish Mesocosm Film/Trial 2/9-12-20/9-12 AM 01.MTS,344.406,113.552,Surrounding,Male,,,,3.607843137,1,2.61,No,Yes,2,2991.278
D:/Pipefish Mesocosm Film/Trial 2/9-12-20/9-12 AM 01.MTS,359.694,2.846,Pose,Female,S pose,Male,Front,3.607843137,1,2.61,No,Yes,2,2991.278
D:/Pipefish Mesocosm Film/Trial 2/9-12-20/9-12 AM 01.MTS,362.541,27.913,Inactive,Female,,,,3.607843137,1,2.61,No,Yes,2,2991.278
D:/Pipefish Mesocosm Film/Trial 2/9-12-20/9-12 AM 01.MTS,390.455,5.222,Pose,Female,S pose,Male,Front,3.607843137,1,2.61,No,Yes,2,2991.278
D:/Pipefish Mesocosm Film/Trial 2/9-12-20/9-12 AM 01.MTS,395.678,29.052,Inactive,Female,,,,3.607843137,1,2.61,No,Yes,2,2991.278
D:/Pipefish Mesocosm Film/Trial 2/9-12-20/9-12 AM 01.MTS,424.731,4.647,Pose,Female,S pose,Male,Front,3.607843137,1,2.61,No,Yes,2,2991.278
D:/Pipefish Mesocosm Film/Trial 2/9-12-20/9-12 AM 01.MTS,429.379,31.334,Inactive,Female,,,,3.607843137,1,2.61,No,Yes,2,2991.278
D:/Pipefish Mesocosm Film/Trial 2/9-12-20/9-12 AM 01.MTS,457.959,1.707,Wiggle,Male,Active wiggle,Female,2,3.607843137,1,2.61,No,Yes,2,2991.278
D:/Pipefish Mesocosm Film/Trial 2/9-12-20/9-12 AM 01.MTS,459.667,15.096,Inactive,Male,,,,3.607843137,1,2.61,No,Yes,2,2991.278
D:/Pipefish Mesocosm Film/Trial 2/9-12-20/9-12 AM 01.MTS,460.714,5.791,Pose,Female,S pose,Male,Front,3.607843137,1,2.61,No,Yes,2,2991.278
D:/Pipefish Mesocosm Film/Trial 2/9-12-20/9-12 AM 01.MTS,466.506,10.061,Inactive,Female,,,,3.607843137,1,2.61,No,Yes,2,2991.278
D:/Pipefish Mesocosm Film/Trial 2/9-12-20/9-12 AM 01.MTS,474.764,5.22,Wiggle,Male,Active wiggle,Female,3,3.607843137,1,2.61,No,Yes,2,2991.278
D:/Pipefish Mesocosm Film/Trial 2/9-12-20/9-12 AM 01.MTS,476.568,7.218,Pose,Female,S pose,Male,Front,3.607843137,1,2.61,No,Yes,2,2991.278
D:/Pipefish Mesocosm Film/Trial 2/9-12-20/9-12 AM 01.MTS,479.985,8.544,Surrounding,Male,,,,3.607843137,1,2.61,No,Yes,2,2991.278
D:/Pipefish Mesocosm Film/Trial 2/9-12-20/9-12 AM 01.MTS,483.787,33.892,Inactive,Female,,,,3.607843137,1,2.61,No,Yes,2,2991.278
D:/Pipefish Mesocosm Film/Trial 2/9-12-20/9-12 AM 01.MTS,488.53,2.754,Wiggle,Male,Active wiggle,Female,3,3.607843137,1,2.61,No,Yes,2,2991.278
D:/Pipefish Mesocosm Film/Trial 2/9-12-20/9-12 AM 01.MTS,491.285,64.94,Surrounding,Male,,,,3.607843137,1,2.61,No,Yes,2,2991.278
D:/Pipefish Mesocosm Film/Trial 2/9-12-20/9-12 AM 01.MTS,517.68,4.274,Pose,Female,S pose,Male,Front,3.607843137,1,2.61,No,Yes,2,2991.278
D:/Pipefish Mesocosm Film/Trial 2/9-12-20/9-12 AM 01.MTS,521.955,18.51,Inactive,Female,,,,3.607843137,1,2.61,No,Yes,2,2991.278
D:/Pipefish Mesocosm Film/Trial 2/9-12-20/9-12 AM 01.MTS,540.466,7.5,Pose,Female,S pose,Male,Front,3.607843137,1,2.61,No,Yes,2,2991.278
D:/Pipefish Mesocosm Film/Trial 2/9-12-20/9-12 AM 01.MTS,547.967,11.964,Inactive,Female,,,,3.607843137,1,2.61,No,Yes,2,2991.278
D:/Pipefish Mesocosm Film/Trial 2/9-12-20/9-12 AM 01.MTS,556.226,4.084,Wiggle,Male,Active wiggle,Female,3,3.607843137,1,2.61,No,Yes,2,2991.278
D:/Pipefish Mesocosm Film/Trial 2/9-12-20/9-12 AM 01.MTS,559.932,3.323,Pose,Female,S pose,Male,Front,3.607843137,1,2.61,No,Yes,2,2991.278
D:/Pipefish Mesocosm Film/Trial 2/9-12-20/9-12 AM 01.MTS,560.311,19.651,Surrounding,Male,,,,3.607843137,1,2.61,No,Yes,2,2991.278
D:/Pipefish Mesocosm Film/Trial 2/9-12-20/9-12 AM 01.MTS,563.256,18.509,Inactive,Female,,,,3.607843137,1,2.61,No,Yes,2,2991.278
D:/Pipefish Mesocosm Film/Trial 2/9-12-20/9-12 AM 01.MTS,579.963,1.327,Chasing,Male,,,,3.607843137,1,2.61,No,Yes,2,2991.278
D:/Pipefish Mesocosm Film/Trial 2/9-12-20/9-12 AM 01.MTS,581.291,9.4,Wiggle,Male,Active wiggle,Female,3,3.607843137,1,2.61,No,Yes,2,2991.278
D:/Pipefish Mesocosm Film/Trial 2/9-12-20/9-12 AM 01.MTS,581.766,7.506,Pose,Female,S pose,Male,Front,3.607843137,1,2.61,No,Yes,2,2991.278
D:/Pipefish Mesocosm Film/Trial 2/9-12-20/9-12 AM 01.MTS,589.273,25.819,Inactive,Female,,,,3.607843137,1,2.61,No,Yes,2,2991.278
D:/Pipefish Mesocosm Film/Trial 2/9-12-20/9-12 AM 01.MTS,590.692,7.12,Inactive,Male,,,,3.607843137,1,2.61,No,Yes,2,2991.278
D:/Pipefish Mesocosm Film/Trial 2/9-12-20/9-12 AM 01.MTS,597.813,21.551,Surrounding,Male,,,,3.607843137,1,2.61,No,Yes,2,2991.278
D:/Pipefish Mesocosm Film/Trial 2/9-12-20/9-12 AM 01.MTS,615.093,14.906,Swim away,Female,,,,3.607843137,1,2.61,No,Yes,2,2991.278
D:/Pipefish Mesocosm Film/Trial 2/9-12-20/9-12 AM 01.MTS,619.365,7.879,Chasing,Male,,,,3.607843137,1,2.61,No,Yes,2,2991.278
D:/Pipefish Mesocosm Film/Trial 2/9-12-20/9-12 AM 01.MTS,627.245,35.889,Surrounding,Male,,,,3.607843137,1,2.61,No,Yes,2,2991.278
D:/Pipefish Mesocosm Film/Trial 2/9-12-20/9-12 AM 01.MTS,630,15.952,Inactive,Female,,,,3.607843137,1,2.61,No,Yes,2,2991.278
D:/Pipefish Mesocosm Film/Trial 2/9-12-20/9-12 AM 01.MTS,645.953,8.64,Pose,Female,S pose,Male,Front,3.607843137,1,2.61,No,Yes,2,2991.278
D:/Pipefish Mesocosm Film/Trial 2/9-12-20/9-12 AM 01.MTS,654.594,23.264,Inactive,Female,,,,3.607843137,1,2.61,No,Yes,2,2991.278
D:/Pipefish Mesocosm Film/Trial 2/9-12-20/9-12 AM 01.MTS,663.135,2.279,Wiggle,Male,Active wiggle,Female,4,3.607843137,1,2.61,No,Yes,2,2991.278
D:/Pipefish Mesocosm Film/Trial 2/9-12-20/9-12 AM 01.MTS,665.415,14.241,Surrounding,Male,,,,3.607843137,1,2.61,No,Yes,2,2991.278
D:/Pipefish Mesocosm Film/Trial 2/9-12-20/9-12 AM 01.MTS,677.859,3.79,Pose,Female,S pose,Male,Front,3.607843137,1,2.61,No,Yes,2,2991.278
D:/Pipefish Mesocosm Film/Trial 2/9-12-20/9-12 AM 01.MTS,679.657,0.38,Wiggle,Male,Subtle wiggle,Female,2,3.607843137,1,2.61,No,Yes,2,2991.278
D:/Pipefish Mesocosm Film/Trial 2/9-12-20/9-12 AM 01.MTS,680.038,11.39,Inactive,Male,,,,3.607843137,1,2.61,No,Yes,2,2991.278
D:/Pipefish Mesocosm Film/Trial 2/9-12-20/9-12 AM 01.MTS,681.65,20.225,Inactive,Female,,,,3.607843137,1,2.61,No,Yes,2,2991.278
D:/Pipefish Mesocosm Film/Trial 2/9-12-20/9-12 AM 01.MTS,691.429,5.22,Wiggle,Male,Active wiggle,Female,3,3.607843137,1,2.61,No,Yes,2,2991.278
D:/Pipefish Mesocosm Film/Trial 2/9-12-20/9-12 AM 01.MTS,696.65,5.221,Surrounding,Male,,,,3.607843137,1,2.61,No,Yes,2,2991.278
D:/Pipefish Mesocosm Film/Trial 2/9-12-20/9-12 AM 01.MTS,701.872,1.994,Wiggle,Male,Active wiggle,Female,5,3.607843137,1,2.61,No,Yes,2,2991.278
D:/Pipefish Mesocosm Film/Trial 2/9-12-20/9-12 AM 01.MTS,701.876,4.176,Pose,Female,S pose,Male,Front,3.607843137,1,2.61,No,Yes,2,2991.278
D:/Pipefish Mesocosm Film/Trial 2/9-12-20/9-12 AM 01.MTS,703.867,40.067,Surrounding,Male,,,,3.607843137,1,2.61,No,Yes,2,2991.278
D:/Pipefish Mesocosm Film/Trial 2/9-12-20/9-12 AM 01.MTS,706.053,55.542,Inactive,Female,,,,3.607843137,1,2.61,No,Yes,2,2991.278
D:/Pipefish Mesocosm Film/Trial 2/9-12-20/9-12 AM 01.MTS,743.935,2.75,Wiggle,Male,Active wiggle,Female,2,3.607843137,1,2.61,No,Yes,2,2991.278
D:/Pipefish Mesocosm Film/Trial 2/9-12-20/9-12 AM 01.MTS,746.686,31.236,Surrounding,Male,,,,3.607843137,1,2.61,No,Yes,2,2991.278
D:/Pipefish Mesocosm Film/Trial 2/9-12-20/9-12 AM 01.MTS,761.596,4.271,Pose,Female,S pose,Male,Front,3.607843137,1,2.61,No,Yes,2,2991.278
D:/Pipefish Mesocosm Film/Trial 2/9-12-20/9-12 AM 01.MTS,765.868,12.059,Inactive,Female,,,,3.607843137,1,2.61,No,Yes,2,2991.278
D:/Pipefish Mesocosm Film/Trial 2/9-12-20/9-12 AM 01.MTS,777.923,5.031,Wiggle,Male,Active wiggle,Female,4,3.607843137,1,2.61,No,Yes,2,2991.278
D:/Pipefish Mesocosm Film/Trial 2/9-12-20/9-12 AM 01.MTS,777.928,10.82,Pose,Female,S pose,Male,Front,3.607843137,1,2.61,No,Yes,2,2991.278
D:/Pipefish Mesocosm Film/Trial 2/9-12-20/9-12 AM 01.MTS,782.955,0.855,Inactive,Male,,,,3.607843137,1,2.61,No,Yes,2,2991.278
D:/Pipefish Mesocosm Film/Trial 2/9-12-20/9-12 AM 01.MTS,783.811,4.555,Wiggle,Male,Active wiggle,Female,4,3.607843137,1,2.61,No,Yes,2,2991.278
D:/Pipefish Mesocosm Film/Trial 2/9-12-20/9-12 AM 01.MTS,788.367,12.532,Inactive,Male,,,,3.607843137,1,2.61,No,Yes,2,2991.278
D:/Pipefish Mesocosm Film/Trial 2/9-12-20/9-12 AM 01.MTS,788.749,6.549,Inactive,Female,,,,3.607843137,1,2.61,No,Yes,2,2991.278
D:/Pipefish Mesocosm Film/Trial 2/9-12-20/9-12 AM 01.MTS,795.299,4.939,Pose,Female,S pose,Male,Front,3.607843137,1,2.61,No,Yes,2,2991.278
D:/Pipefish Mesocosm Film/Trial 2/9-12-20/9-12 AM 01.MTS,800.239,47.659,Inactive,Female,,,,3.607843137,1,2.61,No,Yes,2,2991.278
D:/Pipefish Mesocosm Film/Trial 2/9-12-20/9-12 AM 01.MTS,847.709,6.172,Wiggle,Male,Active wiggle,Female,3,3.607843137,1,2.61,No,Yes,2,2991.278
D:/Pipefish Mesocosm Film/Trial 2/9-12-20/9-12 AM 01.MTS,847.899,5.505,Pose,Female,S pose,Male,Front,3.607843137,1,2.61,No,Yes,2,2991.278
D:/Pipefish Mesocosm Film/Trial 2/9-12-20/9-12 AM 01.MTS,853.403,7.502,Inactive,Male,,,,3.607843137,1,2.61,No,Yes,2,2991.278
D:/Pipefish Mesocosm Film/Trial 2/9-12-20/9-12 AM 01.MTS,853.405,13.198,Inactive,Female,,,,3.607843137,1,2.61,No,Yes,2,2991.278
D:/Pipefish Mesocosm Film/Trial 2/9-12-20/9-12 AM 01.MTS,853.882,7.023,Surrounding,Male,,,,3.607843137,1,2.61,No,Yes,2,2991.278
D:/Pipefish Mesocosm Film/Trial 2/9-12-20/9-12 AM 01.MTS,860.906,3.797,Wiggle,Male,Active wiggle,Female,3,3.607843137,1,2.61,No,Yes,2,2991.278
D:/Pipefish Mesocosm Film/Trial 2/9-12-20/9-12 AM 01.MTS,864.704,1.899,Inactive,Male,,,,3.607843137,1,2.61,No,Yes,2,2991.278
D:/Pipefish Mesocosm Film/Trial 2/9-12-20/9-12 AM 01.MTS,866.603,21.266,Wiggle,Male,Active wiggle,Female,3,3.607843137,1,2.61,No,Yes,2,2991.278
D:/Pipefish Mesocosm Film/Trial 2/9-12-20/9-12 AM 01.MTS,866.604,5.981,Pose,Female,S pose,Male,Front,3.607843137,1,2.61,No,Yes,2,2991.278
D:/Pipefish Mesocosm Film/Trial 2/9-12-20/9-12 AM 01.MTS,872.586,49.844,Inactive,Female,,,,3.607843137,1,2.61,No,Yes,2,2991.278
D:/Pipefish Mesocosm Film/Trial 2/9-12-20/9-12 AM 01.MTS,887.87,36.837,Surrounding,Male,,,,3.607843137,1,2.61,No,Yes,2,2991.278
D:/Pipefish Mesocosm Film/Trial 2/9-12-20/9-12 AM 01.MTS,922.431,0.414,Pose,Female,Flash,Male,Front,3.607843137,1,2.61,No,Yes,2,2991.278
D:/Pipefish Mesocosm Film/Trial 2/9-12-20/9-12 AM 01.MTS,922.846,11.357,Inactive,Female,,,,3.607843137,1,2.61,No,Yes,2,2991.278
D:/Pipefish Mesocosm Film/Trial 2/9-12-20/9-12 AM 01.MTS,924.708,4.178,Wiggle,Male,Active wiggle,Female,3,3.607843137,1,2.61,No,Yes,2,2991.278
D:/Pipefish Mesocosm Film/Trial 2/9-12-20/9-12 AM 01.MTS,928.887,3.891,Inactive,Male,,,,3.607843137,1,2.61,No,Yes,2,2991.278
D:/Pipefish Mesocosm Film/Trial 2/9-12-20/9-12 AM 01.MTS,932.779,6.741,Wiggle,Male,Active wiggle,Female,3,3.607843137,1,2.61,No,Yes,2,2991.278
D:/Pipefish Mesocosm Film/Trial 2/9-12-20/9-12 AM 01.MTS,934.204,4.841,Pose,Female,S pose,Male,Front,3.607843137,1,2.61,No,Yes,2,2991.278
D:/Pipefish Mesocosm Film/Trial 2/9-12-20/9-12 AM 01.MTS,939.046,31.994,Inactive,Female,,,,3.607843137,1,2.61,No,Yes,2,2991.278
D:/Pipefish Mesocosm Film/Trial 2/9-12-20/9-12 AM 01.MTS,939.521,27.723,Surrounding,Male,,,,3.607843137,1,2.61,No,Yes,2,2991.278
D:/Pipefish Mesocosm Film/Trial 2/9-12-20/9-12 AM 01.MTS,967.245,14.526,Wiggle,Male,Active wiggle,Female,3,3.607843137,1,2.61,No,Yes,2,2991.278
D:/Pipefish Mesocosm Film/Trial 2/9-12-20/9-12 AM 01.MTS,971.041,11.967,Pose,Female,S pose,Male,Front,3.607843137,1,2.61,No,Yes,2,2991.278
D:/Pipefish Mesocosm Film/Trial 2/9-12-20/9-12 AM 01.MTS,981.772,2.088,Inactive,Male,,,,3.607843137,1,2.61,No,Yes,2,2991.278
D:/Pipefish Mesocosm Film/Trial 2/9-12-20/9-12 AM 01.MTS,983.009,35.41,Inactive,Female,,,,3.607843137,1,2.61,No,Yes,2,2991.278
D:/Pipefish Mesocosm Film/Trial 2/9-12-20/9-12 AM 01.MTS,1015.475,4.844,Out of sight,Male,,,,3.607843137,1,2.61,No,Yes,2,2991.278
D:/Pipefish Mesocosm Film/Trial 2/9-12-20/9-12 AM 01.MTS,1018.42,2.943,Out of sight,Female,,,,3.607843137,1,2.61,No,Yes,2,2991.278
D:/Pipefish Mesocosm Film/Trial 2/9-12-20/9-12 AM 01.MTS,1020.32,24.114,Inactive,Male,,,,3.607843137,1,2.61,No,Yes,2,2991.278
D:/Pipefish Mesocosm Film/Trial 2/9-12-20/9-12 AM 01.MTS,1021.364,30.856,Inactive,Female,,,,3.607843137,1,2.61,No,Yes,2,2991.278
D:/Pipefish Mesocosm Film/Trial 2/9-12-20/9-12 AM 01.MTS,1044.435,8.259,Surrounding,Male,,,,3.607843137,1,2.61,No,Yes,2,2991.278
D:/Pipefish Mesocosm Film/Trial 2/9-12-20/9-12 AM 01.MTS,1052.221,4.464,Pose,Female,S pose,Male,Front,3.607843137,1,2.61,No,Yes,2,2991.278
D:/Pipefish Mesocosm Film/Trial 2/9-12-20/9-12 AM 01.MTS,1052.695,2.279,Wiggle,Male,Active wiggle,Female,3,3.607843137,1,2.61,No,Yes,2,2991.278
D:/Pipefish Mesocosm Film/Trial 2/9-12-20/9-12 AM 01.MTS,1054.975,104.723,Surrounding,Male,,,,3.607843137,1,2.61,No,Yes,2,2991.278
D:/Pipefish Mesocosm Film/Trial 2/9-12-20/9-12 AM 01.MTS,1056.686,56.397,Inactive,Female,,,,3.607843137,1,2.61,No,Yes,2,2991.278
D:/Pipefish Mesocosm Film/Trial 2/9-12-20/9-12 AM 01.MTS,1113.084,6.453,Pose,Female,S pose,Male,Front,3.607843137,1,2.61,No,Yes,2,2991.278
D:/Pipefish Mesocosm Film/Trial 2/9-12-20/9-12 AM 01.MTS,1119.538,39.212,Inactive,Female,,,,3.607843137,1,2.61,No,Yes,2,2991.278
D:/Pipefish Mesocosm Film/Trial 2/9-12-20/9-12 AM 01.MTS,1158.751,20.507,Pose,Female,S pose,Male,Front,3.607843137,1,2.61,No,Yes,2,2991.278
D:/Pipefish Mesocosm Film/Trial 2/9-12-20/9-12 AM 01.MTS,1159.699,15.475,Wiggle,Male,Active wiggle,Female,2,3.607843137,1,2.61,No,Yes,2,2991.278
D:/Pipefish Mesocosm Film/Trial 2/9-12-20/9-12 AM 01.MTS,1175.175,5.695,Inactive,Male,,,,3.607843137,1,2.61,No,Yes,2,2991.278
D:/Pipefish Mesocosm Film/Trial 2/9-12-20/9-12 AM 01.MTS,1179.259,2.75,Wiggle,Female,Subtle wiggle,Male,2,3.607843137,1,2.61,No,Yes,2,2991.278
D:/Pipefish Mesocosm Film/Trial 2/9-12-20/9-12 AM 01.MTS,1180.871,6.359,Wiggle,Male,Active wiggle,Female,2,3.607843137,1,2.61,No,Yes,2,2991.278
D:/Pipefish Mesocosm Film/Trial 2/9-12-20/9-12 AM 01.MTS,1182.01,29.908,Inactive,Female,,,,3.607843137,1,2.61,No,Yes,2,2991.278
D:/Pipefish Mesocosm Film/Trial 2/9-12-20/9-12 AM 01.MTS,1187.231,23.453,Inactive,Male,,,,3.607843137,1,2.61,No,Yes,2,2991.278
D:/Pipefish Mesocosm Film/Trial 2/9-12-20/9-12 AM 01.MTS,1210.685,3.699,Wiggle,Male,Active wiggle,Female,3,3.607843137,1,2.61,No,Yes,2,2991.278
D:/Pipefish Mesocosm Film/Trial 2/9-12-20/9-12 AM 01.MTS,1211.919,18.704,Pose,Female,S pose,Male,Front,3.607843137,1,2.61,No,Yes,2,2991.278
D:/Pipefish Mesocosm Film/Trial 2/9-12-20/9-12 AM 01.MTS,1214.385,1.804,Surrounding,Male,,,,3.607843137,1,2.61,No,Yes,2,2991.278
D:/Pipefish Mesocosm Film/Trial 2/9-12-20/9-12 AM 01.MTS,1216.19,12.248,Wiggle,Male,Active wiggle,Female,3,3.607843137,1,2.61,No,Yes,2,2991.278
D:/Pipefish Mesocosm Film/Trial 2/9-12-20/9-12 AM 01.MTS,1228.439,17.279,Inactive,Male,,,,3.607843137,1,2.61,No,Yes,2,2991.278
D:/Pipefish Mesocosm Film/Trial 2/9-12-20/9-12 AM 01.MTS,1230.624,16.518,Inactive,Female,,,,3.607843137,1,2.61,No,Yes,2,2991.278
D:/Pipefish Mesocosm Film/Trial 2/9-12-20/9-12 AM 01.MTS,1245.719,3.605,Wiggle,Male,Active wiggle,Female,3,3.607843137,1,2.61,No,Yes,2,2991.278
D:/Pipefish Mesocosm Film/Trial 2/9-12-20/9-12 AM 01.MTS,1247.143,5.888,Pose,Female,S pose,Male,Front,3.607843137,1,2.61,No,Yes,2,2991.278
D:/Pipefish Mesocosm Film/Trial 2/9-12-20/9-12 AM 01.MTS,1249.325,14.62,Inactive,Male,,,,3.607843137,1,2.61,No,Yes,2,2991.278
D:/Pipefish Mesocosm Film/Trial 2/9-12-20/9-12 AM 01.MTS,1253.032,11.108,Inactive,Female,,,,3.607843137,1,2.61,No,Yes,2,2991.278
D:/Pipefish Mesocosm Film/Trial 2/9-12-20/9-12 AM 01.MTS,1263.946,10.256,Wiggle,Male,Active wiggle,Female,2,3.607843137,1,2.61,No,Yes,2,2991.278
D:/Pipefish Mesocosm Film/Trial 2/9-12-20/9-12 AM 01.MTS,1264.141,12.339,Pose,Female,S pose,Male,Front,3.607843137,1,2.61,No,Yes,2,2991.278
D:/Pipefish Mesocosm Film/Trial 2/9-12-20/9-12 AM 01.MTS,1274.203,5.695,Surrounding,Male,,,,3.607843137,1,2.61,No,Yes,2,2991.278
D:/Pipefish Mesocosm Film/Trial 2/9-12-20/9-12 AM 01.MTS,1276.481,20.507,Inactive,Female,,,,3.607843137,1,2.61,No,Yes,2,2991.278
D:/Pipefish Mesocosm Film/Trial 2/9-12-20/9-12 AM 01.MTS,1279.899,2.182,Wiggle,Male,Active wiggle,Female,4,3.607843137,1,2.61,No,Yes,2,2991.278
D:/Pipefish Mesocosm Film/Trial 2/9-12-20/9-12 AM 01.MTS,1282.082,22.217,Inactive,Male,,,,3.607843137,1,2.61,No,Yes,2,2991.278
D:/Pipefish Mesocosm Film/Trial 2/9-12-20/9-12 AM 01.MTS,1296.989,6.929,Pose,Female,S pose,Male,Front,3.607843137,1,2.61,No,Yes,2,2991.278
D:/Pipefish Mesocosm Film/Trial 2/9-12-20/9-12 AM 01.MTS,1303.919,5.125,Inactive,Female,,,,3.607843137,1,2.61,No,Yes,2,2991.278
D:/Pipefish Mesocosm Film/Trial 2/9-12-20/9-12 AM 01.MTS,1304.3,12.246,Wiggle,Male,Active wiggle,Female,2,3.607843137,1,2.61,No,Yes,2,2991.278
D:/Pipefish Mesocosm Film/Trial 2/9-12-20/9-12 AM 01.MTS,1309.045,9.021,Pose,Female,S pose,Male,Front,3.607843137,1,2.61,No,Yes,2,2991.278
D:/Pipefish Mesocosm Film/Trial 2/9-12-20/9-12 AM 01.MTS,1316.547,1.329,Inactive,Male,,,,3.607843137,1,2.61,No,Yes,2,2991.278
D:/Pipefish Mesocosm Film/Trial 2/9-12-20/9-12 AM 01.MTS,1317.877,4.175,Wiggle,Male,Active wiggle,Female,4,3.607843137,1,2.61,No,Yes,2,2991.278
D:/Pipefish Mesocosm Film/Trial 2/9-12-20/9-12 AM 01.MTS,1318.067,25.349,Inactive,Female,,,,3.607843137,1,2.61,No,Yes,2,2991.278
D:/Pipefish Mesocosm Film/Trial 2/9-12-20/9-12 AM 01.MTS,1322.053,15.571,Inactive,Male,,,,3.607843137,1,2.61,No,Yes,2,2991.278
D:/Pipefish Mesocosm Film/Trial 2/9-12-20/9-12 AM 01.MTS,1337.625,2.561,Wiggle,Male,Active wiggle,Female,4,3.607843137,1,2.61,No,Yes,2,2991.278
D:/Pipefish Mesocosm Film/Trial 2/9-12-20/9-12 AM 01.MTS,1340.187,2.374,Inactive,Male,,,,3.607843137,1,2.61,No,Yes,2,2991.278
D:/Pipefish Mesocosm Film/Trial 2/9-12-20/9-12 AM 01.MTS,1342.562,12.247,Wiggle,Male,Active wiggle,Female,4,3.607843137,1,2.61,No,Yes,2,2991.278
D:/Pipefish Mesocosm Film/Trial 2/9-12-20/9-12 AM 01.MTS,1343.417,13.195,Pose,Female,S pose,Male,Front,3.607843137,1,2.61,No,Yes,2,2991.278
D:/Pipefish Mesocosm Film/Trial 2/9-12-20/9-12 AM 01.MTS,1354.81,6.646,Inactive,Male,,,,3.607843137,1,2.61,No,Yes,2,2991.278
D:/Pipefish Mesocosm Film/Trial 2/9-12-20/9-12 AM 01.MTS,1356.613,8.543,Inactive,Female,,,,3.607843137,1,2.61,No,Yes,2,2991.278
D:/Pipefish Mesocosm Film/Trial 2/9-12-20/9-12 AM 01.MTS,1361.457,5.789,Wiggle,Male,Active wiggle,Female,4,3.607843137,1,2.61,No,Yes,2,2991.278
D:/Pipefish Mesocosm Film/Trial 2/9-12-20/9-12 AM 01.MTS,1365.157,5.984,Pose,Female,S pose,Male,Front,3.607843137,1,2.61,No,Yes,2,2991.278
D:/Pipefish Mesocosm Film/Trial 2/9-12-20/9-12 AM 01.MTS,1367.247,13.766,Inactive,Male,,,,3.607843137,1,2.61,No,Yes,2,2991.278
D:/Pipefish Mesocosm Film/Trial 2/9-12-20/9-12 AM 01.MTS,1371.142,9.116,Inactive,Female,,,,3.607843137,1,2.61,No,Yes,2,2991.278
D:/Pipefish Mesocosm Film/Trial 2/9-12-20/9-12 AM 01.MTS,1380.259,6.359,Wiggle,Female,Active wiggle,Male,4,3.607843137,1,2.61,No,Yes,2,2991.278
D:/Pipefish Mesocosm Film/Trial 2/9-12-20/9-12 AM 01.MTS,1381.014,4.176,Wiggle,Male,Active wiggle,Female,4,3.607843137,1,2.61,No,Yes,2,2991.278
D:/Pipefish Mesocosm Film/Trial 2/9-12-20/9-12 AM 01.MTS,1385.191,10.158,Inactive,Male,,,,3.607843137,1,2.61,No,Yes,2,2991.278
D:/Pipefish Mesocosm Film/Trial 2/9-12-20/9-12 AM 01.MTS,1386.619,8.26,Inactive,Female,,,,3.607843137,1,2.61,No,Yes,2,2991.278
D:/Pipefish Mesocosm Film/Trial 2/9-12-20/9-12 AM 01.MTS,1394.88,9.111,Pose,Female,S pose,Male,Front,3.607843137,1,2.61,No,Yes,2,2991.278
D:/Pipefish Mesocosm Film/Trial 2/9-12-20/9-12 AM 01.MTS,1395.35,5.507,Wiggle,Male,Active wiggle,Female,4,3.607843137,1,2.61,No,Yes,2,2991.278
D:/Pipefish Mesocosm Film/Trial 2/9-12-20/9-12 AM 01.MTS,1400.858,9.967,Inactive,Male,,,,3.607843137,1,2.61,No,Yes,2,2991.278
D:/Pipefish Mesocosm Film/Trial 2/9-12-20/9-12 AM 01.MTS,1403.992,26.488,Inactive,Female,,,,3.607843137,1,2.61,No,Yes,2,2991.278
D:/Pipefish Mesocosm Film/Trial 2/9-12-20/9-12 AM 01.MTS,1410.826,2.564,Wiggle,Male,Active wiggle,Female,4,3.607843137,1,2.61,No,Yes,2,2991.278
D:/Pipefish Mesocosm Film/Trial 2/9-12-20/9-12 AM 01.MTS,1413.391,18.039,Inactive,Male,,,,3.607843137,1,2.61,No,Yes,2,2991.278
D:/Pipefish Mesocosm Film/Trial 2/9-12-20/9-12 AM 01.MTS,1430.481,17.277,Pose,Female,S pose,Male,Front,3.607843137,1,2.61,No,Yes,2,2991.278
D:/Pipefish Mesocosm Film/Trial 2/9-12-20/9-12 AM 01.MTS,1431.431,15.57,Wiggle,Male,Active wiggle,Female,4,3.607843137,1,2.61,No,Yes,2,2991.278
D:/Pipefish Mesocosm Film/Trial 2/9-12-20/9-12 AM 01.MTS,1447.002,4.839,Inactive,Male,,,,3.607843137,1,2.61,No,Yes,2,2991.278
D:/Pipefish Mesocosm Film/Trial 2/9-12-20/9-12 AM 01.MTS,1447.759,49.087,Inactive,Female,,,,3.607843137,1,2.61,No,Yes,2,2991.278
D:/Pipefish Mesocosm Film/Trial 2/9-12-20/9-12 AM 01.MTS,1451.842,8.544,Wiggle,Male,Active wiggle,Female,4,3.607843137,1,2.61,No,Yes,2,2991.278
D:/Pipefish Mesocosm Film/Trial 2/9-12-20/9-12 AM 01.MTS,1460.387,20.793,Inactive,Male,,,,3.607843137,1,2.61,No,Yes,2,2991.278
D:/Pipefish Mesocosm Film/Trial 2/9-12-20/9-12 AM 01.MTS,1481.181,2.563,Wiggle,Male,Active wiggle,Female,4,3.607843137,1,2.61,No,Yes,2,2991.278
D:/Pipefish Mesocosm Film/Trial 2/9-12-20/9-12 AM 01.MTS,1483.745,12.532,Inactive,Male,,,,3.607843137,1,2.61,No,Yes,2,2991.278
D:/Pipefish Mesocosm Film/Trial 2/9-12-20/9-12 AM 01.MTS,1496.278,3.7,Wiggle,Male,Active wiggle,Female,5,3.607843137,1,2.61,No,Yes,2,2991.278
D:/Pipefish Mesocosm Film/Trial 2/9-12-20/9-12 AM 01.MTS,1496.847,6.552,Pose,Female,S pose,Male,Front,3.607843137,1,2.61,No,Yes,2,2991.278
D:/Pipefish Mesocosm Film/Trial 2/9-12-20/9-12 AM 01.MTS,1499.979,31.238,Inactive,Male,,,,3.607843137,1,2.61,No,Yes,2,2991.278
D:/Pipefish Mesocosm Film/Trial 2/9-12-20/9-12 AM 01.MTS,1503.4,27.437,Inactive,Female,,,,3.607843137,1,2.61,No,Yes,2,2991.278
D:/Pipefish Mesocosm Film/Trial 2/9-12-20/9-12 AM 01.MTS,1530.838,7.594,Pose,Female,S pose,Male,Front,3.607843137,1,2.61,No,Yes,2,2991.278
D:/Pipefish Mesocosm Film/Trial 2/9-12-20/9-12 AM 01.MTS,1531.218,5.127,Wiggle,Male,Active wiggle,Female,4,3.607843137,1,2.61,No,Yes,2,2991.278
D:/Pipefish Mesocosm Film/Trial 2/9-12-20/9-12 AM 01.MTS,1536.346,3.511,Inactive,Male,,,,3.607843137,1,2.61,No,Yes,2,2991.278
D:/Pipefish Mesocosm Film/Trial 2/9-12-20/9-12 AM 01.MTS,1538.433,2.942,Wiggle,Female,Active wiggle,Male,5,3.607843137,1,2.61,No,Yes,2,2991.278
D:/Pipefish Mesocosm Film/Trial 2/9-12-20/9-12 AM 01.MTS,1539.858,3.132,Wiggle,Male,Active wiggle,Female,4,3.607843137,1,2.61,No,Yes,2,2991.278
D:/Pipefish Mesocosm Film/Trial 2/9-12-20/9-12 AM 01.MTS,1541.376,13.101,Inactive,Female,,,,3.607843137,1,2.61,No,Yes,2,2991.278
D:/Pipefish Mesocosm Film/Trial 2/9-12-20/9-12 AM 01.MTS,1542.991,43.484,Inactive,Male,,,,3.607843137,1,2.61,No,Yes,2,2991.278
D:/Pipefish Mesocosm Film/Trial 2/9-12-20/9-12 AM 01.MTS,1554.478,8.547,Pose,Female,S pose,Male,Front,3.607843137,1,2.61,No,Yes,2,2991.278
D:/Pipefish Mesocosm Film/Trial 2/9-12-20/9-12 AM 01.MTS,1563.026,31.048,Inactive,Female,,,,3.607843137,1,2.61,No,Yes,2,2991.278
D:/Pipefish Mesocosm Film/Trial 2/9-12-20/9-12 AM 01.MTS,1586.476,3.703,Wiggle,Male,Active wiggle,Female,4,3.607843137,1,2.61,No,Yes,2,2991.278
D:/Pipefish Mesocosm Film/Trial 2/9-12-20/9-12 AM 01.MTS,1590.18,4.555,Inactive,Male,,,,3.607843137,1,2.61,No,Yes,2,2991.278
D:/Pipefish Mesocosm Film/Trial 2/9-12-20/9-12 AM 01.MTS,1594.075,8.73,Pose,Female,S pose,Male,Front,3.607843137,1,2.61,No,Yes,2,2991.278
D:/Pipefish Mesocosm Film/Trial 2/9-12-20/9-12 AM 01.MTS,1594.736,6.835,Wiggle,Male,Active wiggle,Female,4,3.607843137,1,2.61,No,Yes,2,2991.278
D:/Pipefish Mesocosm Film/Trial 2/9-12-20/9-12 AM 01.MTS,1601.572,11.202,Inactive,Male,,,,3.607843137,1,2.61,No,Yes,2,2991.278
D:/Pipefish Mesocosm Film/Trial 2/9-12-20/9-12 AM 01.MTS,1602.806,74.625,Inactive,Female,,,,3.607843137,1,2.61,No,Yes,2,2991.278
D:/Pipefish Mesocosm Film/Trial 2/9-12-20/9-12 AM 01.MTS,1612.775,3.608,Wiggle,Male,Active wiggle,Female,4,3.607843137,1,2.61,No,Yes,2,2991.278
D:/Pipefish Mesocosm Film/Trial 2/9-12-20/9-12 AM 01.MTS,1616.384,14.526,Inactive,Male,,,,3.607843137,1,2.61,No,Yes,2,2991.278
D:/Pipefish Mesocosm Film/Trial 2/9-12-20/9-12 AM 01.MTS,1630.911,3.133,Wiggle,Male,Active wiggle,Female,4,3.607843137,1,2.61,No,Yes,2,2991.278
D:/Pipefish Mesocosm Film/Trial 2/9-12-20/9-12 AM 01.MTS,1634.045,41.774,Inactive,Male,,,,3.607843137,1,2.61,No,Yes,2,2991.278
D:/Pipefish Mesocosm Film/Trial 2/9-12-20/9-12 AM 01.MTS,1675.82,4.081,Wiggle,Male,Active wiggle,Female,4,3.607843137,1,2.61,No,Yes,2,2991.278
D:/Pipefish Mesocosm Film/Trial 2/9-12-20/9-12 AM 01.MTS,1677.432,3.42,Pose,Female,S pose,Male,Front,3.607843137,1,2.61,No,Yes,2,2991.278
D:/Pipefish Mesocosm Film/Trial 2/9-12-20/9-12 AM 01.MTS,1679.902,1.518,Surrounding,Male,,,,3.607843137,1,2.61,No,Yes,2,2991.278
D:/Pipefish Mesocosm Film/Trial 2/9-12-20/9-12 AM 01.MTS,1680.853,1.991,Inactive,Female,,,,3.607843137,1,2.61,No,Yes,2,2991.278
D:/Pipefish Mesocosm Film/Trial 2/9-12-20/9-12 AM 01.MTS,1681.421,10.918,Wiggle,Male,Active wiggle,Female,4,3.607843137,1,2.61,No,Yes,2,2991.278
D:/Pipefish Mesocosm Film/Trial 2/9-12-20/9-12 AM 01.MTS,1682.845,6.549,Pose,Female,S pose,Male,Front,3.607843137,1,2.61,No,Yes,2,2991.278
D:/Pipefish Mesocosm Film/Trial 2/9-12-20/9-12 AM 01.MTS,1689.395,3.421,Inactive,Female,,,,3.607843137,1,2.61,No,Yes,2,2991.278
D:/Pipefish Mesocosm Film/Trial 2/9-12-20/9-12 AM 01.MTS,1692.34,72.063,Surrounding,Male,,,,3.607843137,1,2.61,No,Yes,2,2991.278
D:/Pipefish Mesocosm Film/Trial 2/9-12-20/9-12 AM 01.MTS,1692.817,3.795,Wiggle,Female,Active wiggle,Male,5,3.607843137,1,2.61,No,Yes,2,2991.278
D:/Pipefish Mesocosm Film/Trial 2/9-12-20/9-12 AM 01.MTS,1696.613,51.175,Inactive,Female,,,,3.607843137,1,2.61,No,Yes,2,2991.278
D:/Pipefish Mesocosm Film/Trial 2/9-12-20/9-12 AM 01.MTS,1747.789,6.264,Pose,Female,S pose,Male,Front,3.607843137,1,2.61,No,Yes,2,2991.278
D:/Pipefish Mesocosm Film/Trial 2/9-12-20/9-12 AM 01.MTS,1754.054,10.444,Inactive,Female,,,,3.607843137,1,2.61,No,Yes,2,2991.278
D:/Pipefish Mesocosm Film/Trial 2/9-12-20/9-12 AM 01.MTS,1764.404,5.222,Wiggle,Male,Active wiggle,Female,4,3.607843137,1,2.61,No,Yes,2,2991.278
D:/Pipefish Mesocosm Film/Trial 2/9-12-20/9-12 AM 01.MTS,1764.499,4.936,Pose,Female,S pose,Male,Front,3.607843137,1,2.61,No,Yes,2,2991.278
D:/Pipefish Mesocosm Film/Trial 2/9-12-20/9-12 AM 01.MTS,1769.436,48.419,Inactive,Female,,,,3.607843137,1,2.61,No,Yes,2,2991.278
D:/Pipefish Mesocosm Film/Trial 2/9-12-20/9-12 AM 01.MTS,1769.627,21.074,Surrounding,Male,,,,3.607843137,1,2.61,No,Yes,2,2991.278
D:/Pipefish Mesocosm Film/Trial 2/9-12-20/9-12 AM 01.MTS,1790.702,4.653,Wiggle,Male,Active wiggle,Female,4,3.607843137,1,2.61,No,Yes,2,2991.278
D:/Pipefish Mesocosm Film/Trial 2/9-12-20/9-12 AM 01.MTS,1795.356,30.665,Surrounding,Male,,,,3.607843137,1,2.61,No,Yes,2,2991.278
D:/Pipefish Mesocosm Film/Trial 2/9-12-20/9-12 AM 01.MTS,1817.856,4.274,Pose,Female,S pose,Male,Front,3.607843137,1,2.61,No,Yes,2,2991.278
D:/Pipefish Mesocosm Film/Trial 2/9-12-20/9-12 AM 01.MTS,1822.131,7.788,Inactive,Female,,,,3.607843137,1,2.61,No,Yes,2,2991.278
D:/Pipefish Mesocosm Film/Trial 2/9-12-20/9-12 AM 01.MTS,1826.022,5.315,Wiggle,Male,Active wiggle,Female,3,3.607843137,1,2.61,No,Yes,2,2991.278
D:/Pipefish Mesocosm Film/Trial 2/9-12-20/9-12 AM 01.MTS,1829.92,5.976,Pose,Female,S pose,Male,None,3.607843137,1,2.61,No,Yes,2,2991.278
D:/Pipefish Mesocosm Film/Trial 2/9-12-20/9-12 AM 01.MTS,1831.338,56.495,Inactive,Male,,,,3.607843137,1,2.61,No,Yes,2,2991.278
D:/Pipefish Mesocosm Film/Trial 2/9-12-20/9-12 AM 01.MTS,1835.897,49.847,Inactive,Female,,,,3.607843137,1,2.61,No,Yes,2,2991.278
D:/Pipefish Mesocosm Film/Trial 2/9-12-20/9-12 AM 01.MTS,1885.745,5.885,Pose,Female,S pose,Male,Front,3.607843137,1,2.61,No,Yes,2,2991.278
D:/Pipefish Mesocosm Film/Trial 2/9-12-20/9-12 AM 01.MTS,1887.834,4.364,Wiggle,Male,Active wiggle,Female,4,3.607843137,1,2.61,No,Yes,2,2991.278
D:/Pipefish Mesocosm Film/Trial 2/9-12-20/9-12 AM 01.MTS,1891.631,1044.981,Inactive,Female,,,,3.607843137,1,2.61,No,Yes,2,2991.278
D:/Pipefish Mesocosm Film/Trial 2/9-12-20/9-12 AM 01.MTS,1892.199,7.69,Surrounding,Male,,,,3.607843137,1,2.61,No,Yes,2,2991.278
D:/Pipefish Mesocosm Film/Trial 2/9-12-20/9-12 AM 01.MTS,1899.89,14.904,Wiggle,Male,Active wiggle,Female,4,3.607843137,1,2.61,No,Yes,2,2991.278
D:/Pipefish Mesocosm Film/Trial 2/9-12-20/9-12 AM 01.MTS,1914.795,24.971,Surrounding,Male,,,,3.607843137,1,2.61,No,Yes,2,2991.278
D:/Pipefish Mesocosm Film/Trial 2/9-12-20/9-12 AM 01.MTS,1939.767,4.555,Wiggle,Male,Subtle wiggle,Female,4,3.607843137,1,2.61,No,Yes,2,2991.278
D:/Pipefish Mesocosm Film/Trial 2/9-12-20/9-12 AM 01.MTS,1944.323,23.07,Inactive,Male,,,,3.607843137,1,2.61,No,Yes,2,2991.278
D:/Pipefish Mesocosm Film/Trial 2/9-12-20/9-12 AM 01.MTS,1967.394,8.261,Wiggle,Male,Active wiggle,Female,3,3.607843137,1,2.61,No,Yes,2,2991.278
D:/Pipefish Mesocosm Film/Trial 2/9-12-20/9-12 AM 01.MTS,1975.656,15.095,Inactive,Male,,,,3.607843137,1,2.61,No,Yes,2,2991.278
D:/Pipefish Mesocosm Film/Trial 2/9-12-20/9-12 AM 01.MTS,1990.752,24.685,Wiggle,Male,Active wiggle,Female,4,3.607843137,1,2.61,No,Yes,2,2991.278
D:/Pipefish Mesocosm Film/Trial 2/9-12-20/9-12 AM 01.MTS,2015.438,18.229,Surrounding,Male,,,,3.607843137,1,2.61,No,Yes,2,2991.278
D:/Pipefish Mesocosm Film/Trial 2/9-12-20/9-12 AM 01.MTS,2033.668,7.687,Wiggle,Male,Active wiggle,Female,4,3.607843137,1,2.61,No,Yes,2,2991.278
D:/Pipefish Mesocosm Film/Trial 2/9-12-20/9-12 AM 01.MTS,2041.356,3.135,Inactive,Male,,,,3.607843137,1,2.61,No,Yes,2,2991.278
D:/Pipefish Mesocosm Film/Trial 2/9-12-20/9-12 AM 01.MTS,2044.492,6.074,Wiggle,Male,Active wiggle,Female,4,3.607843137,1,2.61,No,Yes,2,2991.278
D:/Pipefish Mesocosm Film/Trial 2/9-12-20/9-12 AM 01.MTS,2050.567,15.477,Surrounding,Male,,,,3.607843137,1,2.61,No,Yes,2,2991.278
D:/Pipefish Mesocosm Film/Trial 2/9-12-20/9-12 AM 01.MTS,2066.045,4.46,Wiggle,Male,Active wiggle,Female,4,3.607843137,1,2.61,No,Yes,2,2991.278
D:/Pipefish Mesocosm Film/Trial 2/9-12-20/9-12 AM 01.MTS,2070.506,22.406,Surrounding,Male,,,,3.607843137,1,2.61,No,Yes,2,2991.278
D:/Pipefish Mesocosm Film/Trial 2/9-12-20/9-12 AM 01.MTS,2092.913,5.506,Wiggle,Male,Active wiggle,Female,3,3.607843137,1,2.61,No,Yes,2,2991.278
D:/Pipefish Mesocosm Film/Trial 2/9-12-20/9-12 AM 01.MTS,2098.42,45.003,Inactive,Male,,,,3.607843137,1,2.61,No,Yes,2,2991.278
D:/Pipefish Mesocosm Film/Trial 2/9-12-20/9-12 AM 01.MTS,2143.424,3.513,Wiggle,Male,Active wiggle,Female,4,3.607843137,1,2.61,No,Yes,2,2991.278
D:/Pipefish Mesocosm Film/Trial 2/9-12-20/9-12 AM 01.MTS,2146.938,24.208,Surrounding,Male,,,,3.607843137,1,2.61,No,Yes,2,2991.278
D:/Pipefish Mesocosm Film/Trial 2/9-12-20/9-12 AM 01.MTS,2171.147,9.779,Wiggle,Male,Active wiggle,Female,4,3.607843137,1,2.61,No,Yes,2,2991.278
D:/Pipefish Mesocosm Film/Trial 2/9-12-20/9-12 AM 01.MTS,2180.927,21.172,Inactive,Male,,,,3.607843137,1,2.61,No,Yes,2,2991.278
D:/Pipefish Mesocosm Film/Trial 2/9-12-20/9-12 AM 01.MTS,2202.1,5.505,Wiggle,Male,Active wiggle,Female,3,3.607843137,1,2.61,No,Yes,2,2991.278
D:/Pipefish Mesocosm Film/Trial 2/9-12-20/9-12 AM 01.MTS,2207.606,10.824,Surrounding,Male,,,,3.607843137,1,2.61,No,Yes,2,2991.278
D:/Pipefish Mesocosm Film/Trial 2/9-12-20/9-12 AM 01.MTS,2218.431,8.829,Wiggle,Male,Active wiggle,Female,4,3.607843137,1,2.61,No,Yes,2,2991.278
D:/Pipefish Mesocosm Film/Trial 2/9-12-20/9-12 AM 01.MTS,2227.261,4.841,Wiggle,Male,Active wiggle,Female,3,3.607843137,1,2.61,No,Yes,2,2991.278
D:/Pipefish Mesocosm Film/Trial 2/9-12-20/9-12 AM 01.MTS,2232.103,12.817,Surrounding,Male,,,,3.607843137,1,2.61,No,Yes,2,2991.278
D:/Pipefish Mesocosm Film/Trial 2/9-12-20/9-12 AM 01.MTS,2244.921,3.132,Wiggle,Male,Active wiggle,Female,4,3.607843137,1,2.61,No,Yes,2,2991.278
D:/Pipefish Mesocosm Film/Trial 2/9-12-20/9-12 AM 01.MTS,2248.054,4.934,Inactive,Male,,,,3.607843137,1,2.61,No,Yes,2,2991.278
D:/Pipefish Mesocosm Film/Trial 2/9-12-20/9-12 AM 01.MTS,2252.989,3.04,Wiggle,Male,Subtle wiggle,Female,4,3.607843137,1,2.61,No,Yes,2,2991.278
D:/Pipefish Mesocosm Film/Trial 2/9-12-20/9-12 AM 01.MTS,2256.03,9.02,Inactive,Male,,,,3.607843137,1,2.61,No,Yes,2,2991.278
D:/Pipefish Mesocosm Film/Trial 2/9-12-20/9-12 AM 01.MTS,2265.051,5.883,Wiggle,Male,Active wiggle,Female,4,3.607843137,1,2.61,No,Yes,2,2991.278
D:/Pipefish Mesocosm Film/Trial 2/9-12-20/9-12 AM 01.MTS,2270.935,36.744,Surrounding,Male,,,,3.607843137,1,2.61,No,Yes,2,2991.278
D:/Pipefish Mesocosm Film/Trial 2/9-12-20/9-12 AM 01.MTS,2307.68,11.295,Wiggle,Male,Active wiggle,Female,4,3.607843137,1,2.61,No,Yes,2,2991.278
D:/Pipefish Mesocosm Film/Trial 2/9-12-20/9-12 AM 01.MTS,2318.976,6.456,Inactive,Male,,,,3.607843137,1,2.61,No,Yes,2,2991.278
D:/Pipefish Mesocosm Film/Trial 2/9-12-20/9-12 AM 01.MTS,2325.433,3.131,Wiggle,Male,Active wiggle,Female,4,3.607843137,1,2.61,No,Yes,2,2991.278
D:/Pipefish Mesocosm Film/Trial 2/9-12-20/9-12 AM 01.MTS,2328.565,9.494,Inactive,Male,,,,3.607843137,1,2.61,No,Yes,2,2991.278
D:/Pipefish Mesocosm Film/Trial 2/9-12-20/9-12 AM 01.MTS,2338.06,3.798,Wiggle,Male,Active wiggle,Female,4,3.607843137,1,2.61,No,Yes,2,2991.278
D:/Pipefish Mesocosm Film/Trial 2/9-12-20/9-12 AM 01.MTS,2341.859,19.367,Surrounding,Male,,,,3.607843137,1,2.61,No,Yes,2,2991.278
D:/Pipefish Mesocosm Film/Trial 2/9-12-20/9-12 AM 01.MTS,2361.227,4.272,Wiggle,Male,Active wiggle,Female,4,3.607843137,1,2.61,No,Yes,2,2991.278
D:/Pipefish Mesocosm Film/Trial 2/9-12-20/9-12 AM 01.MTS,2365.5,20.983,Inactive,Male,,,,3.607843137,1,2.61,No,Yes,2,2991.278
D:/Pipefish Mesocosm Film/Trial 2/9-12-20/9-12 AM 01.MTS,2386.484,3.89,Wiggle,Male,Subtle wiggle,Female,4,3.607843137,1,2.61,No,Yes,2,2991.278
D:/Pipefish Mesocosm Film/Trial 2/9-12-20/9-12 AM 01.MTS,2390.375,9.588,Inactive,Male,,,,3.607843137,1,2.61,No,Yes,2,2991.278
D:/Pipefish Mesocosm Film/Trial 2/9-12-20/9-12 AM 01.MTS,2399.964,10.444,Wiggle,Male,Active wiggle,Female,4,3.607843137,1,2.61,No,Yes,2,2991.278
D:/Pipefish Mesocosm Film/Trial 2/9-12-20/9-12 AM 01.MTS,2410.409,4.652,Inactive,Male,,,,3.607843137,1,2.61,No,Yes,2,2991.278
D:/Pipefish Mesocosm Film/Trial 2/9-12-20/9-12 AM 01.MTS,2415.062,5.411,Wiggle,Male,Active wiggle,Female,4,3.607843137,1,2.61,No,Yes,2,2991.278
D:/Pipefish Mesocosm Film/Trial 2/9-12-20/9-12 AM 01.MTS,2420.474,7.689,Surrounding,Male,,,,3.607843137,1,2.61,No,Yes,2,2991.278
D:/Pipefish Mesocosm Film/Trial 2/9-12-20/9-12 AM 01.MTS,2428.164,6.645,Wiggle,Male,Active wiggle,Female,4,3.607843137,1,2.61,No,Yes,2,2991.278
D:/Pipefish Mesocosm Film/Trial 2/9-12-20/9-12 AM 01.MTS,2434.81,30.096,Inactive,Male,,,,3.607843137,1,2.61,No,Yes,2,2991.278
D:/Pipefish Mesocosm Film/Trial 2/9-12-20/9-12 AM 01.MTS,2464.907,15.762,Wiggle,Male,Active wiggle,Female,4,3.607843137,1,2.61,No,Yes,2,2991.278
D:/Pipefish Mesocosm Film/Trial 2/9-12-20/9-12 AM 01.MTS,2480.67,8.448,Surrounding,Male,,,,3.607843137,1,2.61,No,Yes,2,2991.278
D:/Pipefish Mesocosm Film/Trial 2/9-12-20/9-12 AM 01.MTS,2489.119,4.366,Wiggle,Male,Active wiggle,Female,4,3.607843137,1,2.61,No,Yes,2,2991.278
D:/Pipefish Mesocosm Film/Trial 2/9-12-20/9-12 AM 01.MTS,2493.486,15.856,Inactive,Male,,,,3.607843137,1,2.61,No,Yes,2,2991.278
D:/Pipefish Mesocosm Film/Trial 2/9-12-20/9-12 AM 01.MTS,2509.343,7.024,Wiggle,Male,Active wiggle,Female,4,3.607843137,1,2.61,No,Yes,2,2991.278
D:/Pipefish Mesocosm Film/Trial 2/9-12-20/9-12 AM 01.MTS,2516.368,17.658,Inactive,Male,,,,3.607843137,1,2.61,No,Yes,2,2991.278
D:/Pipefish Mesocosm Film/Trial 2/9-12-20/9-12 AM 01.MTS,2534.027,12.152,Wiggle,Male,Active wiggle,Female,4,3.607843137,1,2.61,No,Yes,2,2991.278
D:/Pipefish Mesocosm Film/Trial 2/9-12-20/9-12 AM 01.MTS,2546.18,15.095,Inactive,Male,,,,3.607843137,1,2.61,No,Yes,2,2991.278
D:/Pipefish Mesocosm Film/Trial 2/9-12-20/9-12 AM 01.MTS,2561.276,4.273,Wiggle,Male,Active wiggle,Female,4,3.607843137,1,2.61,No,Yes,2,2991.278
D:/Pipefish Mesocosm Film/Trial 2/9-12-20/9-12 AM 01.MTS,2565.55,18.23,Inactive,Male,,,,3.607843137,1,2.61,No,Yes,2,2991.278
D:/Pipefish Mesocosm Film/Trial 2/9-12-20/9-12 AM 01.MTS,2583.781,4.84,Wiggle,Male,Active wiggle,Female,4,3.607843137,1,2.61,No,Yes,2,2991.278
D:/Pipefish Mesocosm Film/Trial 2/9-12-20/9-12 AM 01.MTS,2588.622,2.087,Inactive,Male,,,,3.607843137,1,2.61,No,Yes,2,2991.278
D:/Pipefish Mesocosm Film/Trial 2/9-12-20/9-12 AM 01.MTS,2590.71,2.942,Wiggle,Male,Active wiggle,Female,3,3.607843137,1,2.61,No,Yes,2,2991.278
D:/Pipefish Mesocosm Film/Trial 2/9-12-20/9-12 AM 01.MTS,2593.653,22.786,Inactive,Male,,,,3.607843137,1,2.61,No,Yes,2,2991.278
D:/Pipefish Mesocosm Film/Trial 2/9-12-20/9-12 AM 01.MTS,2616.44,2.942,Wiggle,Male,Active wiggle,Female,4,3.607843137,1,2.61,No,Yes,2,2991.278
D:/Pipefish Mesocosm Film/Trial 2/9-12-20/9-12 AM 01.MTS,2619.383,3.606,Surrounding,Male,,,,3.607843137,1,2.61,No,Yes,2,2991.278
D:/Pipefish Mesocosm Film/Trial 2/9-12-20/9-12 AM 01.MTS,2622.99,4.747,Wiggle,Male,Active wiggle,Female,3,3.607843137,1,2.61,No,Yes,2,2991.278
D:/Pipefish Mesocosm Film/Trial 2/9-12-20/9-12 AM 01.MTS,2627.738,11.108,Inactive,Male,,,,3.607843137,1,2.61,No,Yes,2,2991.278
D:/Pipefish Mesocosm Film/Trial 2/9-12-20/9-12 AM 01.MTS,2638.847,3.891,Wiggle,Male,Active wiggle,Female,4,3.607843137,1,2.61,No,Yes,2,2991.278
D:/Pipefish Mesocosm Film/Trial 2/9-12-20/9-12 AM 01.MTS,2642.739,27.155,Surrounding,Male,,,,3.607843137,1,2.61,No,Yes,2,2991.278
D:/Pipefish Mesocosm Film/Trial 2/9-12-20/9-12 AM 01.MTS,2669.895,28.291,Inactive,Male,,,,3.607843137,1,2.61,No,Yes,2,2991.278
D:/Pipefish Mesocosm Film/Trial 2/9-12-20/9-12 AM 01.MTS,2698.187,7.595,Wiggle,Male,Active wiggle,Female,3,3.607843137,1,2.61,No,Yes,2,2991.278
D:/Pipefish Mesocosm Film/Trial 2/9-12-20/9-12 AM 01.MTS,2705.783,31.333,Inactive,Male,,,,3.607843137,1,2.61,No,Yes,2,2991.278
D:/Pipefish Mesocosm Film/Trial 2/9-12-20/9-12 AM 01.MTS,2737.117,12.529,Wiggle,Male,Active wiggle,Female,4,3.607843137,1,2.61,No,Yes,2,2991.278
D:/Pipefish Mesocosm Film/Trial 2/9-12-20/9-12 AM 01.MTS,2749.647,12.533,Inactive,Male,,,,3.607843137,1,2.61,No,Yes,2,2991.278
D:/Pipefish Mesocosm Film/Trial 2/9-12-20/9-12 AM 01.MTS,2762.181,3.133,Wiggle,Male,Active wiggle,Female,4,3.607843137,1,2.61,No,Yes,2,2991.278
D:/Pipefish Mesocosm Film/Trial 2/9-12-20/9-12 AM 01.MTS,2765.315,25.632,Inactive,Male,,,,3.607843137,1,2.61,No,Yes,2,2991.278
D:/Pipefish Mesocosm Film/Trial 2/9-12-20/9-12 AM 01.MTS,2790.948,6.646,Wiggle,Male,Active wiggle,Female,4,3.607843137,1,2.61,No,Yes,2,2991.278
D:/Pipefish Mesocosm Film/Trial 2/9-12-20/9-12 AM 01.MTS,2797.595,16.234,Inactive,Male,,,,3.607843137,1,2.61,No,Yes,2,2991.278
D:/Pipefish Mesocosm Film/Trial 2/9-12-20/9-12 AM 01.MTS,2813.83,7.594,Wiggle,Male,Active wiggle,Female,4,3.607843137,1,2.61,No,Yes,2,2991.278
D:/Pipefish Mesocosm Film/Trial 2/9-12-20/9-12 AM 01.MTS,2821.425,25.35,Surrounding,Male,,,,3.607843137,1,2.61,No,Yes,2,2991.278
D:/Pipefish Mesocosm Film/Trial 2/9-12-20/9-12 AM 01.MTS,2846.776,3.514,Wiggle,Male,Active wiggle,Female,4,3.607843137,1,2.61,No,Yes,2,2991.278
D:/Pipefish Mesocosm Film/Trial 2/9-12-20/9-12 AM 01.MTS,2850.291,17.484,Inactive,Male,,,,3.607843137,1,2.61,No,Yes,2,2991.278
D:/Pipefish Mesocosm Film/Trial 2/9-12-20/9-12 AM 02.MTS,2867.776,4.841,Wiggle,Male,Active wiggle,Female,4,3.607843137,1,2.61,No,Yes,2,2991.278
D:/Pipefish Mesocosm Film/Trial 2/9-12-20/9-12 AM 02.MTS,2872.618,17.088,Inactive,Male,,,,3.607843137,1,2.61,No,Yes,2,2991.278
D:/Pipefish Mesocosm Film/Trial 2/9-12-20/9-12 AM 02.MTS,2889.707,2.088,Wiggle,Male,Subtle wiggle,Female,3,3.607843137,1,2.61,No,Yes,2,2991.278
D:/Pipefish Mesocosm Film/Trial 2/9-12-20/9-12 AM 02.MTS,2891.796,15.096,Inactive,Male,,,,3.607843137,1,2.61,No,Yes,2,2991.278
D:/Pipefish Mesocosm Film/Trial 2/9-12-20/9-12 AM 02.MTS,2906.893,3.036,Wiggle,Male,Active wiggle,Female,4,3.607843137,1,2.61,No,Yes,2,2991.278
D:/Pipefish Mesocosm Film/Trial 2/9-12-20/9-12 AM 02.MTS,2909.93,24.782,Inactive,Male,,,,3.607843137,1,2.61,No,Yes,2,2991.278
D:/Pipefish Mesocosm Film/Trial 2/9-12-20/9-12 AM 02.MTS,2934.713,10.917,Wiggle,Male,Active wiggle,Female,3,3.607843137,1,2.61,No,Yes,2,2991.278
D:/Pipefish Mesocosm Film/Trial 2/9-12-20/9-12 AM 02.MTS,2936.613,9.019,Pose,Female,S pose,Male,Front,3.607843137,1,2.61,No,Yes,2,2991.278
D:/Pipefish Mesocosm Film/Trial 2/9-12-20/9-12 AM 02.MTS,2945.631,22.691,Inactive,Male,,,,3.607843137,1,2.61,No,Yes,2,2991.278
D:/Pipefish Mesocosm Film/Trial 2/9-12-20/9-12 AM 02.MTS,2945.633,122.049,Inactive,Female,,,,3.607843137,1,2.61,No,Yes,2,2991.278
D:/Pipefish Mesocosm Film/Trial 2/9-12-20/9-12 AM 02.MTS,2968.323,3.132,Wiggle,Male,Active wiggle,Female,4,3.607843137,1,2.61,No,Yes,2,2991.278
D:/Pipefish Mesocosm Film/Trial 2/9-12-20/9-12 AM 02.MTS,2971.456,27.057,Inactive,Male,,,,3.607843137,1,2.61,No,Yes,2,2991.278
D:/Pipefish Mesocosm Film/Trial 2/9-12-20/9-12 AM 02.MTS,2998.514,5.982,Wiggle,Male,Subtle wiggle,Female,3,3.607843137,1,2.61,No,Yes,2,2991.278
D:/Pipefish Mesocosm Film/Trial 2/9-12-20/9-12 AM 02.MTS,3004.497,63.185,Inactive,Male,,,,3.607843137,1,2.61,No,Yes,2,2991.278
D:/Pipefish Mesocosm Film/Trial 2/9-12-20/9-12 AM 02.MTS,3114.255,7.596,Pose,Female,S pose,Male,Front,2.333333333,1,1.333,No,No,3,393.64
D:/Pipefish Mesocosm Film/Trial 2/9-12-20/9-12 AM 02.MTS,3114.443,7.214,Wiggle,Male,Active wiggle,Female,2,2.333333333,1,1.333,No,No,3,393.64
D:/Pipefish Mesocosm Film/Trial 2/9-12-20/9-12 AM 02.MTS,3121.658,100.546,Inactive,Male,,,,2.333333333,1,1.333,No,No,3,393.64
D:/Pipefish Mesocosm Film/Trial 2/9-12-20/9-12 AM 02.MTS,3121.852,104.817,Inactive,Female,,,,2.333333333,1,1.333,No,No,3,393.64
D:/Pipefish Mesocosm Film/Trial 2/9-12-20/9-12 AM 02.MTS,3222.205,3.702,Wiggle,Male,Active wiggle,Female,2,2.333333333,1,1.333,No,No,3,393.64
D:/Pipefish Mesocosm Film/Trial 2/9-12-20/9-12 AM 02.MTS,3225.908,2.563,Inactive,Male,,,,2.333333333,1,1.333,No,No,3,393.64
D:/Pipefish Mesocosm Film/Trial 2/9-12-20/9-12 AM 02.MTS,3226.67,4.842,Pose,Female,S pose,Male,Front,2.333333333,1,1.333,No,No,3,393.64
D:/Pipefish Mesocosm Film/Trial 2/9-12-20/9-12 AM 02.MTS,3228.472,3.227,Wiggle,Male,Active wiggle,Female,3,2.333333333,1,1.333,No,No,3,393.64
D:/Pipefish Mesocosm Film/Trial 2/9-12-20/9-12 AM 02.MTS,3231.513,216.091,Inactive,Female,,,,2.333333333,1,1.333,No,No,3,393.64
D:/Pipefish Mesocosm Film/Trial 2/9-12-20/9-12 AM 02.MTS,3231.7,27.344,Inactive,Male,,,,2.333333333,1,1.333,No,No,3,393.64
D:/Pipefish Mesocosm Film/Trial 2/9-12-20/9-12 AM 02.MTS,3259.045,3.321,Wiggle,Male,Active wiggle,Female,2,2.333333333,1,1.333,No,No,3,393.64
D:/Pipefish Mesocosm Film/Trial 2/9-12-20/9-12 AM 02.MTS,3262.367,38.452,Inactive,Male,,,,2.333333333,1,1.333,No,No,3,393.64
D:/Pipefish Mesocosm Film/Trial 2/9-12-20/9-12 AM 02.MTS,3300.82,5.221,Wiggle,Male,Active wiggle,Female,2,2.333333333,1,1.333,No,No,3,393.64
D:/Pipefish Mesocosm Film/Trial 2/9-12-20/9-12 AM 02.MTS,3306.042,46.141,Inactive,Male,,,,2.333333333,1,1.333,No,No,3,393.64
D:/Pipefish Mesocosm Film/Trial 2/9-12-20/9-12 AM 02.MTS,3352.184,5.981,Wiggle,Male,Active wiggle,Female,3,2.333333333,1,1.333,No,No,3,393.64
D:/Pipefish Mesocosm Film/Trial 2/9-12-20/9-12 AM 02.MTS,3358.166,24.969,Inactive,Male,,,,2.333333333,1,1.333,No,No,3,393.64
D:/Pipefish Mesocosm Film/Trial 2/9-12-20/9-12 AM 02.MTS,3383.136,14.812,Surrounding,Male,,,,2.333333333,1,1.333,No,No,3,393.64
D:/Pipefish Mesocosm Film/Trial 2/9-12-20/9-12 AM 02.MTS,3397.949,109.186,Inactive,Male,,,,2.333333333,1,1.333,No,No,3,393.64
D:/Pipefish Mesocosm Film/Trial 2/9-12-20/9-12 AM 02.MTS,3511.787,6.366,Pose,Female,S pose,Male,Front,2.461538462,1,1.46,No,No,4,503.271
D:/Pipefish Mesocosm Film/Trial 2/9-12-20/9-12 AM 02.MTS,3511.788,5.032,Wiggle,Male,Active wiggle,Female,2,2.461538462,1,1.46,No,No,4,503.271
D:/Pipefish Mesocosm Film/Trial 2/9-12-20/9-12 AM 02.MTS,3516.821,90.006,Inactive,Male,,,,2.461538462,1,1.46,No,No,4,503.271
D:/Pipefish Mesocosm Film/Trial 2/9-12-20/9-12 AM 02.MTS,3518.154,38.067,Inactive,Female,,,,2.461538462,1,1.46,No,No,4,503.271
D:/Pipefish Mesocosm Film/Trial 2/9-12-20/9-12 AM 02.MTS,3556.222,2.09,Pose,Female,S pose,Male,Front,2.461538462,1,1.46,No,No,4,503.271
D:/Pipefish Mesocosm Film/Trial 2/9-12-20/9-12 AM 02.MTS,3558.313,149.823,Inactive,Female,,,,2.461538462,1,1.46,No,No,4,503.271
D:/Pipefish Mesocosm Film/Trial 2/9-12-20/9-12 AM 02.MTS,3606.828,3.513,Wiggle,Male,Active wiggle,Female,2,2.461538462,1,1.46,No,No,4,503.271
D:/Pipefish Mesocosm Film/Trial 2/9-12-20/9-12 AM 02.MTS,3610.342,12.078,Inactive,Male,,,,2.461538462,1,1.46,No,No,4,503.271
D:/Pipefish Mesocosm Film/Trial 2/9-12-20/9-12 AM 02.MTS,3622.421,3.87,Wiggle,Male,Active wiggle,Female,3,2.461538462,1,1.46,No,No,4,503.271
D:/Pipefish Mesocosm Film/Trial 2/9-12-20/9-12 AM 02.MTS,3626.292,48.158,Inactive,Male,,,,2.461538462,1,1.46,No,No,4,503.271
D:/Pipefish Mesocosm Film/Trial 2/9-12-20/9-12 AM 02.MTS,3674.451,6.054,Wiggle,Male,Active wiggle,Female,2,2.461538462,1,1.46,No,No,4,503.271
D:/Pipefish Mesocosm Film/Trial 2/9-12-20/9-12 AM 02.MTS,3680.506,50.176,Inactive,Male,,,,2.461538462,1,1.46,No,No,4,503.271
D:/Pipefish Mesocosm Film/Trial 2/9-12-20/9-12 AM 02.MTS,3708.137,3.7,Pose,Female,S pose,Male,Front,2.461538462,1,1.46,No,No,4,503.271
D:/Pipefish Mesocosm Film/Trial 2/9-12-20/9-12 AM 02.MTS,3711.838,36.172,Inactive,Female,,,,2.461538462,1,1.46,No,No,4,503.271
D:/Pipefish Mesocosm Film/Trial 2/9-12-20/9-12 AM 02.MTS,3731.492,3.228,Wiggle,Male,Active wiggle,Female,2,2.461538462,1,1.46,No,No,4,503.271
D:/Pipefish Mesocosm Film/Trial 2/9-12-20/9-12 AM 02.MTS,3734.721,13.064,Inactive,Male,,,,2.461538462,1,1.46,No,No,4,503.271
D:/Pipefish Mesocosm Film/Trial 2/9-12-20/9-12 AM 02.MTS,3747.786,5.357,Wiggle,Male,Active wiggle,Female,2,2.461538462,1,1.46,No,No,4,503.271
D:/Pipefish Mesocosm Film/Trial 2/9-12-20/9-12 AM 02.MTS,3748.011,0.855,Pose,Female,Flash,Female,Front,2.461538462,1,1.46,No,No,4,503.271
D:/Pipefish Mesocosm Film/Trial 2/9-12-20/9-12 AM 02.MTS,3748.867,92.38,Inactive,Female,,,,2.461538462,1,1.46,No,No,4,503.271
D:/Pipefish Mesocosm Film/Trial 2/9-12-20/9-12 AM 02.MTS,3753.144,26.772,Inactive,Male,,,,2.461538462,1,1.46,No,No,4,503.271
D:/Pipefish Mesocosm Film/Trial 2/9-12-20/9-12 AM 02.MTS,3779.917,5.217,Wiggle,Male,Active wiggle,Female,3,2.461538462,1,1.46,No,No,4,503.271
D:/Pipefish Mesocosm Film/Trial 2/9-12-20/9-12 AM 02.MTS,3785.135,54.593,Inactive,Male,,,,2.461538462,1,1.46,No,No,4,503.271
D:/Pipefish Mesocosm Film/Trial 2/9-12-20/9-12 AM 02.MTS,3839.729,8.353,Wiggle,Male,Active wiggle,Female,3,2.461538462,1,1.46,No,No,4,503.271
D:/Pipefish Mesocosm Film/Trial 2/9-12-20/9-12 AM 02.MTS,3841.248,6.453,Pose,Female,S pose,Male,Front,2.461538462,1,1.46,No,No,4,503.271
D:/Pipefish Mesocosm Film/Trial 2/9-12-20/9-12 AM 02.MTS,3847.702,1.523,Wiggle,Female,Active wiggle,Male,2,2.461538462,1,1.46,No,No,4,503.271
D:/Pipefish Mesocosm Film/Trial 2/9-12-20/9-12 AM 02.MTS,3848.083,47.282,Inactive,Male,,,,2.461538462,1,1.46,No,No,4,503.271
D:/Pipefish Mesocosm Film/Trial 2/9-12-20/9-12 AM 02.MTS,3849.226,87.063,Inactive,Female,,,,2.461538462,1,1.46,No,No,4,503.271
D:/Pipefish Mesocosm Film/Trial 2/9-12-20/9-12 AM 02.MTS,3895.366,3.322,Wiggle,Male,Active wiggle,Female,3,2.461538462,1,1.46,No,No,4,503.271
D:/Pipefish Mesocosm Film/Trial 2/9-12-20/9-12 AM 02.MTS,3898.689,10.157,Inactive,Male,,,,2.461538462,1,1.46,No,No,4,503.271
D:/Pipefish Mesocosm Film/Trial 2/9-12-20/9-12 AM 02.MTS,3908.847,3.42,Wiggle,Male,Active wiggle,Female,3,2.461538462,1,1.46,No,No,4,503.271
D:/Pipefish Mesocosm Film/Trial 2/9-12-20/9-12 AM 02.MTS,3912.268,24.428,Inactive,Male,,,,2.461538462,1,1.46,No,No,4,503.271
D:/Pipefish Mesocosm Film/Trial 2/9-12-20/9-12 AM 02.MTS,3936.29,6.073,Pose,Female,S pose,Male,Front,2.461538462,1,1.46,No,No,4,503.271
D:/Pipefish Mesocosm Film/Trial 2/9-12-20/9-12 AM 02.MTS,3936.697,5.858,Wiggle,Male,Active wiggle,Female,2,2.461538462,1,1.46,No,No,4,503.271
D:/Pipefish Mesocosm Film/Trial 2/9-12-20/9-12 AM 02.MTS,3942.364,2.848,Inactive,Female,,,,2.461538462,1,1.46,No,No,4,503.271
D:/Pipefish Mesocosm Film/Trial 2/9-12-20/9-12 AM 02.MTS,3942.556,3.799,Inactive,Male,,,,2.461538462,1,1.46,No,No,4,503.271
D:/Pipefish Mesocosm Film/Trial 2/9-12-20/9-12 AM 02.MTS,3945.213,1.994,Pose,Female,Non-s pose,Male,Front,2.461538462,1,1.46,No,No,4,503.271
D:/Pipefish Mesocosm Film/Trial 2/9-12-20/9-12 AM 02.MTS,3946.356,4.046,Wiggle,Male,Active wiggle,Female,3,2.461538462,1,1.46,No,No,4,503.271
D:/Pipefish Mesocosm Film/Trial 2/9-12-20/9-12 AM 02.MTS,3947.208,66.792,Inactive,Female,,,,2.461538462,1,1.46,No,No,4,503.271
D:/Pipefish Mesocosm Film/Trial 2/9-12-20/9-12 AM 02.MTS,3950.403,63.597,Inactive,Male,,,,2.461538462,1,1.46,No,No,4,503.271
D:/Pipefish Mesocosm Film/Trial 2/9-12-20/9-12 AM 02.MTS,4034.747,131.501,Inactive,Female,,,,2.764705882,1,1.76,No,No,5,674.875
D:/Pipefish Mesocosm Film/Trial 2/9-12-20/9-12 AM 02.MTS,4034.747,3.133,Wiggle,Male,Active wiggle,Female,2,2.764705882,1,1.76,No,No,5,674.875
D:/Pipefish Mesocosm Film/Trial 2/9-12-20/9-12 AM 02.MTS,4037.881,55.827,Inactive,Male,,,,2.764705882,1,1.76,No,No,5,674.875
D:/Pipefish Mesocosm Film/Trial 2/9-12-20/9-12 AM 02.MTS,4093.709,2.853,Wiggle,Male,Active wiggle,Female,4,2.764705882,1,1.76,No,No,5,674.875
D:/Pipefish Mesocosm Film/Trial 2/9-12-20/9-12 AM 02.MTS,4096.563,8.92,Inactive,Male,,,,2.764705882,1,1.76,No,No,5,674.875
D:/Pipefish Mesocosm Film/Trial 2/9-12-20/9-12 AM 02.MTS,4105.484,3.131,Wiggle,Male,Active wiggle,Female,3,2.764705882,1,1.76,No,No,5,674.875
D:/Pipefish Mesocosm Film/Trial 2/9-12-20/9-12 AM 02.MTS,4108.616,7.5,Inactive,Male,,,,2.764705882,1,1.76,No,No,5,674.875
D:/Pipefish Mesocosm Film/Trial 2/9-12-20/9-12 AM 02.MTS,4116.117,3.035,Wiggle,Male,Active wiggle,Female,2,2.764705882,1,1.76,No,No,5,674.875
D:/Pipefish Mesocosm Film/Trial 2/9-12-20/9-12 AM 02.MTS,4119.153,45.191,Inactive,Male,,,,2.764705882,1,1.76,No,No,5,674.875
D:/Pipefish Mesocosm Film/Trial 2/9-12-20/9-12 AM 02.MTS,4164.345,3.515,Wiggle,Male,Active wiggle,Female,3,2.764705882,1,1.76,No,No,5,674.875
D:/Pipefish Mesocosm Film/Trial 2/9-12-20/9-12 AM 02.MTS,4166.249,3.794,Wiggle,Female,Active wiggle,Male,3,2.764705882,1,1.76,No,No,5,674.875
D:/Pipefish Mesocosm Film/Trial 2/9-12-20/9-12 AM 02.MTS,4167.861,18.795,Inactive,Male,,,,2.764705882,1,1.76,No,No,5,674.875
D:/Pipefish Mesocosm Film/Trial 2/9-12-20/9-12 AM 02.MTS,4170.044,166.914,Inactive,Female,,,,2.764705882,1,1.76,No,No,5,674.875
D:/Pipefish Mesocosm Film/Trial 2/9-12-20/9-12 AM 02.MTS,4186.657,4.37,Wiggle,Male,Active wiggle,Female,3,2.764705882,1,1.76,No,No,5,674.875
D:/Pipefish Mesocosm Film/Trial 2/9-12-20/9-12 AM 02.MTS,4191.028,57.977,Inactive,Male,,,,2.764705882,1,1.76,No,No,5,674.875
D:/Pipefish Mesocosm Film/Trial 2/9-12-20/9-12 AM 02.MTS,4249.006,2.878,Wiggle,Male,Active wiggle,Female,3,2.764705882,1,1.76,No,No,5,674.875
D:/Pipefish Mesocosm Film/Trial 2/9-12-20/9-12 AM 02.MTS,4251.885,27.536,Inactive,Male,,,,2.764705882,1,1.76,No,No,5,674.875
D:/Pipefish Mesocosm Film/Trial 2/9-12-20/9-12 AM 02.MTS,4279.422,4.619,Wiggle,Male,Active wiggle,Female,2,2.764705882,1,1.76,No,No,5,674.875
D:/Pipefish Mesocosm Film/Trial 2/9-12-20/9-12 AM 02.MTS,4284.042,51.302,Inactive,Male,,,,2.764705882,1,1.76,No,No,5,674.875
D:/Pipefish Mesocosm Film/Trial 2/9-12-20/9-12 AM 02.MTS,4335.345,4.173,Wiggle,Male,Active wiggle,Female,3,2.764705882,1,1.76,No,No,5,674.875
D:/Pipefish Mesocosm Film/Trial 2/9-12-20/9-12 AM 02.MTS,4336.959,4.175,Wiggle,Female,Active wiggle,Male,3,2.764705882,1,1.76,No,No,5,674.875
D:/Pipefish Mesocosm Film/Trial 2/9-12-20/9-12 AM 02.MTS,4339.519,49.18,Inactive,Male,,,,2.764705882,1,1.76,No,No,5,674.875
D:/Pipefish Mesocosm Film/Trial 2/9-12-20/9-12 AM 02.MTS,4341.135,203.013,Inactive,Female,,,,2.764705882,1,1.76,No,No,5,674.875
D:/Pipefish Mesocosm Film/Trial 2/9-12-20/9-12 AM 02.MTS,4388.7,2.561,Wiggle,Male,Active wiggle,Female,3,2.764705882,1,1.76,No,No,5,674.875
D:/Pipefish Mesocosm Film/Trial 2/9-12-20/9-12 AM 02.MTS,4391.262,32.188,Inactive,Male,,,,2.764705882,1,1.76,No,No,5,674.875
D:/Pipefish Mesocosm Film/Trial 2/9-12-20/9-12 AM 02.MTS,4423.451,2.941,Wiggle,Male,Active wiggle,Female,3,2.764705882,1,1.76,No,No,5,674.875
D:/Pipefish Mesocosm Film/Trial 2/9-12-20/9-12 AM 02.MTS,4426.393,13.676,Inactive,Male,,,,2.764705882,1,1.76,No,No,5,674.875
D:/Pipefish Mesocosm Film/Trial 2/9-12-20/9-12 AM 02.MTS,4440.07,2.463,Wiggle,Male,Active wiggle,Female,2,2.764705882,1,1.76,No,No,5,674.875
D:/Pipefish Mesocosm Film/Trial 2/9-12-20/9-12 AM 02.MTS,4442.534,13.104,Inactive,Male,,,,2.764705882,1,1.76,No,No,5,674.875
D:/Pipefish Mesocosm Film/Trial 2/9-12-20/9-12 AM 02.MTS,4455.639,2.654,Wiggle,Male,Active wiggle,Female,2,2.764705882,1,1.76,No,No,5,674.875
D:/Pipefish Mesocosm Film/Trial 2/9-12-20/9-12 AM 02.MTS,4458.294,95.991,Inactive,Male,,,,2.764705882,1,1.76,No,No,5,674.875
D:/Pipefish Mesocosm Film/Trial 2/9-12-20/9-12 AM 02.MTS,4544.149,24.035,Out of sight,Female,,,,2.764705882,1,1.76,No,No,5,674.875
D:/Pipefish Mesocosm Film/Trial 2/9-12-20/9-12 AM 02.MTS,4554.286,3.893,Wiggle,Male,Active wiggle,Female,3,2.764705882,1,1.76,No,No,5,674.875
D:/Pipefish Mesocosm Film/Trial 2/9-12-20/9-12 AM 02.MTS,4558.18,74.626,Inactive,Male,,,,2.764705882,1,1.76,No,No,5,674.875
D:/Pipefish Mesocosm Film/Trial 2/9-12-20/9-12 AM 02.MTS,4568.185,127.954,Inactive,Female,,,,2.764705882,1,1.76,No,No,5,674.875
D:/Pipefish Mesocosm Film/Trial 2/9-12-20/9-12 AM 02.MTS,4632.807,4.268,Wiggle,Male,Active wiggle,Female,3,2.764705882,1,1.76,No,No,5,674.875
D:/Pipefish Mesocosm Film/Trial 2/9-12-20/9-12 AM 02.MTS,4637.076,71.227,Inactive,Male,,,,2.764705882,1,1.76,No,No,5,674.875
D:/Pipefish Mesocosm Film/Trial 2/9-12-20/9-12 AM 02.MTS,4696.14,12.163,Out of sight,Female,,,,2.764705882,1,1.76,No,No,5,674.875
D:/Pipefish Mesocosm Film/Trial 2/9-12-20/9-12 AM 02.MTS,4735.441,4.459,Wiggle,Male,Active wiggle,Female,4,3.5,1,2.5,No,No,6,114.788
D:/Pipefish Mesocosm Film/Trial 2/9-12-20/9-12 AM 02.MTS,4736.965,5.215,Pose,Female,S pose,Male,Front,3.5,1,2.5,No,No,6,114.788
D:/Pipefish Mesocosm Film/Trial 2/9-12-20/9-12 AM 02.MTS,4739.901,45.672,Inactive,Male,,,,3.5,1,2.5,No,No,6,114.788
D:/Pipefish Mesocosm Film/Trial 2/9-12-20/9-12 AM 02.MTS,4742.181,107.859,Inactive,Female,,,,3.5,1,2.5,No,No,6,114.788
D:/Pipefish Mesocosm Film/Trial 2/9-12-20/9-12 AM 02.MTS,4785.574,2.752,Wiggle,Male,Active wiggle,Female,3,3.5,1,2.5,No,No,6,114.788
D:/Pipefish Mesocosm Film/Trial 2/9-12-20/9-12 AM 02.MTS,4788.327,61.713,Inactive,Male,,,,3.5,1,2.5,No,No,6,114.788
D:/Pipefish Mesocosm Film/Trial 2/9-12-20/9-12 AM 02.MTS,4864.469,127.231,Inactive,Female,,,,2.641509434,1,1.64,No,Yes,7,2280.149
D:/Pipefish Mesocosm Film/Trial 2/9-12-20/9-12 AM 02.MTS,4864.469,3.039,Wiggle,Male,Active wiggle,Female,2,2.641509434,1,1.64,No,Yes,7,2280.149
D:/Pipefish Mesocosm Film/Trial 2/9-12-20/9-12 AM 02.MTS,4867.509,64.659,Inactive,Male,,,,2.641509434,1,1.64,No,Yes,7,2280.149
D:/Pipefish Mesocosm Film/Trial 2/9-12-20/9-12 AM 02.MTS,4932.169,4.363,Wiggle,Male,Active wiggle,Female,2,2.641509434,1,1.64,No,Yes,7,2280.149
D:/Pipefish Mesocosm Film/Trial 2/9-12-20/9-12 AM 02.MTS,4936.533,14.527,Inactive,Male,,,,2.641509434,1,1.64,No,Yes,7,2280.149
D:/Pipefish Mesocosm Film/Trial 2/9-12-20/9-12 AM 02.MTS,4951.061,3.514,Wiggle,Male,Active wiggle,Female,3,2.641509434,1,1.64,No,Yes,7,2280.149
D:/Pipefish Mesocosm Film/Trial 2/9-12-20/9-12 AM 02.MTS,4954.576,30.949,Inactive,Male,,,,2.641509434,1,1.64,No,Yes,7,2280.149
D:/Pipefish Mesocosm Film/Trial 2/9-12-20/9-12 AM 02.MTS,4985.526,3.322,Wiggle,Male,Active wiggle,Female,3,2.641509434,1,1.64,No,Yes,7,2280.149
D:/Pipefish Mesocosm Film/Trial 2/9-12-20/9-12 AM 02.MTS,4988.849,109.09,Inactive,Male,,,,2.641509434,1,1.64,No,Yes,7,2280.149
D:/Pipefish Mesocosm Film/Trial 2/9-12-20/9-12 AM 02.MTS,4991.701,3.602,Wiggle,Female,Subtle wiggle,Male,4,2.641509434,1,1.64,No,Yes,7,2280.149
D:/Pipefish Mesocosm Film/Trial 2/9-12-20/9-12 AM 02.MTS,4995.304,210.726,Inactive,Female,,,,2.641509434,1,1.64,No,Yes,7,2280.149
D:/Pipefish Mesocosm Film/Trial 2/9-12-20/9-12 AM 02.MTS,5097.94,5.317,Wiggle,Male,Active wiggle,Female,3,2.641509434,1,1.64,No,Yes,7,2280.149
D:/Pipefish Mesocosm Film/Trial 2/9-12-20/9-12 AM 02.MTS,5103.258,29.904,Inactive,Male,,,,2.641509434,1,1.64,No,Yes,7,2280.149
D:/Pipefish Mesocosm Film/Trial 2/9-12-20/9-12 AM 02.MTS,5133.163,4.081,Wiggle,Male,Active wiggle,Female,3,2.641509434,1,1.64,No,Yes,7,2280.149
D:/Pipefish Mesocosm Film/Trial 2/9-12-20/9-12 AM 02.MTS,5137.245,67.982,Inactive,Male,,,,2.641509434,1,1.64,No,Yes,7,2280.149
D:/Pipefish Mesocosm Film/Trial 2/9-12-20/9-12 AM 02.MTS,5205.228,2.373,Wiggle,Male,Active wiggle,Female,2,2.641509434,1,1.64,No,Yes,7,2280.149
D:/Pipefish Mesocosm Film/Trial 2/9-12-20/9-12 AM 02.MTS,5206.031,3.28,Wiggle,Female,Active wiggle,Male,2,2.641509434,1,1.64,No,Yes,7,2280.149
D:/Pipefish Mesocosm Film/Trial 2/9-12-20/9-12 AM 02.MTS,5207.602,6.836,Inactive,Male,,,,2.641509434,1,1.64,No,Yes,7,2280.149
D:/Pipefish Mesocosm Film/Trial 2/9-12-20/9-12 AM 02.MTS,5209.312,218.091,Inactive,Female,,,,2.641509434,1,1.64,No,Yes,7,2280.149
D:/Pipefish Mesocosm Film/Trial 2/9-12-20/9-12 AM 02.MTS,5214.439,1.137,Wiggle,Male,Active wiggle,Female,3,2.641509434,1,1.64,No,Yes,7,2280.149
D:/Pipefish Mesocosm Film/Trial 2/9-12-20/9-12 AM 02.MTS,5215.577,37.41,Inactive,Male,,,,2.641509434,1,1.64,No,Yes,7,2280.149
D:/Pipefish Mesocosm Film/Trial 2/9-12-20/9-12 AM 02.MTS,5252.988,2.751,Chasing,Male,,,,2.641509434,1,1.64,No,Yes,7,2280.149
D:/Pipefish Mesocosm Film/Trial 2/9-12-20/9-12 AM 02.MTS,5255.74,2.087,Wiggle,Male,Active wiggle,Female,3,2.641509434,1,1.64,No,Yes,7,2280.149
D:/Pipefish Mesocosm Film/Trial 2/9-12-20/9-12 AM 02.MTS,5257.828,11.68,Inactive,Male,,,,2.641509434,1,1.64,No,Yes,7,2280.149
D:/Pipefish Mesocosm Film/Trial 2/9-12-20/9-12 AM 02.MTS,5269.509,3.037,Wiggle,Male,Active wiggle,Female,3,2.641509434,1,1.64,No,Yes,7,2280.149
D:/Pipefish Mesocosm Film/Trial 2/9-12-20/9-12 AM 02.MTS,5272.547,47.283,Inactive,Male,,,,2.641509434,1,1.64,No,Yes,7,2280.149
D:/Pipefish Mesocosm Film/Trial 2/9-12-20/9-12 AM 02.MTS,5319.831,18.414,Chasing,Male,,,,2.641509434,1,1.64,No,Yes,7,2280.149
D:/Pipefish Mesocosm Film/Trial 2/9-12-20/9-12 AM 02.MTS,5338.246,16.519,Inactive,Male,,,,2.641509434,1,1.64,No,Yes,7,2280.149
D:/Pipefish Mesocosm Film/Trial 2/9-12-20/9-12 AM 02.MTS,5354.766,15.761,Chasing,Male,,,,2.641509434,1,1.64,No,Yes,7,2280.149
D:/Pipefish Mesocosm Film/Trial 2/9-12-20/9-12 AM 02.MTS,5370.528,57.443,Inactive,Male,,,,2.641509434,1,1.64,No,Yes,7,2280.149
D:/Pipefish Mesocosm Film/Trial 2/9-12-20/9-12 AM 02.MTS,5427.404,6.071,Pose,Female,S pose,Male,Front,2.641509434,1,1.64,No,Yes,7,2280.149
D:/Pipefish Mesocosm Film/Trial 2/9-12-20/9-12 AM 02.MTS,5427.972,5.221,Wiggle,Male,Active wiggle,Female,3,2.641509434,1,1.64,No,Yes,7,2280.149
D:/Pipefish Mesocosm Film/Trial 2/9-12-20/9-12 AM 02.MTS,5433.194,58.196,Inactive,Male,,,,2.641509434,1,1.64,No,Yes,7,2280.149
D:/Pipefish Mesocosm Film/Trial 2/9-12-20/9-12 AM 02.MTS,5433.476,204.062,Inactive,Female,,,,2.641509434,1,1.64,No,Yes,7,2280.149
D:/Pipefish Mesocosm Film/Trial 2/9-12-20/9-12 AM 02.MTS,5491.391,3.609,Wiggle,Male,Active wiggle,Female,3,2.641509434,1,1.64,No,Yes,7,2280.149
D:/Pipefish Mesocosm Film/Trial 2/9-12-20/9-12 AM 02.MTS,5495.001,60.953,Inactive,Male,,,,2.641509434,1,1.64,No,Yes,7,2280.149
D:/Pipefish Mesocosm Film/Trial 2/9-12-20/9-12 AM 02.MTS,5555.955,2.849,Wiggle,Male,Active wiggle,Female,3,2.641509434,1,1.64,No,Yes,7,2280.149
D:/Pipefish Mesocosm Film/Trial 2/9-12-20/9-12 AM 02.MTS,5558.805,25.064,Inactive,Male,,,,2.641509434,1,1.64,No,Yes,7,2280.149
D:/Pipefish Mesocosm Film/Trial 2/9-12-20/9-12 AM 02.MTS,5583.87,3.039,Wiggle,Male,Active wiggle,Female,3,2.641509434,1,1.64,No,Yes,7,2280.149
D:/Pipefish Mesocosm Film/Trial 2/9-12-20/9-12 AM 02.MTS,5586.91,95.226,Inactive,Male,,,,2.641509434,1,1.64,No,Yes,7,2280.149
D:/Pipefish Mesocosm Film/Trial 2/9-12-20/9-12 AM 02.MTS,5637.539,2.728,Pose,Female,S pose,Male,Front,2.641509434,1,1.64,No,Yes,7,2280.149
D:/Pipefish Mesocosm Film/Trial 2/9-12-20/9-12 AM 02.MTS,5640.268,39.019,Inactive,Female,,,,2.641509434,1,1.64,No,Yes,7,2280.149
D:/Pipefish Mesocosm Film/Trial 2/9-12-20/9-12 AM 02.MTS,5679.288,15.667,Out of sight,Female,,,,2.641509434,1,1.64,No,Yes,7,2280.149
D:/Pipefish Mesocosm Film/Trial 2/9-12-20/9-12 AM 02.MTS,5682.137,3.229,Wiggle,Male,Active wiggle,Female,2,2.641509434,1,1.64,No,Yes,7,2280.149
D:/Pipefish Mesocosm Film/Trial 2/9-12-20/9-12 AM 02.MTS,5685.367,0.188,Inactive,Male,,,,2.641509434,1,1.64,No,Yes,7,2280.149
D:/Pipefish Mesocosm Film/Trial 2/9-12-20/9-12 AM 02.MTS,5685.556,2.564,Wiggle,Male,Active wiggle,Female,3,2.641509434,1,1.64,No,Yes,7,2280.149
D:/Pipefish Mesocosm Film/Trial 2/9-12-20/9-12 AM 02.MTS,5688.121,136.212,Inactive,Male,,,,2.641509434,1,1.64,No,Yes,7,2280.149
D:/Pipefish Mesocosm Film/Trial 2/9-12-20/9-12 AM 02.MTS,5694.956,118.174,Inactive,Female,,,,2.641509434,1,1.64,No,Yes,7,2280.149
D:/Pipefish Mesocosm Film/Trial 2/9-12-20/9-12 AM 03.MTS,5813.13,2.467,Wiggle,Female,Active wiggle,Male,2,2.641509434,1,1.64,No,Yes,7,2280.149
D:/Pipefish Mesocosm Film/Trial 2/9-12-20/9-12 AM 03.MTS,5815.598,74.077,Inactive,Female,,,,2.641509434,1,1.64,No,Yes,7,2280.149
D:/Pipefish Mesocosm Film/Trial 2/9-12-20/9-12 AM 03.MTS,5824.334,4.079,Wiggle,Male,Active wiggle,Female,3,2.641509434,1,1.64,No,Yes,7,2280.149
D:/Pipefish Mesocosm Film/Trial 2/9-12-20/9-12 AM 03.MTS,5828.414,4.272,Inactive,Male,,,,2.641509434,1,1.64,No,Yes,7,2280.149
D:/Pipefish Mesocosm Film/Trial 2/9-12-20/9-12 AM 03.MTS,5832.687,2.277,Wiggle,Male,Active wiggle,Female,3,2.641509434,1,1.64,No,Yes,7,2280.149
D:/Pipefish Mesocosm Film/Trial 2/9-12-20/9-12 AM 03.MTS,5834.965,40.257,Inactive,Male,,,,2.641509434,1,1.64,No,Yes,7,2280.149
D:/Pipefish Mesocosm Film/Trial 2/9-12-20/9-12 AM 03.MTS,5875.223,8.639,Wiggle,Male,Active wiggle,Female,3,2.641509434,1,1.64,No,Yes,7,2280.149
D:/Pipefish Mesocosm Film/Trial 2/9-12-20/9-12 AM 03.MTS,5883.863,1.709,Inactive,Male,,,,2.641509434,1,1.64,No,Yes,7,2280.149
D:/Pipefish Mesocosm Film/Trial 2/9-12-20/9-12 AM 03.MTS,5885.573,6.743,Wiggle,Male,Active wiggle,Female,2,2.641509434,1,1.64,No,Yes,7,2280.149
D:/Pipefish Mesocosm Film/Trial 2/9-12-20/9-12 AM 03.MTS,5889.676,5.293,Pose,Female,S pose,Male,Front,2.641509434,1,1.64,No,Yes,7,2280.149
D:/Pipefish Mesocosm Film/Trial 2/9-12-20/9-12 AM 03.MTS,5892.317,44.429,Inactive,Male,,,,2.641509434,1,1.64,No,Yes,7,2280.149
D:/Pipefish Mesocosm Film/Trial 2/9-12-20/9-12 AM 03.MTS,5894.97,88.014,Inactive,Female,,,,2.641509434,1,1.64,No,Yes,7,2280.149
D:/Pipefish Mesocosm Film/Trial 2/9-12-20/9-12 AM 03.MTS,5936.747,7.027,Wiggle,Male,Active wiggle,Female,3,2.641509434,1,1.64,No,Yes,7,2280.149
D:/Pipefish Mesocosm Film/Trial 2/9-12-20/9-12 AM 03.MTS,5943.775,34.177,Inactive,Male,,,,2.641509434,1,1.64,No,Yes,7,2280.149
D:/Pipefish Mesocosm Film/Trial 2/9-12-20/9-12 AM 03.MTS,5977.953,8.069,Wiggle,Male,Active wiggle,Female,4,2.641509434,1,1.64,No,Yes,7,2280.149
D:/Pipefish Mesocosm Film/Trial 2/9-12-20/9-12 AM 03.MTS,5982.985,3.7,Pose,Female,S pose,Male,Front,2.641509434,1,1.64,No,Yes,7,2280.149
D:/Pipefish Mesocosm Film/Trial 2/9-12-20/9-12 AM 03.MTS,5986.023,67.884,Inactive,Male,,,,2.641509434,1,1.64,No,Yes,7,2280.149
D:/Pipefish Mesocosm Film/Trial 2/9-12-20/9-12 AM 03.MTS,5986.686,68.36,Inactive,Female,,,,2.641509434,1,1.64,No,Yes,7,2280.149
D:/Pipefish Mesocosm Film/Trial 2/9-12-20/9-12 AM 03.MTS,6053.908,13.481,Wiggle,Male,Active wiggle,Female,3,2.641509434,1,1.64,No,Yes,7,2280.149
D:/Pipefish Mesocosm Film/Trial 2/9-12-20/9-12 AM 03.MTS,6055.047,41.303,Out of sight,Female,,,,2.641509434,1,1.64,No,Yes,7,2280.149
D:/Pipefish Mesocosm Film/Trial 2/9-12-20/9-12 AM 03.MTS,6067.39,19.844,Inactive,Male,,,,2.641509434,1,1.64,No,Yes,7,2280.149
D:/Pipefish Mesocosm Film/Trial 2/9-12-20/9-12 AM 03.MTS,6087.235,9.872,Out of sight,Male,,,,2.641509434,1,1.64,No,Yes,7,2280.149
D:/Pipefish Mesocosm Film/Trial 2/9-12-20/9-12 AM 03.MTS,6096.351,416.426,Inactive,Female,,,,2.641509434,1,1.64,No,Yes,7,2280.149
D:/Pipefish Mesocosm Film/Trial 2/9-12-20/9-12 AM 03.MTS,6097.108,3.322,Surrounding,Male,,,,2.641509434,1,1.64,No,Yes,7,2280.149
D:/Pipefish Mesocosm Film/Trial 2/9-12-20/9-12 AM 03.MTS,6100.431,4.08,Wiggle,Male,Active wiggle,Female,3,2.641509434,1,1.64,No,Yes,7,2280.149
D:/Pipefish Mesocosm Film/Trial 2/9-12-20/9-12 AM 03.MTS,6104.512,39.211,Inactive,Male,,,,2.641509434,1,1.64,No,Yes,7,2280.149
D:/Pipefish Mesocosm Film/Trial 2/9-12-20/9-12 AM 03.MTS,6143.724,4.747,Wiggle,Male,Active wiggle,Female,3,2.641509434,1,1.64,No,Yes,7,2280.149
D:/Pipefish Mesocosm Film/Trial 2/9-12-20/9-12 AM 03.MTS,6148.472,41.398,Inactive,Male,,,,2.641509434,1,1.64,No,Yes,7,2280.149
D:/Pipefish Mesocosm Film/Trial 2/9-12-20/9-12 AM 03.MTS,6189.871,3.133,Wiggle,Male,Active wiggle,Female,2,2.641509434,1,1.64,No,Yes,7,2280.149
D:/Pipefish Mesocosm Film/Trial 2/9-12-20/9-12 AM 03.MTS,6193.005,5.599,Inactive,Male,,,,2.641509434,1,1.64,No,Yes,7,2280.149
D:/Pipefish Mesocosm Film/Trial 2/9-12-20/9-12 AM 03.MTS,6198.605,4.274,Wiggle,Male,Active wiggle,Female,2,2.641509434,1,1.64,No,Yes,7,2280.149
D:/Pipefish Mesocosm Film/Trial 2/9-12-20/9-12 AM 03.MTS,6202.88,15.093,Inactive,Male,,,,2.641509434,1,1.64,No,Yes,7,2280.149
D:/Pipefish Mesocosm Film/Trial 2/9-12-20/9-12 AM 03.MTS,6213.985,0,Touch,Male,,,,2.641509434,1,1.64,No,Yes,7,2280.149
D:/Pipefish Mesocosm Film/Trial 2/9-12-20/9-12 AM 03.MTS,6217.974,27.913,Surrounding,Male,,,,2.641509434,1,1.64,No,Yes,7,2280.149
D:/Pipefish Mesocosm Film/Trial 2/9-12-20/9-12 AM 03.MTS,6245.888,3.513,Wiggle,Male,Active wiggle,Female,4,2.641509434,1,1.64,No,Yes,7,2280.149
D:/Pipefish Mesocosm Film/Trial 2/9-12-20/9-12 AM 03.MTS,6249.402,19.366,Surrounding,Male,,,,2.641509434,1,1.64,No,Yes,7,2280.149
D:/Pipefish Mesocosm Film/Trial 2/9-12-20/9-12 AM 03.MTS,6268.769,88.963,Inactive,Male,,,,2.641509434,1,1.64,No,Yes,7,2280.149
D:/Pipefish Mesocosm Film/Trial 2/9-12-20/9-12 AM 03.MTS,6357.733,4.461,Wiggle,Male,Active wiggle,Female,3,2.641509434,1,1.64,No,Yes,7,2280.149
D:/Pipefish Mesocosm Film/Trial 2/9-12-20/9-12 AM 03.MTS,6362.195,14.244,Inactive,Male,,,,2.641509434,1,1.64,No,Yes,7,2280.149
D:/Pipefish Mesocosm Film/Trial 2/9-12-20/9-12 AM 03.MTS,6376.44,2.845,Wiggle,Male,Active wiggle,Female,3,2.641509434,1,1.64,No,Yes,7,2280.149
D:/Pipefish Mesocosm Film/Trial 2/9-12-20/9-12 AM 03.MTS,6379.286,23.353,Inactive,Male,,,,2.641509434,1,1.64,No,Yes,7,2280.149
D:/Pipefish Mesocosm Film/Trial 2/9-12-20/9-12 AM 03.MTS,6402.64,3.226,Wiggle,Male,Active wiggle,Female,3,2.641509434,1,1.64,No,Yes,7,2280.149
D:/Pipefish Mesocosm Film/Trial 2/9-12-20/9-12 AM 03.MTS,6405.867,14.243,Inactive,Male,,,,2.641509434,1,1.64,No,Yes,7,2280.149
D:/Pipefish Mesocosm Film/Trial 2/9-12-20/9-12 AM 03.MTS,6420.111,2.181,Wiggle,Male,Active wiggle,Female,2,2.641509434,1,1.64,No,Yes,7,2280.149
D:/Pipefish Mesocosm Film/Trial 2/9-12-20/9-12 AM 03.MTS,6422.293,44.152,Inactive,Male,,,,2.641509434,1,1.64,No,Yes,7,2280.149
D:/Pipefish Mesocosm Film/Trial 2/9-12-20/9-12 AM 03.MTS,6466.446,5.882,Wiggle,Male,Active wiggle,Female,5,2.641509434,1,1.64,No,Yes,7,2280.149
D:/Pipefish Mesocosm Film/Trial 2/9-12-20/9-12 AM 03.MTS,6472.329,39.784,Inactive,Male,,,,2.641509434,1,1.64,No,Yes,7,2280.149
D:/Pipefish Mesocosm Film/Trial 2/9-12-20/9-12 AM 03.MTS,6512.114,4.748,Wiggle,Male,Active wiggle,Female,2,2.641509434,1,1.64,No,Yes,7,2280.149
D:/Pipefish Mesocosm Film/Trial 2/9-12-20/9-12 AM 03.MTS,6512.778,5.793,Wiggle,Female,Active wiggle,Male,2,2.641509434,1,1.64,No,Yes,7,2280.149
D:/Pipefish Mesocosm Film/Trial 2/9-12-20/9-12 AM 03.MTS,6516.863,47.852,Inactive,Male,,,,2.641509434,1,1.64,No,Yes,7,2280.149
D:/Pipefish Mesocosm Film/Trial 2/9-12-20/9-12 AM 03.MTS,6518.572,125.421,Inactive,Female,,,,2.641509434,1,1.64,No,Yes,7,2280.149
D:/Pipefish Mesocosm Film/Trial 2/9-12-20/9-12 AM 03.MTS,6564.716,3.13,Wiggle,Male,Active wiggle,Female,2,2.641509434,1,1.64,No,Yes,7,2280.149
D:/Pipefish Mesocosm Film/Trial 2/9-12-20/9-12 AM 03.MTS,6567.847,9.968,Inactive,Male,,,,2.641509434,1,1.64,No,Yes,7,2280.149
D:/Pipefish Mesocosm Film/Trial 2/9-12-20/9-12 AM 03.MTS,6577.816,2.845,Wiggle,Male,Active wiggle,Female,2,2.641509434,1,1.64,No,Yes,7,2280.149
D:/Pipefish Mesocosm Film/Trial 2/9-12-20/9-12 AM 03.MTS,6580.662,11.97,Inactive,Male,,,,2.641509434,1,1.64,No,Yes,7,2280.149
D:/Pipefish Mesocosm Film/Trial 2/9-12-20/9-12 AM 03.MTS,6592.633,4.075,Wiggle,Male,Active wiggle,Female,2,2.641509434,1,1.64,No,Yes,7,2280.149
D:/Pipefish Mesocosm Film/Trial 2/9-12-20/9-12 AM 03.MTS,6596.709,7.598,Inactive,Male,,,,2.641509434,1,1.64,No,Yes,7,2280.149
D:/Pipefish Mesocosm Film/Trial 2/9-12-20/9-12 AM 03.MTS,6604.308,3.317,Wiggle,Male,Active wiggle,Female,3,2.641509434,1,1.64,No,Yes,7,2280.149
D:/Pipefish Mesocosm Film/Trial 2/9-12-20/9-12 AM 03.MTS,6607.626,8.266,Inactive,Male,,,,2.641509434,1,1.64,No,Yes,7,2280.149
D:/Pipefish Mesocosm Film/Trial 2/9-12-20/9-12 AM 03.MTS,6615.893,2.367,Wiggle,Male,Active wiggle,Female,2,2.641509434,1,1.64,No,Yes,7,2280.149
D:/Pipefish Mesocosm Film/Trial 2/9-12-20/9-12 AM 03.MTS,6618.261,16.328,Inactive,Male,,,,2.641509434,1,1.64,No,Yes,7,2280.149
D:/Pipefish Mesocosm Film/Trial 2/9-12-20/9-12 AM 03.MTS,6634.59,2.753,Wiggle,Male,Active wiggle,Female,3,2.641509434,1,1.64,No,Yes,7,2280.149
D:/Pipefish Mesocosm Film/Trial 2/9-12-20/9-12 AM 03.MTS,6637.344,218.09,Inactive,Male,,,,2.641509434,1,1.64,No,Yes,7,2280.149
D:/Pipefish Mesocosm Film/Trial 2/9-12-20/9-12 AM 03.MTS,6643.994,3.608,Wiggle,Female,Active wiggle,Male,2,2.641509434,1,1.64,No,Yes,7,2280.149
D:/Pipefish Mesocosm Film/Trial 2/9-12-20/9-12 AM 03.MTS,6647.603,191.881,Inactive,Female,,,,2.641509434,1,1.64,No,Yes,7,2280.149
D:/Pipefish Mesocosm Film/Trial 2/9-12-20/9-12 AM 03.MTS,6839.485,4.272,Pose,Female,S pose,Male,Front,2.641509434,1,1.64,No,Yes,7,2280.149
D:/Pipefish Mesocosm Film/Trial 2/9-12-20/9-12 AM 03.MTS,6843.759,299.928,Inactive,Female,,,,2.641509434,1,1.64,No,Yes,7,2280.149
D:/Pipefish Mesocosm Film/Trial 2/9-12-20/9-12 AM 03.MTS,6855.435,4.458,Wiggle,Male,Active wiggle,Female,2,2.641509434,1,1.64,No,Yes,7,2280.149
D:/Pipefish Mesocosm Film/Trial 2/9-12-20/9-12 AM 03.MTS,6859.894,43.677,Inactive,Male,,,,2.641509434,1,1.64,No,Yes,7,2280.149
D:/Pipefish Mesocosm Film/Trial 2/9-12-20/9-12 AM 03.MTS,6903.572,3.133,Wiggle,Male,Active wiggle,Female,2,2.641509434,1,1.64,No,Yes,7,2280.149
D:/Pipefish Mesocosm Film/Trial 2/9-12-20/9-12 AM 03.MTS,6906.706,56.49,Inactive,Male,,,,2.641509434,1,1.64,No,Yes,7,2280.149
D:/Pipefish Mesocosm Film/Trial 2/9-12-20/9-12 AM 03.MTS,6963.197,2.185,Wiggle,Male,Subtle wiggle,Female,2,2.641509434,1,1.64,No,Yes,7,2280.149
D:/Pipefish Mesocosm Film/Trial 2/9-12-20/9-12 AM 03.MTS,6965.383,11.107,Inactive,Male,,,,2.641509434,1,1.64,No,Yes,7,2280.149
D:/Pipefish Mesocosm Film/Trial 2/9-12-20/9-12 AM 03.MTS,6976.491,4.746,Wiggle,Male,Active wiggle,Female,2,2.641509434,1,1.64,No,Yes,7,2280.149
D:/Pipefish Mesocosm Film/Trial 2/9-12-20/9-12 AM 03.MTS,6981.238,19.085,Inactive,Male,,,,2.641509434,1,1.64,No,Yes,7,2280.149
D:/Pipefish Mesocosm Film/Trial 2/9-12-20/9-12 AM 03.MTS,7000.324,3.7,Wiggle,Male,Active wiggle,Female,2,2.641509434,1,1.64,No,Yes,7,2280.149
D:/Pipefish Mesocosm Film/Trial 2/9-12-20/9-12 AM 03.MTS,7004.025,9.399,Inactive,Male,,,,2.641509434,1,1.64,No,Yes,7,2280.149
D:/Pipefish Mesocosm Film/Trial 2/9-12-20/9-12 AM 03.MTS,7013.425,2.848,Wiggle,Male,Active wiggle,Female,2,2.641509434,1,1.64,No,Yes,7,2280.149
D:/Pipefish Mesocosm Film/Trial 2/9-12-20/9-12 AM 03.MTS,7016.274,13.954,Inactive,Male,,,,2.641509434,1,1.64,No,Yes,7,2280.149
D:/Pipefish Mesocosm Film/Trial 2/9-12-20/9-12 AM 03.MTS,7030.229,2.753,Wiggle,Male,Active wiggle,Female,2,2.641509434,1,1.64,No,Yes,7,2280.149
D:/Pipefish Mesocosm Film/Trial 2/9-12-20/9-12 AM 03.MTS,7032.983,39.307,Inactive,Male,,,,2.641509434,1,1.64,No,Yes,7,2280.149
D:/Pipefish Mesocosm Film/Trial 2/9-12-20/9-12 AM 03.MTS,7072.291,5.316,Wiggle,Male,Active wiggle,Female,3,2.641509434,1,1.64,No,Yes,7,2280.149
D:/Pipefish Mesocosm Film/Trial 2/9-12-20/9-12 AM 03.MTS,7077.608,66.079,Inactive,Male,,,,2.641509434,1,1.64,No,Yes,7,2280.149
D:/Pipefish Mesocosm Film/Trial 2/9-12-20/9-12 AM 03.MTS,7160.211,2.75,Wiggle,Male,Active wiggle,Female,3,2.666666667,1,1.6666,No,No,8,58.728
D:/Pipefish Mesocosm Film/Trial 2/9-12-20/9-12 AM 03.MTS,7162.392,4.841,Wiggle,Female,Active wiggle,Male,3,2.666666667,1,1.6666,No,No,8,58.728
D:/Pipefish Mesocosm Film/Trial 2/9-12-20/9-12 AM 03.MTS,7162.962,30.476,Inactive,Male,,,,2.666666667,1,1.6666,No,No,8,58.728
D:/Pipefish Mesocosm Film/Trial 2/9-12-20/9-12 AM 03.MTS,7167.234,51.312,Inactive,Female,,,,2.666666667,1,1.6666,No,No,8,58.728
D:/Pipefish Mesocosm Film/Trial 2/9-12-20/9-12 AM 03.MTS,7193.439,3.796,Wiggle,Male,Active wiggle,Female,2,2.666666667,1,1.6666,No,No,8,58.728
D:/Pipefish Mesocosm Film/Trial 2/9-12-20/9-12 AM 03.MTS,7197.236,21.701,Inactive,Male,,,,2.666666667,1,1.6666,No,No,8,58.728
D:/Pipefish Mesocosm Film/Trial 2/9-12-20/9-12 AM 01.MTS,940.661,3.728,Pose,Female,S pose,Male,Front,2,1,1,No,No,,19.336
D:/Pipefish Mesocosm Film/Trial 2/9-12-20/9-12 AM 01.MTS,940.661,18.797,Inactive,Male,,,,2,1,1,No,No,,19.336
D:/Pipefish Mesocosm Film/Trial 2/9-12-20/9-12 AM 01.MTS,944.39,15.605,Inactive,Female,,,,2,1,1,No,No,,19.336
D:/Pipefish Mesocosm Film/Trial 2/9-12-20/9-12 AM 02.MTS,5696.192,7.595,Pose,Female,S pose,Male,Front,2,1,1,No,No,,23.503
D:/Pipefish Mesocosm Film/Trial 2/9-12-20/9-12 AM 02.MTS,5701.031,17.681,Inactive,Male,,,,2,1,1,No,No,,23.503
D:/Pipefish Mesocosm Film/Trial 2/9-12-20/9-12 AM 02.MTS,5703.788,5.408,Inactive,Female,,,,2,1,1,No,No,,23.503
D:/Pipefish Mesocosm Film/Trial 2/9-12-20/9-12 AM 02.MTS,5709.197,5.124,Swim away,Female,,,,2,1,1,No,No,,23.503
D:/Pipefish Mesocosm Film/Trial 2/9-12-20/9-12 AM 02.MTS,5714.322,3.99,Inactive,Female,,,,2,1,1,No,No,,23.503
D:/Pipefish Mesocosm Film/Trial 2/9-12-20/9-12 AM 03.MTS,5789.484,7.881,Wiggle,Female,Active wiggle,Male,2,2,1,1,No,No,,82.13
D:/Pipefish Mesocosm Film/Trial 2/9-12-20/9-12 AM 03.MTS,5792.617,77.194,Inactive,Male,,,,2,1,1,No,No,,82.13
D:/Pipefish Mesocosm Film/Trial 2/9-12-20/9-12 AM 03.MTS,5797.366,72.254,Inactive,Female,,,,2,1,1,No,No,,82.13
D:/Pipefish Mesocosm Film/Trial 2/9-12-20/9-12 AM 03.MTS,6158.695,17.623,Pose,Female,S pose,Male,Front,2,1,1,No,No,,48.548
D:/Pipefish Mesocosm Film/Trial 2/9-12-20/9-12 AM 03.MTS,6158.729,4.269,Inactive,Male,,,,2,1,1,No,No,,48.548
D:/Pipefish Mesocosm Film/Trial 2/9-12-20/9-12 AM 03.MTS,6162.999,11.112,Wiggle,Male,Active wiggle,Female,2,2,1,1,No,No,,48.548
D:/Pipefish Mesocosm Film/Trial 2/9-12-20/9-12 AM 03.MTS,6174.112,30.38,Inactive,Male,,,,2,1,1,No,No,,48.548
D:/Pipefish Mesocosm Film/Trial 2/9-12-20/9-12 AM 03.MTS,6176.319,28.265,Inactive,Female,,,,2,1,1,No,No,,48.548
