media_file_path,time_in_video,Duration,behavior,subject,modifier_1,modifier_2,modifier_3,Group size,Female,Male,Chasing_end,Chase_present,courtship_events,total_time_of_courtship
D:/Pipefish Mesocosm Film/Trial 6/7-12-20/7-12 Noon 01.MTS,1777.886,2.753,Wiggle,Male,Active wiggle,Female,3,2.333333333,1,1.33,No,No,1,110.239
D:/Pipefish Mesocosm Film/Trial 6/7-12-20/7-12 Noon 01.MTS,1779.31,7.026,Inactive,Female,,,,2.333333333,1,1.33,No,No,1,110.239
D:/Pipefish Mesocosm Film/Trial 6/7-12-20/7-12 Noon 01.MTS,1780.64,40.449,Inactive,Male,,,,2.333333333,1,1.33,No,No,1,110.239
D:/Pipefish Mesocosm Film/Trial 6/7-12-20/7-12 Noon 01.MTS,1786.337,1.994,Wiggle,Female,Subtle wiggle,Male,2,2.333333333,1,1.33,No,No,1,110.239
D:/Pipefish Mesocosm Film/Trial 6/7-12-20/7-12 Noon 01.MTS,1788.332,33.892,Inactive,Female,,,,2.333333333,1,1.33,No,No,1,110.239
D:/Pipefish Mesocosm Film/Trial 6/7-12-20/7-12 Noon 01.MTS,1821.09,2.464,Wiggle,Male,Active wiggle,Female,2,2.333333333,1,1.33,No,No,1,110.239
D:/Pipefish Mesocosm Film/Trial 6/7-12-20/7-12 Noon 01.MTS,1822.225,5.126,Pose,Female,Non-s pose,Male,Front,2.333333333,1,1.33,No,No,1,110.239
D:/Pipefish Mesocosm Film/Trial 6/7-12-20/7-12 Noon 01.MTS,1823.555,64.566,Inactive,Male,,,,2.333333333,1,1.33,No,No,1,110.239
D:/Pipefish Mesocosm Film/Trial 6/7-12-20/7-12 Noon 01.MTS,1827.352,60.769,Inactive,Female,,,,2.333333333,1,1.33,No,No,1,110.239
D:/Pipefish Mesocosm Film/Trial 6/7-12-20/7-12 Noon 01.MTS,1804.47,6.266,Pose,Female,Non-s pose,Male,,2,1,1,No,No,2,37.602
D:/Pipefish Mesocosm Film/Trial 6/7-12-20/7-12 Noon 01.MTS,1804.47,35.225,Inactive,Male,,,,2,1,1,No,No,2,37.602
D:/Pipefish Mesocosm Film/Trial 6/7-12-20/7-12 Noon 01.MTS,1810.737,3.894,Inactive,Female,,,,2,1,1,No,No,2,37.602
D:/Pipefish Mesocosm Film/Trial 6/7-12-20/7-12 Noon 01.MTS,1814.632,4.842,Pose,Female,S pose,Male,Front,2,1,1,No,No,2,37.602
D:/Pipefish Mesocosm Film/Trial 6/7-12-20/7-12 Noon 01.MTS,1819.475,20.22,Inactive,Female,,,,2,1,1,No,No,2,37.602
D:/Pipefish Mesocosm Film/Trial 6/7-12-20/7-12 Noon 02.MTS,150.813,2.564,Wiggle,Female,Active wiggle,Male,2,2,1,1,No,No,1,172.918
D:/Pipefish Mesocosm Film/Trial 6/7-12-20/7-12 Noon 02.MTS,153.094,4.842,Wiggle,Male,Active wiggle,Female,2,2,1,1,No,No,1,172.918
D:/Pipefish Mesocosm Film/Trial 6/7-12-20/7-12 Noon 02.MTS,153.378,5.315,Pose,Female,Non-s pose,Male,Front,2,1,1,No,No,1,172.918
D:/Pipefish Mesocosm Film/Trial 6/7-12-20/7-12 Noon 02.MTS,157.937,34.651,Inactive,Male,,,,2,1,1,No,No,1,172.918
D:/Pipefish Mesocosm Film/Trial 6/7-12-20/7-12 Noon 02.MTS,158.694,90.197,Inactive,Female,,,,2,1,1,No,No,1,172.918
D:/Pipefish Mesocosm Film/Trial 6/7-12-20/7-12 Noon 02.MTS,192.589,2.945,Wiggle,Male,Active wiggle,Female,2,2,1,1,No,No,1,172.918
D:/Pipefish Mesocosm Film/Trial 6/7-12-20/7-12 Noon 02.MTS,195.535,49.084,Inactive,Male,,,,2,1,1,No,No,1,172.918
D:/Pipefish Mesocosm Film/Trial 6/7-12-20/7-12 Noon 02.MTS,244.62,4.3,Wiggle,Male,Active wiggle,Female,2,2,1,1,No,No,1,172.918
D:/Pipefish Mesocosm Film/Trial 6/7-12-20/7-12 Noon 02.MTS,248.892,6.548,Pose,Female,S pose,Male,Front,2,1,1,No,No,1,172.918
D:/Pipefish Mesocosm Film/Trial 6/7-12-20/7-12 Noon 02.MTS,248.921,1.392,Inactive,Male,,,,2,1,1,No,No,1,172.918
D:/Pipefish Mesocosm Film/Trial 6/7-12-20/7-12 Noon 02.MTS,250.314,3.797,Wiggle,Male,Active wiggle,Female,2,2,1,1,No,No,1,172.918
D:/Pipefish Mesocosm Film/Trial 6/7-12-20/7-12 Noon 02.MTS,254.112,63.616,Inactive,Male,,,,2,1,1,No,No,1,172.918
D:/Pipefish Mesocosm Film/Trial 6/7-12-20/7-12 Noon 02.MTS,255.441,62.287,Inactive,Female,,,,2,1,1,No,No,1,172.918
D:/Pipefish Mesocosm Film/Trial 6/7-12-20/7-12 Noon 02.MTS,327.41,3.702,Inactive,Female,,,,3,1,2,No,No,2,74.912
D:/Pipefish Mesocosm Film/Trial 6/7-12-20/7-12 Noon 02.MTS,327.41,1.993,Wiggle,Male,Active wiggle,Female,3,3,1,2,No,No,2,74.912
D:/Pipefish Mesocosm Film/Trial 6/7-12-20/7-12 Noon 02.MTS,329.404,3.444,Inactive,Male,,,,3,1,2,No,No,2,74.912
D:/Pipefish Mesocosm Film/Trial 6/7-12-20/7-12 Noon 02.MTS,331.113,2.277,Pose,Female,S pose,Male,Front,3,1,2,No,No,2,74.912
D:/Pipefish Mesocosm Film/Trial 6/7-12-20/7-12 Noon 02.MTS,332.849,3.014,Wiggle,Male,Active wiggle,Female,3,3,1,2,No,No,2,74.912
D:/Pipefish Mesocosm Film/Trial 6/7-12-20/7-12 Noon 02.MTS,333.391,4.558,Inactive,Female,,,,3,1,2,No,No,2,74.912
D:/Pipefish Mesocosm Film/Trial 6/7-12-20/7-12 Noon 02.MTS,335.864,3.513,Inactive,Male,,,,3,1,2,No,No,2,74.912
D:/Pipefish Mesocosm Film/Trial 6/7-12-20/7-12 Noon 02.MTS,337.95,2.657,Pose,Female,S pose,Male,Front,3,1,2,No,No,2,74.912
D:/Pipefish Mesocosm Film/Trial 6/7-12-20/7-12 Noon 02.MTS,339.378,2.208,Wiggle,Male,Active wiggle,Female,3,3,1,2,No,No,2,74.912
D:/Pipefish Mesocosm Film/Trial 6/7-12-20/7-12 Noon 02.MTS,340.608,61.144,Inactive,Female,,,,3,1,2,No,No,2,74.912
D:/Pipefish Mesocosm Film/Trial 6/7-12-20/7-12 Noon 02.MTS,341.587,60.165,Inactive,Male,,,,3,1,2,No,No,2,74.912
D:/Pipefish Mesocosm Film/Trial 6/7-12-20/7-12 Noon 02.MTS,424.256,2.846,Wiggle,Male,Active wiggle,Female,2,2,1,1,No,No,3,84.88
D:/Pipefish Mesocosm Film/Trial 6/7-12-20/7-12 Noon 02.MTS,424.824,83.743,Inactive,Female,,,,2,1,1,No,No,3,84.88
D:/Pipefish Mesocosm Film/Trial 6/7-12-20/7-12 Noon 02.MTS,427.103,14.525,Inactive,Male,,,,2,1,1,No,No,3,84.88
D:/Pipefish Mesocosm Film/Trial 6/7-12-20/7-12 Noon 02.MTS,441.629,6.171,Wiggle,Male,Active wiggle,Female,2,2,1,1,No,No,3,84.88
D:/Pipefish Mesocosm Film/Trial 6/7-12-20/7-12 Noon 02.MTS,447.801,60.766,Inactive,Male,,,,2,1,1,No,No,3,84.88
D:/Pipefish Mesocosm Film/Trial 6/7-12-20/7-12 Noon 02.MTS,529.073,3.228,Wiggle,Male,Active wiggle,Female,2,2,1,1,No,No,4,261.419
D:/Pipefish Mesocosm Film/Trial 6/7-12-20/7-12 Noon 02.MTS,529.263,6.552,Pose,Female,S pose,Male,Front,2,1,1,No,No,4,261.419
D:/Pipefish Mesocosm Film/Trial 6/7-12-20/7-12 Noon 02.MTS,532.302,16.236,Inactive,Male,,,,2,1,1,No,No,4,261.419
D:/Pipefish Mesocosm Film/Trial 6/7-12-20/7-12 Noon 02.MTS,535.816,3.132,Wiggle,Female,Active wiggle,Female,2,2,1,1,No,No,4,261.419
D:/Pipefish Mesocosm Film/Trial 6/7-12-20/7-12 Noon 02.MTS,538.949,215.807,Inactive,Female,,,,2,1,1,No,No,4,261.419
D:/Pipefish Mesocosm Film/Trial 6/7-12-20/7-12 Noon 02.MTS,548.539,2.945,Wiggle,Male,Active wiggle,Female,2,2,1,1,No,No,4,261.419
D:/Pipefish Mesocosm Film/Trial 6/7-12-20/7-12 Noon 02.MTS,551.485,4.551,Inactive,Male,,,,2,1,1,No,No,4,261.419
D:/Pipefish Mesocosm Film/Trial 6/7-12-20/7-12 Noon 02.MTS,556.037,2.089,Wiggle,Male,Active wiggle,Female,2,2,1,1,No,No,4,261.419
D:/Pipefish Mesocosm Film/Trial 6/7-12-20/7-12 Noon 02.MTS,558.127,26.489,Inactive,Male,,,,2,1,1,No,No,4,261.419
D:/Pipefish Mesocosm Film/Trial 6/7-12-20/7-12 Noon 02.MTS,584.617,3.419,Wiggle,Male,Active wiggle,Female,2,2,1,1,No,No,4,261.419
D:/Pipefish Mesocosm Film/Trial 6/7-12-20/7-12 Noon 02.MTS,588.037,29.334,Inactive,Male,,,,2,1,1,No,No,4,261.419
D:/Pipefish Mesocosm Film/Trial 6/7-12-20/7-12 Noon 02.MTS,617.372,4.273,Wiggle,Male,Active wiggle,Female,2,2,1,1,No,No,4,261.419
D:/Pipefish Mesocosm Film/Trial 6/7-12-20/7-12 Noon 02.MTS,621.646,26.107,Inactive,Male,,,,2,1,1,No,No,4,261.419
D:/Pipefish Mesocosm Film/Trial 6/7-12-20/7-12 Noon 02.MTS,647.754,3.703,Wiggle,Male,Active wiggle,Female,2,2,1,1,No,No,4,261.419
D:/Pipefish Mesocosm Film/Trial 6/7-12-20/7-12 Noon 02.MTS,651.458,23.072,Inactive,Male,,,,2,1,1,No,No,4,261.419
D:/Pipefish Mesocosm Film/Trial 6/7-12-20/7-12 Noon 02.MTS,674.531,2.656,Wiggle,Male,Active wiggle,Female,2,2,1,1,No,No,4,261.419
D:/Pipefish Mesocosm Film/Trial 6/7-12-20/7-12 Noon 02.MTS,677.188,39.021,Inactive,Male,,,,2,1,1,No,No,4,261.419
D:/Pipefish Mesocosm Film/Trial 6/7-12-20/7-12 Noon 02.MTS,716.21,2.564,Wiggle,Male,Subtle wiggle,Female,2,2,1,1,No,No,4,261.419
D:/Pipefish Mesocosm Film/Trial 6/7-12-20/7-12 Noon 02.MTS,718.775,4.652,Inactive,Male,,,,2,1,1,No,No,4,261.419
D:/Pipefish Mesocosm Film/Trial 6/7-12-20/7-12 Noon 02.MTS,723.428,3.701,Wiggle,Male,Active wiggle,Female,2,2,1,1,No,No,4,261.419
D:/Pipefish Mesocosm Film/Trial 6/7-12-20/7-12 Noon 02.MTS,727.13,3.418,Inactive,Male,,,,2,1,1,No,No,4,261.419
D:/Pipefish Mesocosm Film/Trial 6/7-12-20/7-12 Noon 02.MTS,730.549,1.518,Wiggle,Male,Active wiggle,Female,2,2,1,1,No,No,4,261.419
D:/Pipefish Mesocosm Film/Trial 6/7-12-20/7-12 Noon 02.MTS,732.068,18.228,Inactive,Male,,,,2,1,1,No,No,4,261.419
D:/Pipefish Mesocosm Film/Trial 6/7-12-20/7-12 Noon 02.MTS,750.297,2.278,Wiggle,Male,Active wiggle,Female,2,2,1,1,No,No,4,261.419
D:/Pipefish Mesocosm Film/Trial 6/7-12-20/7-12 Noon 02.MTS,752.576,13.861,Inactive,Male,,,,2,1,1,No,No,4,261.419
D:/Pipefish Mesocosm Film/Trial 6/7-12-20/7-12 Noon 02.MTS,754.757,1.473,Wiggle,Female,Subtle wiggle,Male,2,2,1,1,No,No,4,261.419
D:/Pipefish Mesocosm Film/Trial 6/7-12-20/7-12 Noon 02.MTS,756.231,34.138,Inactive,Female,,,,2,1,1,No,No,4,261.419
D:/Pipefish Mesocosm Film/Trial 6/7-12-20/7-12 Noon 02.MTS,766.438,4.176,Wiggle,Male,Active wiggle,Female,2,2,1,1,No,No,4,261.419
D:/Pipefish Mesocosm Film/Trial 6/7-12-20/7-12 Noon 02.MTS,770.615,19.754,Inactive,Male,,,,2,1,1,No,No,4,261.419
