Observation id,T1003_01,,,,,,,,,,
,,,,,,,,,,,
Media file(s),,,,,,,,,,,
,,,,,,,,,,,
Player #1,D:/Pipefish Mesocosm Film/Trial 10/12-12-20/12-12 AM 01.MTS,,,,,,,,,,
Player #1,D:/Pipefish Mesocosm Film/Trial 10/12-12-20/12-12 AM 02.MTS,,,,,,,,,,
Player #1,D:/Pipefish Mesocosm Film/Trial 10/12-12-20/12-12 AM 03.MTS,,,,,,,,,,
,,,,,,,,,,,
Observation date,2022-01-21 11:03:59,,,,,,,,,,
,,,,,,,,,,,
Description,,,,,,,,,,,
,,,,,,,,,,,
Time offset (s),0.0,,,,,,,,,,
,,,,,,,,,,,
independent variables,,,,,,,,,,,
variable,value,,,,,,,,,,
Number in group,,,,,,,,,,,
Time of day,,,,,,,,,,,
,,,,,,,,,,,
Time,Media file path,Total length,FPS,Subject,Behavior,Behavioral category,Modifier 1,Modifier 2,Modifier 3,Comment,Status
5406.210,D:/Pipefish Mesocosm Film/Trial 10/12-12-20/12-12 AM 02.MTS,7293.380,25.0,,Start,,,,,,POINT
5406.210,D:/Pipefish Mesocosm Film/Trial 10/12-12-20/12-12 AM 02.MTS,7293.380,25.0,Female,Wiggle,Courtship,Active wiggle,Male,2,,START
5406.210,D:/Pipefish Mesocosm Film/Trial 10/12-12-20/12-12 AM 02.MTS,7293.380,25.0,Male,Inactive,,,,,,START
5410.287,D:/Pipefish Mesocosm Film/Trial 10/12-12-20/12-12 AM 02.MTS,7293.380,25.0,Female,Wiggle,Courtship,Active wiggle,Male,2,,STOP
5410.288,D:/Pipefish Mesocosm Film/Trial 10/12-12-20/12-12 AM 02.MTS,7293.380,25.0,Female,Inactive,,,,,,START
5430.701,D:/Pipefish Mesocosm Film/Trial 10/12-12-20/12-12 AM 02.MTS,7293.380,25.0,Female,Inactive,,,,,,STOP
5430.701,D:/Pipefish Mesocosm Film/Trial 10/12-12-20/12-12 AM 02.MTS,7293.380,25.0,Male,Inactive,,,,,,STOP
5431.081,D:/Pipefish Mesocosm Film/Trial 10/12-12-20/12-12 AM 02.MTS,7293.380,25.0,,Stop,,,,,,POINT
