Observation id,T107AM1_01,,,,,,,,,,
,,,,,,,,,,,
Media file(s),,,,,,,,,,,
,,,,,,,,,,,
Player #1,D:/Pipefish Mesocosm Film/Trial 1/8-12-20/8-12 AM 01.MTS,,,,,,,,,,
,,,,,,,,,,,
Observation date,2021-06-28 10:48:40,,,,,,,,,,
,,,,,,,,,,,
Description,Video T107 AM01. 3 courtship events and 2 female-female interactions ,,,,,,,,,,
,,,,,,,,,,,
Time offset (s),0.0,,,,,,,,,,
,,,,,,,,,,,
independent variables,,,,,,,,,,,
variable,value,,,,,,,,,,
Number in group,,,,,,,,,,,
Time of day,,,,,,,,,,,
,,,,,,,,,,,
Time,Media file path,Total length,FPS,Subject,Behavior,Behavioral category,Modifier 1,Modifier 2,Modifier 3,Comment,Status
58.241,D:/Pipefish Mesocosm Film/Trial 1/8-12-20/8-12 AM 01.MTS,2848.820,25.0,,Start,,,,,,POINT
58.241,D:/Pipefish Mesocosm Film/Trial 1/8-12-20/8-12 AM 01.MTS,2848.820,25.0,Female,Wiggle,Courtship,Active wiggle,Male,3,,START
59.949,D:/Pipefish Mesocosm Film/Trial 1/8-12-20/8-12 AM 01.MTS,2848.820,25.0,Male,Inactive,,,,,,START
64.221,D:/Pipefish Mesocosm Film/Trial 1/8-12-20/8-12 AM 01.MTS,2848.820,25.0,Female,Wiggle,Courtship,Active wiggle,Male,3,,STOP
64.222,D:/Pipefish Mesocosm Film/Trial 1/8-12-20/8-12 AM 01.MTS,2848.820,25.0,Female,Pose,,Non-s pose,Male,Front,,START
67.641,D:/Pipefish Mesocosm Film/Trial 1/8-12-20/8-12 AM 01.MTS,2848.820,25.0,Male,Move away,,,,,,POINT
68.020,D:/Pipefish Mesocosm Film/Trial 1/8-12-20/8-12 AM 01.MTS,2848.820,25.0,Female,Pose,,Non-s pose,Male,Front,,STOP
68.021,D:/Pipefish Mesocosm Film/Trial 1/8-12-20/8-12 AM 01.MTS,2848.820,25.0,Female,Inactive,,,,,,START
78.558,D:/Pipefish Mesocosm Film/Trial 1/8-12-20/8-12 AM 01.MTS,2848.820,25.0,Female,Touch,,,,,,POINT
89.000,D:/Pipefish Mesocosm Film/Trial 1/8-12-20/8-12 AM 01.MTS,2848.820,25.0,Male,Move away,,,,,,POINT
113.784,D:/Pipefish Mesocosm Film/Trial 1/8-12-20/8-12 AM 01.MTS,2848.820,25.0,Male,Inactive,,,,,,STOP
114.159,D:/Pipefish Mesocosm Film/Trial 1/8-12-20/8-12 AM 01.MTS,2848.820,25.0,Female,Inactive,,,,,,STOP
114.163,D:/Pipefish Mesocosm Film/Trial 1/8-12-20/8-12 AM 01.MTS,2848.820,25.0,,Stop,,,,,,POINT
401.086,D:/Pipefish Mesocosm Film/Trial 1/8-12-20/8-12 AM 01.MTS,2848.820,25.0,,Start,,,,,,POINT
404.314,D:/Pipefish Mesocosm Film/Trial 1/8-12-20/8-12 AM 01.MTS,2848.820,25.0,Female,Pose,,S pose,Female,Front,,START
409.916,D:/Pipefish Mesocosm Film/Trial 1/8-12-20/8-12 AM 01.MTS,2848.820,25.0,Second female,Touch,,,,,,POINT
410.674,D:/Pipefish Mesocosm Film/Trial 1/8-12-20/8-12 AM 01.MTS,2848.820,25.0,Female,Pose,,S pose,Female,Front,,STOP
410.675,D:/Pipefish Mesocosm Film/Trial 1/8-12-20/8-12 AM 01.MTS,2848.820,25.0,Female,Inactive,,,,,,START
414.188,D:/Pipefish Mesocosm Film/Trial 1/8-12-20/8-12 AM 01.MTS,2848.820,25.0,Second female,Move away,,,,,,POINT
418.840,D:/Pipefish Mesocosm Film/Trial 1/8-12-20/8-12 AM 01.MTS,2848.820,25.0,Female,Move away,,,,,,POINT
421.690,D:/Pipefish Mesocosm Film/Trial 1/8-12-20/8-12 AM 01.MTS,2848.820,25.0,Female,Inactive,,,,,,STOP
422.448,D:/Pipefish Mesocosm Film/Trial 1/8-12-20/8-12 AM 01.MTS,2848.820,25.0,,Stop,,,,,,POINT
1342.371,D:/Pipefish Mesocosm Film/Trial 1/8-12-20/8-12 AM 01.MTS,2848.820,25.0,,Start,,,,,,POINT
1342.561,D:/Pipefish Mesocosm Film/Trial 1/8-12-20/8-12 AM 01.MTS,2848.820,25.0,Female,Pose,,S pose,Male,Front,,START
1342.940,D:/Pipefish Mesocosm Film/Trial 1/8-12-20/8-12 AM 01.MTS,2848.820,25.0,Male,Inactive,,,,,,START
1349.208,D:/Pipefish Mesocosm Film/Trial 1/8-12-20/8-12 AM 01.MTS,2848.820,25.0,Male,Move away,,,,,,POINT
1351.891,D:/Pipefish Mesocosm Film/Trial 1/8-12-20/8-12 AM 01.MTS,2848.820,25.0,Female,Pose,,S pose,Male,Front,,STOP
1351.892,D:/Pipefish Mesocosm Film/Trial 1/8-12-20/8-12 AM 01.MTS,2848.820,25.0,Female,Inactive,,,,,,START
1374.179,D:/Pipefish Mesocosm Film/Trial 1/8-12-20/8-12 AM 01.MTS,2848.820,25.0,Female,Inactive,,,,,,STOP
1374.272,D:/Pipefish Mesocosm Film/Trial 1/8-12-20/8-12 AM 01.MTS,2848.820,25.0,Male,Inactive,,,,,,STOP
1374.463,D:/Pipefish Mesocosm Film/Trial 1/8-12-20/8-12 AM 01.MTS,2848.820,25.0,,Stop,,,,,,POINT
1725.001,D:/Pipefish Mesocosm Film/Trial 1/8-12-20/8-12 AM 01.MTS,2848.820,25.0,,Start,,,,,,POINT
1730.315,D:/Pipefish Mesocosm Film/Trial 1/8-12-20/8-12 AM 01.MTS,2848.820,25.0,Female,Pose,,S pose,Female,Front,,START
1730.981,D:/Pipefish Mesocosm Film/Trial 1/8-12-20/8-12 AM 01.MTS,2848.820,25.0,Second female,Pose,,S pose,Female,Front,,START
1738.672,D:/Pipefish Mesocosm Film/Trial 1/8-12-20/8-12 AM 01.MTS,2848.820,25.0,Second female,Pose,,S pose,Female,Front,,STOP
1738.673,D:/Pipefish Mesocosm Film/Trial 1/8-12-20/8-12 AM 01.MTS,2848.820,25.0,Second female,Inactive,,,,,,START
1742.564,D:/Pipefish Mesocosm Film/Trial 1/8-12-20/8-12 AM 01.MTS,2848.820,25.0,Female,Pose,,S pose,Female,Front,,STOP
1742.565,D:/Pipefish Mesocosm Film/Trial 1/8-12-20/8-12 AM 01.MTS,2848.820,25.0,Female,Inactive,,,,,,START
1744.275,D:/Pipefish Mesocosm Film/Trial 1/8-12-20/8-12 AM 01.MTS,2848.820,25.0,Female,Move away,,,,,,POINT
1758.895,D:/Pipefish Mesocosm Film/Trial 1/8-12-20/8-12 AM 01.MTS,2848.820,25.0,Female,Inactive,,,,,,STOP
1761.649,D:/Pipefish Mesocosm Film/Trial 1/8-12-20/8-12 AM 01.MTS,2848.820,25.0,Second female,Inactive,,,,,,STOP
1762.788,D:/Pipefish Mesocosm Film/Trial 1/8-12-20/8-12 AM 01.MTS,2848.820,25.0,,Stop,,,,,,POINT
2700.981,D:/Pipefish Mesocosm Film/Trial 1/8-12-20/8-12 AM 01.MTS,2848.820,25.0,,Start,,,,,,POINT
2701.890,D:/Pipefish Mesocosm Film/Trial 1/8-12-20/8-12 AM 01.MTS,2848.820,25.0,Male,Wiggle,Courtship,Active wiggle,Male,3,,START
2703.504,D:/Pipefish Mesocosm Film/Trial 1/8-12-20/8-12 AM 01.MTS,2848.820,25.0,Female,Inactive,,,,,,START
2704.739,D:/Pipefish Mesocosm Film/Trial 1/8-12-20/8-12 AM 01.MTS,2848.820,25.0,Male,Wiggle,Courtship,Active wiggle,Male,3,,STOP
2704.740,D:/Pipefish Mesocosm Film/Trial 1/8-12-20/8-12 AM 01.MTS,2848.820,25.0,Male,Inactive,,,,,,START
2707.490,D:/Pipefish Mesocosm Film/Trial 1/8-12-20/8-12 AM 01.MTS,2848.820,25.0,Female,Inactive,,,,,,STOP
2707.491,D:/Pipefish Mesocosm Film/Trial 1/8-12-20/8-12 AM 01.MTS,2848.820,25.0,Female,Wiggle,Courtship,Active wiggle,Male,2,,START
2712.806,D:/Pipefish Mesocosm Film/Trial 1/8-12-20/8-12 AM 01.MTS,2848.820,25.0,Female,Wiggle,Courtship,Active wiggle,Male,2,,STOP
2712.807,D:/Pipefish Mesocosm Film/Trial 1/8-12-20/8-12 AM 01.MTS,2848.820,25.0,Female,Inactive,,,,,,START
2720.593,D:/Pipefish Mesocosm Film/Trial 1/8-12-20/8-12 AM 01.MTS,2848.820,25.0,Male,Move away,,,,,,POINT
2760.563,D:/Pipefish Mesocosm Film/Trial 1/8-12-20/8-12 AM 01.MTS,2848.820,25.0,Male,Inactive,,,,,,STOP
2760.564,D:/Pipefish Mesocosm Film/Trial 1/8-12-20/8-12 AM 01.MTS,2848.820,25.0,Male,Wiggle,Courtship,Subtle wiggle,Female,3,,START
2763.419,D:/Pipefish Mesocosm Film/Trial 1/8-12-20/8-12 AM 01.MTS,2848.820,25.0,Male,Wiggle,Courtship,Subtle wiggle,Female,3,,STOP
2763.420,D:/Pipefish Mesocosm Film/Trial 1/8-12-20/8-12 AM 01.MTS,2848.820,25.0,Male,Inactive,,,,,,START
2765.503,D:/Pipefish Mesocosm Film/Trial 1/8-12-20/8-12 AM 01.MTS,2848.820,25.0,Female,Move away,,,,,,POINT
2770.344,D:/Pipefish Mesocosm Film/Trial 1/8-12-20/8-12 AM 01.MTS,2848.820,25.0,Male,Inactive,,,,,,STOP
2770.345,D:/Pipefish Mesocosm Film/Trial 1/8-12-20/8-12 AM 01.MTS,2848.820,25.0,Male,Surrounding,,,,,,START
2770.726,D:/Pipefish Mesocosm Film/Trial 1/8-12-20/8-12 AM 01.MTS,2848.820,25.0,Second female,Wiggle,Courtship,Active wiggle,Male,3,,START
2776.229,D:/Pipefish Mesocosm Film/Trial 1/8-12-20/8-12 AM 01.MTS,2848.820,25.0,Second female,Wiggle,Courtship,Active wiggle,Male,3,,STOP
2776.230,D:/Pipefish Mesocosm Film/Trial 1/8-12-20/8-12 AM 01.MTS,2848.820,25.0,Second female,Pose,,Non-s pose,Male,Front,,START
2778.890,D:/Pipefish Mesocosm Film/Trial 1/8-12-20/8-12 AM 01.MTS,2848.820,25.0,Second female,Pose,,Non-s pose,Male,Front,,STOP
2778.891,D:/Pipefish Mesocosm Film/Trial 1/8-12-20/8-12 AM 01.MTS,2848.820,25.0,Second female,Inactive,,,,,,START
2779.175,D:/Pipefish Mesocosm Film/Trial 1/8-12-20/8-12 AM 01.MTS,2848.820,25.0,Second female,Move away,,,,,,POINT
2785.154,D:/Pipefish Mesocosm Film/Trial 1/8-12-20/8-12 AM 01.MTS,2848.820,25.0,Male,Surrounding,,,,,,STOP
2785.155,D:/Pipefish Mesocosm Film/Trial 1/8-12-20/8-12 AM 01.MTS,2848.820,25.0,Male,Inactive,,,,,,START
2796.265,D:/Pipefish Mesocosm Film/Trial 1/8-12-20/8-12 AM 01.MTS,2848.820,25.0,Male,Touch,,,,,,POINT
2808.798,D:/Pipefish Mesocosm Film/Trial 1/8-12-20/8-12 AM 01.MTS,2848.820,25.0,Second female,Move away,,,,,,POINT
2840.889,D:/Pipefish Mesocosm Film/Trial 1/8-12-20/8-12 AM 01.MTS,2848.820,25.0,Female,Inactive,,,,,,STOP
2840.889,D:/Pipefish Mesocosm Film/Trial 1/8-12-20/8-12 AM 01.MTS,2848.820,25.0,Second female,Inactive,,,,,,STOP
2840.983,D:/Pipefish Mesocosm Film/Trial 1/8-12-20/8-12 AM 01.MTS,2848.820,25.0,Male,Inactive,,,,,,STOP
2842.123,D:/Pipefish Mesocosm Film/Trial 1/8-12-20/8-12 AM 01.MTS,2848.820,25.0,,Stop,,,,,,POINT
