Observation id,T107AM3_01,,,,,,,,,,
,,,,,,,,,,,
Media file(s),,,,,,,,,,,
,,,,,,,,,,,
Player #1,D:/Pipefish Mesocosm Film/Trial 1/8-12-20/8-12 AM 03.MTS,,,,,,,,,,
,,,,,,,,,,,
Observation date,2021-06-28 12:01:00,,,,,,,,,,
,,,,,,,,,,,
Description,"Video T107 AM03, 4 courtship events ",,,,,,,,,,
,,,,,,,,,,,
Time offset (s),0.0,,,,,,,,,,
,,,,,,,,,,,
independent variables,,,,,,,,,,,
variable,value,,,,,,,,,,
Number in group,,,,,,,,,,,
Time of day,,,,,,,,,,,
,,,,,,,,,,,
Time,Media file path,Total length,FPS,Subject,Behavior,Behavioral category,Modifier 1,Modifier 2,Modifier 3,Comment,Status
126.699,D:/Pipefish Mesocosm Film/Trial 1/8-12-20/8-12 AM 03.MTS,1508.060,25.0,,Start,,,,,,POINT
127.836,D:/Pipefish Mesocosm Film/Trial 1/8-12-20/8-12 AM 03.MTS,1508.060,25.0,Female,Inactive,,,,,,START
129.546,D:/Pipefish Mesocosm Film/Trial 1/8-12-20/8-12 AM 03.MTS,1508.060,25.0,Male,Wiggle,Courtship,Subtle wiggle,Female,4,,START
134.293,D:/Pipefish Mesocosm Film/Trial 1/8-12-20/8-12 AM 03.MTS,1508.060,25.0,Male,Wiggle,Courtship,Subtle wiggle,Female,4,,STOP
134.294,D:/Pipefish Mesocosm Film/Trial 1/8-12-20/8-12 AM 03.MTS,1508.060,25.0,Male,Inactive,,,,,,START
136.950,D:/Pipefish Mesocosm Film/Trial 1/8-12-20/8-12 AM 03.MTS,1508.060,25.0,Female,Inactive,,,,,,STOP
136.951,D:/Pipefish Mesocosm Film/Trial 1/8-12-20/8-12 AM 03.MTS,1508.060,25.0,Female,Wiggle,Courtship,Active wiggle,Male,3,,START
142.743,D:/Pipefish Mesocosm Film/Trial 1/8-12-20/8-12 AM 03.MTS,1508.060,25.0,Female,Wiggle,Courtship,Active wiggle,Male,3,,STOP
142.744,D:/Pipefish Mesocosm Film/Trial 1/8-12-20/8-12 AM 03.MTS,1508.060,25.0,Female,Inactive,,,,,,START
151.572,D:/Pipefish Mesocosm Film/Trial 1/8-12-20/8-12 AM 03.MTS,1508.060,25.0,Female,Inactive,,,,,,STOP
151.573,D:/Pipefish Mesocosm Film/Trial 1/8-12-20/8-12 AM 03.MTS,1508.060,25.0,Female,Wiggle,Courtship,Active wiggle,Male,3,,START
155.750,D:/Pipefish Mesocosm Film/Trial 1/8-12-20/8-12 AM 03.MTS,1508.060,25.0,Female,Wiggle,Courtship,Active wiggle,Male,3,,STOP
155.751,D:/Pipefish Mesocosm Film/Trial 1/8-12-20/8-12 AM 03.MTS,1508.060,25.0,Female,Inactive,,,,,,START
168.855,D:/Pipefish Mesocosm Film/Trial 1/8-12-20/8-12 AM 03.MTS,1508.060,25.0,Male,Move away,,,,,,POINT
198.476,D:/Pipefish Mesocosm Film/Trial 1/8-12-20/8-12 AM 03.MTS,1508.060,25.0,Female,Inactive,,,,,,STOP
198.477,D:/Pipefish Mesocosm Film/Trial 1/8-12-20/8-12 AM 03.MTS,1508.060,25.0,Male,Inactive,,,,,,STOP
199.808,D:/Pipefish Mesocosm Film/Trial 1/8-12-20/8-12 AM 03.MTS,1508.060,25.0,,Stop,,,,,,POINT
264.938,D:/Pipefish Mesocosm Film/Trial 1/8-12-20/8-12 AM 03.MTS,1508.060,25.0,,Start,,,,,,POINT
266.930,D:/Pipefish Mesocosm Film/Trial 1/8-12-20/8-12 AM 03.MTS,1508.060,25.0,Female,Inactive,,,,,,START
268.735,D:/Pipefish Mesocosm Film/Trial 1/8-12-20/8-12 AM 03.MTS,1508.060,25.0,Male,Wiggle,Courtship,Active wiggle,Female,3,,START
272.060,D:/Pipefish Mesocosm Film/Trial 1/8-12-20/8-12 AM 03.MTS,1508.060,25.0,Male,Wiggle,Courtship,Active wiggle,Female,3,,STOP
272.061,D:/Pipefish Mesocosm Film/Trial 1/8-12-20/8-12 AM 03.MTS,1508.060,25.0,Male,Inactive,,,,,,START
306.618,D:/Pipefish Mesocosm Film/Trial 1/8-12-20/8-12 AM 03.MTS,1508.060,25.0,Female,Move away,,,,,,POINT
334.342,D:/Pipefish Mesocosm Film/Trial 1/8-12-20/8-12 AM 03.MTS,1508.060,25.0,Female,Move away,,,,,,POINT
334.343,D:/Pipefish Mesocosm Film/Trial 1/8-12-20/8-12 AM 03.MTS,1508.060,25.0,Female,Inactive,,,,,,STOP
334.343,D:/Pipefish Mesocosm Film/Trial 1/8-12-20/8-12 AM 03.MTS,1508.060,25.0,Male,Inactive,,,,,,STOP
334.344,D:/Pipefish Mesocosm Film/Trial 1/8-12-20/8-12 AM 03.MTS,1508.060,25.0,,Stop,,,,,,POINT
352.289,D:/Pipefish Mesocosm Film/Trial 1/8-12-20/8-12 AM 03.MTS,1508.060,25.0,,Start,,,,,,POINT
352.289,D:/Pipefish Mesocosm Film/Trial 1/8-12-20/8-12 AM 03.MTS,1508.060,25.0,Female,Inactive,,,,,,START
352.289,D:/Pipefish Mesocosm Film/Trial 1/8-12-20/8-12 AM 03.MTS,1508.060,25.0,Male,Wiggle,Courtship,Active wiggle,Female,3,,START
355.896,D:/Pipefish Mesocosm Film/Trial 1/8-12-20/8-12 AM 03.MTS,1508.060,25.0,Male,Wiggle,Courtship,Active wiggle,Female,3,,STOP
355.897,D:/Pipefish Mesocosm Film/Trial 1/8-12-20/8-12 AM 03.MTS,1508.060,25.0,Male,Inactive,,,,,,START
365.203,D:/Pipefish Mesocosm Film/Trial 1/8-12-20/8-12 AM 03.MTS,1508.060,25.0,Male,Move away,,,,,,POINT
378.681,D:/Pipefish Mesocosm Film/Trial 1/8-12-20/8-12 AM 03.MTS,1508.060,25.0,Female,Move away,,,,,,POINT
379.630,D:/Pipefish Mesocosm Film/Trial 1/8-12-20/8-12 AM 03.MTS,1508.060,25.0,Male,Inactive,,,,,,STOP
379.631,D:/Pipefish Mesocosm Film/Trial 1/8-12-20/8-12 AM 03.MTS,1508.060,25.0,Male,Surrounding,,,,,,START
379.918,D:/Pipefish Mesocosm Film/Trial 1/8-12-20/8-12 AM 03.MTS,1508.060,25.0,Female,Move away,,,,,,POINT
398.241,D:/Pipefish Mesocosm Film/Trial 1/8-12-20/8-12 AM 03.MTS,1508.060,25.0,Female,Move away,,,,,,POINT
398.872,D:/Pipefish Mesocosm Film/Trial 1/8-12-20/8-12 AM 03.MTS,1508.060,25.0,Female,Move away,,,,,,POINT
416.059,D:/Pipefish Mesocosm Film/Trial 1/8-12-20/8-12 AM 03.MTS,1508.060,25.0,Female,Inactive,,,,,,STOP
416.059,D:/Pipefish Mesocosm Film/Trial 1/8-12-20/8-12 AM 03.MTS,1508.060,25.0,Male,Surrounding,,,,,,STOP
417.059,D:/Pipefish Mesocosm Film/Trial 1/8-12-20/8-12 AM 03.MTS,1508.060,25.0,,Stop,,,,,,POINT
474.481,D:/Pipefish Mesocosm Film/Trial 1/8-12-20/8-12 AM 03.MTS,1508.060,25.0,,Start,,,,,,POINT
474.482,D:/Pipefish Mesocosm Film/Trial 1/8-12-20/8-12 AM 03.MTS,1508.060,25.0,Female,Wiggle,Courtship,Subtle wiggle,Male,2,,START
474.482,D:/Pipefish Mesocosm Film/Trial 1/8-12-20/8-12 AM 03.MTS,1508.060,25.0,Male,Inactive,,,,,,START
475.906,D:/Pipefish Mesocosm Film/Trial 1/8-12-20/8-12 AM 03.MTS,1508.060,25.0,Female,Wiggle,Courtship,Subtle wiggle,Male,2,,STOP
475.907,D:/Pipefish Mesocosm Film/Trial 1/8-12-20/8-12 AM 03.MTS,1508.060,25.0,Female,Inactive,,,,,,START
502.704,D:/Pipefish Mesocosm Film/Trial 1/8-12-20/8-12 AM 03.MTS,1508.060,25.0,Male,Inactive,,,,,,STOP
502.705,D:/Pipefish Mesocosm Film/Trial 1/8-12-20/8-12 AM 03.MTS,1508.060,25.0,Male,Wiggle,Courtship,Active wiggle,Female,2,,START
508.375,D:/Pipefish Mesocosm Film/Trial 1/8-12-20/8-12 AM 03.MTS,1508.060,25.0,Male,Wiggle,Courtship,Active wiggle,Female,2,,STOP
508.376,D:/Pipefish Mesocosm Film/Trial 1/8-12-20/8-12 AM 03.MTS,1508.060,25.0,Male,Surrounding,,,,,,START
525.563,D:/Pipefish Mesocosm Film/Trial 1/8-12-20/8-12 AM 03.MTS,1508.060,25.0,Male,Surrounding,,,,,,STOP
525.564,D:/Pipefish Mesocosm Film/Trial 1/8-12-20/8-12 AM 03.MTS,1508.060,25.0,Male,Inactive,,,,,,START
536.574,D:/Pipefish Mesocosm Film/Trial 1/8-12-20/8-12 AM 03.MTS,1508.060,25.0,Male,Inactive,,,,,,STOP
536.575,D:/Pipefish Mesocosm Film/Trial 1/8-12-20/8-12 AM 03.MTS,1508.060,25.0,Male,Wiggle,Courtship,Subtle wiggle,Female,2,,START
537.619,D:/Pipefish Mesocosm Film/Trial 1/8-12-20/8-12 AM 03.MTS,1508.060,25.0,Male,Wiggle,Courtship,Subtle wiggle,Female,2,,STOP
537.620,D:/Pipefish Mesocosm Film/Trial 1/8-12-20/8-12 AM 03.MTS,1508.060,25.0,Male,Inactive,,,,,,START
550.817,D:/Pipefish Mesocosm Film/Trial 1/8-12-20/8-12 AM 03.MTS,1508.060,25.0,Female,Inactive,,,,,,STOP
550.818,D:/Pipefish Mesocosm Film/Trial 1/8-12-20/8-12 AM 03.MTS,1508.060,25.0,Female,Wiggle,Courtship,Active wiggle,Male,3,,START
552.619,D:/Pipefish Mesocosm Film/Trial 1/8-12-20/8-12 AM 03.MTS,1508.060,25.0,Male,Inactive,,,,,,STOP
552.620,D:/Pipefish Mesocosm Film/Trial 1/8-12-20/8-12 AM 03.MTS,1508.060,25.0,Male,Wiggle,Courtship,Subtle wiggle,Female,3,,START
553.443,D:/Pipefish Mesocosm Film/Trial 1/8-12-20/8-12 AM 03.MTS,1508.060,25.0,Female,Wiggle,Courtship,Active wiggle,Male,3,,STOP
553.444,D:/Pipefish Mesocosm Film/Trial 1/8-12-20/8-12 AM 03.MTS,1508.060,25.0,Female,Pose,,S pose,Male,Front,,START
555.470,D:/Pipefish Mesocosm Film/Trial 1/8-12-20/8-12 AM 03.MTS,1508.060,25.0,Male,Wiggle,Courtship,Subtle wiggle,Female,3,,STOP
555.471,D:/Pipefish Mesocosm Film/Trial 1/8-12-20/8-12 AM 03.MTS,1508.060,25.0,Male,Inactive,,,,,,START
557.654,D:/Pipefish Mesocosm Film/Trial 1/8-12-20/8-12 AM 03.MTS,1508.060,25.0,Male,Inactive,,,,,,STOP
557.655,D:/Pipefish Mesocosm Film/Trial 1/8-12-20/8-12 AM 03.MTS,1508.060,25.0,Male,Wiggle,Courtship,Active wiggle,Female,5,,START
558.224,D:/Pipefish Mesocosm Film/Trial 1/8-12-20/8-12 AM 03.MTS,1508.060,25.0,Female,Pose,,S pose,Male,Front,,STOP
558.225,D:/Pipefish Mesocosm Film/Trial 1/8-12-20/8-12 AM 03.MTS,1508.060,25.0,Female,Inactive,,,,,,START
560.505,D:/Pipefish Mesocosm Film/Trial 1/8-12-20/8-12 AM 03.MTS,1508.060,25.0,Male,Wiggle,Courtship,Active wiggle,Female,5,,STOP
560.506,D:/Pipefish Mesocosm Film/Trial 1/8-12-20/8-12 AM 03.MTS,1508.060,25.0,Male,Inactive,,,,,,START
571.897,D:/Pipefish Mesocosm Film/Trial 1/8-12-20/8-12 AM 03.MTS,1508.060,25.0,Female,Inactive,,,,,,STOP
571.898,D:/Pipefish Mesocosm Film/Trial 1/8-12-20/8-12 AM 03.MTS,1508.060,25.0,Female,Wiggle,Courtship,Subtle wiggle,Male,3,,START
572.943,D:/Pipefish Mesocosm Film/Trial 1/8-12-20/8-12 AM 03.MTS,1508.060,25.0,Female,Wiggle,Courtship,Subtle wiggle,Male,3,,STOP
572.944,D:/Pipefish Mesocosm Film/Trial 1/8-12-20/8-12 AM 03.MTS,1508.060,25.0,Female,Inactive,,,,,,START
589.937,D:/Pipefish Mesocosm Film/Trial 1/8-12-20/8-12 AM 03.MTS,1508.060,25.0,Male,Inactive,,,,,,STOP
589.938,D:/Pipefish Mesocosm Film/Trial 1/8-12-20/8-12 AM 03.MTS,1508.060,25.0,Male,Wiggle,Courtship,Active wiggle,Female,3,,START
593.225,D:/Pipefish Mesocosm Film/Trial 1/8-12-20/8-12 AM 03.MTS,1508.060,25.0,Male,Wiggle,Courtship,Active wiggle,Female,3,,STOP
593.226,D:/Pipefish Mesocosm Film/Trial 1/8-12-20/8-12 AM 03.MTS,1508.060,25.0,Male,Inactive,,,,,,START
596.298,D:/Pipefish Mesocosm Film/Trial 1/8-12-20/8-12 AM 03.MTS,1508.060,25.0,Male,Inactive,,,,,,STOP
596.299,D:/Pipefish Mesocosm Film/Trial 1/8-12-20/8-12 AM 03.MTS,1508.060,25.0,Male,Wiggle,Courtship,Active wiggle,Female,3,,START
600.475,D:/Pipefish Mesocosm Film/Trial 1/8-12-20/8-12 AM 03.MTS,1508.060,25.0,Female,Inactive,,,,,,STOP
600.475,D:/Pipefish Mesocosm Film/Trial 1/8-12-20/8-12 AM 03.MTS,1508.060,25.0,Male,Wiggle,Courtship,Active wiggle,Female,3,,STOP
600.476,D:/Pipefish Mesocosm Film/Trial 1/8-12-20/8-12 AM 03.MTS,1508.060,25.0,Female,Wiggle,Courtship,Active wiggle,Male,3,,START
600.476,D:/Pipefish Mesocosm Film/Trial 1/8-12-20/8-12 AM 03.MTS,1508.060,25.0,Male,Inactive,,,,,,START
604.179,D:/Pipefish Mesocosm Film/Trial 1/8-12-20/8-12 AM 03.MTS,1508.060,25.0,Female,Wiggle,Courtship,Active wiggle,Male,3,,STOP
604.180,D:/Pipefish Mesocosm Film/Trial 1/8-12-20/8-12 AM 03.MTS,1508.060,25.0,Female,Inactive,,,,,,START
606.231,D:/Pipefish Mesocosm Film/Trial 1/8-12-20/8-12 AM 03.MTS,1508.060,25.0,Male,Touch,,,,,,POINT
647.687,D:/Pipefish Mesocosm Film/Trial 1/8-12-20/8-12 AM 03.MTS,1508.060,25.0,Male,Move away,,,,,,POINT
658.867,D:/Pipefish Mesocosm Film/Trial 1/8-12-20/8-12 AM 03.MTS,1508.060,25.0,Male,Inactive,,,,,,STOP
658.868,D:/Pipefish Mesocosm Film/Trial 1/8-12-20/8-12 AM 03.MTS,1508.060,25.0,Male,Wiggle,Courtship,Active wiggle,Female,3,,START
661.904,D:/Pipefish Mesocosm Film/Trial 1/8-12-20/8-12 AM 03.MTS,1508.060,25.0,Male,Wiggle,Courtship,Active wiggle,Female,3,,STOP
661.905,D:/Pipefish Mesocosm Film/Trial 1/8-12-20/8-12 AM 03.MTS,1508.060,25.0,Male,Inactive,,,,,,START
672.823,D:/Pipefish Mesocosm Film/Trial 1/8-12-20/8-12 AM 03.MTS,1508.060,25.0,Male,Inactive,,,,,,STOP
672.824,D:/Pipefish Mesocosm Film/Trial 1/8-12-20/8-12 AM 03.MTS,1508.060,25.0,Male,Wiggle,Courtship,Active wiggle,Female,3,,START
674.560,D:/Pipefish Mesocosm Film/Trial 1/8-12-20/8-12 AM 03.MTS,1508.060,25.0,Male,Wiggle,Courtship,Active wiggle,Female,3,,STOP
674.561,D:/Pipefish Mesocosm Film/Trial 1/8-12-20/8-12 AM 03.MTS,1508.060,25.0,Male,Inactive,,,,,,START
705.674,D:/Pipefish Mesocosm Film/Trial 1/8-12-20/8-12 AM 03.MTS,1508.060,25.0,Male,Inactive,,,,,,STOP
705.675,D:/Pipefish Mesocosm Film/Trial 1/8-12-20/8-12 AM 03.MTS,1508.060,25.0,Male,Wiggle,Courtship,Active wiggle,Female,2,,START
708.140,D:/Pipefish Mesocosm Film/Trial 1/8-12-20/8-12 AM 03.MTS,1508.060,25.0,Male,Wiggle,Courtship,Active wiggle,Female,2,,STOP
708.141,D:/Pipefish Mesocosm Film/Trial 1/8-12-20/8-12 AM 03.MTS,1508.060,25.0,Male,Inactive,,,,,,START
715.545,D:/Pipefish Mesocosm Film/Trial 1/8-12-20/8-12 AM 03.MTS,1508.060,25.0,Male,Inactive,,,,,,STOP
715.546,D:/Pipefish Mesocosm Film/Trial 1/8-12-20/8-12 AM 03.MTS,1508.060,25.0,Male,Surrounding,,,,,,START
722.572,D:/Pipefish Mesocosm Film/Trial 1/8-12-20/8-12 AM 03.MTS,1508.060,25.0,Male,Surrounding,,,,,,STOP
722.573,D:/Pipefish Mesocosm Film/Trial 1/8-12-20/8-12 AM 03.MTS,1508.060,25.0,Male,Inactive,,,,,,START
732.256,D:/Pipefish Mesocosm Film/Trial 1/8-12-20/8-12 AM 03.MTS,1508.060,25.0,Female,Inactive,,,,,,STOP
732.257,D:/Pipefish Mesocosm Film/Trial 1/8-12-20/8-12 AM 03.MTS,1508.060,25.0,Female,Wiggle,Courtship,Subtle wiggle,Male,3,,START
732.637,D:/Pipefish Mesocosm Film/Trial 1/8-12-20/8-12 AM 03.MTS,1508.060,25.0,Female,Wiggle,Courtship,Subtle wiggle,Male,3,,STOP
732.638,D:/Pipefish Mesocosm Film/Trial 1/8-12-20/8-12 AM 03.MTS,1508.060,25.0,Female,Inactive,,,,,,START
756.562,D:/Pipefish Mesocosm Film/Trial 1/8-12-20/8-12 AM 03.MTS,1508.060,25.0,Male,Inactive,,,,,,STOP
756.563,D:/Pipefish Mesocosm Film/Trial 1/8-12-20/8-12 AM 03.MTS,1508.060,25.0,Male,Wiggle,Courtship,Active wiggle,Female,3,,START
760.834,D:/Pipefish Mesocosm Film/Trial 1/8-12-20/8-12 AM 03.MTS,1508.060,25.0,Male,Wiggle,Courtship,Active wiggle,Female,3,,STOP
760.835,D:/Pipefish Mesocosm Film/Trial 1/8-12-20/8-12 AM 03.MTS,1508.060,25.0,Male,Inactive,,,,,,START
822.076,D:/Pipefish Mesocosm Film/Trial 1/8-12-20/8-12 AM 03.MTS,1508.060,25.0,Female,Inactive,,,,,,STOP
822.076,D:/Pipefish Mesocosm Film/Trial 1/8-12-20/8-12 AM 03.MTS,1508.060,25.0,Male,Inactive,,,,,,STOP
822.077,D:/Pipefish Mesocosm Film/Trial 1/8-12-20/8-12 AM 03.MTS,1508.060,25.0,,Stop,,,,,,POINT
871.069,D:/Pipefish Mesocosm Film/Trial 1/8-12-20/8-12 AM 03.MTS,1508.060,25.0,,Start,,,,,,POINT
871.069,D:/Pipefish Mesocosm Film/Trial 1/8-12-20/8-12 AM 03.MTS,1508.060,25.0,Female,Inactive,,,,,,START
871.069,D:/Pipefish Mesocosm Film/Trial 1/8-12-20/8-12 AM 03.MTS,1508.060,25.0,Male,Wiggle,Courtship,Active wiggle,Female,3,,START
875.149,D:/Pipefish Mesocosm Film/Trial 1/8-12-20/8-12 AM 03.MTS,1508.060,25.0,Male,Wiggle,Courtship,Active wiggle,Female,3,,STOP
875.150,D:/Pipefish Mesocosm Film/Trial 1/8-12-20/8-12 AM 03.MTS,1508.060,25.0,Male,Inactive,,,,,,START
936.388,D:/Pipefish Mesocosm Film/Trial 1/8-12-20/8-12 AM 03.MTS,1508.060,25.0,Male,Inactive,,,,,,STOP
936.389,D:/Pipefish Mesocosm Film/Trial 1/8-12-20/8-12 AM 03.MTS,1508.060,25.0,Male,Wiggle,Courtship,Active wiggle,Female,3,,START
940.091,D:/Pipefish Mesocosm Film/Trial 1/8-12-20/8-12 AM 03.MTS,1508.060,25.0,Male,Wiggle,Courtship,Active wiggle,Female,3,,STOP
940.092,D:/Pipefish Mesocosm Film/Trial 1/8-12-20/8-12 AM 03.MTS,1508.060,25.0,Male,Inactive,,,,,,START
954.523,D:/Pipefish Mesocosm Film/Trial 1/8-12-20/8-12 AM 03.MTS,1508.060,25.0,Male,Follow,,,,,,POINT
977.214,D:/Pipefish Mesocosm Film/Trial 1/8-12-20/8-12 AM 03.MTS,1508.060,25.0,Male,Inactive,,,,,,STOP
977.215,D:/Pipefish Mesocosm Film/Trial 1/8-12-20/8-12 AM 03.MTS,1508.060,25.0,Male,Surrounding,,,,,,START
983.101,D:/Pipefish Mesocosm Film/Trial 1/8-12-20/8-12 AM 03.MTS,1508.060,25.0,Female,Move away,,,,,,POINT
990.604,D:/Pipefish Mesocosm Film/Trial 1/8-12-20/8-12 AM 03.MTS,1508.060,25.0,Male,Follow,,,,,,POINT
1004.274,D:/Pipefish Mesocosm Film/Trial 1/8-12-20/8-12 AM 03.MTS,1508.060,25.0,Female,Inactive,,,,,,STOP
1004.274,D:/Pipefish Mesocosm Film/Trial 1/8-12-20/8-12 AM 03.MTS,1508.060,25.0,Male,Surrounding,,,,,,STOP
1004.276,D:/Pipefish Mesocosm Film/Trial 1/8-12-20/8-12 AM 03.MTS,1508.060,25.0,,Stop,,,,,,POINT
1190.937,D:/Pipefish Mesocosm Film/Trial 1/8-12-20/8-12 AM 03.MTS,1508.060,25.0,,Start,,,,,,POINT
1192.645,D:/Pipefish Mesocosm Film/Trial 1/8-12-20/8-12 AM 03.MTS,1508.060,25.0,Male,Wiggle,Courtship,Active wiggle,Female,3,,START
1193.027,D:/Pipefish Mesocosm Film/Trial 1/8-12-20/8-12 AM 03.MTS,1508.060,25.0,Female,Inactive,,,,,,START
1199.385,D:/Pipefish Mesocosm Film/Trial 1/8-12-20/8-12 AM 03.MTS,1508.060,25.0,Male,Wiggle,Courtship,Active wiggle,Female,3,,STOP
1199.386,D:/Pipefish Mesocosm Film/Trial 1/8-12-20/8-12 AM 03.MTS,1508.060,25.0,Male,Inactive,,,,,,START
1238.032,D:/Pipefish Mesocosm Film/Trial 1/8-12-20/8-12 AM 03.MTS,1508.060,25.0,Female,Move away,,,,,,POINT
1254.713,D:/Pipefish Mesocosm Film/Trial 1/8-12-20/8-12 AM 03.MTS,1508.060,25.0,Female,Inactive,,,,,,STOP
1254.738,D:/Pipefish Mesocosm Film/Trial 1/8-12-20/8-12 AM 03.MTS,1508.060,25.0,Male,Inactive,,,,,,STOP
1254.741,D:/Pipefish Mesocosm Film/Trial 1/8-12-20/8-12 AM 03.MTS,1508.060,25.0,,Stop,,,,,,POINT
1333.545,D:/Pipefish Mesocosm Film/Trial 1/8-12-20/8-12 AM 03.MTS,1508.060,25.0,,Start,,,,,,POINT
1335.538,D:/Pipefish Mesocosm Film/Trial 1/8-12-20/8-12 AM 03.MTS,1508.060,25.0,Male,Wiggle,Courtship,Active wiggle,Female,2,,START
1335.539,D:/Pipefish Mesocosm Film/Trial 1/8-12-20/8-12 AM 03.MTS,1508.060,25.0,Female,Pose,,Non-s pose,Male,Front,,START
1337.436,D:/Pipefish Mesocosm Film/Trial 1/8-12-20/8-12 AM 03.MTS,1508.060,25.0,Male,Wiggle,Courtship,Active wiggle,Female,2,,STOP
1337.437,D:/Pipefish Mesocosm Film/Trial 1/8-12-20/8-12 AM 03.MTS,1508.060,25.0,Male,Inactive,,,,,,START
1340.379,D:/Pipefish Mesocosm Film/Trial 1/8-12-20/8-12 AM 03.MTS,1508.060,25.0,Female,Pose,,Non-s pose,Male,Front,,STOP
1340.380,D:/Pipefish Mesocosm Film/Trial 1/8-12-20/8-12 AM 03.MTS,1508.060,25.0,Female,Inactive,,,,,,START
1362.313,D:/Pipefish Mesocosm Film/Trial 1/8-12-20/8-12 AM 03.MTS,1508.060,25.0,Male,Inactive,,,,,,STOP
1362.314,D:/Pipefish Mesocosm Film/Trial 1/8-12-20/8-12 AM 03.MTS,1508.060,25.0,Male,Wiggle,Courtship,Active wiggle,Female,2,,START
1367.345,D:/Pipefish Mesocosm Film/Trial 1/8-12-20/8-12 AM 03.MTS,1508.060,25.0,Male,Wiggle,Courtship,Active wiggle,Female,2,,STOP
1367.346,D:/Pipefish Mesocosm Film/Trial 1/8-12-20/8-12 AM 03.MTS,1508.060,25.0,Male,Inactive,,,,,,START
1371.047,D:/Pipefish Mesocosm Film/Trial 1/8-12-20/8-12 AM 03.MTS,1508.060,25.0,Female,Inactive,,,,,,STOP
1371.048,D:/Pipefish Mesocosm Film/Trial 1/8-12-20/8-12 AM 03.MTS,1508.060,25.0,Female,Pose,,Non-s pose,Male,Front,,START
1374.959,D:/Pipefish Mesocosm Film/Trial 1/8-12-20/8-12 AM 03.MTS,1508.060,25.0,Female,Pose,,Non-s pose,Male,Front,,STOP
1374.960,D:/Pipefish Mesocosm Film/Trial 1/8-12-20/8-12 AM 03.MTS,1508.060,25.0,Female,Inactive,,,,,,START
1412.348,D:/Pipefish Mesocosm Film/Trial 1/8-12-20/8-12 AM 03.MTS,1508.060,25.0,Female,Inactive,,,,,,STOP
1412.443,D:/Pipefish Mesocosm Film/Trial 1/8-12-20/8-12 AM 03.MTS,1508.060,25.0,Male,Inactive,,,,,,STOP
1413.202,D:/Pipefish Mesocosm Film/Trial 1/8-12-20/8-12 AM 03.MTS,1508.060,25.0,,Stop,,,,,,POINT
