Observation id,T201N_01,,,,,,,,,,
,,,,,,,,,,,
Media file(s),,,,,,,,,,,
,,,,,,,,,,,
Player #1,D:/Pipefish Mesocosm Film/Trial 2/3-12-20/3-12 Noon 01.MTS,,,,,,,,,,
Player #1,D:/Pipefish Mesocosm Film/Trial 2/3-12-20/3-12 Noon 02.MTS,,,,,,,,,,
,,,,,,,,,,,
Observation date,2021-07-14 15:14:50,,,,,,,,,,
,,,,,,,,,,,
Description,Video T201 Noon 01 and 02,,,,,,,,,,
,,,,,,,,,,,
Time offset (s),0.0,,,,,,,,,,
,,,,,,,,,,,
independent variables,,,,,,,,,,,
variable,value,,,,,,,,,,
Number in group,,,,,,,,,,,
Time of day,,,,,,,,,,,
,,,,,,,,,,,
Time,Media file path,Total length,FPS,Subject,Behavior,Behavioral category,Modifier 1,Modifier 2,Modifier 3,Comment,Status
8.968,D:/Pipefish Mesocosm Film/Trial 2/3-12-20/3-12 Noon 01.MTS,3682.480,25.0,,Start,,,,,,POINT
8.968,D:/Pipefish Mesocosm Film/Trial 2/3-12-20/3-12 Noon 01.MTS,3682.480,25.0,Male,Chasing,,,,,,START
9.348,D:/Pipefish Mesocosm Film/Trial 2/3-12-20/3-12 Noon 01.MTS,3682.480,25.0,Female,Swim away,,,,,,START
21.783,D:/Pipefish Mesocosm Film/Trial 2/3-12-20/3-12 Noon 01.MTS,3682.480,25.0,Male,Chasing,,,,,,STOP
21.784,D:/Pipefish Mesocosm Film/Trial 2/3-12-20/3-12 Noon 01.MTS,3682.480,25.0,Male,Out of sight,,,,,,START
23.492,D:/Pipefish Mesocosm Film/Trial 2/3-12-20/3-12 Noon 01.MTS,3682.480,25.0,Female,Swim away,,,,,,STOP
23.493,D:/Pipefish Mesocosm Film/Trial 2/3-12-20/3-12 Noon 01.MTS,3682.480,25.0,Female,Out of sight,,,,,,START
27.199,D:/Pipefish Mesocosm Film/Trial 2/3-12-20/3-12 Noon 01.MTS,3682.480,25.0,Male,Out of sight,,,,,,STOP
27.200,D:/Pipefish Mesocosm Film/Trial 2/3-12-20/3-12 Noon 01.MTS,3682.480,25.0,Male,Surrounding,,,,,,START
28.713,D:/Pipefish Mesocosm Film/Trial 2/3-12-20/3-12 Noon 01.MTS,3682.480,25.0,Female,Out of sight,,,,,,STOP
28.714,D:/Pipefish Mesocosm Film/Trial 2/3-12-20/3-12 Noon 01.MTS,3682.480,25.0,Female,Inactive,,,,,,START
31.182,D:/Pipefish Mesocosm Film/Trial 2/3-12-20/3-12 Noon 01.MTS,3682.480,25.0,Female,Inactive,,,,,,STOP
31.183,D:/Pipefish Mesocosm Film/Trial 2/3-12-20/3-12 Noon 01.MTS,3682.480,25.0,Female,Swim away,,,,,,START
32.135,D:/Pipefish Mesocosm Film/Trial 2/3-12-20/3-12 Noon 01.MTS,3682.480,25.0,Male,Surrounding,,,,,,STOP
32.136,D:/Pipefish Mesocosm Film/Trial 2/3-12-20/3-12 Noon 01.MTS,3682.480,25.0,Male,Chasing,,,,,,START
34.316,D:/Pipefish Mesocosm Film/Trial 2/3-12-20/3-12 Noon 01.MTS,3682.480,25.0,Female,Swim away,,,,,,STOP
34.317,D:/Pipefish Mesocosm Film/Trial 2/3-12-20/3-12 Noon 01.MTS,3682.480,25.0,Female,Out of sight,,,,,,START
34.412,D:/Pipefish Mesocosm Film/Trial 2/3-12-20/3-12 Noon 01.MTS,3682.480,25.0,Male,Chasing,,,,,,STOP
34.413,D:/Pipefish Mesocosm Film/Trial 2/3-12-20/3-12 Noon 01.MTS,3682.480,25.0,Male,Out of sight,,,,,,START
40.013,D:/Pipefish Mesocosm Film/Trial 2/3-12-20/3-12 Noon 01.MTS,3682.480,25.0,Female,Out of sight,,,,,,STOP
40.014,D:/Pipefish Mesocosm Film/Trial 2/3-12-20/3-12 Noon 01.MTS,3682.480,25.0,Female,Swim away,,,,,,START
40.392,D:/Pipefish Mesocosm Film/Trial 2/3-12-20/3-12 Noon 01.MTS,3682.480,25.0,Male,Out of sight,,,,,,STOP
40.393,D:/Pipefish Mesocosm Film/Trial 2/3-12-20/3-12 Noon 01.MTS,3682.480,25.0,Male,Chasing,,,,,,START
42.196,D:/Pipefish Mesocosm Film/Trial 2/3-12-20/3-12 Noon 01.MTS,3682.480,25.0,Female,Swim away,,,,,,STOP
42.197,D:/Pipefish Mesocosm Film/Trial 2/3-12-20/3-12 Noon 01.MTS,3682.480,25.0,Female,Inactive,,,,,,START
49.224,D:/Pipefish Mesocosm Film/Trial 2/3-12-20/3-12 Noon 01.MTS,3682.480,25.0,Male,Chasing,,,,,,STOP
49.225,D:/Pipefish Mesocosm Film/Trial 2/3-12-20/3-12 Noon 01.MTS,3682.480,25.0,Male,Surrounding,,,,,,START
54.257,D:/Pipefish Mesocosm Film/Trial 2/3-12-20/3-12 Noon 01.MTS,3682.480,25.0,Male,Surrounding,,,,,,STOP
54.258,D:/Pipefish Mesocosm Film/Trial 2/3-12-20/3-12 Noon 01.MTS,3682.480,25.0,Male,Inactive,,,,,,START
63.281,D:/Pipefish Mesocosm Film/Trial 2/3-12-20/3-12 Noon 01.MTS,3682.480,25.0,Female,Inactive,,,,,,STOP
63.281,D:/Pipefish Mesocosm Film/Trial 2/3-12-20/3-12 Noon 01.MTS,3682.480,25.0,Male,Inactive,,,,,,STOP
64.323,D:/Pipefish Mesocosm Film/Trial 2/3-12-20/3-12 Noon 01.MTS,3682.480,25.0,,Stop,,,,,,POINT
78.576,D:/Pipefish Mesocosm Film/Trial 2/3-12-20/3-12 Noon 01.MTS,3682.480,25.0,,Start,,,,,,POINT
79.992,D:/Pipefish Mesocosm Film/Trial 2/3-12-20/3-12 Noon 01.MTS,3682.480,25.0,Female,Pose,,Non-s pose,Male,Front,,START
80.941,D:/Pipefish Mesocosm Film/Trial 2/3-12-20/3-12 Noon 01.MTS,3682.480,25.0,Male,Inactive,,,,,,START
81.697,D:/Pipefish Mesocosm Film/Trial 2/3-12-20/3-12 Noon 01.MTS,3682.480,25.0,Male,Inactive,,,,,,STOP
81.698,D:/Pipefish Mesocosm Film/Trial 2/3-12-20/3-12 Noon 01.MTS,3682.480,25.0,Male,Wiggle,Courtship,Active wiggle,Female,2,,START
87.298,D:/Pipefish Mesocosm Film/Trial 2/3-12-20/3-12 Noon 01.MTS,3682.480,25.0,Male,Wiggle,Courtship,Active wiggle,Female,2,,STOP
87.299,D:/Pipefish Mesocosm Film/Trial 2/3-12-20/3-12 Noon 01.MTS,3682.480,25.0,Male,Surrounding,,,,,,START
88.057,D:/Pipefish Mesocosm Film/Trial 2/3-12-20/3-12 Noon 01.MTS,3682.480,25.0,Female,Pose,,Non-s pose,Male,Front,,STOP
88.058,D:/Pipefish Mesocosm Film/Trial 2/3-12-20/3-12 Noon 01.MTS,3682.480,25.0,Female,Out of sight,,,,,,START
89.101,D:/Pipefish Mesocosm Film/Trial 2/3-12-20/3-12 Noon 01.MTS,3682.480,25.0,Male,Surrounding,,,,,,STOP
89.102,D:/Pipefish Mesocosm Film/Trial 2/3-12-20/3-12 Noon 01.MTS,3682.480,25.0,Male,Out of sight,,,,,,START
102.679,D:/Pipefish Mesocosm Film/Trial 2/3-12-20/3-12 Noon 01.MTS,3682.480,25.0,Female,Out of sight,,,,,,STOP
102.679,D:/Pipefish Mesocosm Film/Trial 2/3-12-20/3-12 Noon 01.MTS,3682.480,25.0,Male,Out of sight,,,,,,STOP
103.102,D:/Pipefish Mesocosm Film/Trial 2/3-12-20/3-12 Noon 01.MTS,3682.480,25.0,,Stop,,,,,,POINT
147.212,D:/Pipefish Mesocosm Film/Trial 2/3-12-20/3-12 Noon 01.MTS,3682.480,25.0,,Start,,,,,,POINT
147.496,D:/Pipefish Mesocosm Film/Trial 2/3-12-20/3-12 Noon 01.MTS,3682.480,25.0,Female,Swim away,,,,,,START
152.059,D:/Pipefish Mesocosm Film/Trial 2/3-12-20/3-12 Noon 01.MTS,3682.480,25.0,Male,Chasing,,,,,,START
152.905,D:/Pipefish Mesocosm Film/Trial 2/3-12-20/3-12 Noon 01.MTS,3682.480,25.0,Female,Swim away,,,,,,STOP
152.906,D:/Pipefish Mesocosm Film/Trial 2/3-12-20/3-12 Noon 01.MTS,3682.480,25.0,Female,Out of sight,,,,,,START
155.471,D:/Pipefish Mesocosm Film/Trial 2/3-12-20/3-12 Noon 01.MTS,3682.480,25.0,Male,Chasing,,,,,,STOP
155.472,D:/Pipefish Mesocosm Film/Trial 2/3-12-20/3-12 Noon 01.MTS,3682.480,25.0,Male,Out of sight,,,,,,START
163.728,D:/Pipefish Mesocosm Film/Trial 2/3-12-20/3-12 Noon 01.MTS,3682.480,25.0,Female,Out of sight,,,,,,STOP
163.729,D:/Pipefish Mesocosm Film/Trial 2/3-12-20/3-12 Noon 01.MTS,3682.480,25.0,Female,Swim away,,,,,,START
165.440,D:/Pipefish Mesocosm Film/Trial 2/3-12-20/3-12 Noon 01.MTS,3682.480,25.0,Male,Out of sight,,,,,,STOP
165.441,D:/Pipefish Mesocosm Film/Trial 2/3-12-20/3-12 Noon 01.MTS,3682.480,25.0,Male,Chasing,,,,,,START
173.036,D:/Pipefish Mesocosm Film/Trial 2/3-12-20/3-12 Noon 01.MTS,3682.480,25.0,Female,Swim away,,,,,,STOP
173.037,D:/Pipefish Mesocosm Film/Trial 2/3-12-20/3-12 Noon 01.MTS,3682.480,25.0,Female,Out of sight,,,,,,START
173.985,D:/Pipefish Mesocosm Film/Trial 2/3-12-20/3-12 Noon 01.MTS,3682.480,25.0,Male,Chasing,,,,,,STOP
173.986,D:/Pipefish Mesocosm Film/Trial 2/3-12-20/3-12 Noon 01.MTS,3682.480,25.0,Male,Out of sight,,,,,,START
177.591,D:/Pipefish Mesocosm Film/Trial 2/3-12-20/3-12 Noon 01.MTS,3682.480,25.0,Female,Out of sight,,,,,,STOP
177.592,D:/Pipefish Mesocosm Film/Trial 2/3-12-20/3-12 Noon 01.MTS,3682.480,25.0,Female,Inactive,,,,,,START
179.395,D:/Pipefish Mesocosm Film/Trial 2/3-12-20/3-12 Noon 01.MTS,3682.480,25.0,Male,Out of sight,,,,,,STOP
179.396,D:/Pipefish Mesocosm Film/Trial 2/3-12-20/3-12 Noon 01.MTS,3682.480,25.0,Male,Surrounding,,,,,,START
183.286,D:/Pipefish Mesocosm Film/Trial 2/3-12-20/3-12 Noon 01.MTS,3682.480,25.0,Female,Inactive,,,,,,STOP
183.287,D:/Pipefish Mesocosm Film/Trial 2/3-12-20/3-12 Noon 01.MTS,3682.480,25.0,Female,Swim away,,,,,,START
188.795,D:/Pipefish Mesocosm Film/Trial 2/3-12-20/3-12 Noon 01.MTS,3682.480,25.0,Male,Surrounding,,,,,,STOP
188.796,D:/Pipefish Mesocosm Film/Trial 2/3-12-20/3-12 Noon 01.MTS,3682.480,25.0,Male,Chasing,,,,,,START
196.769,D:/Pipefish Mesocosm Film/Trial 2/3-12-20/3-12 Noon 01.MTS,3682.480,25.0,Male,Chasing,,,,,,STOP
196.770,D:/Pipefish Mesocosm Film/Trial 2/3-12-20/3-12 Noon 01.MTS,3682.480,25.0,Male,Surrounding,,,,,,START
201.232,D:/Pipefish Mesocosm Film/Trial 2/3-12-20/3-12 Noon 01.MTS,3682.480,25.0,Female,Swim away,,,,,,STOP
201.233,D:/Pipefish Mesocosm Film/Trial 2/3-12-20/3-12 Noon 01.MTS,3682.480,25.0,Female,Inactive,,,,,,START
210.640,D:/Pipefish Mesocosm Film/Trial 2/3-12-20/3-12 Noon 01.MTS,3682.480,25.0,Female,Inactive,,,,,,STOP
210.641,D:/Pipefish Mesocosm Film/Trial 2/3-12-20/3-12 Noon 01.MTS,3682.480,25.0,Female,Swim away,,,,,,START
211.200,D:/Pipefish Mesocosm Film/Trial 2/3-12-20/3-12 Noon 01.MTS,3682.480,25.0,Male,Surrounding,,,,,,STOP
211.201,D:/Pipefish Mesocosm Film/Trial 2/3-12-20/3-12 Noon 01.MTS,3682.480,25.0,Male,Chasing,,,,,,START
224.874,D:/Pipefish Mesocosm Film/Trial 2/3-12-20/3-12 Noon 01.MTS,3682.480,25.0,Male,Chasing,,,,,,STOP
224.875,D:/Pipefish Mesocosm Film/Trial 2/3-12-20/3-12 Noon 01.MTS,3682.480,25.0,Male,Out of sight,,,,,,START
229.717,D:/Pipefish Mesocosm Film/Trial 2/3-12-20/3-12 Noon 01.MTS,3682.480,25.0,Male,Out of sight,,,,,,STOP
229.718,D:/Pipefish Mesocosm Film/Trial 2/3-12-20/3-12 Noon 01.MTS,3682.480,25.0,Male,Chasing,,,,,,START
244.717,D:/Pipefish Mesocosm Film/Trial 2/3-12-20/3-12 Noon 01.MTS,3682.480,25.0,Female,Swim away,,,,,,STOP
244.718,D:/Pipefish Mesocosm Film/Trial 2/3-12-20/3-12 Noon 01.MTS,3682.480,25.0,Female,Inactive,,,,,,START
249.467,D:/Pipefish Mesocosm Film/Trial 2/3-12-20/3-12 Noon 01.MTS,3682.480,25.0,Male,Chasing,,,,,,STOP
249.468,D:/Pipefish Mesocosm Film/Trial 2/3-12-20/3-12 Noon 01.MTS,3682.480,25.0,Male,Surrounding,,,,,,START
259.340,D:/Pipefish Mesocosm Film/Trial 2/3-12-20/3-12 Noon 01.MTS,3682.480,25.0,Female,Inactive,,,,,,STOP
259.341,D:/Pipefish Mesocosm Film/Trial 2/3-12-20/3-12 Noon 01.MTS,3682.480,25.0,Female,Swim away,,,,,,START
261.145,D:/Pipefish Mesocosm Film/Trial 2/3-12-20/3-12 Noon 01.MTS,3682.480,25.0,Male,Surrounding,,,,,,STOP
261.146,D:/Pipefish Mesocosm Film/Trial 2/3-12-20/3-12 Noon 01.MTS,3682.480,25.0,Male,Chasing,,,,,,START
267.029,D:/Pipefish Mesocosm Film/Trial 2/3-12-20/3-12 Noon 01.MTS,3682.480,25.0,Female,Swim away,,,,,,STOP
267.030,D:/Pipefish Mesocosm Film/Trial 2/3-12-20/3-12 Noon 01.MTS,3682.480,25.0,Female,Out of sight,,,,,,START
273.867,D:/Pipefish Mesocosm Film/Trial 2/3-12-20/3-12 Noon 01.MTS,3682.480,25.0,Female,Out of sight,,,,,,STOP
273.868,D:/Pipefish Mesocosm Film/Trial 2/3-12-20/3-12 Noon 01.MTS,3682.480,25.0,Female,Swim away,,,,,,START
277.282,D:/Pipefish Mesocosm Film/Trial 2/3-12-20/3-12 Noon 01.MTS,3682.480,25.0,Female,Swim away,,,,,,STOP
277.282,D:/Pipefish Mesocosm Film/Trial 2/3-12-20/3-12 Noon 01.MTS,3682.480,25.0,Male,Chasing,,,,,,STOP
277.283,D:/Pipefish Mesocosm Film/Trial 2/3-12-20/3-12 Noon 01.MTS,3682.480,25.0,Female,Inactive,,,,,,START
277.283,D:/Pipefish Mesocosm Film/Trial 2/3-12-20/3-12 Noon 01.MTS,3682.480,25.0,Male,Inactive,,,,,,START
282.128,D:/Pipefish Mesocosm Film/Trial 2/3-12-20/3-12 Noon 01.MTS,3682.480,25.0,Male,Inactive,,,,,,STOP
282.129,D:/Pipefish Mesocosm Film/Trial 2/3-12-20/3-12 Noon 01.MTS,3682.480,25.0,Male,Surrounding,,,,,,START
301.397,D:/Pipefish Mesocosm Film/Trial 2/3-12-20/3-12 Noon 01.MTS,3682.480,25.0,Female,Inactive,,,,,,STOP
301.398,D:/Pipefish Mesocosm Film/Trial 2/3-12-20/3-12 Noon 01.MTS,3682.480,25.0,Female,Out of sight,,,,,,START
301.495,D:/Pipefish Mesocosm Film/Trial 2/3-12-20/3-12 Noon 01.MTS,3682.480,25.0,Male,Surrounding,,,,,,STOP
301.496,D:/Pipefish Mesocosm Film/Trial 2/3-12-20/3-12 Noon 01.MTS,3682.480,25.0,Male,Out of sight,,,,,,START
303.868,D:/Pipefish Mesocosm Film/Trial 2/3-12-20/3-12 Noon 01.MTS,3682.480,25.0,Male,Out of sight,,,,,,STOP
303.869,D:/Pipefish Mesocosm Film/Trial 2/3-12-20/3-12 Noon 01.MTS,3682.480,25.0,Male,Chasing,,,,,,START
308.900,D:/Pipefish Mesocosm Film/Trial 2/3-12-20/3-12 Noon 01.MTS,3682.480,25.0,Female,Out of sight,,,,,,STOP
308.901,D:/Pipefish Mesocosm Film/Trial 2/3-12-20/3-12 Noon 01.MTS,3682.480,25.0,Female,Swim away,,,,,,START
314.692,D:/Pipefish Mesocosm Film/Trial 2/3-12-20/3-12 Noon 01.MTS,3682.480,25.0,Male,Chasing,,,,,,STOP
314.693,D:/Pipefish Mesocosm Film/Trial 2/3-12-20/3-12 Noon 01.MTS,3682.480,25.0,Male,Out of sight,,,,,,START
314.978,D:/Pipefish Mesocosm Film/Trial 2/3-12-20/3-12 Noon 01.MTS,3682.480,25.0,Female,Swim away,,,,,,STOP
314.979,D:/Pipefish Mesocosm Film/Trial 2/3-12-20/3-12 Noon 01.MTS,3682.480,25.0,Female,Out of sight,,,,,,START
330.360,D:/Pipefish Mesocosm Film/Trial 2/3-12-20/3-12 Noon 01.MTS,3682.480,25.0,Male,Out of sight,,,,,,STOP
330.644,D:/Pipefish Mesocosm Film/Trial 2/3-12-20/3-12 Noon 01.MTS,3682.480,25.0,Female,Out of sight,,,,,,STOP
331.499,D:/Pipefish Mesocosm Film/Trial 2/3-12-20/3-12 Noon 01.MTS,3682.480,25.0,,Stop,,,,,,POINT
362.211,D:/Pipefish Mesocosm Film/Trial 2/3-12-20/3-12 Noon 01.MTS,3682.480,25.0,,Start,,,,,,POINT
363.211,D:/Pipefish Mesocosm Film/Trial 2/3-12-20/3-12 Noon 01.MTS,3682.480,25.0,Male,Wiggle,Courtship,Active wiggle,Female,2,,START
366.342,D:/Pipefish Mesocosm Film/Trial 2/3-12-20/3-12 Noon 01.MTS,3682.480,25.0,Male,Wiggle,Courtship,Active wiggle,Female,2,,STOP
366.343,D:/Pipefish Mesocosm Film/Trial 2/3-12-20/3-12 Noon 01.MTS,3682.480,25.0,Male,Inactive,,,,,,START
377.926,D:/Pipefish Mesocosm Film/Trial 2/3-12-20/3-12 Noon 01.MTS,3682.480,25.0,Female,Inactive,,,,,,START
393.405,D:/Pipefish Mesocosm Film/Trial 2/3-12-20/3-12 Noon 01.MTS,3682.480,25.0,Male,Inactive,,,,,,STOP
393.406,D:/Pipefish Mesocosm Film/Trial 2/3-12-20/3-12 Noon 01.MTS,3682.480,25.0,Male,Wiggle,Courtship,Active wiggle,Female,2,,START
396.439,D:/Pipefish Mesocosm Film/Trial 2/3-12-20/3-12 Noon 01.MTS,3682.480,25.0,Male,Wiggle,Courtship,Active wiggle,Female,2,,STOP
396.440,D:/Pipefish Mesocosm Film/Trial 2/3-12-20/3-12 Noon 01.MTS,3682.480,25.0,Male,Out of sight,,,,,,START
396.630,D:/Pipefish Mesocosm Film/Trial 2/3-12-20/3-12 Noon 01.MTS,3682.480,25.0,Female,Inactive,,,,,,STOP
396.630,D:/Pipefish Mesocosm Film/Trial 2/3-12-20/3-12 Noon 01.MTS,3682.480,25.0,Female,Out of sight,,,,,,START
402.139,D:/Pipefish Mesocosm Film/Trial 2/3-12-20/3-12 Noon 01.MTS,3682.480,25.0,Male,Out of sight,,,,,,STOP
402.611,D:/Pipefish Mesocosm Film/Trial 2/3-12-20/3-12 Noon 01.MTS,3682.480,25.0,Female,Out of sight,,,,,,STOP
403.185,D:/Pipefish Mesocosm Film/Trial 2/3-12-20/3-12 Noon 01.MTS,3682.480,25.0,,Stop,,,,,,POINT
411.444,D:/Pipefish Mesocosm Film/Trial 2/3-12-20/3-12 Noon 01.MTS,3682.480,25.0,,Start,,,,,"Group at the top of the plants next to pipe 
",POINT
412.440,D:/Pipefish Mesocosm Film/Trial 2/3-12-20/3-12 Noon 01.MTS,3682.480,25.0,Female,Swim away,,,,,,START
412.868,D:/Pipefish Mesocosm Film/Trial 2/3-12-20/3-12 Noon 01.MTS,3682.480,25.0,Male,Chasing,,,,,,START
415.048,D:/Pipefish Mesocosm Film/Trial 2/3-12-20/3-12 Noon 01.MTS,3682.480,25.0,Male,Surrounding,,,,,,START
440.398,D:/Pipefish Mesocosm Film/Trial 2/3-12-20/3-12 Noon 01.MTS,3682.480,25.0,Male,Chasing,,,,,,STOP
440.398,D:/Pipefish Mesocosm Film/Trial 2/3-12-20/3-12 Noon 01.MTS,3682.480,25.0,Male,Surrounding,,,,,,STOP
440.399,D:/Pipefish Mesocosm Film/Trial 2/3-12-20/3-12 Noon 01.MTS,3682.480,25.0,Male,Surrounding,,,,,,START
441.540,D:/Pipefish Mesocosm Film/Trial 2/3-12-20/3-12 Noon 01.MTS,3682.480,25.0,Female,Swim away,,,,,,STOP
441.541,D:/Pipefish Mesocosm Film/Trial 2/3-12-20/3-12 Noon 01.MTS,3682.480,25.0,Female,Inactive,,,,,,START
448.376,D:/Pipefish Mesocosm Film/Trial 2/3-12-20/3-12 Noon 01.MTS,3682.480,25.0,Female,Inactive,,,,,,STOP
448.377,D:/Pipefish Mesocosm Film/Trial 2/3-12-20/3-12 Noon 01.MTS,3682.480,25.0,Female,Swim away,,,,,,START
448.848,D:/Pipefish Mesocosm Film/Trial 2/3-12-20/3-12 Noon 01.MTS,3682.480,25.0,Male,Surrounding,,,,,,STOP
448.849,D:/Pipefish Mesocosm Film/Trial 2/3-12-20/3-12 Noon 01.MTS,3682.480,25.0,Male,Chasing,,,,,,START
482.269,D:/Pipefish Mesocosm Film/Trial 2/3-12-20/3-12 Noon 01.MTS,3682.480,25.0,Male,Chasing,,,,,,STOP
482.270,D:/Pipefish Mesocosm Film/Trial 2/3-12-20/3-12 Noon 01.MTS,3682.480,25.0,Male,Surrounding,,,,,,START
491.671,D:/Pipefish Mesocosm Film/Trial 2/3-12-20/3-12 Noon 01.MTS,3682.480,25.0,Male,Surrounding,,,,,,STOP
491.672,D:/Pipefish Mesocosm Film/Trial 2/3-12-20/3-12 Noon 01.MTS,3682.480,25.0,Male,Chasing,,,,,,START
499.078,D:/Pipefish Mesocosm Film/Trial 2/3-12-20/3-12 Noon 01.MTS,3682.480,25.0,Female,Swim away,,,,,,STOP
499.079,D:/Pipefish Mesocosm Film/Trial 2/3-12-20/3-12 Noon 01.MTS,3682.480,25.0,Female,Out of sight,,,,,,START
499.931,D:/Pipefish Mesocosm Film/Trial 2/3-12-20/3-12 Noon 01.MTS,3682.480,25.0,Male,Chasing,,,,,,STOP
499.932,D:/Pipefish Mesocosm Film/Trial 2/3-12-20/3-12 Noon 01.MTS,3682.480,25.0,Male,Out of sight,,,,,,START
504.203,D:/Pipefish Mesocosm Film/Trial 2/3-12-20/3-12 Noon 01.MTS,3682.480,25.0,Female,Out of sight,,,,,,STOP
504.204,D:/Pipefish Mesocosm Film/Trial 2/3-12-20/3-12 Noon 01.MTS,3682.480,25.0,Female,Inactive,,,,,,START
506.767,D:/Pipefish Mesocosm Film/Trial 2/3-12-20/3-12 Noon 01.MTS,3682.480,25.0,Female,Inactive,,,,,,STOP
506.768,D:/Pipefish Mesocosm Film/Trial 2/3-12-20/3-12 Noon 01.MTS,3682.480,25.0,Female,Swim away,,,,,,START
507.049,D:/Pipefish Mesocosm Film/Trial 2/3-12-20/3-12 Noon 01.MTS,3682.480,25.0,Male,Out of sight,,,,,,STOP
507.050,D:/Pipefish Mesocosm Film/Trial 2/3-12-20/3-12 Noon 01.MTS,3682.480,25.0,Male,Chasing,,,,,,START
518.162,D:/Pipefish Mesocosm Film/Trial 2/3-12-20/3-12 Noon 01.MTS,3682.480,25.0,Female,Swim away,,,,,,STOP
518.163,D:/Pipefish Mesocosm Film/Trial 2/3-12-20/3-12 Noon 01.MTS,3682.480,25.0,Female,Inactive,,,,,,START
519.014,D:/Pipefish Mesocosm Film/Trial 2/3-12-20/3-12 Noon 01.MTS,3682.480,25.0,Male,Chasing,,,,,,STOP
519.015,D:/Pipefish Mesocosm Film/Trial 2/3-12-20/3-12 Noon 01.MTS,3682.480,25.0,Male,Surrounding,,,,,,START
528.128,D:/Pipefish Mesocosm Film/Trial 2/3-12-20/3-12 Noon 01.MTS,3682.480,25.0,Female,Inactive,,,,,,STOP
528.129,D:/Pipefish Mesocosm Film/Trial 2/3-12-20/3-12 Noon 01.MTS,3682.480,25.0,Female,Swim away,,,,,,START
531.262,D:/Pipefish Mesocosm Film/Trial 2/3-12-20/3-12 Noon 01.MTS,3682.480,25.0,Male,Surrounding,,,,,,STOP
531.263,D:/Pipefish Mesocosm Film/Trial 2/3-12-20/3-12 Noon 01.MTS,3682.480,25.0,Male,Chasing,,,,,,START
536.292,D:/Pipefish Mesocosm Film/Trial 2/3-12-20/3-12 Noon 01.MTS,3682.480,25.0,Male,Chasing,,,,,,STOP
536.293,D:/Pipefish Mesocosm Film/Trial 2/3-12-20/3-12 Noon 01.MTS,3682.480,25.0,Male,Out of sight,,,,,,START
537.811,D:/Pipefish Mesocosm Film/Trial 2/3-12-20/3-12 Noon 01.MTS,3682.480,25.0,Female,Swim away,,,,,,STOP
537.812,D:/Pipefish Mesocosm Film/Trial 2/3-12-20/3-12 Noon 01.MTS,3682.480,25.0,Female,Out of sight,,,,,,START
541.232,D:/Pipefish Mesocosm Film/Trial 2/3-12-20/3-12 Noon 01.MTS,3682.480,25.0,Female,Out of sight,,,,,,STOP
541.233,D:/Pipefish Mesocosm Film/Trial 2/3-12-20/3-12 Noon 01.MTS,3682.480,25.0,Female,Inactive,,,,,,START
541.991,D:/Pipefish Mesocosm Film/Trial 2/3-12-20/3-12 Noon 01.MTS,3682.480,25.0,Male,Out of sight,,,,,,STOP
541.992,D:/Pipefish Mesocosm Film/Trial 2/3-12-20/3-12 Noon 01.MTS,3682.480,25.0,Male,Surrounding,,,,,,START
559.460,D:/Pipefish Mesocosm Film/Trial 2/3-12-20/3-12 Noon 01.MTS,3682.480,25.0,Female,Inactive,,,,,,STOP
559.461,D:/Pipefish Mesocosm Film/Trial 2/3-12-20/3-12 Noon 01.MTS,3682.480,25.0,Female,Swim away,,,,,,START
560.222,D:/Pipefish Mesocosm Film/Trial 2/3-12-20/3-12 Noon 01.MTS,3682.480,25.0,Male,Surrounding,,,,,,STOP
560.223,D:/Pipefish Mesocosm Film/Trial 2/3-12-20/3-12 Noon 01.MTS,3682.480,25.0,Male,Chasing,,,,,,START
611.774,D:/Pipefish Mesocosm Film/Trial 2/3-12-20/3-12 Noon 01.MTS,3682.480,25.0,Female,Swim away,,,,,,STOP
611.775,D:/Pipefish Mesocosm Film/Trial 2/3-12-20/3-12 Noon 01.MTS,3682.480,25.0,Female,Inactive,,,,,,START
625.070,D:/Pipefish Mesocosm Film/Trial 2/3-12-20/3-12 Noon 01.MTS,3682.480,25.0,Male,Chasing,,,,,,STOP
625.071,D:/Pipefish Mesocosm Film/Trial 2/3-12-20/3-12 Noon 01.MTS,3682.480,25.0,Male,Surrounding,,,,,,START
642.728,D:/Pipefish Mesocosm Film/Trial 2/3-12-20/3-12 Noon 01.MTS,3682.480,25.0,Male,Surrounding,,,,,,STOP
642.729,D:/Pipefish Mesocosm Film/Trial 2/3-12-20/3-12 Noon 01.MTS,3682.480,25.0,Male,Chasing,,,,,,START
643.299,D:/Pipefish Mesocosm Film/Trial 2/3-12-20/3-12 Noon 01.MTS,3682.480,25.0,Female,Inactive,,,,,,STOP
643.300,D:/Pipefish Mesocosm Film/Trial 2/3-12-20/3-12 Noon 01.MTS,3682.480,25.0,Female,Swim away,,,,,,START
645.199,D:/Pipefish Mesocosm Film/Trial 2/3-12-20/3-12 Noon 01.MTS,3682.480,25.0,Male,Chasing,,,,,,STOP
645.200,D:/Pipefish Mesocosm Film/Trial 2/3-12-20/3-12 Noon 01.MTS,3682.480,25.0,Male,Out of sight,,,,,,START
646.431,D:/Pipefish Mesocosm Film/Trial 2/3-12-20/3-12 Noon 01.MTS,3682.480,25.0,Female,Swim away,,,,,,STOP
646.432,D:/Pipefish Mesocosm Film/Trial 2/3-12-20/3-12 Noon 01.MTS,3682.480,25.0,Female,Out of sight,,,,,,START
653.456,D:/Pipefish Mesocosm Film/Trial 2/3-12-20/3-12 Noon 01.MTS,3682.480,25.0,Male,Out of sight,,,,,,STOP
653.457,D:/Pipefish Mesocosm Film/Trial 2/3-12-20/3-12 Noon 01.MTS,3682.480,25.0,Male,Chasing,,,,,,START
655.451,D:/Pipefish Mesocosm Film/Trial 2/3-12-20/3-12 Noon 01.MTS,3682.480,25.0,Female,Out of sight,,,,,,STOP
655.452,D:/Pipefish Mesocosm Film/Trial 2/3-12-20/3-12 Noon 01.MTS,3682.480,25.0,Female,Swim away,,,,,,START
669.122,D:/Pipefish Mesocosm Film/Trial 2/3-12-20/3-12 Noon 01.MTS,3682.480,25.0,Female,Swim away,,,,,,STOP
669.123,D:/Pipefish Mesocosm Film/Trial 2/3-12-20/3-12 Noon 01.MTS,3682.480,25.0,Female,Out of sight,,,,,,START
670.830,D:/Pipefish Mesocosm Film/Trial 2/3-12-20/3-12 Noon 01.MTS,3682.480,25.0,Male,Chasing,,,,,,STOP
670.831,D:/Pipefish Mesocosm Film/Trial 2/3-12-20/3-12 Noon 01.MTS,3682.480,25.0,Male,Out of sight,,,,,,START
681.371,D:/Pipefish Mesocosm Film/Trial 2/3-12-20/3-12 Noon 01.MTS,3682.480,25.0,Female,Out of sight,,,,,,STOP
681.372,D:/Pipefish Mesocosm Film/Trial 2/3-12-20/3-12 Noon 01.MTS,3682.480,25.0,Female,Inactive,,,,,,START
686.877,D:/Pipefish Mesocosm Film/Trial 2/3-12-20/3-12 Noon 01.MTS,3682.480,25.0,Male,Out of sight,,,,,,STOP
686.878,D:/Pipefish Mesocosm Film/Trial 2/3-12-20/3-12 Noon 01.MTS,3682.480,25.0,Male,Surrounding,,,,,,START
713.555,D:/Pipefish Mesocosm Film/Trial 2/3-12-20/3-12 Noon 01.MTS,3682.480,25.0,Male,Surrounding,,,,,,STOP
713.556,D:/Pipefish Mesocosm Film/Trial 2/3-12-20/3-12 Noon 01.MTS,3682.480,25.0,Male,Chasing,,,,,,START
713.651,D:/Pipefish Mesocosm Film/Trial 2/3-12-20/3-12 Noon 01.MTS,3682.480,25.0,Female,Inactive,,,,,,STOP
713.652,D:/Pipefish Mesocosm Film/Trial 2/3-12-20/3-12 Noon 01.MTS,3682.480,25.0,Female,Swim away,,,,,,START
719.062,D:/Pipefish Mesocosm Film/Trial 2/3-12-20/3-12 Noon 01.MTS,3682.480,25.0,Female,Swim away,,,,,,STOP
719.063,D:/Pipefish Mesocosm Film/Trial 2/3-12-20/3-12 Noon 01.MTS,3682.480,25.0,Female,Out of sight,,,,,,START
722.195,D:/Pipefish Mesocosm Film/Trial 2/3-12-20/3-12 Noon 01.MTS,3682.480,25.0,Male,Chasing,,,,,,STOP
722.196,D:/Pipefish Mesocosm Film/Trial 2/3-12-20/3-12 Noon 01.MTS,3682.480,25.0,Male,Out of sight,,,,,,START
726.753,D:/Pipefish Mesocosm Film/Trial 2/3-12-20/3-12 Noon 01.MTS,3682.480,25.0,Male,Out of sight,,,,,,STOP
726.754,D:/Pipefish Mesocosm Film/Trial 2/3-12-20/3-12 Noon 01.MTS,3682.480,25.0,Male,Chasing,,,,,,START
727.332,D:/Pipefish Mesocosm Film/Trial 2/3-12-20/3-12 Noon 01.MTS,3682.480,25.0,Female,Out of sight,,,,,,STOP
727.333,D:/Pipefish Mesocosm Film/Trial 2/3-12-20/3-12 Noon 01.MTS,3682.480,25.0,Female,Swim away,,,,,,START
761.315,D:/Pipefish Mesocosm Film/Trial 2/3-12-20/3-12 Noon 01.MTS,3682.480,25.0,Female,Swim away,,,,,,STOP
761.316,D:/Pipefish Mesocosm Film/Trial 2/3-12-20/3-12 Noon 01.MTS,3682.480,25.0,Female,Out of sight,,,,,,START
765.584,D:/Pipefish Mesocosm Film/Trial 2/3-12-20/3-12 Noon 01.MTS,3682.480,25.0,Female,Out of sight,,,,,,STOP
765.585,D:/Pipefish Mesocosm Film/Trial 2/3-12-20/3-12 Noon 01.MTS,3682.480,25.0,Female,Swim away,,,,,,START
774.798,D:/Pipefish Mesocosm Film/Trial 2/3-12-20/3-12 Noon 01.MTS,3682.480,25.0,Female,Swim away,,,,,,STOP
774.799,D:/Pipefish Mesocosm Film/Trial 2/3-12-20/3-12 Noon 01.MTS,3682.480,25.0,Female,Out of sight,,,,,,START
776.030,D:/Pipefish Mesocosm Film/Trial 2/3-12-20/3-12 Noon 01.MTS,3682.480,25.0,Male,Chasing,,,,,,STOP
776.031,D:/Pipefish Mesocosm Film/Trial 2/3-12-20/3-12 Noon 01.MTS,3682.480,25.0,Male,Out of sight,,,,,,START
779.636,D:/Pipefish Mesocosm Film/Trial 2/3-12-20/3-12 Noon 01.MTS,3682.480,25.0,Female,Out of sight,,,,,,STOP
779.637,D:/Pipefish Mesocosm Film/Trial 2/3-12-20/3-12 Noon 01.MTS,3682.480,25.0,Female,Inactive,,,,,,START
781.348,D:/Pipefish Mesocosm Film/Trial 2/3-12-20/3-12 Noon 01.MTS,3682.480,25.0,Female,Inactive,,,,,,STOP
781.349,D:/Pipefish Mesocosm Film/Trial 2/3-12-20/3-12 Noon 01.MTS,3682.480,25.0,Female,Out of sight,,,,,,START
787.421,D:/Pipefish Mesocosm Film/Trial 2/3-12-20/3-12 Noon 01.MTS,3682.480,25.0,Female,Out of sight,,,,,,STOP
787.422,D:/Pipefish Mesocosm Film/Trial 2/3-12-20/3-12 Noon 01.MTS,3682.480,25.0,Female,Inactive,,,,,,START
795.781,D:/Pipefish Mesocosm Film/Trial 2/3-12-20/3-12 Noon 01.MTS,3682.480,25.0,Male,Out of sight,,,,,,STOP
795.782,D:/Pipefish Mesocosm Film/Trial 2/3-12-20/3-12 Noon 01.MTS,3682.480,25.0,Male,Surrounding,,,,,,START
812.110,D:/Pipefish Mesocosm Film/Trial 2/3-12-20/3-12 Noon 01.MTS,3682.480,25.0,Male,Surrounding,,,,,,STOP
812.111,D:/Pipefish Mesocosm Film/Trial 2/3-12-20/3-12 Noon 01.MTS,3682.480,25.0,Male,Out of sight,,,,,,START
814.670,D:/Pipefish Mesocosm Film/Trial 2/3-12-20/3-12 Noon 01.MTS,3682.480,25.0,Male,Out of sight,,,,,,STOP
814.671,D:/Pipefish Mesocosm Film/Trial 2/3-12-20/3-12 Noon 01.MTS,3682.480,25.0,Male,Surrounding,,,,,,START
823.884,D:/Pipefish Mesocosm Film/Trial 2/3-12-20/3-12 Noon 01.MTS,3682.480,25.0,Female,Inactive,,,,,,STOP
823.885,D:/Pipefish Mesocosm Film/Trial 2/3-12-20/3-12 Noon 01.MTS,3682.480,25.0,Female,Out of sight,,,,,,START
825.405,D:/Pipefish Mesocosm Film/Trial 2/3-12-20/3-12 Noon 01.MTS,3682.480,25.0,Male,Surrounding,,,,,,STOP
825.406,D:/Pipefish Mesocosm Film/Trial 2/3-12-20/3-12 Noon 01.MTS,3682.480,25.0,Male,Out of sight,,,,,,START
828.248,D:/Pipefish Mesocosm Film/Trial 2/3-12-20/3-12 Noon 01.MTS,3682.480,25.0,Female,Out of sight,,,,,,STOP
828.249,D:/Pipefish Mesocosm Film/Trial 2/3-12-20/3-12 Noon 01.MTS,3682.480,25.0,Female,Inactive,,,,,,START
828.251,D:/Pipefish Mesocosm Film/Trial 2/3-12-20/3-12 Noon 01.MTS,3682.480,25.0,Male,Out of sight,,,,,,STOP
828.252,D:/Pipefish Mesocosm Film/Trial 2/3-12-20/3-12 Noon 01.MTS,3682.480,25.0,Male,Surrounding,,,,,,START
842.493,D:/Pipefish Mesocosm Film/Trial 2/3-12-20/3-12 Noon 01.MTS,3682.480,25.0,Male,Surrounding,,,,,,STOP
842.494,D:/Pipefish Mesocosm Film/Trial 2/3-12-20/3-12 Noon 01.MTS,3682.480,25.0,Male,Out of sight,,,,,,START
845.056,D:/Pipefish Mesocosm Film/Trial 2/3-12-20/3-12 Noon 01.MTS,3682.480,25.0,Male,Out of sight,,,,,,STOP
845.057,D:/Pipefish Mesocosm Film/Trial 2/3-12-20/3-12 Noon 01.MTS,3682.480,25.0,Male,Surrounding,,,,,,START
861.007,D:/Pipefish Mesocosm Film/Trial 2/3-12-20/3-12 Noon 01.MTS,3682.480,25.0,Male,Surrounding,,,,,,STOP
861.863,D:/Pipefish Mesocosm Film/Trial 2/3-12-20/3-12 Noon 01.MTS,3682.480,25.0,Female,Inactive,,,,,,STOP
862.243,D:/Pipefish Mesocosm Film/Trial 2/3-12-20/3-12 Noon 01.MTS,3682.480,25.0,,Stop,,,,,,POINT
871.545,D:/Pipefish Mesocosm Film/Trial 2/3-12-20/3-12 Noon 01.MTS,3682.480,25.0,,Start,,,,,,POINT
871.545,D:/Pipefish Mesocosm Film/Trial 2/3-12-20/3-12 Noon 01.MTS,3682.480,25.0,Male,Surrounding,,,,,,START
872.591,D:/Pipefish Mesocosm Film/Trial 2/3-12-20/3-12 Noon 01.MTS,3682.480,25.0,Female,Inactive,,,,,,START
873.537,D:/Pipefish Mesocosm Film/Trial 2/3-12-20/3-12 Noon 01.MTS,3682.480,25.0,Male,Surrounding,,,,,,STOP
873.538,D:/Pipefish Mesocosm Film/Trial 2/3-12-20/3-12 Noon 01.MTS,3682.480,25.0,Male,Chasing,,,,,,START
873.920,D:/Pipefish Mesocosm Film/Trial 2/3-12-20/3-12 Noon 01.MTS,3682.480,25.0,Female,Inactive,,,,,,STOP
873.921,D:/Pipefish Mesocosm Film/Trial 2/3-12-20/3-12 Noon 01.MTS,3682.480,25.0,Female,Swim away,,,,,,START
875.340,D:/Pipefish Mesocosm Film/Trial 2/3-12-20/3-12 Noon 01.MTS,3682.480,25.0,Male,Chasing,,,,,,STOP
875.341,D:/Pipefish Mesocosm Film/Trial 2/3-12-20/3-12 Noon 01.MTS,3682.480,25.0,Male,Out of sight,,,,,,START
875.723,D:/Pipefish Mesocosm Film/Trial 2/3-12-20/3-12 Noon 01.MTS,3682.480,25.0,Female,Swim away,,,,,,STOP
875.724,D:/Pipefish Mesocosm Film/Trial 2/3-12-20/3-12 Noon 01.MTS,3682.480,25.0,Female,Out of sight,,,,,,START
878.292,D:/Pipefish Mesocosm Film/Trial 2/3-12-20/3-12 Noon 01.MTS,3682.480,25.0,Female,Out of sight,,,,,,STOP
878.293,D:/Pipefish Mesocosm Film/Trial 2/3-12-20/3-12 Noon 01.MTS,3682.480,25.0,Female,Pose,,Non-s pose,Male,Front,,START
878.477,D:/Pipefish Mesocosm Film/Trial 2/3-12-20/3-12 Noon 01.MTS,3682.480,25.0,Male,Out of sight,,,,,,STOP
878.478,D:/Pipefish Mesocosm Film/Trial 2/3-12-20/3-12 Noon 01.MTS,3682.480,25.0,Male,Chasing,,,,,,START
880.563,D:/Pipefish Mesocosm Film/Trial 2/3-12-20/3-12 Noon 01.MTS,3682.480,25.0,Female,Pose,,Non-s pose,Male,Front,,STOP
880.564,D:/Pipefish Mesocosm Film/Trial 2/3-12-20/3-12 Noon 01.MTS,3682.480,25.0,Female,Out of sight,,,,,,START
881.134,D:/Pipefish Mesocosm Film/Trial 2/3-12-20/3-12 Noon 01.MTS,3682.480,25.0,Male,Chasing,,,,,,STOP
881.135,D:/Pipefish Mesocosm Film/Trial 2/3-12-20/3-12 Noon 01.MTS,3682.480,25.0,Male,Out of sight,,,,,,START
882.842,D:/Pipefish Mesocosm Film/Trial 2/3-12-20/3-12 Noon 01.MTS,3682.480,25.0,Female,Out of sight,,,,,,STOP
882.843,D:/Pipefish Mesocosm Film/Trial 2/3-12-20/3-12 Noon 01.MTS,3682.480,25.0,Female,Wiggle,Courtship,Subtle wiggle,Male,3,,START
884.555,D:/Pipefish Mesocosm Film/Trial 2/3-12-20/3-12 Noon 01.MTS,3682.480,25.0,Female,Wiggle,Courtship,Subtle wiggle,Male,3,,STOP
884.556,D:/Pipefish Mesocosm Film/Trial 2/3-12-20/3-12 Noon 01.MTS,3682.480,25.0,Female,Out of sight,,,,,,START
887.402,D:/Pipefish Mesocosm Film/Trial 2/3-12-20/3-12 Noon 01.MTS,3682.480,25.0,Female,Out of sight,,,,,,STOP
887.403,D:/Pipefish Mesocosm Film/Trial 2/3-12-20/3-12 Noon 01.MTS,3682.480,25.0,Female,Swim away,,,,,,START
889.962,D:/Pipefish Mesocosm Film/Trial 2/3-12-20/3-12 Noon 01.MTS,3682.480,25.0,Female,Swim away,,,,,,STOP
889.963,D:/Pipefish Mesocosm Film/Trial 2/3-12-20/3-12 Noon 01.MTS,3682.480,25.0,Female,Out of sight,,,,,,START
894.434,D:/Pipefish Mesocosm Film/Trial 2/3-12-20/3-12 Noon 01.MTS,3682.480,25.0,Male,Out of sight,,,,,,STOP
894.998,D:/Pipefish Mesocosm Film/Trial 2/3-12-20/3-12 Noon 01.MTS,3682.480,25.0,Female,Out of sight,,,,,,STOP
895.949,D:/Pipefish Mesocosm Film/Trial 2/3-12-20/3-12 Noon 01.MTS,3682.480,25.0,,Stop,,,,,,POINT
1110.285,D:/Pipefish Mesocosm Film/Trial 2/3-12-20/3-12 Noon 01.MTS,3682.480,25.0,,Start,,,,,,POINT
1111.187,D:/Pipefish Mesocosm Film/Trial 2/3-12-20/3-12 Noon 01.MTS,3682.480,25.0,Female,Wiggle,Courtship,Active wiggle,Male,3,,START
1111.285,D:/Pipefish Mesocosm Film/Trial 2/3-12-20/3-12 Noon 01.MTS,3682.480,25.0,Male,Inactive,,,,,,START
1114.892,D:/Pipefish Mesocosm Film/Trial 2/3-12-20/3-12 Noon 01.MTS,3682.480,25.0,Female,Wiggle,Courtship,Active wiggle,Male,3,,STOP
1114.893,D:/Pipefish Mesocosm Film/Trial 2/3-12-20/3-12 Noon 01.MTS,3682.480,25.0,Female,Inactive,,,,,,START
1115.838,D:/Pipefish Mesocosm Film/Trial 2/3-12-20/3-12 Noon 01.MTS,3682.480,25.0,Male,Inactive,,,,,,STOP
1115.839,D:/Pipefish Mesocosm Film/Trial 2/3-12-20/3-12 Noon 01.MTS,3682.480,25.0,Male,Surrounding,,,,,,START
1116.316,D:/Pipefish Mesocosm Film/Trial 2/3-12-20/3-12 Noon 01.MTS,3682.480,25.0,Female,Inactive,,,,,,STOP
1116.317,D:/Pipefish Mesocosm Film/Trial 2/3-12-20/3-12 Noon 01.MTS,3682.480,25.0,Female,Wiggle,Courtship,Active wiggle,Male,3,,START
1118.027,D:/Pipefish Mesocosm Film/Trial 2/3-12-20/3-12 Noon 01.MTS,3682.480,25.0,Female,Wiggle,Courtship,Active wiggle,Male,3,,STOP
1118.028,D:/Pipefish Mesocosm Film/Trial 2/3-12-20/3-12 Noon 01.MTS,3682.480,25.0,Female,Inactive,,,,,,START
1121.924,D:/Pipefish Mesocosm Film/Trial 2/3-12-20/3-12 Noon 01.MTS,3682.480,25.0,Male,Surrounding,,,,,,STOP
1121.925,D:/Pipefish Mesocosm Film/Trial 2/3-12-20/3-12 Noon 01.MTS,3682.480,25.0,Male,Chasing,,,,,,START
1122.487,D:/Pipefish Mesocosm Film/Trial 2/3-12-20/3-12 Noon 01.MTS,3682.480,25.0,Female,Inactive,,,,,,STOP
1122.488,D:/Pipefish Mesocosm Film/Trial 2/3-12-20/3-12 Noon 01.MTS,3682.480,25.0,Female,Swim away,,,,,,START
1140.621,D:/Pipefish Mesocosm Film/Trial 2/3-12-20/3-12 Noon 01.MTS,3682.480,25.0,Female,Swim away,,,,,,STOP
1140.622,D:/Pipefish Mesocosm Film/Trial 2/3-12-20/3-12 Noon 01.MTS,3682.480,25.0,Female,Out of sight,,,,,,START
1141.858,D:/Pipefish Mesocosm Film/Trial 2/3-12-20/3-12 Noon 01.MTS,3682.480,25.0,Male,Chasing,,,,,,STOP
1141.859,D:/Pipefish Mesocosm Film/Trial 2/3-12-20/3-12 Noon 01.MTS,3682.480,25.0,Male,Out of sight,,,,,,START
1150.305,D:/Pipefish Mesocosm Film/Trial 2/3-12-20/3-12 Noon 01.MTS,3682.480,25.0,Female,Out of sight,,,,,,STOP
1150.306,D:/Pipefish Mesocosm Film/Trial 2/3-12-20/3-12 Noon 01.MTS,3682.480,25.0,Female,Swim away,,,,,,START
1150.685,D:/Pipefish Mesocosm Film/Trial 2/3-12-20/3-12 Noon 01.MTS,3682.480,25.0,Male,Out of sight,,,,,,STOP
1150.686,D:/Pipefish Mesocosm Film/Trial 2/3-12-20/3-12 Noon 01.MTS,3682.480,25.0,Male,Chasing,,,,,,START
1156.287,D:/Pipefish Mesocosm Film/Trial 2/3-12-20/3-12 Noon 01.MTS,3682.480,25.0,Male,Chasing,,,,,,STOP
1156.288,D:/Pipefish Mesocosm Film/Trial 2/3-12-20/3-12 Noon 01.MTS,3682.480,25.0,Male,Out of sight,,,,,,START
1157.902,D:/Pipefish Mesocosm Film/Trial 2/3-12-20/3-12 Noon 01.MTS,3682.480,25.0,Female,Swim away,,,,,,STOP
1157.903,D:/Pipefish Mesocosm Film/Trial 2/3-12-20/3-12 Noon 01.MTS,3682.480,25.0,Female,Out of sight,,,,,,START
1159.421,D:/Pipefish Mesocosm Film/Trial 2/3-12-20/3-12 Noon 01.MTS,3682.480,25.0,Male,Out of sight,,,,,,STOP
1159.422,D:/Pipefish Mesocosm Film/Trial 2/3-12-20/3-12 Noon 01.MTS,3682.480,25.0,Male,Surrounding,,,,,,START
1160.466,D:/Pipefish Mesocosm Film/Trial 2/3-12-20/3-12 Noon 01.MTS,3682.480,25.0,Female,Out of sight,,,,,,STOP
1160.467,D:/Pipefish Mesocosm Film/Trial 2/3-12-20/3-12 Noon 01.MTS,3682.480,25.0,Female,Inactive,,,,,,START
1170.342,D:/Pipefish Mesocosm Film/Trial 2/3-12-20/3-12 Noon 01.MTS,3682.480,25.0,Female,Inactive,,,,,,STOP
1170.343,D:/Pipefish Mesocosm Film/Trial 2/3-12-20/3-12 Noon 01.MTS,3682.480,25.0,Female,Out of sight,,,,,,START
1171.198,D:/Pipefish Mesocosm Film/Trial 2/3-12-20/3-12 Noon 01.MTS,3682.480,25.0,Male,Surrounding,,,,,,STOP
1171.199,D:/Pipefish Mesocosm Film/Trial 2/3-12-20/3-12 Noon 01.MTS,3682.480,25.0,Male,Out of sight,,,,,,START
1175.091,D:/Pipefish Mesocosm Film/Trial 2/3-12-20/3-12 Noon 01.MTS,3682.480,25.0,Female,Out of sight,,,,,,STOP
1175.092,D:/Pipefish Mesocosm Film/Trial 2/3-12-20/3-12 Noon 01.MTS,3682.480,25.0,Female,Inactive,,,,,,START
1175.470,D:/Pipefish Mesocosm Film/Trial 2/3-12-20/3-12 Noon 01.MTS,3682.480,25.0,Male,Out of sight,,,,,,STOP
1175.471,D:/Pipefish Mesocosm Film/Trial 2/3-12-20/3-12 Noon 01.MTS,3682.480,25.0,Male,Surrounding,,,,,,START
1180.978,D:/Pipefish Mesocosm Film/Trial 2/3-12-20/3-12 Noon 01.MTS,3682.480,25.0,Female,Inactive,,,,,,STOP
1180.978,D:/Pipefish Mesocosm Film/Trial 2/3-12-20/3-12 Noon 01.MTS,3682.480,25.0,Male,Surrounding,,,,,,STOP
1181.554,D:/Pipefish Mesocosm Film/Trial 2/3-12-20/3-12 Noon 01.MTS,3682.480,25.0,,Stop,,,,,,POINT
1534.786,D:/Pipefish Mesocosm Film/Trial 2/3-12-20/3-12 Noon 01.MTS,3682.480,25.0,,Start,,,,,,POINT
1535.123,D:/Pipefish Mesocosm Film/Trial 2/3-12-20/3-12 Noon 01.MTS,3682.480,25.0,Female,Inactive,,,,,,START
1535.123,D:/Pipefish Mesocosm Film/Trial 2/3-12-20/3-12 Noon 01.MTS,3682.480,25.0,Male,Wiggle,Courtship,Active wiggle,Female,2,,START
1537.968,D:/Pipefish Mesocosm Film/Trial 2/3-12-20/3-12 Noon 01.MTS,3682.480,25.0,Male,Wiggle,Courtship,Active wiggle,Female,2,,STOP
1537.969,D:/Pipefish Mesocosm Film/Trial 2/3-12-20/3-12 Noon 01.MTS,3682.480,25.0,Male,Out of sight,,,,,,START
1538.536,D:/Pipefish Mesocosm Film/Trial 2/3-12-20/3-12 Noon 01.MTS,3682.480,25.0,Female,Inactive,,,,,,STOP
1538.537,D:/Pipefish Mesocosm Film/Trial 2/3-12-20/3-12 Noon 01.MTS,3682.480,25.0,Female,Out of sight,,,,,,START
1540.155,D:/Pipefish Mesocosm Film/Trial 2/3-12-20/3-12 Noon 01.MTS,3682.480,25.0,Male,Out of sight,,,,,,STOP
1540.156,D:/Pipefish Mesocosm Film/Trial 2/3-12-20/3-12 Noon 01.MTS,3682.480,25.0,Male,Surrounding,,,,,,START
1541.956,D:/Pipefish Mesocosm Film/Trial 2/3-12-20/3-12 Noon 01.MTS,3682.480,25.0,Female,Out of sight,,,,,,STOP
1541.957,D:/Pipefish Mesocosm Film/Trial 2/3-12-20/3-12 Noon 01.MTS,3682.480,25.0,Female,Swim away,,,,,,START
1546.420,D:/Pipefish Mesocosm Film/Trial 2/3-12-20/3-12 Noon 01.MTS,3682.480,25.0,Female,Swim away,,,,,,STOP
1546.421,D:/Pipefish Mesocosm Film/Trial 2/3-12-20/3-12 Noon 01.MTS,3682.480,25.0,Female,Out of sight,,,,,,START
1548.414,D:/Pipefish Mesocosm Film/Trial 2/3-12-20/3-12 Noon 01.MTS,3682.480,25.0,Male,Surrounding,,,,,,STOP
1548.415,D:/Pipefish Mesocosm Film/Trial 2/3-12-20/3-12 Noon 01.MTS,3682.480,25.0,Male,Out of sight,,,,,,START
1553.259,D:/Pipefish Mesocosm Film/Trial 2/3-12-20/3-12 Noon 01.MTS,3682.480,25.0,Female,Out of sight,,,,,,STOP
1553.260,D:/Pipefish Mesocosm Film/Trial 2/3-12-20/3-12 Noon 01.MTS,3682.480,25.0,Female,Inactive,,,,,,START
1553.260,D:/Pipefish Mesocosm Film/Trial 2/3-12-20/3-12 Noon 01.MTS,3682.480,25.0,Male,Out of sight,,,,,,STOP
1553.261,D:/Pipefish Mesocosm Film/Trial 2/3-12-20/3-12 Noon 01.MTS,3682.480,25.0,Male,Surrounding,,,,,,START
1555.533,D:/Pipefish Mesocosm Film/Trial 2/3-12-20/3-12 Noon 01.MTS,3682.480,25.0,Male,Surrounding,,,,,,STOP
1555.534,D:/Pipefish Mesocosm Film/Trial 2/3-12-20/3-12 Noon 01.MTS,3682.480,25.0,Male,Chasing,,,,,,START
1556.388,D:/Pipefish Mesocosm Film/Trial 2/3-12-20/3-12 Noon 01.MTS,3682.480,25.0,Female,Inactive,,,,,,STOP
1556.389,D:/Pipefish Mesocosm Film/Trial 2/3-12-20/3-12 Noon 01.MTS,3682.480,25.0,Female,Swim away,,,,,,START
1561.803,D:/Pipefish Mesocosm Film/Trial 2/3-12-20/3-12 Noon 01.MTS,3682.480,25.0,Male,Chasing,,,,,,STOP
1561.804,D:/Pipefish Mesocosm Film/Trial 2/3-12-20/3-12 Noon 01.MTS,3682.480,25.0,Male,Inactive,,,,,,START
1565.505,D:/Pipefish Mesocosm Film/Trial 2/3-12-20/3-12 Noon 01.MTS,3682.480,25.0,Female,Swim away,,,,,,STOP
1565.506,D:/Pipefish Mesocosm Film/Trial 2/3-12-20/3-12 Noon 01.MTS,3682.480,25.0,Female,Inactive,,,,,,START
1586.965,D:/Pipefish Mesocosm Film/Trial 2/3-12-20/3-12 Noon 01.MTS,3682.480,25.0,Male,Inactive,,,,,,STOP
1586.966,D:/Pipefish Mesocosm Film/Trial 2/3-12-20/3-12 Noon 01.MTS,3682.480,25.0,Male,Out of sight,,,,,,START
1587.718,D:/Pipefish Mesocosm Film/Trial 2/3-12-20/3-12 Noon 01.MTS,3682.480,25.0,Female,Inactive,,,,,,STOP
1587.719,D:/Pipefish Mesocosm Film/Trial 2/3-12-20/3-12 Noon 01.MTS,3682.480,25.0,Female,Out of sight,,,,,,START
1597.783,D:/Pipefish Mesocosm Film/Trial 2/3-12-20/3-12 Noon 01.MTS,3682.480,25.0,Female,Out of sight,,,,,,STOP
1597.783,D:/Pipefish Mesocosm Film/Trial 2/3-12-20/3-12 Noon 01.MTS,3682.480,25.0,Male,Out of sight,,,,,,STOP
1598.272,D:/Pipefish Mesocosm Film/Trial 2/3-12-20/3-12 Noon 01.MTS,3682.480,25.0,,Stop,,,,,,POINT
1656.462,D:/Pipefish Mesocosm Film/Trial 2/3-12-20/3-12 Noon 01.MTS,3682.480,25.0,,Start,,,,,,POINT
1656.462,D:/Pipefish Mesocosm Film/Trial 2/3-12-20/3-12 Noon 01.MTS,3682.480,25.0,Male,Wiggle,Courtship,Active wiggle,Female,3,,START
1657.126,D:/Pipefish Mesocosm Film/Trial 2/3-12-20/3-12 Noon 01.MTS,3682.480,25.0,Female,Pose,,S pose,Male,Front,,START
1664.532,D:/Pipefish Mesocosm Film/Trial 2/3-12-20/3-12 Noon 01.MTS,3682.480,25.0,Male,Wiggle,Courtship,Active wiggle,Female,3,,STOP
1664.533,D:/Pipefish Mesocosm Film/Trial 2/3-12-20/3-12 Noon 01.MTS,3682.480,25.0,Male,Inactive,,,,,,START
1665.102,D:/Pipefish Mesocosm Film/Trial 2/3-12-20/3-12 Noon 01.MTS,3682.480,25.0,Female,Pose,,S pose,Male,Front,,STOP
1665.103,D:/Pipefish Mesocosm Film/Trial 2/3-12-20/3-12 Noon 01.MTS,3682.480,25.0,Female,Inactive,,,,,,START
1667.382,D:/Pipefish Mesocosm Film/Trial 2/3-12-20/3-12 Noon 01.MTS,3682.480,25.0,Male,Inactive,,,,,,STOP
1667.383,D:/Pipefish Mesocosm Film/Trial 2/3-12-20/3-12 Noon 01.MTS,3682.480,25.0,Male,Wiggle,Courtship,Subtle wiggle,Female,2,,START
1672.887,D:/Pipefish Mesocosm Film/Trial 2/3-12-20/3-12 Noon 01.MTS,3682.480,25.0,Male,Wiggle,Courtship,Subtle wiggle,Female,2,,STOP
1672.888,D:/Pipefish Mesocosm Film/Trial 2/3-12-20/3-12 Noon 01.MTS,3682.480,25.0,Male,Inactive,,,,,,START
1678.296,D:/Pipefish Mesocosm Film/Trial 2/3-12-20/3-12 Noon 01.MTS,3682.480,25.0,Male,Inactive,,,,,,STOP
1678.297,D:/Pipefish Mesocosm Film/Trial 2/3-12-20/3-12 Noon 01.MTS,3682.480,25.0,Male,Out of sight,,,,,,START
1679.629,D:/Pipefish Mesocosm Film/Trial 2/3-12-20/3-12 Noon 01.MTS,3682.480,25.0,Female,Inactive,,,,,,STOP
1679.630,D:/Pipefish Mesocosm Film/Trial 2/3-12-20/3-12 Noon 01.MTS,3682.480,25.0,Female,Pose,,S pose,Male,Front,,START
1685.422,D:/Pipefish Mesocosm Film/Trial 2/3-12-20/3-12 Noon 01.MTS,3682.480,25.0,Female,Pose,,S pose,Male,Front,,STOP
1685.423,D:/Pipefish Mesocosm Film/Trial 2/3-12-20/3-12 Noon 01.MTS,3682.480,25.0,Female,Inactive,,,,,,START
1687.415,D:/Pipefish Mesocosm Film/Trial 2/3-12-20/3-12 Noon 01.MTS,3682.480,25.0,Male,Out of sight,,,,,,STOP
1687.416,D:/Pipefish Mesocosm Film/Trial 2/3-12-20/3-12 Noon 01.MTS,3682.480,25.0,Male,Wiggle,Courtship,Active wiggle,Female,2,,START
1691.688,D:/Pipefish Mesocosm Film/Trial 2/3-12-20/3-12 Noon 01.MTS,3682.480,25.0,Male,Wiggle,Courtship,Active wiggle,Female,2,,STOP
1691.689,D:/Pipefish Mesocosm Film/Trial 2/3-12-20/3-12 Noon 01.MTS,3682.480,25.0,Male,Inactive,,,,,,START
1693.965,D:/Pipefish Mesocosm Film/Trial 2/3-12-20/3-12 Noon 01.MTS,3682.480,25.0,Female,Inactive,,,,,,STOP
1693.966,D:/Pipefish Mesocosm Film/Trial 2/3-12-20/3-12 Noon 01.MTS,3682.480,25.0,Female,Pose,,Non-s pose,Male,Front,,START
1700.233,D:/Pipefish Mesocosm Film/Trial 2/3-12-20/3-12 Noon 01.MTS,3682.480,25.0,Female,Pose,,Non-s pose,Male,Front,,STOP
1700.234,D:/Pipefish Mesocosm Film/Trial 2/3-12-20/3-12 Noon 01.MTS,3682.480,25.0,Female,Inactive,,,,,,START
1718.752,D:/Pipefish Mesocosm Film/Trial 2/3-12-20/3-12 Noon 01.MTS,3682.480,25.0,Female,Inactive,,,,,,STOP
1718.753,D:/Pipefish Mesocosm Film/Trial 2/3-12-20/3-12 Noon 01.MTS,3682.480,25.0,Female,Out of sight,,,,,,START
1721.878,D:/Pipefish Mesocosm Film/Trial 2/3-12-20/3-12 Noon 01.MTS,3682.480,25.0,Male,Inactive,,,,,,STOP
1721.879,D:/Pipefish Mesocosm Film/Trial 2/3-12-20/3-12 Noon 01.MTS,3682.480,25.0,Male,Out of sight,,,,,,START
1729.186,D:/Pipefish Mesocosm Film/Trial 2/3-12-20/3-12 Noon 01.MTS,3682.480,25.0,Female,Out of sight,,,,,,STOP
1729.187,D:/Pipefish Mesocosm Film/Trial 2/3-12-20/3-12 Noon 01.MTS,3682.480,25.0,Female,Inactive,,,,,,START
1729.282,D:/Pipefish Mesocosm Film/Trial 2/3-12-20/3-12 Noon 01.MTS,3682.480,25.0,Male,Out of sight,,,,,,STOP
1729.283,D:/Pipefish Mesocosm Film/Trial 2/3-12-20/3-12 Noon 01.MTS,3682.480,25.0,Male,Inactive,,,,,,START
1732.226,D:/Pipefish Mesocosm Film/Trial 2/3-12-20/3-12 Noon 01.MTS,3682.480,25.0,Male,Inactive,,,,,,STOP
1732.227,D:/Pipefish Mesocosm Film/Trial 2/3-12-20/3-12 Noon 01.MTS,3682.480,25.0,Male,Wiggle,Courtship,Active wiggle,Female,3,,START
1738.686,D:/Pipefish Mesocosm Film/Trial 2/3-12-20/3-12 Noon 01.MTS,3682.480,25.0,Male,Wiggle,Courtship,Active wiggle,Female,3,,STOP
1738.687,D:/Pipefish Mesocosm Film/Trial 2/3-12-20/3-12 Noon 01.MTS,3682.480,25.0,Male,Inactive,,,,,,START
1763.844,D:/Pipefish Mesocosm Film/Trial 2/3-12-20/3-12 Noon 01.MTS,3682.480,25.0,Male,Inactive,,,,,,STOP
1763.845,D:/Pipefish Mesocosm Film/Trial 2/3-12-20/3-12 Noon 01.MTS,3682.480,25.0,Male,Wiggle,Courtship,Active wiggle,Female,2,,START
1769.923,D:/Pipefish Mesocosm Film/Trial 2/3-12-20/3-12 Noon 01.MTS,3682.480,25.0,Male,Wiggle,Courtship,Active wiggle,Female,2,,STOP
1769.924,D:/Pipefish Mesocosm Film/Trial 2/3-12-20/3-12 Noon 01.MTS,3682.480,25.0,Male,Inactive,,,,,,START
1785.394,D:/Pipefish Mesocosm Film/Trial 2/3-12-20/3-12 Noon 01.MTS,3682.480,25.0,Male,Inactive,,,,,,STOP
1785.395,D:/Pipefish Mesocosm Film/Trial 2/3-12-20/3-12 Noon 01.MTS,3682.480,25.0,Male,Wiggle,Courtship,Active wiggle,Female,2 ,,START
1788.434,D:/Pipefish Mesocosm Film/Trial 2/3-12-20/3-12 Noon 01.MTS,3682.480,25.0,Male,Wiggle,Courtship,Active wiggle,Female,2 ,,STOP
1788.435,D:/Pipefish Mesocosm Film/Trial 2/3-12-20/3-12 Noon 01.MTS,3682.480,25.0,Male,Inactive,,,,,,START
1792.326,D:/Pipefish Mesocosm Film/Trial 2/3-12-20/3-12 Noon 01.MTS,3682.480,25.0,Female,Inactive,,,,,,STOP
1792.327,D:/Pipefish Mesocosm Film/Trial 2/3-12-20/3-12 Noon 01.MTS,3682.480,25.0,Female,Pose,,S pose,Male,Front,,START
1793.372,D:/Pipefish Mesocosm Film/Trial 2/3-12-20/3-12 Noon 01.MTS,3682.480,25.0,Male,Inactive,,,,,,STOP
1793.373,D:/Pipefish Mesocosm Film/Trial 2/3-12-20/3-12 Noon 01.MTS,3682.480,25.0,Male,Wiggle,Courtship,Active wiggle,Female,3,,START
1801.442,D:/Pipefish Mesocosm Film/Trial 2/3-12-20/3-12 Noon 01.MTS,3682.480,25.0,Male,Wiggle,Courtship,Active wiggle,Female,3,,STOP
1801.443,D:/Pipefish Mesocosm Film/Trial 2/3-12-20/3-12 Noon 01.MTS,3682.480,25.0,Male,Inactive,,,,,,START
1802.390,D:/Pipefish Mesocosm Film/Trial 2/3-12-20/3-12 Noon 01.MTS,3682.480,25.0,Female,Pose,,S pose,Male,Front,,STOP
1802.391,D:/Pipefish Mesocosm Film/Trial 2/3-12-20/3-12 Noon 01.MTS,3682.480,25.0,Female,Inactive,,,,,,START
1809.609,D:/Pipefish Mesocosm Film/Trial 2/3-12-20/3-12 Noon 01.MTS,3682.480,25.0,Male,Inactive,,,,,,STOP
1809.610,D:/Pipefish Mesocosm Film/Trial 2/3-12-20/3-12 Noon 01.MTS,3682.480,25.0,Male,Wiggle,Courtship,Active wiggle,Female,2,,START
1819.293,D:/Pipefish Mesocosm Film/Trial 2/3-12-20/3-12 Noon 01.MTS,3682.480,25.0,Male,Wiggle,Courtship,Active wiggle,Female,2,,STOP
1819.294,D:/Pipefish Mesocosm Film/Trial 2/3-12-20/3-12 Noon 01.MTS,3682.480,25.0,Male,Inactive,,,,,,START
1822.898,D:/Pipefish Mesocosm Film/Trial 2/3-12-20/3-12 Noon 01.MTS,3682.480,25.0,Female,Inactive,,,,,,STOP
1822.899,D:/Pipefish Mesocosm Film/Trial 2/3-12-20/3-12 Noon 01.MTS,3682.480,25.0,Female,Out of sight,,,,,,START
1830.682,D:/Pipefish Mesocosm Film/Trial 2/3-12-20/3-12 Noon 01.MTS,3682.480,25.0,Female,Out of sight,,,,,,STOP
1830.682,D:/Pipefish Mesocosm Film/Trial 2/3-12-20/3-12 Noon 01.MTS,3682.480,25.0,Male,Inactive,,,,,,STOP
1830.685,D:/Pipefish Mesocosm Film/Trial 2/3-12-20/3-12 Noon 01.MTS,3682.480,25.0,,Stop,,,,,,POINT
1901.516,D:/Pipefish Mesocosm Film/Trial 2/3-12-20/3-12 Noon 01.MTS,3682.480,25.0,,Start,,,,,,POINT
1909.775,D:/Pipefish Mesocosm Film/Trial 2/3-12-20/3-12 Noon 01.MTS,3682.480,25.0,Female,Inactive,,,,,,START
1909.775,D:/Pipefish Mesocosm Film/Trial 2/3-12-20/3-12 Noon 01.MTS,3682.480,25.0,Male,Wiggle,Courtship,Active wiggle,Female,2,,START
1916.137,D:/Pipefish Mesocosm Film/Trial 2/3-12-20/3-12 Noon 01.MTS,3682.480,25.0,Male,Wiggle,Courtship,Active wiggle,Female,2,,STOP
1916.138,D:/Pipefish Mesocosm Film/Trial 2/3-12-20/3-12 Noon 01.MTS,3682.480,25.0,Male,Inactive,,,,,,START
1946.900,D:/Pipefish Mesocosm Film/Trial 2/3-12-20/3-12 Noon 01.MTS,3682.480,25.0,Male,Inactive,,,,,,STOP
1946.901,D:/Pipefish Mesocosm Film/Trial 2/3-12-20/3-12 Noon 01.MTS,3682.480,25.0,Male,Out of sight,,,,,,START
1947.465,D:/Pipefish Mesocosm Film/Trial 2/3-12-20/3-12 Noon 01.MTS,3682.480,25.0,Female,Inactive,,,,,,STOP
1947.466,D:/Pipefish Mesocosm Film/Trial 2/3-12-20/3-12 Noon 01.MTS,3682.480,25.0,Female,Out of sight,,,,,,START
1955.158,D:/Pipefish Mesocosm Film/Trial 2/3-12-20/3-12 Noon 01.MTS,3682.480,25.0,Female,Out of sight,,,,,,STOP
1955.159,D:/Pipefish Mesocosm Film/Trial 2/3-12-20/3-12 Noon 01.MTS,3682.480,25.0,Female,Pose,,S pose,Male,Front,,START
1956.010,D:/Pipefish Mesocosm Film/Trial 2/3-12-20/3-12 Noon 01.MTS,3682.480,25.0,Male,Out of sight,,,,,,STOP
1956.011,D:/Pipefish Mesocosm Film/Trial 2/3-12-20/3-12 Noon 01.MTS,3682.480,25.0,Male,Wiggle,Courtship,Active wiggle,Female,2,,START
1959.908,D:/Pipefish Mesocosm Film/Trial 2/3-12-20/3-12 Noon 01.MTS,3682.480,25.0,Male,Wiggle,Courtship,Active wiggle,Female,2,,STOP
1959.909,D:/Pipefish Mesocosm Film/Trial 2/3-12-20/3-12 Noon 01.MTS,3682.480,25.0,Male,Inactive,,,,,,START
1961.045,D:/Pipefish Mesocosm Film/Trial 2/3-12-20/3-12 Noon 01.MTS,3682.480,25.0,Female,Pose,,S pose,Male,Front,,STOP
1961.046,D:/Pipefish Mesocosm Film/Trial 2/3-12-20/3-12 Noon 01.MTS,3682.480,25.0,Female,Wiggle,Courtship,Active wiggle,Male,3,,START
1967.122,D:/Pipefish Mesocosm Film/Trial 2/3-12-20/3-12 Noon 01.MTS,3682.480,25.0,Female,Wiggle,Courtship,Active wiggle,Male,3,,STOP
1967.123,D:/Pipefish Mesocosm Film/Trial 2/3-12-20/3-12 Noon 01.MTS,3682.480,25.0,Female,Inactive,,,,,,START
2009.181,D:/Pipefish Mesocosm Film/Trial 2/3-12-20/3-12 Noon 01.MTS,3682.480,25.0,Male,Inactive,,,,,,STOP
2009.182,D:/Pipefish Mesocosm Film/Trial 2/3-12-20/3-12 Noon 01.MTS,3682.480,25.0,Male,Surrounding,,,,,,START
2014.401,D:/Pipefish Mesocosm Film/Trial 2/3-12-20/3-12 Noon 01.MTS,3682.480,25.0,Male,Surrounding,,,,,,STOP
2014.402,D:/Pipefish Mesocosm Film/Trial 2/3-12-20/3-12 Noon 01.MTS,3682.480,25.0,Male,Chasing,,,,,,START
2021.526,D:/Pipefish Mesocosm Film/Trial 2/3-12-20/3-12 Noon 01.MTS,3682.480,25.0,Male,Chasing,,,,,,STOP
2021.527,D:/Pipefish Mesocosm Film/Trial 2/3-12-20/3-12 Noon 01.MTS,3682.480,25.0,Male,Surrounding,,,,,,START
2041.460,D:/Pipefish Mesocosm Film/Trial 2/3-12-20/3-12 Noon 01.MTS,3682.480,25.0,Female,Inactive,,,,,,STOP
2041.460,D:/Pipefish Mesocosm Film/Trial 2/3-12-20/3-12 Noon 01.MTS,3682.480,25.0,Male,Surrounding,,,,,,STOP
2042.460,D:/Pipefish Mesocosm Film/Trial 2/3-12-20/3-12 Noon 01.MTS,3682.480,25.0,,Stop,,,,,,POINT
2274.462,D:/Pipefish Mesocosm Film/Trial 2/3-12-20/3-12 Noon 01.MTS,3682.480,25.0,,Start,,,,,,POINT
2275.882,D:/Pipefish Mesocosm Film/Trial 2/3-12-20/3-12 Noon 01.MTS,3682.480,25.0,Female,Inactive,,,,,,START
2276.262,D:/Pipefish Mesocosm Film/Trial 2/3-12-20/3-12 Noon 01.MTS,3682.480,25.0,Male,Wiggle,Courtship,Active wiggle,Female,2,,START
2277.116,D:/Pipefish Mesocosm Film/Trial 2/3-12-20/3-12 Noon 01.MTS,3682.480,25.0,Female,Inactive,,,,,,STOP
2277.117,D:/Pipefish Mesocosm Film/Trial 2/3-12-20/3-12 Noon 01.MTS,3682.480,25.0,Female,Pose,,S pose,Male,Front,,START
2280.633,D:/Pipefish Mesocosm Film/Trial 2/3-12-20/3-12 Noon 01.MTS,3682.480,25.0,Male,Wiggle,Courtship,Active wiggle,Female,2,,STOP
2280.634,D:/Pipefish Mesocosm Film/Trial 2/3-12-20/3-12 Noon 01.MTS,3682.480,25.0,Male,Inactive,,,,,,START
2281.200,D:/Pipefish Mesocosm Film/Trial 2/3-12-20/3-12 Noon 01.MTS,3682.480,25.0,Female,Pose,,S pose,Male,Front,,STOP
2281.201,D:/Pipefish Mesocosm Film/Trial 2/3-12-20/3-12 Noon 01.MTS,3682.480,25.0,Female,Wiggle,Courtship,Active wiggle,Male,2,,START
2284.998,D:/Pipefish Mesocosm Film/Trial 2/3-12-20/3-12 Noon 01.MTS,3682.480,25.0,Female,Wiggle,Courtship,Active wiggle,Male,2,,STOP
2284.999,D:/Pipefish Mesocosm Film/Trial 2/3-12-20/3-12 Noon 01.MTS,3682.480,25.0,Female,Inactive,,,,,,START
2288.983,D:/Pipefish Mesocosm Film/Trial 2/3-12-20/3-12 Noon 01.MTS,3682.480,25.0,Female,Inactive,,,,,,STOP
2288.984,D:/Pipefish Mesocosm Film/Trial 2/3-12-20/3-12 Noon 01.MTS,3682.480,25.0,Female,Out of sight,,,,,,START
2289.458,D:/Pipefish Mesocosm Film/Trial 2/3-12-20/3-12 Noon 01.MTS,3682.480,25.0,Male,Inactive,,,,,,STOP
2289.459,D:/Pipefish Mesocosm Film/Trial 2/3-12-20/3-12 Noon 01.MTS,3682.480,25.0,Male,Out of sight,,,,,,START
2296.201,D:/Pipefish Mesocosm Film/Trial 2/3-12-20/3-12 Noon 01.MTS,3682.480,25.0,Male,Out of sight,,,,,,STOP
2296.202,D:/Pipefish Mesocosm Film/Trial 2/3-12-20/3-12 Noon 01.MTS,3682.480,25.0,Male,Inactive,,,,,,START
2296.962,D:/Pipefish Mesocosm Film/Trial 2/3-12-20/3-12 Noon 01.MTS,3682.480,25.0,Female,Out of sight,,,,,,STOP
2296.963,D:/Pipefish Mesocosm Film/Trial 2/3-12-20/3-12 Noon 01.MTS,3682.480,25.0,Female,Inactive,,,,,,START
2307.687,D:/Pipefish Mesocosm Film/Trial 2/3-12-20/3-12 Noon 01.MTS,3682.480,25.0,Male,Inactive,,,,,,STOP
2307.688,D:/Pipefish Mesocosm Film/Trial 2/3-12-20/3-12 Noon 01.MTS,3682.480,25.0,Male,Chasing,,,,,,START
2308.068,D:/Pipefish Mesocosm Film/Trial 2/3-12-20/3-12 Noon 01.MTS,3682.480,25.0,Female,Inactive,,,,,,STOP
2308.069,D:/Pipefish Mesocosm Film/Trial 2/3-12-20/3-12 Noon 01.MTS,3682.480,25.0,Female,Swim away,,,,,,START
2315.199,D:/Pipefish Mesocosm Film/Trial 2/3-12-20/3-12 Noon 01.MTS,3682.480,25.0,Male,Chasing,,,,,,STOP
2315.200,D:/Pipefish Mesocosm Film/Trial 2/3-12-20/3-12 Noon 01.MTS,3682.480,25.0,Male,Out of sight,,,,,,START
2315.758,D:/Pipefish Mesocosm Film/Trial 2/3-12-20/3-12 Noon 01.MTS,3682.480,25.0,Female,Swim away,,,,,,STOP
2315.759,D:/Pipefish Mesocosm Film/Trial 2/3-12-20/3-12 Noon 01.MTS,3682.480,25.0,Female,Out of sight,,,,,,START
2327.154,D:/Pipefish Mesocosm Film/Trial 2/3-12-20/3-12 Noon 01.MTS,3682.480,25.0,Male,Out of sight,,,,,,STOP
2327.155,D:/Pipefish Mesocosm Film/Trial 2/3-12-20/3-12 Noon 01.MTS,3682.480,25.0,Male,Surrounding,,,,,,START
2328.007,D:/Pipefish Mesocosm Film/Trial 2/3-12-20/3-12 Noon 01.MTS,3682.480,25.0,Female,Out of sight,,,,,,STOP
2328.008,D:/Pipefish Mesocosm Film/Trial 2/3-12-20/3-12 Noon 01.MTS,3682.480,25.0,Female,Inactive,,,,,,START
2333.420,D:/Pipefish Mesocosm Film/Trial 2/3-12-20/3-12 Noon 01.MTS,3682.480,25.0,Male,Surrounding,,,,,,STOP
2333.421,D:/Pipefish Mesocosm Film/Trial 2/3-12-20/3-12 Noon 01.MTS,3682.480,25.0,Male,Out of sight,,,,,,START
2333.989,D:/Pipefish Mesocosm Film/Trial 2/3-12-20/3-12 Noon 01.MTS,3682.480,25.0,Female,Inactive,,,,,,STOP
2333.990,D:/Pipefish Mesocosm Film/Trial 2/3-12-20/3-12 Noon 01.MTS,3682.480,25.0,Female,Out of sight,,,,,,START
2350.223,D:/Pipefish Mesocosm Film/Trial 2/3-12-20/3-12 Noon 01.MTS,3682.480,25.0,Male,Out of sight,,,,,,STOP
2350.415,D:/Pipefish Mesocosm Film/Trial 2/3-12-20/3-12 Noon 01.MTS,3682.480,25.0,Female,Out of sight,,,,,,STOP
2351.365,D:/Pipefish Mesocosm Film/Trial 2/3-12-20/3-12 Noon 01.MTS,3682.480,25.0,,Stop,,,,,,POINT
2715.902,D:/Pipefish Mesocosm Film/Trial 2/3-12-20/3-12 Noon 01.MTS,3682.480,25.0,,Start,,,,,,POINT
2716.902,D:/Pipefish Mesocosm Film/Trial 2/3-12-20/3-12 Noon 01.MTS,3682.480,25.0,Female,Pose,,S pose,Male,Front,,START
2717.376,D:/Pipefish Mesocosm Film/Trial 2/3-12-20/3-12 Noon 01.MTS,3682.480,25.0,Male,Surrounding,,,,,,START
2721.373,D:/Pipefish Mesocosm Film/Trial 2/3-12-20/3-12 Noon 01.MTS,3682.480,25.0,Female,Pose,,S pose,Male,Front,,STOP
2721.374,D:/Pipefish Mesocosm Film/Trial 2/3-12-20/3-12 Noon 01.MTS,3682.480,25.0,Female,Inactive,,,,,,START
2730.194,D:/Pipefish Mesocosm Film/Trial 2/3-12-20/3-12 Noon 01.MTS,3682.480,25.0,Female,Inactive,,,,,,STOP
2730.195,D:/Pipefish Mesocosm Film/Trial 2/3-12-20/3-12 Noon 01.MTS,3682.480,25.0,Female,Out of sight,,,,,,START
2733.040,D:/Pipefish Mesocosm Film/Trial 2/3-12-20/3-12 Noon 01.MTS,3682.480,25.0,Male,Surrounding,,,,,,STOP
2733.041,D:/Pipefish Mesocosm Film/Trial 2/3-12-20/3-12 Noon 01.MTS,3682.480,25.0,Male,Out of sight,,,,,,START
2737.888,D:/Pipefish Mesocosm Film/Trial 2/3-12-20/3-12 Noon 01.MTS,3682.480,25.0,Male,Out of sight,,,,,,STOP
2737.889,D:/Pipefish Mesocosm Film/Trial 2/3-12-20/3-12 Noon 01.MTS,3682.480,25.0,Male,Surrounding,,,,,,START
2738.743,D:/Pipefish Mesocosm Film/Trial 2/3-12-20/3-12 Noon 01.MTS,3682.480,25.0,Female,Out of sight,,,,,,STOP
2738.744,D:/Pipefish Mesocosm Film/Trial 2/3-12-20/3-12 Noon 01.MTS,3682.480,25.0,Female,Inactive,,,,,,START
2740.733,D:/Pipefish Mesocosm Film/Trial 2/3-12-20/3-12 Noon 01.MTS,3682.480,25.0,Female,Inactive,,,,,,STOP
2740.734,D:/Pipefish Mesocosm Film/Trial 2/3-12-20/3-12 Noon 01.MTS,3682.480,25.0,Female,Swim away,,,,,,START
2742.443,D:/Pipefish Mesocosm Film/Trial 2/3-12-20/3-12 Noon 01.MTS,3682.480,25.0,Male,Surrounding,,,,,,STOP
2742.730,D:/Pipefish Mesocosm Film/Trial 2/3-12-20/3-12 Noon 01.MTS,3682.480,25.0,Male,Chasing,,,,,,START
2746.902,D:/Pipefish Mesocosm Film/Trial 2/3-12-20/3-12 Noon 01.MTS,3682.480,25.0,Male,Chasing,,,,,,STOP
2746.903,D:/Pipefish Mesocosm Film/Trial 2/3-12-20/3-12 Noon 01.MTS,3682.480,25.0,Male,Out of sight,,,,,,START
2747.286,D:/Pipefish Mesocosm Film/Trial 2/3-12-20/3-12 Noon 01.MTS,3682.480,25.0,Female,Swim away,,,,,,STOP
2747.287,D:/Pipefish Mesocosm Film/Trial 2/3-12-20/3-12 Noon 01.MTS,3682.480,25.0,Female,Out of sight,,,,,,START
2758.012,D:/Pipefish Mesocosm Film/Trial 2/3-12-20/3-12 Noon 01.MTS,3682.480,25.0,Male,Out of sight,,,,,,STOP
2758.013,D:/Pipefish Mesocosm Film/Trial 2/3-12-20/3-12 Noon 01.MTS,3682.480,25.0,Male,Surrounding,,,,,,START
2758.391,D:/Pipefish Mesocosm Film/Trial 2/3-12-20/3-12 Noon 01.MTS,3682.480,25.0,Female,Out of sight,,,,,,STOP
2758.392,D:/Pipefish Mesocosm Film/Trial 2/3-12-20/3-12 Noon 01.MTS,3682.480,25.0,Female,Inactive,,,,,,START
2765.796,D:/Pipefish Mesocosm Film/Trial 2/3-12-20/3-12 Noon 01.MTS,3682.480,25.0,Male,Surrounding,,,,,,STOP
2765.797,D:/Pipefish Mesocosm Film/Trial 2/3-12-20/3-12 Noon 01.MTS,3682.480,25.0,Male,Out of sight,,,,,,START
2766.366,D:/Pipefish Mesocosm Film/Trial 2/3-12-20/3-12 Noon 01.MTS,3682.480,25.0,Female,Inactive,,,,,,STOP
2766.367,D:/Pipefish Mesocosm Film/Trial 2/3-12-20/3-12 Noon 01.MTS,3682.480,25.0,Female,Out of sight,,,,,,START
2781.463,D:/Pipefish Mesocosm Film/Trial 2/3-12-20/3-12 Noon 01.MTS,3682.480,25.0,Male,Out of sight,,,,,,STOP
2782.320,D:/Pipefish Mesocosm Film/Trial 2/3-12-20/3-12 Noon 01.MTS,3682.480,25.0,Female,Out of sight,,,,,,STOP
2782.463,D:/Pipefish Mesocosm Film/Trial 2/3-12-20/3-12 Noon 01.MTS,3682.480,25.0,,Stop,,,,,,POINT
2797.744,D:/Pipefish Mesocosm Film/Trial 2/3-12-20/3-12 Noon 01.MTS,3682.480,25.0,,Start,,,,,,POINT
2798.744,D:/Pipefish Mesocosm Film/Trial 2/3-12-20/3-12 Noon 01.MTS,3682.480,25.0,Female,Pose,,S pose,Male,Front,,START
2801.309,D:/Pipefish Mesocosm Film/Trial 2/3-12-20/3-12 Noon 01.MTS,3682.480,25.0,Female,Pose,,S pose,Male,Front,,STOP
2801.309,D:/Pipefish Mesocosm Film/Trial 2/3-12-20/3-12 Noon 01.MTS,3682.480,25.0,Male,Surrounding,,,,,,START
2801.310,D:/Pipefish Mesocosm Film/Trial 2/3-12-20/3-12 Noon 01.MTS,3682.480,25.0,Female,Inactive,,,,,,START
2806.907,D:/Pipefish Mesocosm Film/Trial 2/3-12-20/3-12 Noon 01.MTS,3682.480,25.0,Female,Inactive,,,,,,STOP
2806.908,D:/Pipefish Mesocosm Film/Trial 2/3-12-20/3-12 Noon 01.MTS,3682.480,25.0,Female,Out of sight,,,,,,START
2807.670,D:/Pipefish Mesocosm Film/Trial 2/3-12-20/3-12 Noon 01.MTS,3682.480,25.0,Male,Surrounding,,,,,,STOP
2807.671,D:/Pipefish Mesocosm Film/Trial 2/3-12-20/3-12 Noon 01.MTS,3682.480,25.0,Male,Out of sight,,,,,,START
2814.504,D:/Pipefish Mesocosm Film/Trial 2/3-12-20/3-12 Noon 01.MTS,3682.480,25.0,Male,Out of sight,,,,,,STOP
2814.505,D:/Pipefish Mesocosm Film/Trial 2/3-12-20/3-12 Noon 01.MTS,3682.480,25.0,Male,Chasing,,,,,,START
2815.168,D:/Pipefish Mesocosm Film/Trial 2/3-12-20/3-12 Noon 01.MTS,3682.480,25.0,Female,Out of sight,,,,,,STOP
2815.169,D:/Pipefish Mesocosm Film/Trial 2/3-12-20/3-12 Noon 01.MTS,3682.480,25.0,Female,Swim away,,,,,,START
2824.761,D:/Pipefish Mesocosm Film/Trial 2/3-12-20/3-12 Noon 01.MTS,3682.480,25.0,Male,Chasing,,,,,,STOP
2824.762,D:/Pipefish Mesocosm Film/Trial 2/3-12-20/3-12 Noon 01.MTS,3682.480,25.0,Male,Out of sight,,,,,,START
2825.136,D:/Pipefish Mesocosm Film/Trial 2/3-12-20/3-12 Noon 01.MTS,3682.480,25.0,Female,Swim away,,,,,,STOP
2825.137,D:/Pipefish Mesocosm Film/Trial 2/3-12-20/3-12 Noon 01.MTS,3682.480,25.0,Female,Out of sight,,,,,,START
2827.890,D:/Pipefish Mesocosm Film/Trial 2/3-12-20/3-12 Noon 01.MTS,3682.480,25.0,Male,Out of sight,,,,,,STOP
2827.891,D:/Pipefish Mesocosm Film/Trial 2/3-12-20/3-12 Noon 01.MTS,3682.480,25.0,Male,Surrounding,,,,,,START
2828.556,D:/Pipefish Mesocosm Film/Trial 2/3-12-20/3-12 Noon 01.MTS,3682.480,25.0,Female,Out of sight,,,,,,STOP
2828.557,D:/Pipefish Mesocosm Film/Trial 2/3-12-20/3-12 Noon 01.MTS,3682.480,25.0,Female,Inactive,,,,,,START
2846.027,D:/Pipefish Mesocosm Film/Trial 2/3-12-20/3-12 Noon 01.MTS,3682.480,25.0,Female,Inactive,,,,,,STOP
2846.028,D:/Pipefish Mesocosm Film/Trial 2/3-12-20/3-12 Noon 01.MTS,3682.480,25.0,Female,Out of sight,,,,,,START
2846.313,D:/Pipefish Mesocosm Film/Trial 2/3-12-20/3-12 Noon 01.MTS,3682.480,25.0,Male,Surrounding,,,,,,STOP
2846.314,D:/Pipefish Mesocosm Film/Trial 2/3-12-20/3-12 Noon 01.MTS,3682.480,25.0,Male,Out of sight,,,,,,START
2855.236,D:/Pipefish Mesocosm Film/Trial 2/3-12-20/3-12 Noon 01.MTS,3682.480,25.0,Male,Out of sight,,,,,,STOP
2855.427,D:/Pipefish Mesocosm Film/Trial 2/3-12-20/3-12 Noon 01.MTS,3682.480,25.0,Female,Out of sight,,,,,,STOP
2855.901,D:/Pipefish Mesocosm Film/Trial 2/3-12-20/3-12 Noon 01.MTS,3682.480,25.0,,Stop,,,,,,POINT
2955.756,D:/Pipefish Mesocosm Film/Trial 2/3-12-20/3-12 Noon 02.MTS,3682.480,25.0,,Start,,,,,,POINT
2955.757,D:/Pipefish Mesocosm Film/Trial 2/3-12-20/3-12 Noon 02.MTS,3682.480,25.0,Male,Wiggle,Courtship,Active wiggle,Female,2,,START
2956.359,D:/Pipefish Mesocosm Film/Trial 2/3-12-20/3-12 Noon 02.MTS,3682.480,25.0,Female,Inactive,,,,,,START
2962.055,D:/Pipefish Mesocosm Film/Trial 2/3-12-20/3-12 Noon 02.MTS,3682.480,25.0,Male,Wiggle,Courtship,Active wiggle,Female,2,,STOP
2962.056,D:/Pipefish Mesocosm Film/Trial 2/3-12-20/3-12 Noon 02.MTS,3682.480,25.0,Male,Inactive,,,,,,START
2972.594,D:/Pipefish Mesocosm Film/Trial 2/3-12-20/3-12 Noon 02.MTS,3682.480,25.0,Male,Inactive,,,,,,STOP
2972.595,D:/Pipefish Mesocosm Film/Trial 2/3-12-20/3-12 Noon 02.MTS,3682.480,25.0,Male,Wiggle,Courtship,Active wiggle,Female,2,,START
2983.419,D:/Pipefish Mesocosm Film/Trial 2/3-12-20/3-12 Noon 02.MTS,3682.480,25.0,Male,Wiggle,Courtship,Active wiggle,Female,2,,STOP
2983.420,D:/Pipefish Mesocosm Film/Trial 2/3-12-20/3-12 Noon 02.MTS,3682.480,25.0,Male,Inactive,,,,,,START
2990.822,D:/Pipefish Mesocosm Film/Trial 2/3-12-20/3-12 Noon 02.MTS,3682.480,25.0,Male,Inactive,,,,,,STOP
2990.823,D:/Pipefish Mesocosm Film/Trial 2/3-12-20/3-12 Noon 02.MTS,3682.480,25.0,Male,Out of sight,,,,,,START
2994.243,D:/Pipefish Mesocosm Film/Trial 2/3-12-20/3-12 Noon 02.MTS,3682.480,25.0,Male,Out of sight,,,,,,STOP
2994.244,D:/Pipefish Mesocosm Film/Trial 2/3-12-20/3-12 Noon 02.MTS,3682.480,25.0,Male,Inactive,,,,,,START
3022.158,D:/Pipefish Mesocosm Film/Trial 2/3-12-20/3-12 Noon 02.MTS,3682.480,25.0,Male,Inactive,,,,,,STOP
3022.159,D:/Pipefish Mesocosm Film/Trial 2/3-12-20/3-12 Noon 02.MTS,3682.480,25.0,Male,Wiggle,Courtship,Active wiggle,Female,2,,START
3023.580,D:/Pipefish Mesocosm Film/Trial 2/3-12-20/3-12 Noon 02.MTS,3682.480,25.0,Female,Inactive,,,,,,STOP
3023.581,D:/Pipefish Mesocosm Film/Trial 2/3-12-20/3-12 Noon 02.MTS,3682.480,25.0,Female,Pose,,S pose,Male,Front,,START
3027.669,D:/Pipefish Mesocosm Film/Trial 2/3-12-20/3-12 Noon 02.MTS,3682.480,25.0,Male,Wiggle,Courtship,Active wiggle,Female,2,,STOP
3027.670,D:/Pipefish Mesocosm Film/Trial 2/3-12-20/3-12 Noon 02.MTS,3682.480,25.0,Male,Inactive,,,,,,START
3028.992,D:/Pipefish Mesocosm Film/Trial 2/3-12-20/3-12 Noon 02.MTS,3682.480,25.0,Female,Pose,,S pose,Male,Front,,STOP
3028.993,D:/Pipefish Mesocosm Film/Trial 2/3-12-20/3-12 Noon 02.MTS,3682.480,25.0,Female,Inactive,,,,,,START
3048.078,D:/Pipefish Mesocosm Film/Trial 2/3-12-20/3-12 Noon 02.MTS,3682.480,25.0,Male,Inactive,,,,,,STOP
3048.079,D:/Pipefish Mesocosm Film/Trial 2/3-12-20/3-12 Noon 02.MTS,3682.480,25.0,Male,Wiggle,Courtship,Active wiggle,Female,2,,START
3050.644,D:/Pipefish Mesocosm Film/Trial 2/3-12-20/3-12 Noon 02.MTS,3682.480,25.0,Male,Wiggle,Courtship,Active wiggle,Female,2,,STOP
3050.645,D:/Pipefish Mesocosm Film/Trial 2/3-12-20/3-12 Noon 02.MTS,3682.480,25.0,Male,Inactive,,,,,,START
3054.535,D:/Pipefish Mesocosm Film/Trial 2/3-12-20/3-12 Noon 02.MTS,3682.480,25.0,Female,Inactive,,,,,,STOP
3054.536,D:/Pipefish Mesocosm Film/Trial 2/3-12-20/3-12 Noon 02.MTS,3682.480,25.0,Female,Out of sight,,,,,,START
3056.907,D:/Pipefish Mesocosm Film/Trial 2/3-12-20/3-12 Noon 02.MTS,3682.480,25.0,Male,Inactive,,,,,,STOP
3056.908,D:/Pipefish Mesocosm Film/Trial 2/3-12-20/3-12 Noon 02.MTS,3682.480,25.0,Male,Out of sight,,,,,,START
3093.460,D:/Pipefish Mesocosm Film/Trial 2/3-12-20/3-12 Noon 02.MTS,3682.480,25.0,Female,Out of sight,,,,,,STOP
3093.461,D:/Pipefish Mesocosm Film/Trial 2/3-12-20/3-12 Noon 02.MTS,3682.480,25.0,Male,Out of sight,,,,,,STOP
3096.598,D:/Pipefish Mesocosm Film/Trial 2/3-12-20/3-12 Noon 02.MTS,3682.480,25.0,,Stop,,,,,,POINT
3390.873,D:/Pipefish Mesocosm Film/Trial 2/3-12-20/3-12 Noon 02.MTS,3682.480,25.0,,Start,,,,,,POINT
3391.873,D:/Pipefish Mesocosm Film/Trial 2/3-12-20/3-12 Noon 02.MTS,3682.480,25.0,Male,Wiggle,Courtship,Active wiggle,Female,3,,START
3394.055,D:/Pipefish Mesocosm Film/Trial 2/3-12-20/3-12 Noon 02.MTS,3682.480,25.0,Male,Wiggle,Courtship,Active wiggle,Female,3,,STOP
3394.056,D:/Pipefish Mesocosm Film/Trial 2/3-12-20/3-12 Noon 02.MTS,3682.480,25.0,Male,Surrounding,,,,,,START
3400.418,D:/Pipefish Mesocosm Film/Trial 2/3-12-20/3-12 Noon 02.MTS,3682.480,25.0,Female,Pose,,S pose,Male,Front,,START
3402.601,D:/Pipefish Mesocosm Film/Trial 2/3-12-20/3-12 Noon 02.MTS,3682.480,25.0,Female,Pose,,S pose,Male,Front,,STOP
3402.602,D:/Pipefish Mesocosm Film/Trial 2/3-12-20/3-12 Noon 02.MTS,3682.480,25.0,Female,Wiggle,Courtship,Active wiggle,Female,3,,START
3408.866,D:/Pipefish Mesocosm Film/Trial 2/3-12-20/3-12 Noon 02.MTS,3682.480,25.0,Female,Wiggle,Courtship,Active wiggle,Female,3,,STOP
3408.867,D:/Pipefish Mesocosm Film/Trial 2/3-12-20/3-12 Noon 02.MTS,3682.480,25.0,Female,Inactive,,,,,,START
3467.067,D:/Pipefish Mesocosm Film/Trial 2/3-12-20/3-12 Noon 02.MTS,3682.480,25.0,Male,Surrounding,,,,,,STOP
3467.068,D:/Pipefish Mesocosm Film/Trial 2/3-12-20/3-12 Noon 02.MTS,3682.480,25.0,Male,Inactive,,,,,,START
3472.765,D:/Pipefish Mesocosm Film/Trial 2/3-12-20/3-12 Noon 02.MTS,3682.480,25.0,Male,Inactive,,,,,,STOP
3472.766,D:/Pipefish Mesocosm Film/Trial 2/3-12-20/3-12 Noon 02.MTS,3682.480,25.0,Male,Wiggle,Courtship,Active wiggle,Female,2,,START
3479.509,D:/Pipefish Mesocosm Film/Trial 2/3-12-20/3-12 Noon 02.MTS,3682.480,25.0,Male,Wiggle,Courtship,Active wiggle,Female,2,,STOP
3479.510,D:/Pipefish Mesocosm Film/Trial 2/3-12-20/3-12 Noon 02.MTS,3682.480,25.0,Male,Inactive,,,,,,START
3485.204,D:/Pipefish Mesocosm Film/Trial 2/3-12-20/3-12 Noon 02.MTS,3682.480,25.0,Male,Inactive,,,,,,STOP
3485.205,D:/Pipefish Mesocosm Film/Trial 2/3-12-20/3-12 Noon 02.MTS,3682.480,25.0,Male,Wiggle,Courtship,Active wiggle,Female,3,,START
3487.955,D:/Pipefish Mesocosm Film/Trial 2/3-12-20/3-12 Noon 02.MTS,3682.480,25.0,Male,Wiggle,Courtship,Active wiggle,Female,3,,STOP
3487.956,D:/Pipefish Mesocosm Film/Trial 2/3-12-20/3-12 Noon 02.MTS,3682.480,25.0,Male,Surrounding,,,,,,START
3491.088,D:/Pipefish Mesocosm Film/Trial 2/3-12-20/3-12 Noon 02.MTS,3682.480,25.0,Female,Inactive,,,,,,STOP
3491.089,D:/Pipefish Mesocosm Film/Trial 2/3-12-20/3-12 Noon 02.MTS,3682.480,25.0,Female,Out of sight,,,,,,START
3497.356,D:/Pipefish Mesocosm Film/Trial 2/3-12-20/3-12 Noon 02.MTS,3682.480,25.0,Male,Surrounding,,,,,,STOP
3497.357,D:/Pipefish Mesocosm Film/Trial 2/3-12-20/3-12 Noon 02.MTS,3682.480,25.0,Male,Out of sight,,,,,,START
3504.760,D:/Pipefish Mesocosm Film/Trial 2/3-12-20/3-12 Noon 02.MTS,3682.480,25.0,Female,Out of sight,,,,,,STOP
3504.761,D:/Pipefish Mesocosm Film/Trial 2/3-12-20/3-12 Noon 02.MTS,3682.480,25.0,Female,Inactive,,,,,,START
3510.173,D:/Pipefish Mesocosm Film/Trial 2/3-12-20/3-12 Noon 02.MTS,3682.480,25.0,Male,Out of sight,,,,,,STOP
3510.174,D:/Pipefish Mesocosm Film/Trial 2/3-12-20/3-12 Noon 02.MTS,3682.480,25.0,Male,Wiggle,Courtship,Active wiggle,Female,2,,START
3511.312,D:/Pipefish Mesocosm Film/Trial 2/3-12-20/3-12 Noon 02.MTS,3682.480,25.0,Female,Inactive,,,,,,STOP
3511.313,D:/Pipefish Mesocosm Film/Trial 2/3-12-20/3-12 Noon 02.MTS,3682.480,25.0,Female,Pose,,S pose,Male,Front,,START
3513.024,D:/Pipefish Mesocosm Film/Trial 2/3-12-20/3-12 Noon 02.MTS,3682.480,25.0,Male,Wiggle,Courtship,Active wiggle,Female,2,,STOP
3513.025,D:/Pipefish Mesocosm Film/Trial 2/3-12-20/3-12 Noon 02.MTS,3682.480,25.0,Male,Surrounding,,,,,,START
3514.445,D:/Pipefish Mesocosm Film/Trial 2/3-12-20/3-12 Noon 02.MTS,3682.480,25.0,Female,Pose,,S pose,Male,Front,,STOP
3514.446,D:/Pipefish Mesocosm Film/Trial 2/3-12-20/3-12 Noon 02.MTS,3682.480,25.0,Female,Inactive,,,,,,START
3517.958,D:/Pipefish Mesocosm Film/Trial 2/3-12-20/3-12 Noon 02.MTS,3682.480,25.0,Male,Surrounding,,,,,,STOP
3517.959,D:/Pipefish Mesocosm Film/Trial 2/3-12-20/3-12 Noon 02.MTS,3682.480,25.0,Male,Inactive,,,,,,START
3528.021,D:/Pipefish Mesocosm Film/Trial 2/3-12-20/3-12 Noon 02.MTS,3682.480,25.0,Female,Inactive,,,,,,STOP
3528.022,D:/Pipefish Mesocosm Film/Trial 2/3-12-20/3-12 Noon 02.MTS,3682.480,25.0,Female,Wiggle,Courtship,Subtle wiggle,Male,2,,START
3530.871,D:/Pipefish Mesocosm Film/Trial 2/3-12-20/3-12 Noon 02.MTS,3682.480,25.0,Female,Wiggle,Courtship,Subtle wiggle,Male,2,,STOP
3530.872,D:/Pipefish Mesocosm Film/Trial 2/3-12-20/3-12 Noon 02.MTS,3682.480,25.0,Female,Inactive,,,,,,START
3554.135,D:/Pipefish Mesocosm Film/Trial 2/3-12-20/3-12 Noon 02.MTS,3682.480,25.0,Male,Inactive,,,,,,STOP
3554.136,D:/Pipefish Mesocosm Film/Trial 2/3-12-20/3-12 Noon 02.MTS,3682.480,25.0,Male,Surrounding,,,,,,START
3562.393,D:/Pipefish Mesocosm Film/Trial 2/3-12-20/3-12 Noon 02.MTS,3682.480,25.0,Male,Surrounding,,,,,,STOP
3562.394,D:/Pipefish Mesocosm Film/Trial 2/3-12-20/3-12 Noon 02.MTS,3682.480,25.0,Male,Chasing,,,,,,START
3563.246,D:/Pipefish Mesocosm Film/Trial 2/3-12-20/3-12 Noon 02.MTS,3682.480,25.0,Female,Inactive,,,,,,STOP
3563.247,D:/Pipefish Mesocosm Film/Trial 2/3-12-20/3-12 Noon 02.MTS,3682.480,25.0,Female,Swim away,,,,,,START
3566.854,D:/Pipefish Mesocosm Film/Trial 2/3-12-20/3-12 Noon 02.MTS,3682.480,25.0,Female,Swim away,,,,,,STOP
3566.855,D:/Pipefish Mesocosm Film/Trial 2/3-12-20/3-12 Noon 02.MTS,3682.480,25.0,Female,Inactive,,,,,,START
3567.520,D:/Pipefish Mesocosm Film/Trial 2/3-12-20/3-12 Noon 02.MTS,3682.480,25.0,Male,Chasing,,,,,,STOP
3567.521,D:/Pipefish Mesocosm Film/Trial 2/3-12-20/3-12 Noon 02.MTS,3682.480,25.0,Male,Surrounding,,,,,,START
3579.387,D:/Pipefish Mesocosm Film/Trial 2/3-12-20/3-12 Noon 02.MTS,3682.480,25.0,Female,Inactive,,,,,,STOP
3579.388,D:/Pipefish Mesocosm Film/Trial 2/3-12-20/3-12 Noon 02.MTS,3682.480,25.0,Female,Out of sight,,,,,,START
3580.336,D:/Pipefish Mesocosm Film/Trial 2/3-12-20/3-12 Noon 02.MTS,3682.480,25.0,Male,Surrounding,,,,,,STOP
3580.337,D:/Pipefish Mesocosm Film/Trial 2/3-12-20/3-12 Noon 02.MTS,3682.480,25.0,Male,Out of sight,,,,,,START
3587.648,D:/Pipefish Mesocosm Film/Trial 2/3-12-20/3-12 Noon 02.MTS,3682.480,25.0,Female,Out of sight,,,,,,STOP
3587.649,D:/Pipefish Mesocosm Film/Trial 2/3-12-20/3-12 Noon 02.MTS,3682.480,25.0,Female,Inactive,,,,,,START
3591.730,D:/Pipefish Mesocosm Film/Trial 2/3-12-20/3-12 Noon 02.MTS,3682.480,25.0,Male,Out of sight,,,,,,STOP
3591.731,D:/Pipefish Mesocosm Film/Trial 2/3-12-20/3-12 Noon 02.MTS,3682.480,25.0,Male,Inactive,,,,,,START
3594.768,D:/Pipefish Mesocosm Film/Trial 2/3-12-20/3-12 Noon 02.MTS,3682.480,25.0,Female,Inactive,,,,,,STOP
3594.769,D:/Pipefish Mesocosm Film/Trial 2/3-12-20/3-12 Noon 02.MTS,3682.480,25.0,Female,Pose,,S pose,Male,Front,,START
3598.281,D:/Pipefish Mesocosm Film/Trial 2/3-12-20/3-12 Noon 02.MTS,3682.480,25.0,Female,Pose,,S pose,Male,Front,,STOP
3598.282,D:/Pipefish Mesocosm Film/Trial 2/3-12-20/3-12 Noon 02.MTS,3682.480,25.0,Female,Inactive,,,,,,START
3602.080,D:/Pipefish Mesocosm Film/Trial 2/3-12-20/3-12 Noon 02.MTS,3682.480,25.0,Male,Inactive,,,,,,STOP
3602.081,D:/Pipefish Mesocosm Film/Trial 2/3-12-20/3-12 Noon 02.MTS,3682.480,25.0,Male,Surrounding,,,,,,START
3609.960,D:/Pipefish Mesocosm Film/Trial 2/3-12-20/3-12 Noon 02.MTS,3682.480,25.0,Male,Surrounding,,,,,,STOP
3609.961,D:/Pipefish Mesocosm Film/Trial 2/3-12-20/3-12 Noon 02.MTS,3682.480,25.0,Male,Chasing,,,,,,START
3610.340,D:/Pipefish Mesocosm Film/Trial 2/3-12-20/3-12 Noon 02.MTS,3682.480,25.0,Female,Inactive,,,,,,STOP
3610.341,D:/Pipefish Mesocosm Film/Trial 2/3-12-20/3-12 Noon 02.MTS,3682.480,25.0,Female,Swim away,,,,,,START
3615.465,D:/Pipefish Mesocosm Film/Trial 2/3-12-20/3-12 Noon 02.MTS,3682.480,25.0,Female,Swim away,,,,,,STOP
3615.466,D:/Pipefish Mesocosm Film/Trial 2/3-12-20/3-12 Noon 02.MTS,3682.480,25.0,Female,Inactive,,,,,,START
3617.081,D:/Pipefish Mesocosm Film/Trial 2/3-12-20/3-12 Noon 02.MTS,3682.480,25.0,Male,Chasing,,,,,,STOP
3617.082,D:/Pipefish Mesocosm Film/Trial 2/3-12-20/3-12 Noon 02.MTS,3682.480,25.0,Male,Inactive,,,,,,START
3622.778,D:/Pipefish Mesocosm Film/Trial 2/3-12-20/3-12 Noon 02.MTS,3682.480,25.0,Female,Inactive,,,,,,STOP
3622.778,D:/Pipefish Mesocosm Film/Trial 2/3-12-20/3-12 Noon 02.MTS,3682.480,25.0,Male,Inactive,,,,,,STOP
3624.583,D:/Pipefish Mesocosm Film/Trial 2/3-12-20/3-12 Noon 02.MTS,3682.480,25.0,,Stop,,,,,,POINT
