Observation id,T201N_02,,,,,,,,,,
,,,,,,,,,,,
Media file(s),,,,,,,,,,,
,,,,,,,,,,,
Player #1,D:/Pipefish Mesocosm Film/Trial 2/3-12-20/3-12 Noon 01.MTS,,,,,,,,,,
Player #1,D:/Pipefish Mesocosm Film/Trial 2/3-12-20/3-12 Noon 02.MTS,,,,,,,,,,
,,,,,,,,,,,
Observation date,2021-07-15 09:22:37,,,,,,,,,,
,,,,,,,,,,,
Description,,,,,,,,,,,
,,,,,,,,,,,
Time offset (s),0.0,,,,,,,,,,
,,,,,,,,,,,
independent variables,,,,,,,,,,,
variable,value,,,,,,,,,,
Number in group,,,,,,,,,,,
Time of day,Noon,,,,,,,,,,
,,,,,,,,,,,
Time,Media file path,Total length,FPS,Subject,Behavior,Behavioral category,Modifier 1,Modifier 2,Modifier 3,Comment,Status
13.808,D:/Pipefish Mesocosm Film/Trial 2/3-12-20/3-12 Noon 01.MTS,3682.480,25.0,,Start,,,,,,POINT
16.371,D:/Pipefish Mesocosm Film/Trial 2/3-12-20/3-12 Noon 01.MTS,3682.480,25.0,Male,Surrounding,,,,,,START
19.314,D:/Pipefish Mesocosm Film/Trial 2/3-12-20/3-12 Noon 01.MTS,3682.480,25.0,Male,Surrounding,,,,,,STOP
19.315,D:/Pipefish Mesocosm Film/Trial 2/3-12-20/3-12 Noon 01.MTS,3682.480,25.0,Male,Out of sight,,,,,,START
19.981,D:/Pipefish Mesocosm Film/Trial 2/3-12-20/3-12 Noon 01.MTS,3682.480,25.0,Female,Out of sight,,,,,,START
27.291,D:/Pipefish Mesocosm Film/Trial 2/3-12-20/3-12 Noon 01.MTS,3682.480,25.0,Female,Out of sight,,,,,,STOP
27.292,D:/Pipefish Mesocosm Film/Trial 2/3-12-20/3-12 Noon 01.MTS,3682.480,25.0,Female,Inactive,,,,,,START
28.808,D:/Pipefish Mesocosm Film/Trial 2/3-12-20/3-12 Noon 01.MTS,3682.480,25.0,Male,Out of sight,,,,,,STOP
28.809,D:/Pipefish Mesocosm Film/Trial 2/3-12-20/3-12 Noon 01.MTS,3682.480,25.0,Male,Surrounding,,,,,,START
80.273,D:/Pipefish Mesocosm Film/Trial 2/3-12-20/3-12 Noon 01.MTS,3682.480,25.0,Female,Inactive,,,,,,STOP
80.274,D:/Pipefish Mesocosm Film/Trial 2/3-12-20/3-12 Noon 01.MTS,3682.480,25.0,Female,Swim away,,,,,,START
81.126,D:/Pipefish Mesocosm Film/Trial 2/3-12-20/3-12 Noon 01.MTS,3682.480,25.0,Male,Surrounding,,,,,,STOP
81.127,D:/Pipefish Mesocosm Film/Trial 2/3-12-20/3-12 Noon 01.MTS,3682.480,25.0,Male,Chasing,,,,,,START
87.771,D:/Pipefish Mesocosm Film/Trial 2/3-12-20/3-12 Noon 01.MTS,3682.480,25.0,Male,Chasing,,,,,,STOP
87.772,D:/Pipefish Mesocosm Film/Trial 2/3-12-20/3-12 Noon 01.MTS,3682.480,25.0,Male,Surrounding,,,,,,START
89.671,D:/Pipefish Mesocosm Film/Trial 2/3-12-20/3-12 Noon 01.MTS,3682.480,25.0,Male,Surrounding,,,,,,STOP
89.672,D:/Pipefish Mesocosm Film/Trial 2/3-12-20/3-12 Noon 01.MTS,3682.480,25.0,Male,Chasing,,,,,,START
95.177,D:/Pipefish Mesocosm Film/Trial 2/3-12-20/3-12 Noon 01.MTS,3682.480,25.0,Male,Chasing,,,,,,STOP
95.178,D:/Pipefish Mesocosm Film/Trial 2/3-12-20/3-12 Noon 01.MTS,3682.480,25.0,Male,Out of sight,,,,,,START
95.654,D:/Pipefish Mesocosm Film/Trial 2/3-12-20/3-12 Noon 01.MTS,3682.480,25.0,Female,Swim away,,,,,,STOP
95.655,D:/Pipefish Mesocosm Film/Trial 2/3-12-20/3-12 Noon 01.MTS,3682.480,25.0,Female,Out of sight,,,,,,START
107.519,D:/Pipefish Mesocosm Film/Trial 2/3-12-20/3-12 Noon 01.MTS,3682.480,25.0,Male,Out of sight,,,,,,STOP
107.520,D:/Pipefish Mesocosm Film/Trial 2/3-12-20/3-12 Noon 01.MTS,3682.480,25.0,Male,Chasing,,,,,,START
108.566,D:/Pipefish Mesocosm Film/Trial 2/3-12-20/3-12 Noon 01.MTS,3682.480,25.0,Female,Out of sight,,,,,,STOP
108.567,D:/Pipefish Mesocosm Film/Trial 2/3-12-20/3-12 Noon 01.MTS,3682.480,25.0,Female,Swim away,,,,,,START
123.662,D:/Pipefish Mesocosm Film/Trial 2/3-12-20/3-12 Noon 01.MTS,3682.480,25.0,Male,Chasing,,,,,,STOP
123.663,D:/Pipefish Mesocosm Film/Trial 2/3-12-20/3-12 Noon 01.MTS,3682.480,25.0,Male,Surrounding,,,,,,START
135.338,D:/Pipefish Mesocosm Film/Trial 2/3-12-20/3-12 Noon 01.MTS,3682.480,25.0,Female,Swim away,,,,,,STOP
135.339,D:/Pipefish Mesocosm Film/Trial 2/3-12-20/3-12 Noon 01.MTS,3682.480,25.0,Female,Out of sight,,,,,,START
141.037,D:/Pipefish Mesocosm Film/Trial 2/3-12-20/3-12 Noon 01.MTS,3682.480,25.0,Female,Out of sight,,,,,,STOP
141.038,D:/Pipefish Mesocosm Film/Trial 2/3-12-20/3-12 Noon 01.MTS,3682.480,25.0,Female,Inactive,,,,,,START
162.968,D:/Pipefish Mesocosm Film/Trial 2/3-12-20/3-12 Noon 01.MTS,3682.480,25.0,Male,Surrounding,,,,,,STOP
162.969,D:/Pipefish Mesocosm Film/Trial 2/3-12-20/3-12 Noon 01.MTS,3682.480,25.0,Male,Inactive,,,,,,START
170.374,D:/Pipefish Mesocosm Film/Trial 2/3-12-20/3-12 Noon 01.MTS,3682.480,25.0,Female,Inactive,,,,,,STOP
170.374,D:/Pipefish Mesocosm Film/Trial 2/3-12-20/3-12 Noon 01.MTS,3682.480,25.0,Male,Inactive,,,,,,STOP
171.039,D:/Pipefish Mesocosm Film/Trial 2/3-12-20/3-12 Noon 01.MTS,3682.480,25.0,,Stop,,,,,,POINT
177.780,D:/Pipefish Mesocosm Film/Trial 2/3-12-20/3-12 Noon 01.MTS,3682.480,25.0,,Start,,,,,,POINT
180.511,D:/Pipefish Mesocosm Film/Trial 2/3-12-20/3-12 Noon 01.MTS,3682.480,25.0,Female,Pose,,S pose,Male,Front,,START
180.628,D:/Pipefish Mesocosm Film/Trial 2/3-12-20/3-12 Noon 01.MTS,3682.480,25.0,Male,Wiggle,Courtship,Active wiggle,Female,2,,START
186.017,D:/Pipefish Mesocosm Film/Trial 2/3-12-20/3-12 Noon 01.MTS,3682.480,25.0,Female,Pose,,S pose,Male,Front,,STOP
186.018,D:/Pipefish Mesocosm Film/Trial 2/3-12-20/3-12 Noon 01.MTS,3682.480,25.0,Female,Inactive,,,,,,START
189.173,D:/Pipefish Mesocosm Film/Trial 2/3-12-20/3-12 Noon 01.MTS,3682.480,25.0,Male,Wiggle,Courtship,Active wiggle,Female,2,,STOP
189.174,D:/Pipefish Mesocosm Film/Trial 2/3-12-20/3-12 Noon 01.MTS,3682.480,25.0,Male,Inactive,,,,,,START
190.194,D:/Pipefish Mesocosm Film/Trial 2/3-12-20/3-12 Noon 01.MTS,3682.480,25.0,Female,Inactive,,,,,,STOP
190.195,D:/Pipefish Mesocosm Film/Trial 2/3-12-20/3-12 Noon 01.MTS,3682.480,25.0,Female,Out of sight,,,,,,START
191.071,D:/Pipefish Mesocosm Film/Trial 2/3-12-20/3-12 Noon 01.MTS,3682.480,25.0,Male,Inactive,,,,,,STOP
191.072,D:/Pipefish Mesocosm Film/Trial 2/3-12-20/3-12 Noon 01.MTS,3682.480,25.0,Male,Surrounding,,,,,,START
195.818,D:/Pipefish Mesocosm Film/Trial 2/3-12-20/3-12 Noon 01.MTS,3682.480,25.0,Male,Surrounding,,,,,,STOP
195.819,D:/Pipefish Mesocosm Film/Trial 2/3-12-20/3-12 Noon 01.MTS,3682.480,25.0,Male,Out of sight,,,,,,START
203.014,D:/Pipefish Mesocosm Film/Trial 2/3-12-20/3-12 Noon 01.MTS,3682.480,25.0,Female,Out of sight,,,,,,STOP
203.414,D:/Pipefish Mesocosm Film/Trial 2/3-12-20/3-12 Noon 01.MTS,3682.480,25.0,Male,Out of sight,,,,,,STOP
204.175,D:/Pipefish Mesocosm Film/Trial 2/3-12-20/3-12 Noon 01.MTS,3682.480,25.0,,Stop,,,,,,POINT
231.330,D:/Pipefish Mesocosm Film/Trial 2/3-12-20/3-12 Noon 01.MTS,3682.480,25.0,,Start,,,,,,POINT
231.330,D:/Pipefish Mesocosm Film/Trial 2/3-12-20/3-12 Noon 01.MTS,3682.480,25.0,Male,Surrounding,,,,,,START
235.411,D:/Pipefish Mesocosm Film/Trial 2/3-12-20/3-12 Noon 01.MTS,3682.480,25.0,Female,Inactive,,,,,,START
240.917,D:/Pipefish Mesocosm Film/Trial 2/3-12-20/3-12 Noon 01.MTS,3682.480,25.0,Male,Surrounding,,,,,,STOP
240.918,D:/Pipefish Mesocosm Film/Trial 2/3-12-20/3-12 Noon 01.MTS,3682.480,25.0,Male,Chasing,,,,,,START
243.481,D:/Pipefish Mesocosm Film/Trial 2/3-12-20/3-12 Noon 01.MTS,3682.480,25.0,Female,Inactive,,,,,,STOP
243.482,D:/Pipefish Mesocosm Film/Trial 2/3-12-20/3-12 Noon 01.MTS,3682.480,25.0,Female,Out of sight,,,,,,START
243.766,D:/Pipefish Mesocosm Film/Trial 2/3-12-20/3-12 Noon 01.MTS,3682.480,25.0,Male,Chasing,,,,,,STOP
243.767,D:/Pipefish Mesocosm Film/Trial 2/3-12-20/3-12 Noon 01.MTS,3682.480,25.0,Male,Out of sight,,,,,,START
254.591,D:/Pipefish Mesocosm Film/Trial 2/3-12-20/3-12 Noon 01.MTS,3682.480,25.0,Male,Out of sight,,,,,,STOP
254.592,D:/Pipefish Mesocosm Film/Trial 2/3-12-20/3-12 Noon 01.MTS,3682.480,25.0,Male,Chasing,,,,,,START
254.781,D:/Pipefish Mesocosm Film/Trial 2/3-12-20/3-12 Noon 01.MTS,3682.480,25.0,Female,Out of sight,,,,,,STOP
254.782,D:/Pipefish Mesocosm Film/Trial 2/3-12-20/3-12 Noon 01.MTS,3682.480,25.0,Female,Swim away,,,,,,START
267.027,D:/Pipefish Mesocosm Film/Trial 2/3-12-20/3-12 Noon 01.MTS,3682.480,25.0,Male,Chasing,,,,,,STOP
267.028,D:/Pipefish Mesocosm Film/Trial 2/3-12-20/3-12 Noon 01.MTS,3682.480,25.0,Male,Surrounding,,,,,,START
276.618,D:/Pipefish Mesocosm Film/Trial 2/3-12-20/3-12 Noon 01.MTS,3682.480,25.0,Male,Surrounding,,,,,,STOP
276.619,D:/Pipefish Mesocosm Film/Trial 2/3-12-20/3-12 Noon 01.MTS,3682.480,25.0,Male,Chasing,,,,,,START
281.080,D:/Pipefish Mesocosm Film/Trial 2/3-12-20/3-12 Noon 01.MTS,3682.480,25.0,Male,Chasing,,,,,,STOP
281.081,D:/Pipefish Mesocosm Film/Trial 2/3-12-20/3-12 Noon 01.MTS,3682.480,25.0,Male,Out of sight,,,,,,START
281.555,D:/Pipefish Mesocosm Film/Trial 2/3-12-20/3-12 Noon 01.MTS,3682.480,25.0,Female,Swim away,,,,,,STOP
281.556,D:/Pipefish Mesocosm Film/Trial 2/3-12-20/3-12 Noon 01.MTS,3682.480,25.0,Female,Out of sight,,,,,,START
286.207,D:/Pipefish Mesocosm Film/Trial 2/3-12-20/3-12 Noon 01.MTS,3682.480,25.0,Male,Out of sight,,,,,,STOP
286.208,D:/Pipefish Mesocosm Film/Trial 2/3-12-20/3-12 Noon 01.MTS,3682.480,25.0,Male,Surrounding,,,,,,START
289.245,D:/Pipefish Mesocosm Film/Trial 2/3-12-20/3-12 Noon 01.MTS,3682.480,25.0,Female,Out of sight,,,,,,STOP
289.245,D:/Pipefish Mesocosm Film/Trial 2/3-12-20/3-12 Noon 01.MTS,3682.480,25.0,Male,Surrounding,,,,,,STOP
289.534,D:/Pipefish Mesocosm Film/Trial 2/3-12-20/3-12 Noon 01.MTS,3682.480,25.0,,Stop,,,,,,POINT
294.658,D:/Pipefish Mesocosm Film/Trial 2/3-12-20/3-12 Noon 01.MTS,3682.480,25.0,,Start,,,,,,POINT
294.658,D:/Pipefish Mesocosm Film/Trial 2/3-12-20/3-12 Noon 01.MTS,3682.480,25.0,Female,Pose,,S pose,Male,Front,,START
294.658,D:/Pipefish Mesocosm Film/Trial 2/3-12-20/3-12 Noon 01.MTS,3682.480,25.0,Male,Surrounding,,,,,,START
297.125,D:/Pipefish Mesocosm Film/Trial 2/3-12-20/3-12 Noon 01.MTS,3682.480,25.0,Female,Pose,,S pose,Male,Front,,STOP
297.126,D:/Pipefish Mesocosm Film/Trial 2/3-12-20/3-12 Noon 01.MTS,3682.480,25.0,Female,Inactive,,,,,,START
301.207,D:/Pipefish Mesocosm Film/Trial 2/3-12-20/3-12 Noon 01.MTS,3682.480,25.0,Male,Surrounding,,,,,,STOP
301.208,D:/Pipefish Mesocosm Film/Trial 2/3-12-20/3-12 Noon 01.MTS,3682.480,25.0,Male,Out of sight,,,,,,START
305.575,D:/Pipefish Mesocosm Film/Trial 2/3-12-20/3-12 Noon 01.MTS,3682.480,25.0,Male,Out of sight,,,,,,STOP
305.576,D:/Pipefish Mesocosm Film/Trial 2/3-12-20/3-12 Noon 01.MTS,3682.480,25.0,Male,Surrounding,,,,,,START
330.167,D:/Pipefish Mesocosm Film/Trial 2/3-12-20/3-12 Noon 01.MTS,3682.480,25.0,Female,Inactive,,,,,,STOP
330.168,D:/Pipefish Mesocosm Film/Trial 2/3-12-20/3-12 Noon 01.MTS,3682.480,25.0,Female,Pose,,S pose,Male,Front,,START
340.801,D:/Pipefish Mesocosm Film/Trial 2/3-12-20/3-12 Noon 01.MTS,3682.480,25.0,Female,Pose,,S pose,Male,Front,,STOP
340.802,D:/Pipefish Mesocosm Film/Trial 2/3-12-20/3-12 Noon 01.MTS,3682.480,25.0,Female,Wiggle,Courtship,Active wiggle,Male,2,,START
344.124,D:/Pipefish Mesocosm Film/Trial 2/3-12-20/3-12 Noon 01.MTS,3682.480,25.0,Female,Wiggle,Courtship,Active wiggle,Male,2,,STOP
344.125,D:/Pipefish Mesocosm Film/Trial 2/3-12-20/3-12 Noon 01.MTS,3682.480,25.0,Female,Inactive,,,,,,START
376.309,D:/Pipefish Mesocosm Film/Trial 2/3-12-20/3-12 Noon 01.MTS,3682.480,25.0,Male,Surrounding,,,,,,STOP
376.310,D:/Pipefish Mesocosm Film/Trial 2/3-12-20/3-12 Noon 01.MTS,3682.480,25.0,Male,Chasing,,,,,,START
387.134,D:/Pipefish Mesocosm Film/Trial 2/3-12-20/3-12 Noon 01.MTS,3682.480,25.0,Male,Chasing,,,,,,STOP
387.135,D:/Pipefish Mesocosm Film/Trial 2/3-12-20/3-12 Noon 01.MTS,3682.480,25.0,Male,Surrounding,,,,,,START
403.654,D:/Pipefish Mesocosm Film/Trial 2/3-12-20/3-12 Noon 01.MTS,3682.480,25.0,Male,Surrounding,,,,,,STOP
403.655,D:/Pipefish Mesocosm Film/Trial 2/3-12-20/3-12 Noon 01.MTS,3682.480,25.0,Male,Out of sight,,,,,,START
411.249,D:/Pipefish Mesocosm Film/Trial 2/3-12-20/3-12 Noon 01.MTS,3682.480,25.0,Female,Inactive,,,,,,STOP
411.249,D:/Pipefish Mesocosm Film/Trial 2/3-12-20/3-12 Noon 01.MTS,3682.480,25.0,Male,Out of sight,,,,,,STOP
411.251,D:/Pipefish Mesocosm Film/Trial 2/3-12-20/3-12 Noon 01.MTS,3682.480,25.0,,Stop,,,,,,POINT
