Observation id,T207AM_02,,,,,,,,,,
,,,,,,,,,,,
Media file(s),,,,,,,,,,,
,,,,,,,,,,,
Player #1,D:/Pipefish Mesocosm Film/Trial 2/9-12-20/9-12 AM 01.MTS,,,,,,,,,,
Player #1,D:/Pipefish Mesocosm Film/Trial 2/9-12-20/9-12 AM 02.MTS,,,,,,,,,,
Player #1,D:/Pipefish Mesocosm Film/Trial 2/9-12-20/9-12 AM 03.MTS,,,,,,,,,,
,,,,,,,,,,,
Observation date,2021-07-20 15:00:23,,,,,,,,,,
,,,,,,,,,,,
Description,"Video T207 AM 01, 02 and 03. Extra groups",,,,,,,,,,
,,,,,,,,,,,
Time offset (s),0.0,,,,,,,,,,
,,,,,,,,,,,
independent variables,,,,,,,,,,,
variable,value,,,,,,,,,,
Number in group,,,,,,,,,,,
Time of day,,,,,,,,,,,
,,,,,,,,,,,
Time,Media file path,Total length,FPS,Subject,Behavior,Behavioral category,Modifier 1,Modifier 2,Modifier 3,Comment,Status
940.661,D:/Pipefish Mesocosm Film/Trial 2/9-12-20/9-12 AM 01.MTS,7218.980,25.0,,Start,,,,,,POINT
940.661,D:/Pipefish Mesocosm Film/Trial 2/9-12-20/9-12 AM 01.MTS,7218.980,25.0,Female,Pose,,S pose,Male,Front,,START
940.661,D:/Pipefish Mesocosm Film/Trial 2/9-12-20/9-12 AM 01.MTS,7218.980,25.0,Male,Inactive,,,,,,START
944.389,D:/Pipefish Mesocosm Film/Trial 2/9-12-20/9-12 AM 01.MTS,7218.980,25.0,Female,Pose,,S pose,Male,Front,,STOP
944.390,D:/Pipefish Mesocosm Film/Trial 2/9-12-20/9-12 AM 01.MTS,7218.980,25.0,Female,Inactive,,,,,,START
959.458,D:/Pipefish Mesocosm Film/Trial 2/9-12-20/9-12 AM 01.MTS,7218.980,25.0,Male,Inactive,,,,,,STOP
959.995,D:/Pipefish Mesocosm Film/Trial 2/9-12-20/9-12 AM 01.MTS,7218.980,25.0,Female,Inactive,,,,,,STOP
959.997,D:/Pipefish Mesocosm Film/Trial 2/9-12-20/9-12 AM 01.MTS,7218.980,25.0,,Stop,,,,,,POINT
5696.097,D:/Pipefish Mesocosm Film/Trial 2/9-12-20/9-12 AM 02.MTS,7218.980,25.0,,Start,,,,,,POINT
5696.192,D:/Pipefish Mesocosm Film/Trial 2/9-12-20/9-12 AM 02.MTS,7218.980,25.0,Female,Pose,,S pose,Male,Front,,START
5701.031,D:/Pipefish Mesocosm Film/Trial 2/9-12-20/9-12 AM 02.MTS,7218.980,25.0,Male,Inactive,,,,,,START
5703.787,D:/Pipefish Mesocosm Film/Trial 2/9-12-20/9-12 AM 02.MTS,7218.980,25.0,Female,Pose,,S pose,Male,Front,,STOP
5703.788,D:/Pipefish Mesocosm Film/Trial 2/9-12-20/9-12 AM 02.MTS,7218.980,25.0,Female,Inactive,,,,,,START
5709.196,D:/Pipefish Mesocosm Film/Trial 2/9-12-20/9-12 AM 02.MTS,7218.980,25.0,Female,Inactive,,,,,,STOP
5709.197,D:/Pipefish Mesocosm Film/Trial 2/9-12-20/9-12 AM 02.MTS,7218.980,25.0,Female,Swim away,,,,,,START
5714.321,D:/Pipefish Mesocosm Film/Trial 2/9-12-20/9-12 AM 02.MTS,7218.980,25.0,Female,Swim away,,,,,,STOP
5714.322,D:/Pipefish Mesocosm Film/Trial 2/9-12-20/9-12 AM 02.MTS,7218.980,25.0,Female,Inactive,,,,,,START
5718.312,D:/Pipefish Mesocosm Film/Trial 2/9-12-20/9-12 AM 02.MTS,7218.980,25.0,Female,Inactive,,,,,,STOP
5718.712,D:/Pipefish Mesocosm Film/Trial 2/9-12-20/9-12 AM 02.MTS,7218.980,25.0,Male,Inactive,,,,,,STOP
5719.600,D:/Pipefish Mesocosm Film/Trial 2/9-12-20/9-12 AM 02.MTS,7218.980,25.0,,Stop,,,,,,POINT
5789.484,D:/Pipefish Mesocosm Film/Trial 2/9-12-20/9-12 AM 03.MTS,7218.980,25.0,,Start,,,,,,POINT
5789.484,D:/Pipefish Mesocosm Film/Trial 2/9-12-20/9-12 AM 03.MTS,7218.980,25.0,Female,Wiggle,Courtship,Active wiggle,Male,2,,START
5792.617,D:/Pipefish Mesocosm Film/Trial 2/9-12-20/9-12 AM 03.MTS,7218.980,25.0,Male,Inactive,,,,,,START
5797.365,D:/Pipefish Mesocosm Film/Trial 2/9-12-20/9-12 AM 03.MTS,7218.980,25.0,Female,Wiggle,Courtship,Active wiggle,Male,2,,STOP
5797.366,D:/Pipefish Mesocosm Film/Trial 2/9-12-20/9-12 AM 03.MTS,7218.980,25.0,Female,Inactive,,,,,,START
5869.620,D:/Pipefish Mesocosm Film/Trial 2/9-12-20/9-12 AM 03.MTS,7218.980,25.0,Female,Inactive,,,,,,STOP
5869.811,D:/Pipefish Mesocosm Film/Trial 2/9-12-20/9-12 AM 03.MTS,7218.980,25.0,Male,Inactive,,,,,,STOP
5871.614,D:/Pipefish Mesocosm Film/Trial 2/9-12-20/9-12 AM 03.MTS,7218.980,25.0,,Stop,,,,,,POINT
6158.695,D:/Pipefish Mesocosm Film/Trial 2/9-12-20/9-12 AM 03.MTS,7218.980,25.0,,Start,,,,,,POINT
6158.695,D:/Pipefish Mesocosm Film/Trial 2/9-12-20/9-12 AM 03.MTS,7218.980,25.0,Female,Pose,,S pose,Male,Front,,START
6158.729,D:/Pipefish Mesocosm Film/Trial 2/9-12-20/9-12 AM 03.MTS,7218.980,25.0,Male,Inactive,,,,,,START
6162.998,D:/Pipefish Mesocosm Film/Trial 2/9-12-20/9-12 AM 03.MTS,7218.980,25.0,Male,Inactive,,,,,,STOP
6162.999,D:/Pipefish Mesocosm Film/Trial 2/9-12-20/9-12 AM 03.MTS,7218.980,25.0,Male,Wiggle,Courtship,Active wiggle,Female,2,,START
6174.111,D:/Pipefish Mesocosm Film/Trial 2/9-12-20/9-12 AM 03.MTS,7218.980,25.0,Male,Wiggle,Courtship,Active wiggle,Female,2,,STOP
6174.112,D:/Pipefish Mesocosm Film/Trial 2/9-12-20/9-12 AM 03.MTS,7218.980,25.0,Male,Inactive,,,,,,START
6176.318,D:/Pipefish Mesocosm Film/Trial 2/9-12-20/9-12 AM 03.MTS,7218.980,25.0,Female,Pose,,S pose,Male,Front,,STOP
6176.319,D:/Pipefish Mesocosm Film/Trial 2/9-12-20/9-12 AM 03.MTS,7218.980,25.0,Female,Inactive,,,,,,START
6204.492,D:/Pipefish Mesocosm Film/Trial 2/9-12-20/9-12 AM 03.MTS,7218.980,25.0,Male,Inactive,,,,,,STOP
6204.584,D:/Pipefish Mesocosm Film/Trial 2/9-12-20/9-12 AM 03.MTS,7218.980,25.0,Female,Inactive,,,,,,STOP
6207.243,D:/Pipefish Mesocosm Film/Trial 2/9-12-20/9-12 AM 03.MTS,7218.980,25.0,,Stop,,,,,,POINT
