Observation id,T303AM_01,,,,,,,,,,
,,,,,,,,,,,
Media file(s),,,,,,,,,,,
,,,,,,,,,,,
Player #1,D:/Pipefish Mesocosm Film/Trial 3/5-12-20/5-12 AM 01.MTS,,,,,,,,,,
,,,,,,,,,,,
Observation date,2022-01-26 12:05:33,,,,,,,,,,
,,,,,,,,,,,
Description,,,,,,,,,,,
,,,,,,,,,,,
Time offset (s),0.0,,,,,,,,,,
,,,,,,,,,,,
independent variables,,,,,,,,,,,
variable,value,,,,,,,,,,
Number in group,,,,,,,,,,,
Time of day,,,,,,,,,,,
,,,,,,,,,,,
Time,Media file path,Total length,FPS,Subject,Behavior,Behavioral category,Modifier 1,Modifier 2,Modifier 3,Comment,Status
736.054,D:/Pipefish Mesocosm Film/Trial 3/5-12-20/5-12 AM 01.MTS,2858.900,25.0,,Start,,,,,,POINT
736.054,D:/Pipefish Mesocosm Film/Trial 3/5-12-20/5-12 AM 01.MTS,2858.900,25.0,Male,Wiggle,Courtship,Active wiggle,Female,2,,START
737.193,D:/Pipefish Mesocosm Film/Trial 3/5-12-20/5-12 AM 01.MTS,2858.900,25.0,Female,Inactive,,,,,,START
738.807,D:/Pipefish Mesocosm Film/Trial 3/5-12-20/5-12 AM 01.MTS,2858.900,25.0,Male,Wiggle,Courtship,Active wiggle,Female,2,,STOP
738.808,D:/Pipefish Mesocosm Film/Trial 3/5-12-20/5-12 AM 01.MTS,2858.900,25.0,Male,Inactive,,,,,,START
759.600,D:/Pipefish Mesocosm Film/Trial 3/5-12-20/5-12 AM 01.MTS,2858.900,25.0,Female,Inactive,,,,,,STOP
759.601,D:/Pipefish Mesocosm Film/Trial 3/5-12-20/5-12 AM 01.MTS,2858.900,25.0,Female,Out of sight,,,,,,START
762.921,D:/Pipefish Mesocosm Film/Trial 3/5-12-20/5-12 AM 01.MTS,2858.900,25.0,Male,Inactive,,,,,,STOP
762.922,D:/Pipefish Mesocosm Film/Trial 3/5-12-20/5-12 AM 01.MTS,2858.900,25.0,Male,Out of sight,,,,,,START
767.575,D:/Pipefish Mesocosm Film/Trial 3/5-12-20/5-12 AM 01.MTS,2858.900,25.0,Female,Out of sight,,,,,,STOP
767.576,D:/Pipefish Mesocosm Film/Trial 3/5-12-20/5-12 AM 01.MTS,2858.900,25.0,Female,Inactive,,,,,,START
770.044,D:/Pipefish Mesocosm Film/Trial 3/5-12-20/5-12 AM 01.MTS,2858.900,25.0,Male,Out of sight,,,,,,STOP
770.045,D:/Pipefish Mesocosm Film/Trial 3/5-12-20/5-12 AM 01.MTS,2858.900,25.0,Male,Inactive,,,,,,START
775.268,D:/Pipefish Mesocosm Film/Trial 3/5-12-20/5-12 AM 01.MTS,2858.900,25.0,Female,Inactive,,,,,,STOP
775.269,D:/Pipefish Mesocosm Film/Trial 3/5-12-20/5-12 AM 01.MTS,2858.900,25.0,Female,Pose,,Non-s pose,Male,Front,,START
781.723,D:/Pipefish Mesocosm Film/Trial 3/5-12-20/5-12 AM 01.MTS,2858.900,25.0,Female,Pose,,Non-s pose,Male,Front,,STOP
781.724,D:/Pipefish Mesocosm Film/Trial 3/5-12-20/5-12 AM 01.MTS,2858.900,25.0,Female,Inactive,,,,,,START
802.800,D:/Pipefish Mesocosm Film/Trial 3/5-12-20/5-12 AM 01.MTS,2858.900,25.0,Male,Inactive,,,,,,STOP
802.801,D:/Pipefish Mesocosm Film/Trial 3/5-12-20/5-12 AM 01.MTS,2858.900,25.0,Male,Wiggle,Courtship,Active wiggle,Female,2,,START
807.100,D:/Pipefish Mesocosm Film/Trial 3/5-12-20/5-12 AM 01.MTS,2858.900,25.0,Male,Wiggle,Courtship,Active wiggle,Female,2,,STOP
807.101,D:/Pipefish Mesocosm Film/Trial 3/5-12-20/5-12 AM 01.MTS,2858.900,25.0,Male,Inactive,,,,,,START
808.497,D:/Pipefish Mesocosm Film/Trial 3/5-12-20/5-12 AM 01.MTS,2858.900,25.0,Female,Inactive,,,,,,STOP
808.498,D:/Pipefish Mesocosm Film/Trial 3/5-12-20/5-12 AM 01.MTS,2858.900,25.0,Female,Pose,,S pose,Male,Front,,START
813.814,D:/Pipefish Mesocosm Film/Trial 3/5-12-20/5-12 AM 01.MTS,2858.900,25.0,Female,Pose,,S pose,Male,Front,,STOP
813.815,D:/Pipefish Mesocosm Film/Trial 3/5-12-20/5-12 AM 01.MTS,2858.900,25.0,Female,Inactive,,,,,,START
816.856,D:/Pipefish Mesocosm Film/Trial 3/5-12-20/5-12 AM 01.MTS,2858.900,25.0,Male,Inactive,,,,,,STOP
816.857,D:/Pipefish Mesocosm Film/Trial 3/5-12-20/5-12 AM 01.MTS,2858.900,25.0,Male,Wiggle,Courtship,Subtle wiggle,Female,2,,START
820.176,D:/Pipefish Mesocosm Film/Trial 3/5-12-20/5-12 AM 01.MTS,2858.900,25.0,Male,Wiggle,Courtship,Subtle wiggle,Female,2,,STOP
820.177,D:/Pipefish Mesocosm Film/Trial 3/5-12-20/5-12 AM 01.MTS,2858.900,25.0,Male,Inactive,,,,,,START
884.648,D:/Pipefish Mesocosm Film/Trial 3/5-12-20/5-12 AM 01.MTS,2858.900,25.0,Female,Inactive,,,,,,STOP
884.648,D:/Pipefish Mesocosm Film/Trial 3/5-12-20/5-12 AM 01.MTS,2858.900,25.0,Male,Inactive,,,,,,STOP
884.973,D:/Pipefish Mesocosm Film/Trial 3/5-12-20/5-12 AM 01.MTS,2858.900,25.0,,Stop,,,,,,POINT
1192.913,D:/Pipefish Mesocosm Film/Trial 3/5-12-20/5-12 AM 01.MTS,2858.900,25.0,,Start,,,,,,POINT
1192.913,D:/Pipefish Mesocosm Film/Trial 3/5-12-20/5-12 AM 01.MTS,2858.900,25.0,Male,Wiggle,Courtship,Active wiggle,Female,3,,START
1193.007,D:/Pipefish Mesocosm Film/Trial 3/5-12-20/5-12 AM 01.MTS,2858.900,25.0,Female,Inactive,,,,,,START
1195.284,D:/Pipefish Mesocosm Film/Trial 3/5-12-20/5-12 AM 01.MTS,2858.900,25.0,Male,Wiggle,Courtship,Active wiggle,Female,3,,STOP
1195.285,D:/Pipefish Mesocosm Film/Trial 3/5-12-20/5-12 AM 01.MTS,2858.900,25.0,Male,Inactive,,,,,,START
1214.369,D:/Pipefish Mesocosm Film/Trial 3/5-12-20/5-12 AM 01.MTS,2858.900,25.0,Male,Inactive,,,,,,STOP
1214.370,D:/Pipefish Mesocosm Film/Trial 3/5-12-20/5-12 AM 01.MTS,2858.900,25.0,Male,Wiggle,Courtship,Active wiggle,Female,2,,START
1216.365,D:/Pipefish Mesocosm Film/Trial 3/5-12-20/5-12 AM 01.MTS,2858.900,25.0,Female,Inactive,,,,,,STOP
1216.366,D:/Pipefish Mesocosm Film/Trial 3/5-12-20/5-12 AM 01.MTS,2858.900,25.0,Female,Pose,,S pose,Male,Front,,START
1216.648,D:/Pipefish Mesocosm Film/Trial 3/5-12-20/5-12 AM 01.MTS,2858.900,25.0,Male,Wiggle,Courtship,Active wiggle,Female,2,,STOP
1216.649,D:/Pipefish Mesocosm Film/Trial 3/5-12-20/5-12 AM 01.MTS,2858.900,25.0,Male,Inactive,,,,,,START
1225.287,D:/Pipefish Mesocosm Film/Trial 3/5-12-20/5-12 AM 01.MTS,2858.900,25.0,Female,Pose,,S pose,Male,Front,,STOP
1225.288,D:/Pipefish Mesocosm Film/Trial 3/5-12-20/5-12 AM 01.MTS,2858.900,25.0,Female,Inactive,,,,,,START
1255.575,D:/Pipefish Mesocosm Film/Trial 3/5-12-20/5-12 AM 01.MTS,2858.900,25.0,Male,Inactive,,,,,,STOP
1255.576,D:/Pipefish Mesocosm Film/Trial 3/5-12-20/5-12 AM 01.MTS,2858.900,25.0,Male,Wiggle,Courtship,Active wiggle,Female,2,,START
1260.227,D:/Pipefish Mesocosm Film/Trial 3/5-12-20/5-12 AM 01.MTS,2858.900,25.0,Male,Wiggle,Courtship,Active wiggle,Female,2,,STOP
1260.228,D:/Pipefish Mesocosm Film/Trial 3/5-12-20/5-12 AM 01.MTS,2858.900,25.0,Male,Inactive,,,,,,START
1296.118,D:/Pipefish Mesocosm Film/Trial 3/5-12-20/5-12 AM 01.MTS,2858.900,25.0,Male,Inactive,,,,,,STOP
1296.119,D:/Pipefish Mesocosm Film/Trial 3/5-12-20/5-12 AM 01.MTS,2858.900,25.0,Male,Wiggle,Courtship,Active wiggle,Female,2,,START
1300.959,D:/Pipefish Mesocosm Film/Trial 3/5-12-20/5-12 AM 01.MTS,2858.900,25.0,Male,Wiggle,Courtship,Active wiggle,Female,2,,STOP
1300.960,D:/Pipefish Mesocosm Film/Trial 3/5-12-20/5-12 AM 01.MTS,2858.900,25.0,Male,Inactive,,,,,,START
1302.007,D:/Pipefish Mesocosm Film/Trial 3/5-12-20/5-12 AM 01.MTS,2858.900,25.0,Female,Inactive,,,,,,STOP
1302.008,D:/Pipefish Mesocosm Film/Trial 3/5-12-20/5-12 AM 01.MTS,2858.900,25.0,Female,Pose,,S pose,Male,Front,,START
1309.123,D:/Pipefish Mesocosm Film/Trial 3/5-12-20/5-12 AM 01.MTS,2858.900,25.0,Female,Pose,,S pose,Male,Front,,STOP
1309.124,D:/Pipefish Mesocosm Film/Trial 3/5-12-20/5-12 AM 01.MTS,2858.900,25.0,Female,Inactive,,,,,,START
1309.503,D:/Pipefish Mesocosm Film/Trial 3/5-12-20/5-12 AM 01.MTS,2858.900,25.0,Male,Inactive,,,,,,STOP
1309.504,D:/Pipefish Mesocosm Film/Trial 3/5-12-20/5-12 AM 01.MTS,2858.900,25.0,Male,Wiggle,Courtship,Active wiggle,Female,2,,START
1314.061,D:/Pipefish Mesocosm Film/Trial 3/5-12-20/5-12 AM 01.MTS,2858.900,25.0,Male,Wiggle,Courtship,Active wiggle,Female,2,,STOP
1314.062,D:/Pipefish Mesocosm Film/Trial 3/5-12-20/5-12 AM 01.MTS,2858.900,25.0,Male,Inactive,,,,,,START
1348.525,D:/Pipefish Mesocosm Film/Trial 3/5-12-20/5-12 AM 01.MTS,2858.900,25.0,Male,Inactive,,,,,,STOP
1348.526,D:/Pipefish Mesocosm Film/Trial 3/5-12-20/5-12 AM 01.MTS,2858.900,25.0,Male,Wiggle,Courtship,Active wiggle,Female,2,,START
1351.373,D:/Pipefish Mesocosm Film/Trial 3/5-12-20/5-12 AM 01.MTS,2858.900,25.0,Male,Wiggle,Courtship,Active wiggle,Female,2,,STOP
1351.374,D:/Pipefish Mesocosm Film/Trial 3/5-12-20/5-12 AM 01.MTS,2858.900,25.0,Male,Inactive,,,,,,START
1372.169,D:/Pipefish Mesocosm Film/Trial 3/5-12-20/5-12 AM 01.MTS,2858.900,25.0,Male,Inactive,,,,,,STOP
1372.170,D:/Pipefish Mesocosm Film/Trial 3/5-12-20/5-12 AM 01.MTS,2858.900,25.0,Male,Wiggle,Courtship,Active wiggle,Female,2,,START
1375.015,D:/Pipefish Mesocosm Film/Trial 3/5-12-20/5-12 AM 01.MTS,2858.900,25.0,Male,Wiggle,Courtship,Active wiggle,Female,2,,STOP
1375.016,D:/Pipefish Mesocosm Film/Trial 3/5-12-20/5-12 AM 01.MTS,2858.900,25.0,Male,Inactive,,,,,,START
1409.767,D:/Pipefish Mesocosm Film/Trial 3/5-12-20/5-12 AM 01.MTS,2858.900,25.0,Male,Inactive,,,,,,STOP
1409.768,D:/Pipefish Mesocosm Film/Trial 3/5-12-20/5-12 AM 01.MTS,2858.900,25.0,Male,Wiggle,Courtship,Active wiggle,Female,2,,START
1414.133,D:/Pipefish Mesocosm Film/Trial 3/5-12-20/5-12 AM 01.MTS,2858.900,25.0,Male,Wiggle,Courtship,Active wiggle,Female,2,,STOP
1414.134,D:/Pipefish Mesocosm Film/Trial 3/5-12-20/5-12 AM 01.MTS,2858.900,25.0,Male,Inactive,,,,,,START
1416.605,D:/Pipefish Mesocosm Film/Trial 3/5-12-20/5-12 AM 01.MTS,2858.900,25.0,Female,Inactive,,,,,,STOP
1416.606,D:/Pipefish Mesocosm Film/Trial 3/5-12-20/5-12 AM 01.MTS,2858.900,25.0,Female,Pose,,S pose,Male,Front,,START
1422.489,D:/Pipefish Mesocosm Film/Trial 3/5-12-20/5-12 AM 01.MTS,2858.900,25.0,Male,Inactive,,,,,,STOP
1422.490,D:/Pipefish Mesocosm Film/Trial 3/5-12-20/5-12 AM 01.MTS,2858.900,25.0,Male,Wiggle,Courtship,Active wiggle,Female,2,,START
1424.103,D:/Pipefish Mesocosm Film/Trial 3/5-12-20/5-12 AM 01.MTS,2858.900,25.0,Female,Pose,,S pose,Male,Front,,STOP
1424.104,D:/Pipefish Mesocosm Film/Trial 3/5-12-20/5-12 AM 01.MTS,2858.900,25.0,Female,Inactive,,,,,,START
1424.864,D:/Pipefish Mesocosm Film/Trial 3/5-12-20/5-12 AM 01.MTS,2858.900,25.0,Male,Wiggle,Courtship,Active wiggle,Female,2,,STOP
1424.865,D:/Pipefish Mesocosm Film/Trial 3/5-12-20/5-12 AM 01.MTS,2858.900,25.0,Male,Inactive,,,,,,START
1458.760,D:/Pipefish Mesocosm Film/Trial 3/5-12-20/5-12 AM 01.MTS,2858.900,25.0,Male,Inactive,,,,,,STOP
1458.761,D:/Pipefish Mesocosm Film/Trial 3/5-12-20/5-12 AM 01.MTS,2858.900,25.0,Male,Wiggle,Courtship,Active wiggle,Female,2,,START
1461.321,D:/Pipefish Mesocosm Film/Trial 3/5-12-20/5-12 AM 01.MTS,2858.900,25.0,Male,Wiggle,Courtship,Active wiggle,Female,2,,STOP
1461.322,D:/Pipefish Mesocosm Film/Trial 3/5-12-20/5-12 AM 01.MTS,2858.900,25.0,Male,Inactive,,,,,,START
1493.033,D:/Pipefish Mesocosm Film/Trial 3/5-12-20/5-12 AM 01.MTS,2858.900,25.0,Male,Inactive,,,,,,STOP
1493.034,D:/Pipefish Mesocosm Film/Trial 3/5-12-20/5-12 AM 01.MTS,2858.900,25.0,Male,Wiggle,Courtship,Active wiggle,Female,2,,START
1495.975,D:/Pipefish Mesocosm Film/Trial 3/5-12-20/5-12 AM 01.MTS,2858.900,25.0,Male,Wiggle,Courtship,Active wiggle,Female,2,,STOP
1495.976,D:/Pipefish Mesocosm Film/Trial 3/5-12-20/5-12 AM 01.MTS,2858.900,25.0,Male,Inactive,,,,,,START
1558.640,D:/Pipefish Mesocosm Film/Trial 3/5-12-20/5-12 AM 01.MTS,2858.900,25.0,Male,Inactive,,,,,,STOP
1558.831,D:/Pipefish Mesocosm Film/Trial 3/5-12-20/5-12 AM 01.MTS,2858.900,25.0,Female,Inactive,,,,,,STOP
1559.116,D:/Pipefish Mesocosm Film/Trial 3/5-12-20/5-12 AM 01.MTS,2858.900,25.0,,Stop,,,,,,POINT
