Observation id,T306AM2_01,,,,,,,,,,
,,,,,,,,,,,
Media file(s),,,,,,,,,,,
,,,,,,,,,,,
Player #1,D:/Pipefish Mesocosm Film/Trial 3/8-12-20/8-12 AM 02.MTS,,,,,,,,,,
,,,,,,,,,,,
Observation date,2021-06-24 15:05:41,,,,,,,,,,
,,,,,,,,,,,
Description,Video T306 AM02 at 29min,,,,,,,,,,
,,,,,,,,,,,
Time offset (s),0.0,,,,,,,,,,
,,,,,,,,,,,
independent variables,,,,,,,,,,,
variable,value,,,,,,,,,,
Number in group,,,,,,,,,,,
Time of day,,,,,,,,,,,
,,,,,,,,,,,
Time,Media file path,Total length,FPS,Subject,Behavior,Behavioral category,Modifier 1,Modifier 2,Modifier 3,Comment,Status
1771.048,D:/Pipefish Mesocosm Film/Trial 3/8-12-20/8-12 AM 02.MTS,2859.220,25.0,,Start,,,,,,POINT
1771.050,D:/Pipefish Mesocosm Film/Trial 3/8-12-20/8-12 AM 02.MTS,2859.220,25.0,Female,Inactive,,,,,,START
1773.045,D:/Pipefish Mesocosm Film/Trial 3/8-12-20/8-12 AM 02.MTS,2859.220,25.0,Male,Wiggle,Courtship,Active wiggle,Female,2,,START
1777.505,D:/Pipefish Mesocosm Film/Trial 3/8-12-20/8-12 AM 02.MTS,2859.220,25.0,Male,Wiggle,Courtship,Active wiggle,Female,2,,STOP
1777.506,D:/Pipefish Mesocosm Film/Trial 3/8-12-20/8-12 AM 02.MTS,2859.220,25.0,Male,Inactive,,,,,,START
1787.951,D:/Pipefish Mesocosm Film/Trial 3/8-12-20/8-12 AM 02.MTS,2859.220,25.0,Female,Move away,,,,,,POINT
1788.996,D:/Pipefish Mesocosm Film/Trial 3/8-12-20/8-12 AM 02.MTS,2859.220,25.0,Male,Touch,,,,,,POINT
1794.501,D:/Pipefish Mesocosm Film/Trial 3/8-12-20/8-12 AM 02.MTS,2859.220,25.0,Male,Move away,,,,,,POINT
1802.192,D:/Pipefish Mesocosm Film/Trial 3/8-12-20/8-12 AM 02.MTS,2859.220,25.0,Male,Follow,,,,,,POINT
1812.732,D:/Pipefish Mesocosm Film/Trial 3/8-12-20/8-12 AM 02.MTS,2859.220,25.0,Female,Move away,,,,,,POINT
1813.587,D:/Pipefish Mesocosm Film/Trial 3/8-12-20/8-12 AM 02.MTS,2859.220,25.0,Male,Touch,,,,,,POINT
1823.735,D:/Pipefish Mesocosm Film/Trial 3/8-12-20/8-12 AM 02.MTS,2859.220,25.0,Female,Inactive,,,,,,STOP
1823.735,D:/Pipefish Mesocosm Film/Trial 3/8-12-20/8-12 AM 02.MTS,2859.220,25.0,Male,Inactive,,,,,,STOP
1823.745,D:/Pipefish Mesocosm Film/Trial 3/8-12-20/8-12 AM 02.MTS,2859.220,25.0,,Stop,,,,,,POINT
