Observation id,T306AM2_02,,,,,,,,,,
,,,,,,,,,,,
Media file(s),,,,,,,,,,,
,,,,,,,,,,,
Player #1,D:/Pipefish Mesocosm Film/Trial 3/8-12-20/8-12 AM 02.MTS,,,,,,,,,,
,,,,,,,,,,,
Observation date,2021-06-24 15:19:59,,,,,,,,,,
,,,,,,,,,,,
Description,Courtship at 30.51 minutes,,,,,,,,,,
,,,,,,,,,,,
Time offset (s),0.0,,,,,,,,,,
,,,,,,,,,,,
independent variables,,,,,,,,,,,
variable,value,,,,,,,,,,
Number in group,,,,,,,,,,,
Time of day,,,,,,,,,,,
,,,,,,,,,,,
Time,Media file path,Total length,FPS,Subject,Behavior,Behavioral category,Modifier 1,Modifier 2,Modifier 3,Comment,Status
1845.582,D:/Pipefish Mesocosm Film/Trial 3/8-12-20/8-12 AM 02.MTS,2859.220,25.0,,Start,,,,,,POINT
1846.723,D:/Pipefish Mesocosm Film/Trial 3/8-12-20/8-12 AM 02.MTS,2859.220,25.0,Female,Inactive,,,,,,START
1849.189,D:/Pipefish Mesocosm Film/Trial 3/8-12-20/8-12 AM 02.MTS,2859.220,25.0,Male,Wiggle,Courtship,Subtle wiggle,Female,2,,START
1854.410,D:/Pipefish Mesocosm Film/Trial 3/8-12-20/8-12 AM 02.MTS,2859.220,25.0,Male,Wiggle,Courtship,Subtle wiggle,Female,2,,STOP
1854.411,D:/Pipefish Mesocosm Film/Trial 3/8-12-20/8-12 AM 02.MTS,2859.220,25.0,Male,Inactive,,,,,,START
1863.812,D:/Pipefish Mesocosm Film/Trial 3/8-12-20/8-12 AM 02.MTS,2859.220,25.0,Male,Inactive,,,,,,STOP
1863.813,D:/Pipefish Mesocosm Film/Trial 3/8-12-20/8-12 AM 02.MTS,2859.220,25.0,Male,Wiggle,Courtship,Subtle wiggle,Female,2,,START
1867.039,D:/Pipefish Mesocosm Film/Trial 3/8-12-20/8-12 AM 02.MTS,2859.220,25.0,Male,Wiggle,Courtship,Subtle wiggle,Female,2,,STOP
1867.040,D:/Pipefish Mesocosm Film/Trial 3/8-12-20/8-12 AM 02.MTS,2859.220,25.0,Male,Inactive,,,,,,START
1870.172,D:/Pipefish Mesocosm Film/Trial 3/8-12-20/8-12 AM 02.MTS,2859.220,25.0,Male,Inactive,,,,,,STOP
1870.173,D:/Pipefish Mesocosm Film/Trial 3/8-12-20/8-12 AM 02.MTS,2859.220,25.0,Male,Wiggle,Courtship,Subtle wiggle,Female,2,,START
1876.154,D:/Pipefish Mesocosm Film/Trial 3/8-12-20/8-12 AM 02.MTS,2859.220,25.0,Male,Wiggle,Courtship,Subtle wiggle,Female,2,,STOP
1876.155,D:/Pipefish Mesocosm Film/Trial 3/8-12-20/8-12 AM 02.MTS,2859.220,25.0,Male,Inactive,,,,,,START
1892.865,D:/Pipefish Mesocosm Film/Trial 3/8-12-20/8-12 AM 02.MTS,2859.220,25.0,Female,Move away,,,,,,POINT
1894.954,D:/Pipefish Mesocosm Film/Trial 3/8-12-20/8-12 AM 02.MTS,2859.220,25.0,Male,Inactive,,,,,,STOP
1894.955,D:/Pipefish Mesocosm Film/Trial 3/8-12-20/8-12 AM 02.MTS,2859.220,25.0,Male,Out of sight,,,,,,START
1896.852,D:/Pipefish Mesocosm Film/Trial 3/8-12-20/8-12 AM 02.MTS,2859.220,25.0,Female,Inactive,,,,,,STOP
1896.853,D:/Pipefish Mesocosm Film/Trial 3/8-12-20/8-12 AM 02.MTS,2859.220,25.0,Female,Out of sight,,,,,,START
1901.979,D:/Pipefish Mesocosm Film/Trial 3/8-12-20/8-12 AM 02.MTS,2859.220,25.0,Female,Out of sight,,,,,,STOP
1902.264,D:/Pipefish Mesocosm Film/Trial 3/8-12-20/8-12 AM 02.MTS,2859.220,25.0,Female,Inactive,,,,,,START
1906.888,D:/Pipefish Mesocosm Film/Trial 3/8-12-20/8-12 AM 02.MTS,2859.220,25.0,Female,Inactive,,,,,,STOP
1906.888,D:/Pipefish Mesocosm Film/Trial 3/8-12-20/8-12 AM 02.MTS,2859.220,25.0,Male,Out of sight,,,,,,STOP
1916.888,D:/Pipefish Mesocosm Film/Trial 3/8-12-20/8-12 AM 02.MTS,2859.220,25.0,,Stop,,,,,,POINT
