Observation id,T401N_02,,,,,,,,,,
,,,,,,,,,,,
Media file(s),,,,,,,,,,,
,,,,,,,,,,,
Player #1,D:/Pipefish Mesocosm Film/Trial 4/4-12-20/4-12 Noon 01.MTS,,,,,,,,,,
Player #1,D:/Pipefish Mesocosm Film/Trial 4/4-12-20/4-12 Noon 02.MTS,,,,,,,,,,
,,,,,,,,,,,
Observation date,2021-11-19 11:05:11,,,,,,,,,,
,,,,,,,,,,,
Description,,,,,,,,,,,
,,,,,,,,,,,
Time offset (s),0.0,,,,,,,,,,
,,,,,,,,,,,
independent variables,,,,,,,,,,,
variable,value,,,,,,,,,,
Number in group,,,,,,,,,,,
Time of day,,,,,,,,,,,
,,,,,,,,,,,
Time,Media file path,Total length,FPS,Subject,Behavior,Behavioral category,Modifier 1,Modifier 2,Modifier 3,Comment,Status
152.428,D:/Pipefish Mesocosm Film/Trial 4/4-12-20/4-12 Noon 01.MTS,3713.200,25.0,,Start,,,,,,POINT
152.905,D:/Pipefish Mesocosm Film/Trial 4/4-12-20/4-12 Noon 01.MTS,3713.200,25.0,Female,Wiggle,Courtship,Active wiggle,Female,2,,START
154.234,D:/Pipefish Mesocosm Film/Trial 4/4-12-20/4-12 Noon 01.MTS,3713.200,25.0,Male,Inactive,,,,,,START
167.334,D:/Pipefish Mesocosm Film/Trial 4/4-12-20/4-12 Noon 01.MTS,3713.200,25.0,Female,Wiggle,Courtship,Active wiggle,Female,2,,STOP
167.335,D:/Pipefish Mesocosm Film/Trial 4/4-12-20/4-12 Noon 01.MTS,3713.200,25.0,Female,Pose,,S pose,Male,Front,,START
167.903,D:/Pipefish Mesocosm Film/Trial 4/4-12-20/4-12 Noon 01.MTS,3713.200,25.0,Male,Inactive,,,,,,STOP
167.904,D:/Pipefish Mesocosm Film/Trial 4/4-12-20/4-12 Noon 01.MTS,3713.200,25.0,Male,Wiggle,Courtship,Active wiggle,Female,2,,START
168.950,D:/Pipefish Mesocosm Film/Trial 4/4-12-20/4-12 Noon 01.MTS,3713.200,25.0,Female,Pose,,S pose,Male,Front,,STOP
168.951,D:/Pipefish Mesocosm Film/Trial 4/4-12-20/4-12 Noon 01.MTS,3713.200,25.0,Female,Inactive,,,,,,START
176.260,D:/Pipefish Mesocosm Film/Trial 4/4-12-20/4-12 Noon 01.MTS,3713.200,25.0,Male,Wiggle,Courtship,Active wiggle,Female,2,,STOP
176.261,D:/Pipefish Mesocosm Film/Trial 4/4-12-20/4-12 Noon 01.MTS,3713.200,25.0,Male,Inactive,,,,,,START
183.666,D:/Pipefish Mesocosm Film/Trial 4/4-12-20/4-12 Noon 01.MTS,3713.200,25.0,Male,Inactive,,,,,,STOP
183.667,D:/Pipefish Mesocosm Film/Trial 4/4-12-20/4-12 Noon 01.MTS,3713.200,25.0,Male,Wiggle,Courtship,Active wiggle,Female,2,,START
189.552,D:/Pipefish Mesocosm Film/Trial 4/4-12-20/4-12 Noon 01.MTS,3713.200,25.0,Male,Wiggle,Courtship,Active wiggle,Female,2,,STOP
189.553,D:/Pipefish Mesocosm Film/Trial 4/4-12-20/4-12 Noon 01.MTS,3713.200,25.0,Male,Inactive,,,,,,START
255.829,D:/Pipefish Mesocosm Film/Trial 4/4-12-20/4-12 Noon 01.MTS,3713.200,25.0,Female,Inactive,,,,,,STOP
255.830,D:/Pipefish Mesocosm Film/Trial 4/4-12-20/4-12 Noon 01.MTS,3713.200,25.0,Female,Pose,,S pose,Male,Front,,START
259.907,D:/Pipefish Mesocosm Film/Trial 4/4-12-20/4-12 Noon 01.MTS,3713.200,25.0,Female,Pose,,S pose,Male,Front,,STOP
259.908,D:/Pipefish Mesocosm Film/Trial 4/4-12-20/4-12 Noon 01.MTS,3713.200,25.0,Female,Wiggle,Courtship,Active wiggle,Male,2,,START
270.730,D:/Pipefish Mesocosm Film/Trial 4/4-12-20/4-12 Noon 01.MTS,3713.200,25.0,Female,Wiggle,Courtship,Active wiggle,Male,2,,STOP
270.731,D:/Pipefish Mesocosm Film/Trial 4/4-12-20/4-12 Noon 01.MTS,3713.200,25.0,Female,Inactive,,,,,,START
271.397,D:/Pipefish Mesocosm Film/Trial 4/4-12-20/4-12 Noon 01.MTS,3713.200,25.0,Male,Inactive,,,,,,STOP
271.398,D:/Pipefish Mesocosm Film/Trial 4/4-12-20/4-12 Noon 01.MTS,3713.200,25.0,Male,Wiggle,Courtship,Active wiggle,Female,2,,START
285.732,D:/Pipefish Mesocosm Film/Trial 4/4-12-20/4-12 Noon 01.MTS,3713.200,25.0,Male,Wiggle,Courtship,Active wiggle,Female,2,,STOP
285.733,D:/Pipefish Mesocosm Film/Trial 4/4-12-20/4-12 Noon 01.MTS,3713.200,25.0,Male,Inactive,,,,,,START
300.545,D:/Pipefish Mesocosm Film/Trial 4/4-12-20/4-12 Noon 01.MTS,3713.200,25.0,Male,Inactive,,,,,,STOP
300.546,D:/Pipefish Mesocosm Film/Trial 4/4-12-20/4-12 Noon 01.MTS,3713.200,25.0,Male,Wiggle,Courtship,Active wiggle,Female,2,,START
304.149,D:/Pipefish Mesocosm Film/Trial 4/4-12-20/4-12 Noon 01.MTS,3713.200,25.0,Male,Wiggle,Courtship,Active wiggle,Female,2,,STOP
304.150,D:/Pipefish Mesocosm Film/Trial 4/4-12-20/4-12 Noon 01.MTS,3713.200,25.0,Male,Inactive,,,,,,START
350.483,D:/Pipefish Mesocosm Film/Trial 4/4-12-20/4-12 Noon 01.MTS,3713.200,25.0,Male,Inactive,,,,,,STOP
350.484,D:/Pipefish Mesocosm Film/Trial 4/4-12-20/4-12 Noon 01.MTS,3713.200,25.0,Male,Surrounding,,,,,,START
368.997,D:/Pipefish Mesocosm Film/Trial 4/4-12-20/4-12 Noon 01.MTS,3713.200,25.0,Male,Surrounding,,,,,,STOP
368.998,D:/Pipefish Mesocosm Film/Trial 4/4-12-20/4-12 Noon 01.MTS,3713.200,25.0,Male,Inactive,,,,,,START
379.252,D:/Pipefish Mesocosm Film/Trial 4/4-12-20/4-12 Noon 01.MTS,3713.200,25.0,Female,Inactive,,,,,,STOP
379.253,D:/Pipefish Mesocosm Film/Trial 4/4-12-20/4-12 Noon 01.MTS,3713.200,25.0,Female,Pose,,S pose,Male,Front,,START
380.392,D:/Pipefish Mesocosm Film/Trial 4/4-12-20/4-12 Noon 01.MTS,3713.200,25.0,Male,Inactive,,,,,,STOP
380.393,D:/Pipefish Mesocosm Film/Trial 4/4-12-20/4-12 Noon 01.MTS,3713.200,25.0,Male,Wiggle,Courtship,Active wiggle,Female,2,,START
391.120,D:/Pipefish Mesocosm Film/Trial 4/4-12-20/4-12 Noon 01.MTS,3713.200,25.0,Female,Pose,,S pose,Male,Front,,STOP
391.121,D:/Pipefish Mesocosm Film/Trial 4/4-12-20/4-12 Noon 01.MTS,3713.200,25.0,Female,Inactive,,,,,,START
395.962,D:/Pipefish Mesocosm Film/Trial 4/4-12-20/4-12 Noon 01.MTS,3713.200,25.0,Male,Wiggle,Courtship,Active wiggle,Female,2,,STOP
395.963,D:/Pipefish Mesocosm Film/Trial 4/4-12-20/4-12 Noon 01.MTS,3713.200,25.0,Male,Inactive,,,,,,START
410.487,D:/Pipefish Mesocosm Film/Trial 4/4-12-20/4-12 Noon 01.MTS,3713.200,25.0,Male,Inactive,,,,,,STOP
410.488,D:/Pipefish Mesocosm Film/Trial 4/4-12-20/4-12 Noon 01.MTS,3713.200,25.0,Male,Wiggle,Courtship,Active wiggle,Female,3,,START
413.528,D:/Pipefish Mesocosm Film/Trial 4/4-12-20/4-12 Noon 01.MTS,3713.200,25.0,Male,Wiggle,Courtship,Active wiggle,Female,3,,STOP
413.529,D:/Pipefish Mesocosm Film/Trial 4/4-12-20/4-12 Noon 01.MTS,3713.200,25.0,Male,Inactive,,,,,,START
429.196,D:/Pipefish Mesocosm Film/Trial 4/4-12-20/4-12 Noon 01.MTS,3713.200,25.0,Male,Inactive,,,,,,STOP
429.197,D:/Pipefish Mesocosm Film/Trial 4/4-12-20/4-12 Noon 01.MTS,3713.200,25.0,Male,Wiggle,Courtship,Active wiggle,Female,4,,START
435.840,D:/Pipefish Mesocosm Film/Trial 4/4-12-20/4-12 Noon 01.MTS,3713.200,25.0,Male,Wiggle,Courtship,Active wiggle,Female,4,,STOP
435.841,D:/Pipefish Mesocosm Film/Trial 4/4-12-20/4-12 Noon 01.MTS,3713.200,25.0,Male,Surrounding,,,,,,START
610.824,D:/Pipefish Mesocosm Film/Trial 4/4-12-20/4-12 Noon 01.MTS,3713.200,25.0,Female,Inactive,,,,,,STOP
610.824,D:/Pipefish Mesocosm Film/Trial 4/4-12-20/4-12 Noon 01.MTS,3713.200,25.0,Male,Surrounding,,,,,,STOP
610.919,D:/Pipefish Mesocosm Film/Trial 4/4-12-20/4-12 Noon 01.MTS,3713.200,25.0,,Stop,,,,,,POINT
716.878,D:/Pipefish Mesocosm Film/Trial 4/4-12-20/4-12 Noon 01.MTS,3713.200,25.0,,Start,,,,,,POINT
717.163,D:/Pipefish Mesocosm Film/Trial 4/4-12-20/4-12 Noon 01.MTS,3713.200,25.0,Male,Inactive,,,,,,START
717.542,D:/Pipefish Mesocosm Film/Trial 4/4-12-20/4-12 Noon 01.MTS,3713.200,25.0,Female,Pose,,S pose,Male,Front,,START
722.571,D:/Pipefish Mesocosm Film/Trial 4/4-12-20/4-12 Noon 01.MTS,3713.200,25.0,Female,Pose,,S pose,Male,Front,,STOP
722.572,D:/Pipefish Mesocosm Film/Trial 4/4-12-20/4-12 Noon 01.MTS,3713.200,25.0,Female,Inactive,,,,,,START
725.614,D:/Pipefish Mesocosm Film/Trial 4/4-12-20/4-12 Noon 01.MTS,3713.200,25.0,Male,Inactive,,,,,,STOP
725.615,D:/Pipefish Mesocosm Film/Trial 4/4-12-20/4-12 Noon 01.MTS,3713.200,25.0,Male,Chasing,,,,,,START
726.560,D:/Pipefish Mesocosm Film/Trial 4/4-12-20/4-12 Noon 01.MTS,3713.200,25.0,Female,Inactive,,,,,,STOP
726.561,D:/Pipefish Mesocosm Film/Trial 4/4-12-20/4-12 Noon 01.MTS,3713.200,25.0,Female,Swim away,,,,,,START
731.310,D:/Pipefish Mesocosm Film/Trial 4/4-12-20/4-12 Noon 01.MTS,3713.200,25.0,Female,Swim away,,,,,,STOP
731.311,D:/Pipefish Mesocosm Film/Trial 4/4-12-20/4-12 Noon 01.MTS,3713.200,25.0,Female,Out of sight,,,,,,START
735.675,D:/Pipefish Mesocosm Film/Trial 4/4-12-20/4-12 Noon 01.MTS,3713.200,25.0,Female,Out of sight,,,,,,STOP
735.676,D:/Pipefish Mesocosm Film/Trial 4/4-12-20/4-12 Noon 01.MTS,3713.200,25.0,Female,Swim away,,,,,,START
746.121,D:/Pipefish Mesocosm Film/Trial 4/4-12-20/4-12 Noon 01.MTS,3713.200,25.0,Male,Chasing,,,,,,STOP
746.122,D:/Pipefish Mesocosm Film/Trial 4/4-12-20/4-12 Noon 01.MTS,3713.200,25.0,Male,Surrounding,,,,,,START
754.191,D:/Pipefish Mesocosm Film/Trial 4/4-12-20/4-12 Noon 01.MTS,3713.200,25.0,Female,Swim away,,,,,,STOP
754.192,D:/Pipefish Mesocosm Film/Trial 4/4-12-20/4-12 Noon 01.MTS,3713.200,25.0,Female,Surrounding,,,,,,START
761.411,D:/Pipefish Mesocosm Film/Trial 4/4-12-20/4-12 Noon 01.MTS,3713.200,25.0,Male,Surrounding,,,,,,STOP
761.882,D:/Pipefish Mesocosm Film/Trial 4/4-12-20/4-12 Noon 01.MTS,3713.200,25.0,Female,Surrounding,,,,,,STOP
762.739,D:/Pipefish Mesocosm Film/Trial 4/4-12-20/4-12 Noon 01.MTS,3713.200,25.0,,Stop,,,,,,POINT
827.204,D:/Pipefish Mesocosm Film/Trial 4/4-12-20/4-12 Noon 01.MTS,3713.200,25.0,,Start,,,,,,POINT
828.247,D:/Pipefish Mesocosm Film/Trial 4/4-12-20/4-12 Noon 01.MTS,3713.200,25.0,Female,Pose,,S pose,Male,Front,,START
828.441,D:/Pipefish Mesocosm Film/Trial 4/4-12-20/4-12 Noon 01.MTS,3713.200,25.0,Male,Wiggle,Courtship,Active wiggle,Male,2,,START
829.959,D:/Pipefish Mesocosm Film/Trial 4/4-12-20/4-12 Noon 01.MTS,3713.200,25.0,Male,Wiggle,Courtship,Active wiggle,Male,2,,STOP
829.960,D:/Pipefish Mesocosm Film/Trial 4/4-12-20/4-12 Noon 01.MTS,3713.200,25.0,Male,Surrounding,,,,,,START
831.382,D:/Pipefish Mesocosm Film/Trial 4/4-12-20/4-12 Noon 01.MTS,3713.200,25.0,Female,Pose,,S pose,Male,Front,,STOP
831.383,D:/Pipefish Mesocosm Film/Trial 4/4-12-20/4-12 Noon 01.MTS,3713.200,25.0,Female,Inactive,,,,,,START
869.265,D:/Pipefish Mesocosm Film/Trial 4/4-12-20/4-12 Noon 01.MTS,3713.200,25.0,Female,Inactive,,,,,,STOP
869.266,D:/Pipefish Mesocosm Film/Trial 4/4-12-20/4-12 Noon 01.MTS,3713.200,25.0,Female,Pose,,S pose,Male,Front,,START
869.740,D:/Pipefish Mesocosm Film/Trial 4/4-12-20/4-12 Noon 01.MTS,3713.200,25.0,Male,Surrounding,,,,,,STOP
869.741,D:/Pipefish Mesocosm Film/Trial 4/4-12-20/4-12 Noon 01.MTS,3713.200,25.0,Male,Wiggle,Courtship,Active wiggle,Female,2,,START
871.826,D:/Pipefish Mesocosm Film/Trial 4/4-12-20/4-12 Noon 01.MTS,3713.200,25.0,Male,Wiggle,Courtship,Active wiggle,Female,2,,STOP
871.827,D:/Pipefish Mesocosm Film/Trial 4/4-12-20/4-12 Noon 01.MTS,3713.200,25.0,Male,Surrounding,,,,,,START
872.683,D:/Pipefish Mesocosm Film/Trial 4/4-12-20/4-12 Noon 01.MTS,3713.200,25.0,Female,Pose,,S pose,Male,Front,,STOP
872.684,D:/Pipefish Mesocosm Film/Trial 4/4-12-20/4-12 Noon 01.MTS,3713.200,25.0,Female,Inactive,,,,,,START
925.281,D:/Pipefish Mesocosm Film/Trial 4/4-12-20/4-12 Noon 01.MTS,3713.200,25.0,Male,Surrounding,,,,,,STOP
925.282,D:/Pipefish Mesocosm Film/Trial 4/4-12-20/4-12 Noon 01.MTS,3713.200,25.0,Male,Wiggle,Courtship,Active wiggle,Female,2,,START
933.543,D:/Pipefish Mesocosm Film/Trial 4/4-12-20/4-12 Noon 01.MTS,3713.200,25.0,Male,Wiggle,Courtship,Active wiggle,Female,2,,STOP
933.544,D:/Pipefish Mesocosm Film/Trial 4/4-12-20/4-12 Noon 01.MTS,3713.200,25.0,Male,Inactive,,,,,,START
981.679,D:/Pipefish Mesocosm Film/Trial 4/4-12-20/4-12 Noon 01.MTS,3713.200,25.0,Female,Inactive,,,,,,STOP
981.680,D:/Pipefish Mesocosm Film/Trial 4/4-12-20/4-12 Noon 01.MTS,3713.200,25.0,Female,Wiggle,Courtship,Active wiggle,Male,2,,START
984.246,D:/Pipefish Mesocosm Film/Trial 4/4-12-20/4-12 Noon 01.MTS,3713.200,25.0,Female,Wiggle,Courtship,Active wiggle,Male,2,,STOP
984.247,D:/Pipefish Mesocosm Film/Trial 4/4-12-20/4-12 Noon 01.MTS,3713.200,25.0,Female,Pose,,Non-s pose,Male,Front,,START
988.230,D:/Pipefish Mesocosm Film/Trial 4/4-12-20/4-12 Noon 01.MTS,3713.200,25.0,Female,Pose,,Non-s pose,Male,Front,,STOP
988.231,D:/Pipefish Mesocosm Film/Trial 4/4-12-20/4-12 Noon 01.MTS,3713.200,25.0,Female,Inactive,,,,,,START
995.160,D:/Pipefish Mesocosm Film/Trial 4/4-12-20/4-12 Noon 01.MTS,3713.200,25.0,Male,Inactive,,,,,,STOP
995.161,D:/Pipefish Mesocosm Film/Trial 4/4-12-20/4-12 Noon 01.MTS,3713.200,25.0,Male,Wiggle,Courtship,Active wiggle,Female,2,,START
1007.696,D:/Pipefish Mesocosm Film/Trial 4/4-12-20/4-12 Noon 01.MTS,3713.200,25.0,Male,Wiggle,Courtship,Active wiggle,Female,2,,STOP
1007.697,D:/Pipefish Mesocosm Film/Trial 4/4-12-20/4-12 Noon 01.MTS,3713.200,25.0,Male,Surrounding,,,,,,START
1020.227,D:/Pipefish Mesocosm Film/Trial 4/4-12-20/4-12 Noon 01.MTS,3713.200,25.0,Male,Surrounding,,,,,,STOP
1020.228,D:/Pipefish Mesocosm Film/Trial 4/4-12-20/4-12 Noon 01.MTS,3713.200,25.0,Male,Inactive,,,,,,START
1026.206,D:/Pipefish Mesocosm Film/Trial 4/4-12-20/4-12 Noon 01.MTS,3713.200,25.0,Male,Inactive,,,,,,STOP
1026.207,D:/Pipefish Mesocosm Film/Trial 4/4-12-20/4-12 Noon 01.MTS,3713.200,25.0,Male,Wiggle,Courtship,Active wiggle,Female,3,,START
1034.657,D:/Pipefish Mesocosm Film/Trial 4/4-12-20/4-12 Noon 01.MTS,3713.200,25.0,Male,Wiggle,Courtship,Active wiggle,Female,3,,STOP
1034.658,D:/Pipefish Mesocosm Film/Trial 4/4-12-20/4-12 Noon 01.MTS,3713.200,25.0,Male,Inactive,,,,,,START
1090.486,D:/Pipefish Mesocosm Film/Trial 4/4-12-20/4-12 Noon 01.MTS,3713.200,25.0,Male,Inactive,,,,,,STOP
1090.487,D:/Pipefish Mesocosm Film/Trial 4/4-12-20/4-12 Noon 01.MTS,3713.200,25.0,Male,Wiggle,Courtship,Active wiggle,Female,2,,START
1098.651,D:/Pipefish Mesocosm Film/Trial 4/4-12-20/4-12 Noon 01.MTS,3713.200,25.0,Male,Wiggle,Courtship,Active wiggle,Female,2,,STOP
1098.652,D:/Pipefish Mesocosm Film/Trial 4/4-12-20/4-12 Noon 01.MTS,3713.200,25.0,Male,Inactive,,,,,,START
1101.783,D:/Pipefish Mesocosm Film/Trial 4/4-12-20/4-12 Noon 01.MTS,3713.200,25.0,Female,Inactive,,,,,,STOP
1101.784,D:/Pipefish Mesocosm Film/Trial 4/4-12-20/4-12 Noon 01.MTS,3713.200,25.0,Female,Wiggle,Courtship,Active wiggle,Male,2,,START
1121.720,D:/Pipefish Mesocosm Film/Trial 4/4-12-20/4-12 Noon 01.MTS,3713.200,25.0,Female,Wiggle,Courtship,Active wiggle,Male,2,,STOP
1121.721,D:/Pipefish Mesocosm Film/Trial 4/4-12-20/4-12 Noon 01.MTS,3713.200,25.0,Female,Inactive,,,,,,START
1135.679,D:/Pipefish Mesocosm Film/Trial 4/4-12-20/4-12 Noon 01.MTS,3713.200,25.0,Male,Inactive,,,,,,STOP
1135.680,D:/Pipefish Mesocosm Film/Trial 4/4-12-20/4-12 Noon 01.MTS,3713.200,25.0,Male,Wiggle,Courtship,Active wiggle,Female,2,,START
1142.897,D:/Pipefish Mesocosm Film/Trial 4/4-12-20/4-12 Noon 01.MTS,3713.200,25.0,Male,Wiggle,Courtship,Active wiggle,Female,2,,STOP
1142.898,D:/Pipefish Mesocosm Film/Trial 4/4-12-20/4-12 Noon 01.MTS,3713.200,25.0,Male,Inactive,,,,,,START
1147.073,D:/Pipefish Mesocosm Film/Trial 4/4-12-20/4-12 Noon 01.MTS,3713.200,25.0,Male,Inactive,,,,,,STOP
1147.074,D:/Pipefish Mesocosm Film/Trial 4/4-12-20/4-12 Noon 01.MTS,3713.200,25.0,Male,Wiggle,Courtship,Active wiggle,Female,2,,START
1149.634,D:/Pipefish Mesocosm Film/Trial 4/4-12-20/4-12 Noon 01.MTS,3713.200,25.0,Male,Wiggle,Courtship,Active wiggle,Female,2,,STOP
1149.635,D:/Pipefish Mesocosm Film/Trial 4/4-12-20/4-12 Noon 01.MTS,3713.200,25.0,Male,Inactive,,,,,,START
1160.270,D:/Pipefish Mesocosm Film/Trial 4/4-12-20/4-12 Noon 01.MTS,3713.200,25.0,Male,Inactive,,,,,,STOP
1160.271,D:/Pipefish Mesocosm Film/Trial 4/4-12-20/4-12 Noon 01.MTS,3713.200,25.0,Male,Wiggle,Courtship,Active wiggle,Female,2,,START
1169.673,D:/Pipefish Mesocosm Film/Trial 4/4-12-20/4-12 Noon 01.MTS,3713.200,25.0,Male,Wiggle,Courtship,Active wiggle,Female,2,,STOP
1169.674,D:/Pipefish Mesocosm Film/Trial 4/4-12-20/4-12 Noon 01.MTS,3713.200,25.0,Male,Inactive,,,,,,START
1216.761,D:/Pipefish Mesocosm Film/Trial 4/4-12-20/4-12 Noon 01.MTS,3713.200,25.0,Male,Inactive,,,,,,STOP
1216.762,D:/Pipefish Mesocosm Film/Trial 4/4-12-20/4-12 Noon 01.MTS,3713.200,25.0,Male,Wiggle,Courtship,Active wiggle,Female,3,,START
1220.653,D:/Pipefish Mesocosm Film/Trial 4/4-12-20/4-12 Noon 01.MTS,3713.200,25.0,Male,Wiggle,Courtship,Active wiggle,Female,3,,STOP
1220.654,D:/Pipefish Mesocosm Film/Trial 4/4-12-20/4-12 Noon 01.MTS,3713.200,25.0,Male,Inactive,,,,,,START
1221.132,D:/Pipefish Mesocosm Film/Trial 4/4-12-20/4-12 Noon 01.MTS,3713.200,25.0,Female,Inactive,,,,,,STOP
1221.133,D:/Pipefish Mesocosm Film/Trial 4/4-12-20/4-12 Noon 01.MTS,3713.200,25.0,Female,Wiggle,Courtship,Active wiggle,Male,3,,START
1231.005,D:/Pipefish Mesocosm Film/Trial 4/4-12-20/4-12 Noon 01.MTS,3713.200,25.0,Female,Wiggle,Courtship,Active wiggle,Male,3,,STOP
1231.006,D:/Pipefish Mesocosm Film/Trial 4/4-12-20/4-12 Noon 01.MTS,3713.200,25.0,Female,Inactive,,,,,,START
1257.210,D:/Pipefish Mesocosm Film/Trial 4/4-12-20/4-12 Noon 01.MTS,3713.200,25.0,Male,Inactive,,,,,,STOP
1257.211,D:/Pipefish Mesocosm Film/Trial 4/4-12-20/4-12 Noon 01.MTS,3713.200,25.0,Male,Wiggle,Courtship,Active wiggle,Female,2,,START
1262.904,D:/Pipefish Mesocosm Film/Trial 4/4-12-20/4-12 Noon 01.MTS,3713.200,25.0,Male,Wiggle,Courtship,Active wiggle,Female,2,,STOP
1262.905,D:/Pipefish Mesocosm Film/Trial 4/4-12-20/4-12 Noon 01.MTS,3713.200,25.0,Male,Inactive,,,,,,START
1266.325,D:/Pipefish Mesocosm Film/Trial 4/4-12-20/4-12 Noon 01.MTS,3713.200,25.0,Male,Inactive,,,,,,STOP
1266.326,D:/Pipefish Mesocosm Film/Trial 4/4-12-20/4-12 Noon 01.MTS,3713.200,25.0,Male,Wiggle,Courtship,Active wiggle,Female,2,,START
1272.399,D:/Pipefish Mesocosm Film/Trial 4/4-12-20/4-12 Noon 01.MTS,3713.200,25.0,Male,Wiggle,Courtship,Active wiggle,Female,2,,STOP
1272.400,D:/Pipefish Mesocosm Film/Trial 4/4-12-20/4-12 Noon 01.MTS,3713.200,25.0,Male,Inactive,,,,,,START
1277.719,D:/Pipefish Mesocosm Film/Trial 4/4-12-20/4-12 Noon 01.MTS,3713.200,25.0,Male,Inactive,,,,,,STOP
1277.720,D:/Pipefish Mesocosm Film/Trial 4/4-12-20/4-12 Noon 01.MTS,3713.200,25.0,Male,Wiggle,Courtship,Active wiggle,Female,2,,START
1283.033,D:/Pipefish Mesocosm Film/Trial 4/4-12-20/4-12 Noon 01.MTS,3713.200,25.0,Male,Wiggle,Courtship,Active wiggle,Female,2,,STOP
1283.034,D:/Pipefish Mesocosm Film/Trial 4/4-12-20/4-12 Noon 01.MTS,3713.200,25.0,Male,Inactive,,,,,,START
1350.350,D:/Pipefish Mesocosm Film/Trial 4/4-12-20/4-12 Noon 01.MTS,3713.200,25.0,Male,Inactive,,,,,,STOP
1350.351,D:/Pipefish Mesocosm Film/Trial 4/4-12-20/4-12 Noon 01.MTS,3713.200,25.0,Male,Wiggle,Courtship,Active wiggle,Female,4,,START
1355.096,D:/Pipefish Mesocosm Film/Trial 4/4-12-20/4-12 Noon 01.MTS,3713.200,25.0,Male,Wiggle,Courtship,Active wiggle,Female,4,,STOP
1355.097,D:/Pipefish Mesocosm Film/Trial 4/4-12-20/4-12 Noon 01.MTS,3713.200,25.0,Male,Inactive,,,,,,START
1357.284,D:/Pipefish Mesocosm Film/Trial 4/4-12-20/4-12 Noon 01.MTS,3713.200,25.0,Female,Inactive,,,,,,STOP
1357.284,D:/Pipefish Mesocosm Film/Trial 4/4-12-20/4-12 Noon 01.MTS,3713.200,25.0,Female,Wiggle,Courtship,Active wiggle,Male,3,,START
1364.497,D:/Pipefish Mesocosm Film/Trial 4/4-12-20/4-12 Noon 01.MTS,3713.200,25.0,Female,Wiggle,Courtship,Active wiggle,Male,3,,STOP
1364.498,D:/Pipefish Mesocosm Film/Trial 4/4-12-20/4-12 Noon 01.MTS,3713.200,25.0,Female,Inactive,,,,,,START
1436.656,D:/Pipefish Mesocosm Film/Trial 4/4-12-20/4-12 Noon 01.MTS,3713.200,25.0,Female,Inactive,,,,,,STOP
1436.656,D:/Pipefish Mesocosm Film/Trial 4/4-12-20/4-12 Noon 01.MTS,3713.200,25.0,Male,Inactive,,,,,,STOP
1437.330,D:/Pipefish Mesocosm Film/Trial 4/4-12-20/4-12 Noon 01.MTS,3713.200,25.0,,Stop,,,,,,POINT
1452.320,D:/Pipefish Mesocosm Film/Trial 4/4-12-20/4-12 Noon 01.MTS,3713.200,25.0,,Start,,,,,,POINT
1453.650,D:/Pipefish Mesocosm Film/Trial 4/4-12-20/4-12 Noon 01.MTS,3713.200,25.0,Female,Inactive,,,,,,START
1454.224,D:/Pipefish Mesocosm Film/Trial 4/4-12-20/4-12 Noon 01.MTS,3713.200,25.0,Male,Wiggle,Courtship,Active wiggle,Female,2,,START
1461.244,D:/Pipefish Mesocosm Film/Trial 4/4-12-20/4-12 Noon 01.MTS,3713.200,25.0,Male,Wiggle,Courtship,Active wiggle,Female,2,,STOP
1461.245,D:/Pipefish Mesocosm Film/Trial 4/4-12-20/4-12 Noon 01.MTS,3713.200,25.0,Male,Inactive,,,,,,START
1475.679,D:/Pipefish Mesocosm Film/Trial 4/4-12-20/4-12 Noon 01.MTS,3713.200,25.0,Female,Inactive,,,,,,STOP
1475.680,D:/Pipefish Mesocosm Film/Trial 4/4-12-20/4-12 Noon 01.MTS,3713.200,25.0,Female,Wiggle,Courtship,Active wiggle,Male,3,,START
1477.862,D:/Pipefish Mesocosm Film/Trial 4/4-12-20/4-12 Noon 01.MTS,3713.200,25.0,Male,Inactive,,,,,,STOP
1477.863,D:/Pipefish Mesocosm Film/Trial 4/4-12-20/4-12 Noon 01.MTS,3713.200,25.0,Male,Wiggle,Courtship,Active wiggle,Female,3,,START
1478.431,D:/Pipefish Mesocosm Film/Trial 4/4-12-20/4-12 Noon 01.MTS,3713.200,25.0,Female,Wiggle,Courtship,Active wiggle,Male,3,,STOP
1478.432,D:/Pipefish Mesocosm Film/Trial 4/4-12-20/4-12 Noon 01.MTS,3713.200,25.0,Female,Pose,,S pose,Male,Front,,START
1482.324,D:/Pipefish Mesocosm Film/Trial 4/4-12-20/4-12 Noon 01.MTS,3713.200,25.0,Female,Pose,,S pose,Male,Front,,STOP
1482.325,D:/Pipefish Mesocosm Film/Trial 4/4-12-20/4-12 Noon 01.MTS,3713.200,25.0,Female,Inactive,,,,,,START
1483.654,D:/Pipefish Mesocosm Film/Trial 4/4-12-20/4-12 Noon 01.MTS,3713.200,25.0,Male,Wiggle,Courtship,Active wiggle,Female,3,,STOP
1483.655,D:/Pipefish Mesocosm Film/Trial 4/4-12-20/4-12 Noon 01.MTS,3713.200,25.0,Male,Inactive,,,,,,START
1494.474,D:/Pipefish Mesocosm Film/Trial 4/4-12-20/4-12 Noon 01.MTS,3713.200,25.0,Male,Inactive,,,,,,STOP
1494.475,D:/Pipefish Mesocosm Film/Trial 4/4-12-20/4-12 Noon 01.MTS,3713.200,25.0,Male,Surrounding,,,,,,START
1497.136,D:/Pipefish Mesocosm Film/Trial 4/4-12-20/4-12 Noon 01.MTS,3713.200,25.0,Female,Inactive,,,,,,STOP
1497.137,D:/Pipefish Mesocosm Film/Trial 4/4-12-20/4-12 Noon 01.MTS,3713.200,25.0,Female,Wiggle,Courtship,Active wiggle,Female,2,,START
1502.834,D:/Pipefish Mesocosm Film/Trial 4/4-12-20/4-12 Noon 01.MTS,3713.200,25.0,Female,Wiggle,Courtship,Active wiggle,Female,2,,STOP
1502.835,D:/Pipefish Mesocosm Film/Trial 4/4-12-20/4-12 Noon 01.MTS,3713.200,25.0,Female,Inactive,,,,,,START
1505.585,D:/Pipefish Mesocosm Film/Trial 4/4-12-20/4-12 Noon 01.MTS,3713.200,25.0,Male,Surrounding,,,,,,STOP
1505.586,D:/Pipefish Mesocosm Film/Trial 4/4-12-20/4-12 Noon 01.MTS,3713.200,25.0,Male,Wiggle,Courtship,Active wiggle,Female,3,,START
1507.203,D:/Pipefish Mesocosm Film/Trial 4/4-12-20/4-12 Noon 01.MTS,3713.200,25.0,Male,Wiggle,Courtship,Active wiggle,Female,3,,STOP
1507.204,D:/Pipefish Mesocosm Film/Trial 4/4-12-20/4-12 Noon 01.MTS,3713.200,25.0,Male,Inactive,,,,,,START
1541.951,D:/Pipefish Mesocosm Film/Trial 4/4-12-20/4-12 Noon 01.MTS,3713.200,25.0,Male,Inactive,,,,,,STOP
1541.952,D:/Pipefish Mesocosm Film/Trial 4/4-12-20/4-12 Noon 01.MTS,3713.200,25.0,Male,Surrounding,,,,,,START
1600.722,D:/Pipefish Mesocosm Film/Trial 4/4-12-20/4-12 Noon 01.MTS,3713.200,25.0,Female,Inactive,,,,,,STOP
1600.723,D:/Pipefish Mesocosm Film/Trial 4/4-12-20/4-12 Noon 01.MTS,3713.200,25.0,Female,Out of sight,,,,,,START
1601.003,D:/Pipefish Mesocosm Film/Trial 4/4-12-20/4-12 Noon 01.MTS,3713.200,25.0,Male,Surrounding,,,,,,STOP
1601.004,D:/Pipefish Mesocosm Film/Trial 4/4-12-20/4-12 Noon 01.MTS,3713.200,25.0,Male,Out of sight,,,,,,START
1610.502,D:/Pipefish Mesocosm Film/Trial 4/4-12-20/4-12 Noon 01.MTS,3713.200,25.0,Female,Out of sight,,,,,,STOP
1610.975,D:/Pipefish Mesocosm Film/Trial 4/4-12-20/4-12 Noon 01.MTS,3713.200,25.0,Male,Out of sight,,,,,,STOP
1611.643,D:/Pipefish Mesocosm Film/Trial 4/4-12-20/4-12 Noon 01.MTS,3713.200,25.0,,Stop,,,,,,POINT
1640.123,D:/Pipefish Mesocosm Film/Trial 4/4-12-20/4-12 Noon 01.MTS,3713.200,25.0,,Start,,,,,,POINT
1640.788,D:/Pipefish Mesocosm Film/Trial 4/4-12-20/4-12 Noon 01.MTS,3713.200,25.0,Male,Wiggle,Courtship,Active wiggle,Female,2,,START
1641.831,D:/Pipefish Mesocosm Film/Trial 4/4-12-20/4-12 Noon 01.MTS,3713.200,25.0,Female,Inactive,,,,,,START
1653.228,D:/Pipefish Mesocosm Film/Trial 4/4-12-20/4-12 Noon 01.MTS,3713.200,25.0,Male,Wiggle,Courtship,Active wiggle,Female,2,,STOP
1653.229,D:/Pipefish Mesocosm Film/Trial 4/4-12-20/4-12 Noon 01.MTS,3713.200,25.0,Male,Inactive,,,,,,START
1667.370,D:/Pipefish Mesocosm Film/Trial 4/4-12-20/4-12 Noon 01.MTS,3713.200,25.0,Male,Inactive,,,,,,STOP
1667.371,D:/Pipefish Mesocosm Film/Trial 4/4-12-20/4-12 Noon 01.MTS,3713.200,25.0,Male,Surrounding,,,,,,START
1696.709,D:/Pipefish Mesocosm Film/Trial 4/4-12-20/4-12 Noon 01.MTS,3713.200,25.0,Male,Surrounding,,,,,,STOP
1696.710,D:/Pipefish Mesocosm Film/Trial 4/4-12-20/4-12 Noon 01.MTS,3713.200,25.0,Male,Wiggle,Courtship,Active wiggle,Female,2,,START
1701.267,D:/Pipefish Mesocosm Film/Trial 4/4-12-20/4-12 Noon 01.MTS,3713.200,25.0,Male,Wiggle,Courtship,Active wiggle,Female,2,,STOP
1701.268,D:/Pipefish Mesocosm Film/Trial 4/4-12-20/4-12 Noon 01.MTS,3713.200,25.0,Male,Inactive,,,,,,START
1718.263,D:/Pipefish Mesocosm Film/Trial 4/4-12-20/4-12 Noon 01.MTS,3713.200,25.0,Male,Inactive,,,,,,STOP
1718.264,D:/Pipefish Mesocosm Film/Trial 4/4-12-20/4-12 Noon 01.MTS,3713.200,25.0,Male,Wiggle,Courtship,Active wiggle,Female,2,,START
1720.636,D:/Pipefish Mesocosm Film/Trial 4/4-12-20/4-12 Noon 01.MTS,3713.200,25.0,Male,Wiggle,Courtship,Active wiggle,Female,2,,STOP
1720.637,D:/Pipefish Mesocosm Film/Trial 4/4-12-20/4-12 Noon 01.MTS,3713.200,25.0,Male,Inactive,,,,,,START
1728.515,D:/Pipefish Mesocosm Film/Trial 4/4-12-20/4-12 Noon 01.MTS,3713.200,25.0,Male,Inactive,,,,,,STOP
1728.516,D:/Pipefish Mesocosm Film/Trial 4/4-12-20/4-12 Noon 01.MTS,3713.200,25.0,Male,Wiggle,Courtship,Active wiggle,Female,2,,START
1729.749,D:/Pipefish Mesocosm Film/Trial 4/4-12-20/4-12 Noon 01.MTS,3713.200,25.0,Male,Wiggle,Courtship,Active wiggle,Female,2,,STOP
1729.750,D:/Pipefish Mesocosm Film/Trial 4/4-12-20/4-12 Noon 01.MTS,3713.200,25.0,Male,Inactive,,,,,,START
1777.035,D:/Pipefish Mesocosm Film/Trial 4/4-12-20/4-12 Noon 01.MTS,3713.200,25.0,Female,Inactive,,,,,,STOP
1777.036,D:/Pipefish Mesocosm Film/Trial 4/4-12-20/4-12 Noon 01.MTS,3713.200,25.0,Female,Wiggle,Courtship,Active wiggle,Male,2,,START
1789.090,D:/Pipefish Mesocosm Film/Trial 4/4-12-20/4-12 Noon 01.MTS,3713.200,25.0,Female,Wiggle,Courtship,Active wiggle,Male,2,,STOP
1789.091,D:/Pipefish Mesocosm Film/Trial 4/4-12-20/4-12 Noon 01.MTS,3713.200,25.0,Female,Inactive,,,,,,START
1799.632,D:/Pipefish Mesocosm Film/Trial 4/4-12-20/4-12 Noon 01.MTS,3713.200,25.0,Male,Inactive,,,,,,STOP
1799.633,D:/Pipefish Mesocosm Film/Trial 4/4-12-20/4-12 Noon 01.MTS,3713.200,25.0,Male,Wiggle,Courtship,Active wiggle,Female,2,,START
1804.090,D:/Pipefish Mesocosm Film/Trial 4/4-12-20/4-12 Noon 01.MTS,3713.200,25.0,Male,Wiggle,Courtship,Active wiggle,Female,2,,STOP
1804.091,D:/Pipefish Mesocosm Film/Trial 4/4-12-20/4-12 Noon 01.MTS,3713.200,25.0,Male,Inactive,,,,,,START
1818.713,D:/Pipefish Mesocosm Film/Trial 4/4-12-20/4-12 Noon 01.MTS,3713.200,25.0,Male,Inactive,,,,,,STOP
1818.714,D:/Pipefish Mesocosm Film/Trial 4/4-12-20/4-12 Noon 01.MTS,3713.200,25.0,Male,Wiggle,Courtship,Active wiggle,Female,2,,START
1828.019,D:/Pipefish Mesocosm Film/Trial 4/4-12-20/4-12 Noon 01.MTS,3713.200,25.0,Male,Wiggle,Courtship,Active wiggle,Female,2,,STOP
1828.020,D:/Pipefish Mesocosm Film/Trial 4/4-12-20/4-12 Noon 01.MTS,3713.200,25.0,Male,Inactive,,,,,,START
1864.478,D:/Pipefish Mesocosm Film/Trial 4/4-12-20/4-12 Noon 01.MTS,3713.200,25.0,Male,Inactive,,,,,,STOP
1864.479,D:/Pipefish Mesocosm Film/Trial 4/4-12-20/4-12 Noon 01.MTS,3713.200,25.0,Male,Wiggle,Courtship,Active wiggle,Female,2,,START
1870.080,D:/Pipefish Mesocosm Film/Trial 4/4-12-20/4-12 Noon 01.MTS,3713.200,25.0,Male,Wiggle,Courtship,Active wiggle,Female,2,,STOP
1870.081,D:/Pipefish Mesocosm Film/Trial 4/4-12-20/4-12 Noon 01.MTS,3713.200,25.0,Male,Inactive,,,,,,START
1883.494,D:/Pipefish Mesocosm Film/Trial 4/4-12-20/4-12 Noon 01.MTS,3713.200,25.0,Female,Inactive,,,,,,STOP
1883.495,D:/Pipefish Mesocosm Film/Trial 4/4-12-20/4-12 Noon 01.MTS,3713.200,25.0,Female,Wiggle,Courtship,Active wiggle,Male,2,,START
1885.272,D:/Pipefish Mesocosm Film/Trial 4/4-12-20/4-12 Noon 01.MTS,3713.200,25.0,Male,Inactive,,,,,,STOP
1885.273,D:/Pipefish Mesocosm Film/Trial 4/4-12-20/4-12 Noon 01.MTS,3713.200,25.0,Male,Wiggle,Courtship,Active wiggle,Female,2,,START
1886.029,D:/Pipefish Mesocosm Film/Trial 4/4-12-20/4-12 Noon 01.MTS,3713.200,25.0,Female,Wiggle,Courtship,Active wiggle,Male,2,,STOP
1886.030,D:/Pipefish Mesocosm Film/Trial 4/4-12-20/4-12 Noon 01.MTS,3713.200,25.0,Female,Pose,,S pose,Male,Front,,START
1893.719,D:/Pipefish Mesocosm Film/Trial 4/4-12-20/4-12 Noon 01.MTS,3713.200,25.0,Male,Wiggle,Courtship,Active wiggle,Female,2,,STOP
1893.720,D:/Pipefish Mesocosm Film/Trial 4/4-12-20/4-12 Noon 01.MTS,3713.200,25.0,Male,Inactive,,,,,,START
1896.098,D:/Pipefish Mesocosm Film/Trial 4/4-12-20/4-12 Noon 01.MTS,3713.200,25.0,Female,Pose,,S pose,Male,Front,,STOP
1896.099,D:/Pipefish Mesocosm Film/Trial 4/4-12-20/4-12 Noon 01.MTS,3713.200,25.0,Female,Wiggle,Courtship,Active wiggle,Female,2,,START
1902.172,D:/Pipefish Mesocosm Film/Trial 4/4-12-20/4-12 Noon 01.MTS,3713.200,25.0,Female,Wiggle,Courtship,Active wiggle,Female,2,,STOP
1902.173,D:/Pipefish Mesocosm Film/Trial 4/4-12-20/4-12 Noon 01.MTS,3713.200,25.0,Female,Inactive,,,,,,START
1902.551,D:/Pipefish Mesocosm Film/Trial 4/4-12-20/4-12 Noon 01.MTS,3713.200,25.0,Male,Inactive,,,,,,STOP
1902.552,D:/Pipefish Mesocosm Film/Trial 4/4-12-20/4-12 Noon 01.MTS,3713.200,25.0,Male,Wiggle,Courtship,Active wiggle,Female,2,,START
1909.674,D:/Pipefish Mesocosm Film/Trial 4/4-12-20/4-12 Noon 01.MTS,3713.200,25.0,Male,Wiggle,Courtship,Active wiggle,Female,2,,STOP
1909.675,D:/Pipefish Mesocosm Film/Trial 4/4-12-20/4-12 Noon 01.MTS,3713.200,25.0,Male,Inactive,,,,,,START
1937.968,D:/Pipefish Mesocosm Film/Trial 4/4-12-20/4-12 Noon 01.MTS,3713.200,25.0,Male,Inactive,,,,,,STOP
1937.969,D:/Pipefish Mesocosm Film/Trial 4/4-12-20/4-12 Noon 01.MTS,3713.200,25.0,Male,Wiggle,Courtship,Active wiggle,Female,2,,START
1943.189,D:/Pipefish Mesocosm Film/Trial 4/4-12-20/4-12 Noon 01.MTS,3713.200,25.0,Male,Wiggle,Courtship,Active wiggle,Female,2,,STOP
1943.190,D:/Pipefish Mesocosm Film/Trial 4/4-12-20/4-12 Noon 01.MTS,3713.200,25.0,Male,Inactive,,,,,,START
1957.046,D:/Pipefish Mesocosm Film/Trial 4/4-12-20/4-12 Noon 01.MTS,3713.200,25.0,Male,Inactive,,,,,,STOP
1957.047,D:/Pipefish Mesocosm Film/Trial 4/4-12-20/4-12 Noon 01.MTS,3713.200,25.0,Male,Wiggle,Courtship,Active wiggle,Female,2,,START
1963.887,D:/Pipefish Mesocosm Film/Trial 4/4-12-20/4-12 Noon 01.MTS,3713.200,25.0,Male,Wiggle,Courtship,Active wiggle,Female,2,,STOP
1963.888,D:/Pipefish Mesocosm Film/Trial 4/4-12-20/4-12 Noon 01.MTS,3713.200,25.0,Male,Inactive,,,,,,START
1976.231,D:/Pipefish Mesocosm Film/Trial 4/4-12-20/4-12 Noon 01.MTS,3713.200,25.0,Male,Inactive,,,,,,STOP
1976.232,D:/Pipefish Mesocosm Film/Trial 4/4-12-20/4-12 Noon 01.MTS,3713.200,25.0,Male,Wiggle,Courtship,Active wiggle,Female,2,,START
1980.027,D:/Pipefish Mesocosm Film/Trial 4/4-12-20/4-12 Noon 01.MTS,3713.200,25.0,Male,Wiggle,Courtship,Active wiggle,Female,2,,STOP
1980.028,D:/Pipefish Mesocosm Film/Trial 4/4-12-20/4-12 Noon 01.MTS,3713.200,25.0,Male,Inactive,,,,,,START
1997.213,D:/Pipefish Mesocosm Film/Trial 4/4-12-20/4-12 Noon 01.MTS,3713.200,25.0,Male,Inactive,,,,,,STOP
1997.214,D:/Pipefish Mesocosm Film/Trial 4/4-12-20/4-12 Noon 01.MTS,3713.200,25.0,Male,Wiggle,Courtship,Active wiggle,Female,2,,START
1999.777,D:/Pipefish Mesocosm Film/Trial 4/4-12-20/4-12 Noon 01.MTS,3713.200,25.0,Male,Wiggle,Courtship,Active wiggle,Female,2,,STOP
1999.778,D:/Pipefish Mesocosm Film/Trial 4/4-12-20/4-12 Noon 01.MTS,3713.200,25.0,Male,Inactive,,,,,,START
2029.208,D:/Pipefish Mesocosm Film/Trial 4/4-12-20/4-12 Noon 01.MTS,3713.200,25.0,Male,Inactive,,,,,,STOP
2029.209,D:/Pipefish Mesocosm Film/Trial 4/4-12-20/4-12 Noon 01.MTS,3713.200,25.0,Male,Wiggle,Courtship,Active wiggle,Female,2,,START
2035.186,D:/Pipefish Mesocosm Film/Trial 4/4-12-20/4-12 Noon 01.MTS,3713.200,25.0,Male,Wiggle,Courtship,Active wiggle,Female,2,,STOP
2035.187,D:/Pipefish Mesocosm Film/Trial 4/4-12-20/4-12 Noon 01.MTS,3713.200,25.0,Male,Inactive,,,,,,START
2051.328,D:/Pipefish Mesocosm Film/Trial 4/4-12-20/4-12 Noon 01.MTS,3713.200,25.0,Male,Inactive,,,,,,STOP
2051.329,D:/Pipefish Mesocosm Film/Trial 4/4-12-20/4-12 Noon 01.MTS,3713.200,25.0,Male,Wiggle,Courtship,Active wiggle,Female,2,,START
2053.513,D:/Pipefish Mesocosm Film/Trial 4/4-12-20/4-12 Noon 01.MTS,3713.200,25.0,Female,Inactive,,,,,,STOP
2053.514,D:/Pipefish Mesocosm Film/Trial 4/4-12-20/4-12 Noon 01.MTS,3713.200,25.0,Female,Wiggle,Courtship,Active wiggle,Female,2,,START
2053.606,D:/Pipefish Mesocosm Film/Trial 4/4-12-20/4-12 Noon 01.MTS,3713.200,25.0,Male,Wiggle,Courtship,Active wiggle,Female,2,,STOP
2053.607,D:/Pipefish Mesocosm Film/Trial 4/4-12-20/4-12 Noon 01.MTS,3713.200,25.0,Male,Inactive,,,,,,START
2056.172,D:/Pipefish Mesocosm Film/Trial 4/4-12-20/4-12 Noon 01.MTS,3713.200,25.0,Male,Inactive,,,,,,STOP
2056.173,D:/Pipefish Mesocosm Film/Trial 4/4-12-20/4-12 Noon 01.MTS,3713.200,25.0,Male,Wiggle,Courtship,Active wiggle,Female,2,,START
2056.834,D:/Pipefish Mesocosm Film/Trial 4/4-12-20/4-12 Noon 01.MTS,3713.200,25.0,Female,Wiggle,Courtship,Active wiggle,Female,2,,STOP
2056.835,D:/Pipefish Mesocosm Film/Trial 4/4-12-20/4-12 Noon 01.MTS,3713.200,25.0,Female,Pose,,S pose,Male,Front,,START
2059.592,D:/Pipefish Mesocosm Film/Trial 4/4-12-20/4-12 Noon 01.MTS,3713.200,25.0,Male,Wiggle,Courtship,Active wiggle,Female,2,,STOP
2059.593,D:/Pipefish Mesocosm Film/Trial 4/4-12-20/4-12 Noon 01.MTS,3713.200,25.0,Male,Inactive,,,,,,START
2063.777,D:/Pipefish Mesocosm Film/Trial 4/4-12-20/4-12 Noon 01.MTS,3713.200,25.0,Female,Pose,,S pose,Male,Front,,STOP
2063.778,D:/Pipefish Mesocosm Film/Trial 4/4-12-20/4-12 Noon 01.MTS,3713.200,25.0,Female,Inactive,,,,,,START
2074.402,D:/Pipefish Mesocosm Film/Trial 4/4-12-20/4-12 Noon 01.MTS,3713.200,25.0,Male,Inactive,,,,,,STOP
2074.403,D:/Pipefish Mesocosm Film/Trial 4/4-12-20/4-12 Noon 01.MTS,3713.200,25.0,Male,Wiggle,Courtship,Active wiggle,Female,2,,START
2081.711,D:/Pipefish Mesocosm Film/Trial 4/4-12-20/4-12 Noon 01.MTS,3713.200,25.0,Male,Wiggle,Courtship,Active wiggle,Female,2,,STOP
2081.712,D:/Pipefish Mesocosm Film/Trial 4/4-12-20/4-12 Noon 01.MTS,3713.200,25.0,Male,Inactive,,,,,,START
2141.336,D:/Pipefish Mesocosm Film/Trial 4/4-12-20/4-12 Noon 01.MTS,3713.200,25.0,Male,Inactive,,,,,,STOP
2141.337,D:/Pipefish Mesocosm Film/Trial 4/4-12-20/4-12 Noon 01.MTS,3713.200,25.0,Male,Wiggle,Courtship,Active wiggle,Female,2,,START
2146.183,D:/Pipefish Mesocosm Film/Trial 4/4-12-20/4-12 Noon 01.MTS,3713.200,25.0,Male,Wiggle,Courtship,Active wiggle,Female,2,,STOP
2146.184,D:/Pipefish Mesocosm Film/Trial 4/4-12-20/4-12 Noon 01.MTS,3713.200,25.0,Male,Inactive,,,,,,START
2147.412,D:/Pipefish Mesocosm Film/Trial 4/4-12-20/4-12 Noon 01.MTS,3713.200,25.0,Female,Inactive,,,,,,STOP
2147.413,D:/Pipefish Mesocosm Film/Trial 4/4-12-20/4-12 Noon 01.MTS,3713.200,25.0,Female,Wiggle,Courtship,Active wiggle,Male,2,,START
2154.156,D:/Pipefish Mesocosm Film/Trial 4/4-12-20/4-12 Noon 01.MTS,3713.200,25.0,Female,Wiggle,Courtship,Active wiggle,Male,2,,STOP
2154.157,D:/Pipefish Mesocosm Film/Trial 4/4-12-20/4-12 Noon 01.MTS,3713.200,25.0,Female,Pose,,S pose,Male,Front,,START
2154.636,D:/Pipefish Mesocosm Film/Trial 4/4-12-20/4-12 Noon 01.MTS,3713.200,25.0,Male,Inactive,,,,,,STOP
2154.637,D:/Pipefish Mesocosm Film/Trial 4/4-12-20/4-12 Noon 01.MTS,3713.200,25.0,Male,Wiggle,Courtship,Active wiggle,Female,2,,START
2156.339,D:/Pipefish Mesocosm Film/Trial 4/4-12-20/4-12 Noon 01.MTS,3713.200,25.0,Female,Pose,,S pose,Male,Front,,STOP
2156.340,D:/Pipefish Mesocosm Film/Trial 4/4-12-20/4-12 Noon 01.MTS,3713.200,25.0,Female,Inactive,,,,,,START
2162.319,D:/Pipefish Mesocosm Film/Trial 4/4-12-20/4-12 Noon 01.MTS,3713.200,25.0,Male,Wiggle,Courtship,Active wiggle,Female,2,,STOP
2162.320,D:/Pipefish Mesocosm Film/Trial 4/4-12-20/4-12 Noon 01.MTS,3713.200,25.0,Male,Inactive,,,,,,START
2183.304,D:/Pipefish Mesocosm Film/Trial 4/4-12-20/4-12 Noon 01.MTS,3713.200,25.0,Male,Inactive,,,,,,STOP
2183.305,D:/Pipefish Mesocosm Film/Trial 4/4-12-20/4-12 Noon 01.MTS,3713.200,25.0,Male,Wiggle,Courtship,Active wiggle,Female,2,,START
2190.236,D:/Pipefish Mesocosm Film/Trial 4/4-12-20/4-12 Noon 01.MTS,3713.200,25.0,Male,Wiggle,Courtship,Active wiggle,Female,2,,STOP
2190.237,D:/Pipefish Mesocosm Film/Trial 4/4-12-20/4-12 Noon 01.MTS,3713.200,25.0,Male,Inactive,,,,,,START
2198.496,D:/Pipefish Mesocosm Film/Trial 4/4-12-20/4-12 Noon 01.MTS,3713.200,25.0,Male,Inactive,,,,,,STOP
2198.497,D:/Pipefish Mesocosm Film/Trial 4/4-12-20/4-12 Noon 01.MTS,3713.200,25.0,Male,Wiggle,Courtship,Active wiggle,Female,2,,START
2204.381,D:/Pipefish Mesocosm Film/Trial 4/4-12-20/4-12 Noon 01.MTS,3713.200,25.0,Male,Wiggle,Courtship,Active wiggle,Female,2,,STOP
2204.382,D:/Pipefish Mesocosm Film/Trial 4/4-12-20/4-12 Noon 01.MTS,3713.200,25.0,Male,Inactive,,,,,,START
2228.690,D:/Pipefish Mesocosm Film/Trial 4/4-12-20/4-12 Noon 01.MTS,3713.200,25.0,Male,Inactive,,,,,,STOP
2228.691,D:/Pipefish Mesocosm Film/Trial 4/4-12-20/4-12 Noon 01.MTS,3713.200,25.0,Male,Wiggle,Courtship,Subtle wiggle,Female,2,,START
2231.918,D:/Pipefish Mesocosm Film/Trial 4/4-12-20/4-12 Noon 01.MTS,3713.200,25.0,Male,Wiggle,Courtship,Subtle wiggle,Female,2,,STOP
2231.919,D:/Pipefish Mesocosm Film/Trial 4/4-12-20/4-12 Noon 01.MTS,3713.200,25.0,Male,Inactive,,,,,,START
2275.970,D:/Pipefish Mesocosm Film/Trial 4/4-12-20/4-12 Noon 01.MTS,3713.200,25.0,Female,Inactive,,,,,,STOP
2275.971,D:/Pipefish Mesocosm Film/Trial 4/4-12-20/4-12 Noon 01.MTS,3713.200,25.0,Female,Pose,,S pose,Male,Front,,START
2276.350,D:/Pipefish Mesocosm Film/Trial 4/4-12-20/4-12 Noon 01.MTS,3713.200,25.0,Male,Inactive,,,,,,STOP
2276.351,D:/Pipefish Mesocosm Film/Trial 4/4-12-20/4-12 Noon 01.MTS,3713.200,25.0,Male,Wiggle,Courtship,Active wiggle,Female,2,,START
2281.004,D:/Pipefish Mesocosm Film/Trial 4/4-12-20/4-12 Noon 01.MTS,3713.200,25.0,Male,Wiggle,Courtship,Active wiggle,Female,2,,STOP
2281.005,D:/Pipefish Mesocosm Film/Trial 4/4-12-20/4-12 Noon 01.MTS,3713.200,25.0,Male,Inactive,,,,,,START
2283.850,D:/Pipefish Mesocosm Film/Trial 4/4-12-20/4-12 Noon 01.MTS,3713.200,25.0,Female,Pose,,S pose,Male,Front,,STOP
2283.851,D:/Pipefish Mesocosm Film/Trial 4/4-12-20/4-12 Noon 01.MTS,3713.200,25.0,Female,Wiggle,Courtship,Active wiggle,Male,3,,START
2290.686,D:/Pipefish Mesocosm Film/Trial 4/4-12-20/4-12 Noon 01.MTS,3713.200,25.0,Female,Wiggle,Courtship,Active wiggle,Male,3,,STOP
2290.687,D:/Pipefish Mesocosm Film/Trial 4/4-12-20/4-12 Noon 01.MTS,3713.200,25.0,Female,Inactive,,,,,,START
2296.667,D:/Pipefish Mesocosm Film/Trial 4/4-12-20/4-12 Noon 01.MTS,3713.200,25.0,Male,Inactive,,,,,,STOP
2296.668,D:/Pipefish Mesocosm Film/Trial 4/4-12-20/4-12 Noon 01.MTS,3713.200,25.0,Male,Wiggle,Courtship,Active wiggle,Female,2,,START
2303.695,D:/Pipefish Mesocosm Film/Trial 4/4-12-20/4-12 Noon 01.MTS,3713.200,25.0,Male,Wiggle,Courtship,Active wiggle,Female,2,,STOP
2303.696,D:/Pipefish Mesocosm Film/Trial 4/4-12-20/4-12 Noon 01.MTS,3713.200,25.0,Male,Inactive,,,,,,START
2309.678,D:/Pipefish Mesocosm Film/Trial 4/4-12-20/4-12 Noon 01.MTS,3713.200,25.0,Male,Inactive,,,,,,STOP
2309.679,D:/Pipefish Mesocosm Film/Trial 4/4-12-20/4-12 Noon 01.MTS,3713.200,25.0,Male,Wiggle,Courtship,Active wiggle,Female,2,,START
2313.473,D:/Pipefish Mesocosm Film/Trial 4/4-12-20/4-12 Noon 01.MTS,3713.200,25.0,Male,Wiggle,Courtship,Active wiggle,Female,2,,STOP
2313.474,D:/Pipefish Mesocosm Film/Trial 4/4-12-20/4-12 Noon 01.MTS,3713.200,25.0,Male,Inactive,,,,,,START
2322.876,D:/Pipefish Mesocosm Film/Trial 4/4-12-20/4-12 Noon 01.MTS,3713.200,25.0,Male,Inactive,,,,,,STOP
2322.877,D:/Pipefish Mesocosm Film/Trial 4/4-12-20/4-12 Noon 01.MTS,3713.200,25.0,Male,Surrounding,,,,,,START
2336.834,D:/Pipefish Mesocosm Film/Trial 4/4-12-20/4-12 Noon 01.MTS,3713.200,25.0,Male,Surrounding,,,,,,STOP
2336.835,D:/Pipefish Mesocosm Film/Trial 4/4-12-20/4-12 Noon 01.MTS,3713.200,25.0,Male,Wiggle,Courtship,Active wiggle,Female,2,,START
2341.865,D:/Pipefish Mesocosm Film/Trial 4/4-12-20/4-12 Noon 01.MTS,3713.200,25.0,Male,Wiggle,Courtship,Active wiggle,Female,2,,STOP
2341.866,D:/Pipefish Mesocosm Film/Trial 4/4-12-20/4-12 Noon 01.MTS,3713.200,25.0,Male,Inactive,,,,,,START
2344.712,D:/Pipefish Mesocosm Film/Trial 4/4-12-20/4-12 Noon 01.MTS,3713.200,25.0,Male,Inactive,,,,,,STOP
2344.713,D:/Pipefish Mesocosm Film/Trial 4/4-12-20/4-12 Noon 01.MTS,3713.200,25.0,Male,Wiggle,Courtship,Active wiggle,Female,2,,START
2349.458,D:/Pipefish Mesocosm Film/Trial 4/4-12-20/4-12 Noon 01.MTS,3713.200,25.0,Male,Wiggle,Courtship,Active wiggle,Female,2,,STOP
2349.459,D:/Pipefish Mesocosm Film/Trial 4/4-12-20/4-12 Noon 01.MTS,3713.200,25.0,Male,Inactive,,,,,,START
2394.464,D:/Pipefish Mesocosm Film/Trial 4/4-12-20/4-12 Noon 01.MTS,3713.200,25.0,Male,Inactive,,,,,,STOP
2394.465,D:/Pipefish Mesocosm Film/Trial 4/4-12-20/4-12 Noon 01.MTS,3713.200,25.0,Male,Wiggle,Courtship,Active wiggle,Female,2,,START
2399.114,D:/Pipefish Mesocosm Film/Trial 4/4-12-20/4-12 Noon 01.MTS,3713.200,25.0,Male,Wiggle,Courtship,Active wiggle,Female,2,,STOP
2399.115,D:/Pipefish Mesocosm Film/Trial 4/4-12-20/4-12 Noon 01.MTS,3713.200,25.0,Male,Inactive,,,,,,START
2410.987,D:/Pipefish Mesocosm Film/Trial 4/4-12-20/4-12 Noon 01.MTS,3713.200,25.0,Female,Inactive,,,,,,STOP
2410.988,D:/Pipefish Mesocosm Film/Trial 4/4-12-20/4-12 Noon 01.MTS,3713.200,25.0,Female,Pose,,S pose,Male,Front,,START
2414.115,D:/Pipefish Mesocosm Film/Trial 4/4-12-20/4-12 Noon 01.MTS,3713.200,25.0,Female,Pose,,S pose,Male,Front,,STOP
2414.116,D:/Pipefish Mesocosm Film/Trial 4/4-12-20/4-12 Noon 01.MTS,3713.200,25.0,Female,Wiggle,Courtship,Active wiggle,Male,2,,START
2432.724,D:/Pipefish Mesocosm Film/Trial 4/4-12-20/4-12 Noon 01.MTS,3713.200,25.0,Female,Wiggle,Courtship,Active wiggle,Male,2,,STOP
2432.725,D:/Pipefish Mesocosm Film/Trial 4/4-12-20/4-12 Noon 01.MTS,3713.200,25.0,Female,Inactive,,,,,,START
2433.865,D:/Pipefish Mesocosm Film/Trial 4/4-12-20/4-12 Noon 01.MTS,3713.200,25.0,Male,Inactive,,,,,,STOP
2433.866,D:/Pipefish Mesocosm Film/Trial 4/4-12-20/4-12 Noon 01.MTS,3713.200,25.0,Male,Wiggle,Courtship,Active wiggle,Female,2,,START
2445.069,D:/Pipefish Mesocosm Film/Trial 4/4-12-20/4-12 Noon 01.MTS,3713.200,25.0,Male,Wiggle,Courtship,Active wiggle,Female,2,,STOP
2445.070,D:/Pipefish Mesocosm Film/Trial 4/4-12-20/4-12 Noon 01.MTS,3713.200,25.0,Male,Inactive,,,,,,START
2464.150,D:/Pipefish Mesocosm Film/Trial 4/4-12-20/4-12 Noon 01.MTS,3713.200,25.0,Male,Inactive,,,,,,STOP
2464.151,D:/Pipefish Mesocosm Film/Trial 4/4-12-20/4-12 Noon 01.MTS,3713.200,25.0,Male,Wiggle,Courtship,Active wiggle,Female,2,,START
2469.376,D:/Pipefish Mesocosm Film/Trial 4/4-12-20/4-12 Noon 01.MTS,3713.200,25.0,Male,Wiggle,Courtship,Active wiggle,Female,2,,STOP
2469.377,D:/Pipefish Mesocosm Film/Trial 4/4-12-20/4-12 Noon 01.MTS,3713.200,25.0,Male,Inactive,,,,,,START
2480.481,D:/Pipefish Mesocosm Film/Trial 4/4-12-20/4-12 Noon 01.MTS,3713.200,25.0,Male,Inactive,,,,,,STOP
2480.482,D:/Pipefish Mesocosm Film/Trial 4/4-12-20/4-12 Noon 01.MTS,3713.200,25.0,Male,Wiggle,Courtship,Active wiggle,Female,2,,START
2485.136,D:/Pipefish Mesocosm Film/Trial 4/4-12-20/4-12 Noon 01.MTS,3713.200,25.0,Male,Wiggle,Courtship,Active wiggle,Female,2,,STOP
2485.137,D:/Pipefish Mesocosm Film/Trial 4/4-12-20/4-12 Noon 01.MTS,3713.200,25.0,Male,Inactive,,,,,,START
2494.915,D:/Pipefish Mesocosm Film/Trial 4/4-12-20/4-12 Noon 01.MTS,3713.200,25.0,Male,Inactive,,,,,,STOP
2494.916,D:/Pipefish Mesocosm Film/Trial 4/4-12-20/4-12 Noon 01.MTS,3713.200,25.0,Male,Wiggle,Courtship,Active wiggle,Female,2,,START
2499.755,D:/Pipefish Mesocosm Film/Trial 4/4-12-20/4-12 Noon 01.MTS,3713.200,25.0,Male,Wiggle,Courtship,Active wiggle,Female,2,,STOP
2499.756,D:/Pipefish Mesocosm Film/Trial 4/4-12-20/4-12 Noon 01.MTS,3713.200,25.0,Male,Inactive,,,,,,START
2540.774,D:/Pipefish Mesocosm Film/Trial 4/4-12-20/4-12 Noon 01.MTS,3713.200,25.0,Male,Inactive,,,,,,STOP
2540.775,D:/Pipefish Mesocosm Film/Trial 4/4-12-20/4-12 Noon 01.MTS,3713.200,25.0,Male,Wiggle,Courtship,Active wiggle,Female,2,,START
2547.608,D:/Pipefish Mesocosm Film/Trial 4/4-12-20/4-12 Noon 01.MTS,3713.200,25.0,Male,Wiggle,Courtship,Active wiggle,Female,2,,STOP
2547.609,D:/Pipefish Mesocosm Film/Trial 4/4-12-20/4-12 Noon 01.MTS,3713.200,25.0,Male,Inactive,,,,,,START
2555.300,D:/Pipefish Mesocosm Film/Trial 4/4-12-20/4-12 Noon 01.MTS,3713.200,25.0,Female,Inactive,,,,,,STOP
2555.301,D:/Pipefish Mesocosm Film/Trial 4/4-12-20/4-12 Noon 01.MTS,3713.200,25.0,Female,Wiggle,Courtship,Active wiggle,Male,2,,START
2570.014,D:/Pipefish Mesocosm Film/Trial 4/4-12-20/4-12 Noon 01.MTS,3713.200,25.0,Female,Wiggle,Courtship,Active wiggle,Male,2,,STOP
2570.015,D:/Pipefish Mesocosm Film/Trial 4/4-12-20/4-12 Noon 01.MTS,3713.200,25.0,Female,Pose,,S pose,Male,Front,,START
2573.057,D:/Pipefish Mesocosm Film/Trial 4/4-12-20/4-12 Noon 01.MTS,3713.200,25.0,Female,Pose,,S pose,Male,Front,,STOP
2573.058,D:/Pipefish Mesocosm Film/Trial 4/4-12-20/4-12 Noon 01.MTS,3713.200,25.0,Female,Inactive,,,,,,START
2597.457,D:/Pipefish Mesocosm Film/Trial 4/4-12-20/4-12 Noon 01.MTS,3713.200,25.0,Male,Inactive,,,,,,STOP
2597.458,D:/Pipefish Mesocosm Film/Trial 4/4-12-20/4-12 Noon 01.MTS,3713.200,25.0,Male,Wiggle,Courtship,Active wiggle,Female,2,,START
2603.910,D:/Pipefish Mesocosm Film/Trial 4/4-12-20/4-12 Noon 01.MTS,3713.200,25.0,Male,Wiggle,Courtship,Active wiggle,Female,2,,STOP
2603.911,D:/Pipefish Mesocosm Film/Trial 4/4-12-20/4-12 Noon 01.MTS,3713.200,25.0,Male,Inactive,,,,,,START
2652.429,D:/Pipefish Mesocosm Film/Trial 4/4-12-20/4-12 Noon 01.MTS,3713.200,25.0,Male,Inactive,,,,,,STOP
2652.430,D:/Pipefish Mesocosm Film/Trial 4/4-12-20/4-12 Noon 01.MTS,3713.200,25.0,Male,Wiggle,Courtship,Active wiggle,Female,2,,START
2657.464,D:/Pipefish Mesocosm Film/Trial 4/4-12-20/4-12 Noon 01.MTS,3713.200,25.0,Male,Wiggle,Courtship,Active wiggle,Female,2,,STOP
2657.465,D:/Pipefish Mesocosm Film/Trial 4/4-12-20/4-12 Noon 01.MTS,3713.200,25.0,Male,Inactive,,,,,,START
2682.526,D:/Pipefish Mesocosm Film/Trial 4/4-12-20/4-12 Noon 01.MTS,3713.200,25.0,Male,Inactive,,,,,,STOP
2682.527,D:/Pipefish Mesocosm Film/Trial 4/4-12-20/4-12 Noon 01.MTS,3713.200,25.0,Male,Wiggle,Courtship,Active wiggle,Female,2,,START
2689.265,D:/Pipefish Mesocosm Film/Trial 4/4-12-20/4-12 Noon 01.MTS,3713.200,25.0,Male,Wiggle,Courtship,Active wiggle,Female,2,,STOP
2689.266,D:/Pipefish Mesocosm Film/Trial 4/4-12-20/4-12 Noon 01.MTS,3713.200,25.0,Male,Inactive,,,,,,START
2709.774,D:/Pipefish Mesocosm Film/Trial 4/4-12-20/4-12 Noon 01.MTS,3713.200,25.0,Male,Inactive,,,,,,STOP
2709.775,D:/Pipefish Mesocosm Film/Trial 4/4-12-20/4-12 Noon 01.MTS,3713.200,25.0,Male,Wiggle,Courtship,Active wiggle,Female,2,,START
2716.614,D:/Pipefish Mesocosm Film/Trial 4/4-12-20/4-12 Noon 01.MTS,3713.200,25.0,Male,Wiggle,Courtship,Active wiggle,Female,2,,STOP
2716.615,D:/Pipefish Mesocosm Film/Trial 4/4-12-20/4-12 Noon 01.MTS,3713.200,25.0,Male,Inactive,,,,,,START
2736.929,D:/Pipefish Mesocosm Film/Trial 4/4-12-20/4-12 Noon 01.MTS,3713.200,25.0,Female,Inactive,,,,,,STOP
2736.930,D:/Pipefish Mesocosm Film/Trial 4/4-12-20/4-12 Noon 01.MTS,3713.200,25.0,Female,Pose,,Non-s pose,Male,Front,,START
2737.403,D:/Pipefish Mesocosm Film/Trial 4/4-12-20/4-12 Noon 01.MTS,3713.200,25.0,Male,Inactive,,,,,,STOP
2737.404,D:/Pipefish Mesocosm Film/Trial 4/4-12-20/4-12 Noon 01.MTS,3713.200,25.0,Male,Wiggle,Courtship,Active wiggle,Female,2,,START
2740.060,D:/Pipefish Mesocosm Film/Trial 4/4-12-20/4-12 Noon 01.MTS,3713.200,25.0,Male,Wiggle,Courtship,Active wiggle,Female,2,,STOP
2740.061,D:/Pipefish Mesocosm Film/Trial 4/4-12-20/4-12 Noon 01.MTS,3713.200,25.0,Male,Inactive,,,,,,START
2742.535,D:/Pipefish Mesocosm Film/Trial 4/4-12-20/4-12 Noon 01.MTS,3713.200,25.0,Female,Pose,,Non-s pose,Male,Front,,STOP
2742.536,D:/Pipefish Mesocosm Film/Trial 4/4-12-20/4-12 Noon 01.MTS,3713.200,25.0,Female,Wiggle,Courtship,Active wiggle,Male,2,,START
2752.220,D:/Pipefish Mesocosm Film/Trial 4/4-12-20/4-12 Noon 01.MTS,3713.200,25.0,Female,Wiggle,Courtship,Active wiggle,Male,2,,STOP
2752.221,D:/Pipefish Mesocosm Film/Trial 4/4-12-20/4-12 Noon 01.MTS,3713.200,25.0,Female,Inactive,,,,,,START
2754.114,D:/Pipefish Mesocosm Film/Trial 4/4-12-20/4-12 Noon 01.MTS,3713.200,25.0,Female,Inactive,,,,,,STOP
2754.115,D:/Pipefish Mesocosm Film/Trial 4/4-12-20/4-12 Noon 01.MTS,3713.200,25.0,Female,Wiggle,Courtship,Active wiggle,Male,2,,START
2758.101,D:/Pipefish Mesocosm Film/Trial 4/4-12-20/4-12 Noon 01.MTS,3713.200,25.0,Female,Wiggle,Courtship,Active wiggle,Male,2,,STOP
2758.102,D:/Pipefish Mesocosm Film/Trial 4/4-12-20/4-12 Noon 01.MTS,3713.200,25.0,Female,Inactive,,,,,,START
2763.702,D:/Pipefish Mesocosm Film/Trial 4/4-12-20/4-12 Noon 01.MTS,3713.200,25.0,Male,Inactive,,,,,,STOP
2763.703,D:/Pipefish Mesocosm Film/Trial 4/4-12-20/4-12 Noon 01.MTS,3713.200,25.0,Male,Wiggle,Courtship,Active wiggle,Female,2,,START
2767.406,D:/Pipefish Mesocosm Film/Trial 4/4-12-20/4-12 Noon 01.MTS,3713.200,25.0,Male,Wiggle,Courtship,Active wiggle,Female,2,,STOP
2767.407,D:/Pipefish Mesocosm Film/Trial 4/4-12-20/4-12 Noon 01.MTS,3713.200,25.0,Male,Inactive,,,,,,START
2779.847,D:/Pipefish Mesocosm Film/Trial 4/4-12-20/4-12 Noon 01.MTS,3713.200,25.0,Male,Inactive,,,,,,STOP
2779.848,D:/Pipefish Mesocosm Film/Trial 4/4-12-20/4-12 Noon 01.MTS,3713.200,25.0,Male,Wiggle,Courtship,Active wiggle,Female,2,,START
2785.064,D:/Pipefish Mesocosm Film/Trial 4/4-12-20/4-12 Noon 01.MTS,3713.200,25.0,Male,Wiggle,Courtship,Active wiggle,Female,2,,STOP
2785.065,D:/Pipefish Mesocosm Film/Trial 4/4-12-20/4-12 Noon 01.MTS,3713.200,25.0,Male,Inactive,,,,,,START
2802.439,D:/Pipefish Mesocosm Film/Trial 4/4-12-20/4-12 Noon 01.MTS,3713.200,25.0,Male,Inactive,,,,,,STOP
2802.440,D:/Pipefish Mesocosm Film/Trial 4/4-12-20/4-12 Noon 01.MTS,3713.200,25.0,Male,Wiggle,Courtship,Active wiggle,Female,2,,START
2807.664,D:/Pipefish Mesocosm Film/Trial 4/4-12-20/4-12 Noon 01.MTS,3713.200,25.0,Male,Wiggle,Courtship,Active wiggle,Female,2,,STOP
2807.665,D:/Pipefish Mesocosm Film/Trial 4/4-12-20/4-12 Noon 01.MTS,3713.200,25.0,Male,Inactive,,,,,,START
2841.751,D:/Pipefish Mesocosm Film/Trial 4/4-12-20/4-12 Noon 01.MTS,3713.200,25.0,Female,Inactive,,,,,,STOP
2841.752,D:/Pipefish Mesocosm Film/Trial 4/4-12-20/4-12 Noon 01.MTS,3713.200,25.0,Female,Pose,,S pose,Male,Front,,START
2852.289,D:/Pipefish Mesocosm Film/Trial 4/4-12-20/4-12 Noon 01.MTS,3713.200,25.0,Female,Pose,,S pose,Male,Front,,STOP
2852.290,D:/Pipefish Mesocosm Film/Trial 4/4-12-20/4-12 Noon 01.MTS,3713.200,25.0,Female,Inactive,,,,,,START
2853.142,D:/Pipefish Mesocosm Film/Trial 4/4-12-20/4-12 Noon 01.MTS,3713.200,25.0,Female,Inactive,,,,,,STOP
2854.282,D:/Pipefish Mesocosm Film/Trial 4/4-12-20/4-12 Noon 01.MTS,3713.200,25.0,Male,Inactive,,,,,,STOP
2855.422,D:/Pipefish Mesocosm Film/Trial 4/4-12-20/4-12 Noon 01.MTS,3713.200,25.0,,Stop,,,,,,POINT
