Observation id,T401N_01,,,,,,,,,,
,,,,,,,,,,,
Media file(s),,,,,,,,,,,
,,,,,,,,,,,
Player #1,D:/Pipefish Mesocosm Film/Trial 4/4-12-20/4-12 Noon 01.MTS,,,,,,,,,,
Player #1,D:/Pipefish Mesocosm Film/Trial 4/4-12-20/4-12 Noon 02.MTS,,,,,,,,,,
,,,,,,,,,,,
Observation date,2021-11-09 11:52:14,,,,,,,,,,
,,,,,,,,,,,
Description,,,,,,,,,,,
,,,,,,,,,,,
Time offset (s),0.0,,,,,,,,,,
,,,,,,,,,,,
independent variables,,,,,,,,,,,
variable,value,,,,,,,,,,
Number in group,,,,,,,,,,,
Time of day,,,,,,,,,,,
,,,,,,,,,,,
Time,Media file path,Total length,FPS,Subject,Behavior,Behavioral category,Modifier 1,Modifier 2,Modifier 3,Comment,Status
84.251,D:/Pipefish Mesocosm Film/Trial 4/4-12-20/4-12 Noon 01.MTS,3713.200,25.0,,Start,,,,,,POINT
84.731,D:/Pipefish Mesocosm Film/Trial 4/4-12-20/4-12 Noon 01.MTS,3713.200,25.0,Male,Wiggle,Courtship,Active wiggle,Female,2 ,,START
84.733,D:/Pipefish Mesocosm Film/Trial 4/4-12-20/4-12 Noon 01.MTS,3713.200,25.0,Female,Inactive,,,,,,START
89.100,D:/Pipefish Mesocosm Film/Trial 4/4-12-20/4-12 Noon 01.MTS,3713.200,25.0,Male,Wiggle,Courtship,Active wiggle,Female,2 ,,STOP
89.101,D:/Pipefish Mesocosm Film/Trial 4/4-12-20/4-12 Noon 01.MTS,3713.200,25.0,Male,Inactive,,,,,,START
92.328,D:/Pipefish Mesocosm Film/Trial 4/4-12-20/4-12 Noon 01.MTS,3713.200,25.0,Female,Inactive,,,,,,STOP
92.329,D:/Pipefish Mesocosm Film/Trial 4/4-12-20/4-12 Noon 01.MTS,3713.200,25.0,Female,Wiggle,Courtship,Active wiggle,Male,2,,START
96.694,D:/Pipefish Mesocosm Film/Trial 4/4-12-20/4-12 Noon 01.MTS,3713.200,25.0,Male,Inactive,,,,,,STOP
96.695,D:/Pipefish Mesocosm Film/Trial 4/4-12-20/4-12 Noon 01.MTS,3713.200,25.0,Male,Wiggle,Courtship,Active wiggle,Female,2,,START
97.550,D:/Pipefish Mesocosm Film/Trial 4/4-12-20/4-12 Noon 01.MTS,3713.200,25.0,Female,Wiggle,Courtship,Active wiggle,Male,2,,STOP
97.551,D:/Pipefish Mesocosm Film/Trial 4/4-12-20/4-12 Noon 01.MTS,3713.200,25.0,Female,Pose,,S pose,Male,Front,,START
103.055,D:/Pipefish Mesocosm Film/Trial 4/4-12-20/4-12 Noon 01.MTS,3713.200,25.0,Male,Wiggle,Courtship,Active wiggle,Female,2,,STOP
103.056,D:/Pipefish Mesocosm Film/Trial 4/4-12-20/4-12 Noon 01.MTS,3713.200,25.0,Male,Inactive,,,,,,START
107.045,D:/Pipefish Mesocosm Film/Trial 4/4-12-20/4-12 Noon 01.MTS,3713.200,25.0,Female,Pose,,S pose,Male,Front,,STOP
107.046,D:/Pipefish Mesocosm Film/Trial 4/4-12-20/4-12 Noon 01.MTS,3713.200,25.0,Female,Inactive,,,,,,START
136.096,D:/Pipefish Mesocosm Film/Trial 4/4-12-20/4-12 Noon 01.MTS,3713.200,25.0,Male,Inactive,,,,,,STOP
136.097,D:/Pipefish Mesocosm Film/Trial 4/4-12-20/4-12 Noon 01.MTS,3713.200,25.0,Male,Wiggle,Courtship,Active wiggle,Female,2,,START
137.901,D:/Pipefish Mesocosm Film/Trial 4/4-12-20/4-12 Noon 01.MTS,3713.200,25.0,Male,Wiggle,Courtship,Active wiggle,Female,2,,STOP
137.902,D:/Pipefish Mesocosm Film/Trial 4/4-12-20/4-12 Noon 01.MTS,3713.200,25.0,Male,Inactive,,,,,,START
154.135,D:/Pipefish Mesocosm Film/Trial 4/4-12-20/4-12 Noon 01.MTS,3713.200,25.0,Male,Inactive,,,,,,STOP
154.136,D:/Pipefish Mesocosm Film/Trial 4/4-12-20/4-12 Noon 01.MTS,3713.200,25.0,Male,Wiggle,Courtship,Active wiggle,Female,2,,START
156.604,D:/Pipefish Mesocosm Film/Trial 4/4-12-20/4-12 Noon 01.MTS,3713.200,25.0,Male,Wiggle,Courtship,Active wiggle,Female,2,,STOP
156.605,D:/Pipefish Mesocosm Film/Trial 4/4-12-20/4-12 Noon 01.MTS,3713.200,25.0,Male,Inactive,,,,,,START
172.366,D:/Pipefish Mesocosm Film/Trial 4/4-12-20/4-12 Noon 01.MTS,3713.200,25.0,Female,Inactive,,,,,,STOP
172.367,D:/Pipefish Mesocosm Film/Trial 4/4-12-20/4-12 Noon 01.MTS,3713.200,25.0,Female,Pose,,S pose,Male,Front,,START
172.745,D:/Pipefish Mesocosm Film/Trial 4/4-12-20/4-12 Noon 01.MTS,3713.200,25.0,Male,Inactive,,,,,,STOP
172.746,D:/Pipefish Mesocosm Film/Trial 4/4-12-20/4-12 Noon 01.MTS,3713.200,25.0,Male,Wiggle,Courtship,Active wiggle,Female,3,,START
180.340,D:/Pipefish Mesocosm Film/Trial 4/4-12-20/4-12 Noon 01.MTS,3713.200,25.0,Male,Wiggle,Courtship,Active wiggle,Female,3,,STOP
180.341,D:/Pipefish Mesocosm Film/Trial 4/4-12-20/4-12 Noon 01.MTS,3713.200,25.0,Male,Inactive,,,,,,START
182.998,D:/Pipefish Mesocosm Film/Trial 4/4-12-20/4-12 Noon 01.MTS,3713.200,25.0,Female,Pose,,S pose,Male,Front,,STOP
182.999,D:/Pipefish Mesocosm Film/Trial 4/4-12-20/4-12 Noon 01.MTS,3713.200,25.0,Female,Wiggle,Courtship,Active wiggle,Male,2,,START
186.037,D:/Pipefish Mesocosm Film/Trial 4/4-12-20/4-12 Noon 01.MTS,3713.200,25.0,Male,Inactive,,,,,,STOP
186.038,D:/Pipefish Mesocosm Film/Trial 4/4-12-20/4-12 Noon 01.MTS,3713.200,25.0,Male,Wiggle,Courtship,Active wiggle,Female,2,,START
186.131,D:/Pipefish Mesocosm Film/Trial 4/4-12-20/4-12 Noon 01.MTS,3713.200,25.0,Female,Wiggle,Courtship,Active wiggle,Male,2,,STOP
186.132,D:/Pipefish Mesocosm Film/Trial 4/4-12-20/4-12 Noon 01.MTS,3713.200,25.0,Female,Inactive,,,,,,START
187.652,D:/Pipefish Mesocosm Film/Trial 4/4-12-20/4-12 Noon 01.MTS,3713.200,25.0,Male,Wiggle,Courtship,Active wiggle,Female,2,,STOP
187.653,D:/Pipefish Mesocosm Film/Trial 4/4-12-20/4-12 Noon 01.MTS,3713.200,25.0,Male,Inactive,,,,,,START
253.829,D:/Pipefish Mesocosm Film/Trial 4/4-12-20/4-12 Noon 01.MTS,3713.200,25.0,Male,Inactive,,,,,,STOP
253.830,D:/Pipefish Mesocosm Film/Trial 4/4-12-20/4-12 Noon 01.MTS,3713.200,25.0,Male,Wiggle,Courtship,Active wiggle,Female,2,,START
255.917,D:/Pipefish Mesocosm Film/Trial 4/4-12-20/4-12 Noon 01.MTS,3713.200,25.0,Male,Wiggle,Courtship,Active wiggle,Female,2,,STOP
255.918,D:/Pipefish Mesocosm Film/Trial 4/4-12-20/4-12 Noon 01.MTS,3713.200,25.0,Male,Inactive,,,,,,START
267.975,D:/Pipefish Mesocosm Film/Trial 4/4-12-20/4-12 Noon 01.MTS,3713.200,25.0,Female,Inactive,,,,,,STOP
267.976,D:/Pipefish Mesocosm Film/Trial 4/4-12-20/4-12 Noon 01.MTS,3713.200,25.0,Female,Wiggle,Courtship,Active wiggle,Male,2,,START
269.589,D:/Pipefish Mesocosm Film/Trial 4/4-12-20/4-12 Noon 01.MTS,3713.200,25.0,Male,Inactive,,,,,,STOP
269.590,D:/Pipefish Mesocosm Film/Trial 4/4-12-20/4-12 Noon 01.MTS,3713.200,25.0,Male,Wiggle,Courtship,Active wiggle,Female,2,,START
269.684,D:/Pipefish Mesocosm Film/Trial 4/4-12-20/4-12 Noon 01.MTS,3713.200,25.0,Female,Wiggle,Courtship,Active wiggle,Male,2,,STOP
269.685,D:/Pipefish Mesocosm Film/Trial 4/4-12-20/4-12 Noon 01.MTS,3713.200,25.0,Female,Pose,,S pose,Male,Front,,START
275.286,D:/Pipefish Mesocosm Film/Trial 4/4-12-20/4-12 Noon 01.MTS,3713.200,25.0,Male,Wiggle,Courtship,Active wiggle,Female,2,,STOP
275.287,D:/Pipefish Mesocosm Film/Trial 4/4-12-20/4-12 Noon 01.MTS,3713.200,25.0,Male,Inactive,,,,,,START
279.273,D:/Pipefish Mesocosm Film/Trial 4/4-12-20/4-12 Noon 01.MTS,3713.200,25.0,Male,Inactive,,,,,,STOP
279.274,D:/Pipefish Mesocosm Film/Trial 4/4-12-20/4-12 Noon 01.MTS,3713.200,25.0,Male,Wiggle,Courtship,Subtle wiggle,Female,2,,START
285.065,D:/Pipefish Mesocosm Film/Trial 4/4-12-20/4-12 Noon 01.MTS,3713.200,25.0,Female,Pose,,S pose,Male,Front,,STOP
285.066,D:/Pipefish Mesocosm Film/Trial 4/4-12-20/4-12 Noon 01.MTS,3713.200,25.0,Female,Inactive,,,,,,START
286.298,D:/Pipefish Mesocosm Film/Trial 4/4-12-20/4-12 Noon 01.MTS,3713.200,25.0,Male,Wiggle,Courtship,Subtle wiggle,Female,2,,STOP
286.299,D:/Pipefish Mesocosm Film/Trial 4/4-12-20/4-12 Noon 01.MTS,3713.200,25.0,Male,Inactive,,,,,,START
319.341,D:/Pipefish Mesocosm Film/Trial 4/4-12-20/4-12 Noon 01.MTS,3713.200,25.0,Male,Inactive,,,,,,STOP
319.342,D:/Pipefish Mesocosm Film/Trial 4/4-12-20/4-12 Noon 01.MTS,3713.200,25.0,Male,Wiggle,Courtship,Active wiggle,Female,2,,START
322.095,D:/Pipefish Mesocosm Film/Trial 4/4-12-20/4-12 Noon 01.MTS,3713.200,25.0,Male,Wiggle,Courtship,Active wiggle,Female,2,,STOP
322.096,D:/Pipefish Mesocosm Film/Trial 4/4-12-20/4-12 Noon 01.MTS,3713.200,25.0,Male,Inactive,,,,,,START
326.650,D:/Pipefish Mesocosm Film/Trial 4/4-12-20/4-12 Noon 01.MTS,3713.200,25.0,Male,Inactive,,,,,,STOP
326.651,D:/Pipefish Mesocosm Film/Trial 4/4-12-20/4-12 Noon 01.MTS,3713.200,25.0,Male,Wiggle,Courtship,Active wiggle,Female,2,,START
328.643,D:/Pipefish Mesocosm Film/Trial 4/4-12-20/4-12 Noon 01.MTS,3713.200,25.0,Male,Wiggle,Courtship,Active wiggle,Female,2,,STOP
328.644,D:/Pipefish Mesocosm Film/Trial 4/4-12-20/4-12 Noon 01.MTS,3713.200,25.0,Male,Inactive,,,,,,START
332.347,D:/Pipefish Mesocosm Film/Trial 4/4-12-20/4-12 Noon 01.MTS,3713.200,25.0,Male,Inactive,,,,,,STOP
332.348,D:/Pipefish Mesocosm Film/Trial 4/4-12-20/4-12 Noon 01.MTS,3713.200,25.0,Male,Wiggle,Courtship,Active wiggle,Female,2,,START
335.480,D:/Pipefish Mesocosm Film/Trial 4/4-12-20/4-12 Noon 01.MTS,3713.200,25.0,Male,Wiggle,Courtship,Active wiggle,Female,2,,STOP
335.481,D:/Pipefish Mesocosm Film/Trial 4/4-12-20/4-12 Noon 01.MTS,3713.200,25.0,Male,Inactive,,,,,,START
352.475,D:/Pipefish Mesocosm Film/Trial 4/4-12-20/4-12 Noon 01.MTS,3713.200,25.0,Male,Inactive,,,,,,STOP
352.476,D:/Pipefish Mesocosm Film/Trial 4/4-12-20/4-12 Noon 01.MTS,3713.200,25.0,Male,Wiggle,Courtship,Active wiggle,Female,2,,START
354.662,D:/Pipefish Mesocosm Film/Trial 4/4-12-20/4-12 Noon 01.MTS,3713.200,25.0,Male,Wiggle,Courtship,Active wiggle,Female,2,,STOP
354.663,D:/Pipefish Mesocosm Film/Trial 4/4-12-20/4-12 Noon 01.MTS,3713.200,25.0,Male,Inactive,,,,,,START
358.742,D:/Pipefish Mesocosm Film/Trial 4/4-12-20/4-12 Noon 01.MTS,3713.200,25.0,Female,Inactive,,,,,,STOP
358.743,D:/Pipefish Mesocosm Film/Trial 4/4-12-20/4-12 Noon 01.MTS,3713.200,25.0,Female,Pose,,S pose,Male,Front,,START
361.495,D:/Pipefish Mesocosm Film/Trial 4/4-12-20/4-12 Noon 01.MTS,3713.200,25.0,Male,Inactive,,,,,,STOP
361.496,D:/Pipefish Mesocosm Film/Trial 4/4-12-20/4-12 Noon 01.MTS,3713.200,25.0,Male,Wiggle,Courtship,Active wiggle,Female,2,,START
364.249,D:/Pipefish Mesocosm Film/Trial 4/4-12-20/4-12 Noon 01.MTS,3713.200,25.0,Female,Pose,,S pose,Male,Front,,STOP
364.250,D:/Pipefish Mesocosm Film/Trial 4/4-12-20/4-12 Noon 01.MTS,3713.200,25.0,Female,Inactive,,,,,,START
367.857,D:/Pipefish Mesocosm Film/Trial 4/4-12-20/4-12 Noon 01.MTS,3713.200,25.0,Male,Wiggle,Courtship,Active wiggle,Female,2,,STOP
367.858,D:/Pipefish Mesocosm Film/Trial 4/4-12-20/4-12 Noon 01.MTS,3713.200,25.0,Male,Inactive,,,,,,START
419.602,D:/Pipefish Mesocosm Film/Trial 4/4-12-20/4-12 Noon 01.MTS,3713.200,25.0,Male,Inactive,,,,,,STOP
419.603,D:/Pipefish Mesocosm Film/Trial 4/4-12-20/4-12 Noon 01.MTS,3713.200,25.0,Male,Wiggle,Courtship,Active wiggle,Female,3,,START
422.071,D:/Pipefish Mesocosm Film/Trial 4/4-12-20/4-12 Noon 01.MTS,3713.200,25.0,Male,Wiggle,Courtship,Active wiggle,Female,3,,STOP
422.072,D:/Pipefish Mesocosm Film/Trial 4/4-12-20/4-12 Noon 01.MTS,3713.200,25.0,Male,Inactive,,,,,,START
451.789,D:/Pipefish Mesocosm Film/Trial 4/4-12-20/4-12 Noon 01.MTS,3713.200,25.0,Male,Inactive,,,,,,STOP
451.790,D:/Pipefish Mesocosm Film/Trial 4/4-12-20/4-12 Noon 01.MTS,3713.200,25.0,Male,Wiggle,Courtship,Active wiggle,Male,2,,START
456.252,D:/Pipefish Mesocosm Film/Trial 4/4-12-20/4-12 Noon 01.MTS,3713.200,25.0,Male,Wiggle,Courtship,Active wiggle,Male,2,,STOP
456.253,D:/Pipefish Mesocosm Film/Trial 4/4-12-20/4-12 Noon 01.MTS,3713.200,25.0,Male,Inactive,,,,,,START
456.725,D:/Pipefish Mesocosm Film/Trial 4/4-12-20/4-12 Noon 01.MTS,3713.200,25.0,Female,Inactive,,,,,,STOP
456.726,D:/Pipefish Mesocosm Film/Trial 4/4-12-20/4-12 Noon 01.MTS,3713.200,25.0,Female,Pose,,S pose,Male,Front,,START
457.106,D:/Pipefish Mesocosm Film/Trial 4/4-12-20/4-12 Noon 01.MTS,3713.200,25.0,Male,Inactive,,,,,,STOP
457.107,D:/Pipefish Mesocosm Film/Trial 4/4-12-20/4-12 Noon 01.MTS,3713.200,25.0,Male,Wiggle,Courtship,Active wiggle,Female,2,,START
467.932,D:/Pipefish Mesocosm Film/Trial 4/4-12-20/4-12 Noon 01.MTS,3713.200,25.0,Male,Wiggle,Courtship,Active wiggle,Female,2,,STOP
467.933,D:/Pipefish Mesocosm Film/Trial 4/4-12-20/4-12 Noon 01.MTS,3713.200,25.0,Male,Inactive,,,,,,START
469.069,D:/Pipefish Mesocosm Film/Trial 4/4-12-20/4-12 Noon 01.MTS,3713.200,25.0,Female,Pose,,S pose,Male,Front,,STOP
469.070,D:/Pipefish Mesocosm Film/Trial 4/4-12-20/4-12 Noon 01.MTS,3713.200,25.0,Female,Inactive,,,,,,START
470.399,D:/Pipefish Mesocosm Film/Trial 4/4-12-20/4-12 Noon 01.MTS,3713.200,25.0,Male,Inactive,,,,,,STOP
470.400,D:/Pipefish Mesocosm Film/Trial 4/4-12-20/4-12 Noon 01.MTS,3713.200,25.0,Male,Wiggle,Courtship,Active wiggle,Female,2,,START
472.108,D:/Pipefish Mesocosm Film/Trial 4/4-12-20/4-12 Noon 01.MTS,3713.200,25.0,Male,Wiggle,Courtship,Active wiggle,Female,2,,STOP
472.109,D:/Pipefish Mesocosm Film/Trial 4/4-12-20/4-12 Noon 01.MTS,3713.200,25.0,Male,Inactive,,,,,,START
489.196,D:/Pipefish Mesocosm Film/Trial 4/4-12-20/4-12 Noon 01.MTS,3713.200,25.0,Male,Inactive,,,,,,STOP
489.197,D:/Pipefish Mesocosm Film/Trial 4/4-12-20/4-12 Noon 01.MTS,3713.200,25.0,Male,Wiggle,Courtship,Active wiggle,Female,2,,START
492.615,D:/Pipefish Mesocosm Film/Trial 4/4-12-20/4-12 Noon 01.MTS,3713.200,25.0,Male,Wiggle,Courtship,Active wiggle,Female,2,,STOP
492.616,D:/Pipefish Mesocosm Film/Trial 4/4-12-20/4-12 Noon 01.MTS,3713.200,25.0,Male,Inactive,,,,,,START
515.308,D:/Pipefish Mesocosm Film/Trial 4/4-12-20/4-12 Noon 01.MTS,3713.200,25.0,Male,Inactive,,,,,,STOP
515.309,D:/Pipefish Mesocosm Film/Trial 4/4-12-20/4-12 Noon 01.MTS,3713.200,25.0,Male,Wiggle,Courtship,Active wiggle,Female,2,,START
520.529,D:/Pipefish Mesocosm Film/Trial 4/4-12-20/4-12 Noon 01.MTS,3713.200,25.0,Male,Wiggle,Courtship,Active wiggle,Female,2,,STOP
520.530,D:/Pipefish Mesocosm Film/Trial 4/4-12-20/4-12 Noon 01.MTS,3713.200,25.0,Male,Inactive,,,,,,START
547.590,D:/Pipefish Mesocosm Film/Trial 4/4-12-20/4-12 Noon 01.MTS,3713.200,25.0,Male,Inactive,,,,,,STOP
547.591,D:/Pipefish Mesocosm Film/Trial 4/4-12-20/4-12 Noon 01.MTS,3713.200,25.0,Male,Wiggle,Courtship,Active wiggle,Female,2,,START
552.999,D:/Pipefish Mesocosm Film/Trial 4/4-12-20/4-12 Noon 01.MTS,3713.200,25.0,Male,Wiggle,Courtship,Active wiggle,Female,2,,STOP
553.000,D:/Pipefish Mesocosm Film/Trial 4/4-12-20/4-12 Noon 01.MTS,3713.200,25.0,Male,Inactive,,,,,,START
555.279,D:/Pipefish Mesocosm Film/Trial 4/4-12-20/4-12 Noon 01.MTS,3713.200,25.0,Female,Inactive,,,,,,STOP
555.280,D:/Pipefish Mesocosm Film/Trial 4/4-12-20/4-12 Noon 01.MTS,3713.200,25.0,Female,Pose,,S pose,Male,Front,,START
556.419,D:/Pipefish Mesocosm Film/Trial 4/4-12-20/4-12 Noon 01.MTS,3713.200,25.0,Male,Inactive,,,,,,STOP
556.420,D:/Pipefish Mesocosm Film/Trial 4/4-12-20/4-12 Noon 01.MTS,3713.200,25.0,Male,Wiggle,Courtship,Active wiggle,Female,2,,START
563.159,D:/Pipefish Mesocosm Film/Trial 4/4-12-20/4-12 Noon 01.MTS,3713.200,25.0,Male,Wiggle,Courtship,Active wiggle,Female,2,,STOP
563.160,D:/Pipefish Mesocosm Film/Trial 4/4-12-20/4-12 Noon 01.MTS,3713.200,25.0,Male,Inactive,,,,,,START
563.636,D:/Pipefish Mesocosm Film/Trial 4/4-12-20/4-12 Noon 01.MTS,3713.200,25.0,Female,Pose,,S pose,Male,Front,,STOP
563.637,D:/Pipefish Mesocosm Film/Trial 4/4-12-20/4-12 Noon 01.MTS,3713.200,25.0,Female,Inactive,,,,,,START
579.204,D:/Pipefish Mesocosm Film/Trial 4/4-12-20/4-12 Noon 01.MTS,3713.200,25.0,Male,Inactive,,,,,,STOP
579.205,D:/Pipefish Mesocosm Film/Trial 4/4-12-20/4-12 Noon 01.MTS,3713.200,25.0,Male,Wiggle,Courtship,Active wiggle,Female,2,,START
581.200,D:/Pipefish Mesocosm Film/Trial 4/4-12-20/4-12 Noon 01.MTS,3713.200,25.0,Male,Wiggle,Courtship,Active wiggle,Female,2,,STOP
581.201,D:/Pipefish Mesocosm Film/Trial 4/4-12-20/4-12 Noon 01.MTS,3713.200,25.0,Male,Inactive,,,,,,START
615.381,D:/Pipefish Mesocosm Film/Trial 4/4-12-20/4-12 Noon 01.MTS,3713.200,25.0,Male,Inactive,,,,,,STOP
615.382,D:/Pipefish Mesocosm Film/Trial 4/4-12-20/4-12 Noon 01.MTS,3713.200,25.0,Male,Wiggle,Courtship,Active wiggle,Female,2,,START
617.942,D:/Pipefish Mesocosm Film/Trial 4/4-12-20/4-12 Noon 01.MTS,3713.200,25.0,Male,Wiggle,Courtship,Active wiggle,Female,2,,STOP
617.943,D:/Pipefish Mesocosm Film/Trial 4/4-12-20/4-12 Noon 01.MTS,3713.200,25.0,Male,Inactive,,,,,,START
622.974,D:/Pipefish Mesocosm Film/Trial 4/4-12-20/4-12 Noon 01.MTS,3713.200,25.0,Female,Inactive,,,,,,STOP
622.975,D:/Pipefish Mesocosm Film/Trial 4/4-12-20/4-12 Noon 01.MTS,3713.200,25.0,Female,Pose,,S pose,Male,Front,,START
625.065,D:/Pipefish Mesocosm Film/Trial 4/4-12-20/4-12 Noon 01.MTS,3713.200,25.0,Female,Pose,,S pose,Male,Front,,STOP
625.066,D:/Pipefish Mesocosm Film/Trial 4/4-12-20/4-12 Noon 01.MTS,3713.200,25.0,Female,Inactive,,,,,,START
639.876,D:/Pipefish Mesocosm Film/Trial 4/4-12-20/4-12 Noon 01.MTS,3713.200,25.0,Male,Inactive,,,,,,STOP
640.351,D:/Pipefish Mesocosm Film/Trial 4/4-12-20/4-12 Noon 01.MTS,3713.200,25.0,Female,Inactive,,,,,,STOP
640.731,D:/Pipefish Mesocosm Film/Trial 4/4-12-20/4-12 Noon 01.MTS,3713.200,25.0,,Stop,,,,,,POINT
886.923,D:/Pipefish Mesocosm Film/Trial 4/4-12-20/4-12 Noon 01.MTS,3713.200,25.0,,Start,,,,,,POINT
886.923,D:/Pipefish Mesocosm Film/Trial 4/4-12-20/4-12 Noon 01.MTS,3713.200,25.0,Male,Wiggle,Courtship,Active wiggle,Female,3,,START
887.208,D:/Pipefish Mesocosm Film/Trial 4/4-12-20/4-12 Noon 01.MTS,3713.200,25.0,Female,Pose,,S pose,Male,Front,,START
893.478,D:/Pipefish Mesocosm Film/Trial 4/4-12-20/4-12 Noon 01.MTS,3713.200,25.0,Male,Wiggle,Courtship,Active wiggle,Female,3,,STOP
893.479,D:/Pipefish Mesocosm Film/Trial 4/4-12-20/4-12 Noon 01.MTS,3713.200,25.0,Male,Inactive,,,,,,START
895.331,D:/Pipefish Mesocosm Film/Trial 4/4-12-20/4-12 Noon 01.MTS,3713.200,25.0,Male,Inactive,,,,,,STOP
895.332,D:/Pipefish Mesocosm Film/Trial 4/4-12-20/4-12 Noon 01.MTS,3713.200,25.0,Male,Wiggle,Courtship,Active wiggle,Female,2,,START
898.600,D:/Pipefish Mesocosm Film/Trial 4/4-12-20/4-12 Noon 01.MTS,3713.200,25.0,Female,Pose,,S pose,Male,Front,,STOP
898.601,D:/Pipefish Mesocosm Film/Trial 4/4-12-20/4-12 Noon 01.MTS,3713.200,25.0,Female,Inactive,,,,,,START
899.265,D:/Pipefish Mesocosm Film/Trial 4/4-12-20/4-12 Noon 01.MTS,3713.200,25.0,Male,Wiggle,Courtship,Active wiggle,Female,2,,STOP
899.266,D:/Pipefish Mesocosm Film/Trial 4/4-12-20/4-12 Noon 01.MTS,3713.200,25.0,Male,Inactive,,,,,,START
960.599,D:/Pipefish Mesocosm Film/Trial 4/4-12-20/4-12 Noon 01.MTS,3713.200,25.0,Female,Inactive,,,,,,STOP
960.600,D:/Pipefish Mesocosm Film/Trial 4/4-12-20/4-12 Noon 01.MTS,3713.200,25.0,Female,Wiggle,Courtship,Active wiggle,Male,2,,START
962.215,D:/Pipefish Mesocosm Film/Trial 4/4-12-20/4-12 Noon 01.MTS,3713.200,25.0,Male,Inactive,,,,,,STOP
962.216,D:/Pipefish Mesocosm Film/Trial 4/4-12-20/4-12 Noon 01.MTS,3713.200,25.0,Male,Wiggle,Courtship,Active wiggle,Female,2,,START
963.067,D:/Pipefish Mesocosm Film/Trial 4/4-12-20/4-12 Noon 01.MTS,3713.200,25.0,Female,Wiggle,Courtship,Active wiggle,Male,2,,STOP
963.068,D:/Pipefish Mesocosm Film/Trial 4/4-12-20/4-12 Noon 01.MTS,3713.200,25.0,Female,Pose,,S pose,Male,Front,,START
967.720,D:/Pipefish Mesocosm Film/Trial 4/4-12-20/4-12 Noon 01.MTS,3713.200,25.0,Female,Pose,,S pose,Male,Front,,STOP
967.721,D:/Pipefish Mesocosm Film/Trial 4/4-12-20/4-12 Noon 01.MTS,3713.200,25.0,Female,Inactive,,,,,,START
968.005,D:/Pipefish Mesocosm Film/Trial 4/4-12-20/4-12 Noon 01.MTS,3713.200,25.0,Male,Wiggle,Courtship,Active wiggle,Female,2,,STOP
968.006,D:/Pipefish Mesocosm Film/Trial 4/4-12-20/4-12 Noon 01.MTS,3713.200,25.0,Male,Inactive,,,,,,START
993.640,D:/Pipefish Mesocosm Film/Trial 4/4-12-20/4-12 Noon 01.MTS,3713.200,25.0,Male,Inactive,,,,,,STOP
993.641,D:/Pipefish Mesocosm Film/Trial 4/4-12-20/4-12 Noon 01.MTS,3713.200,25.0,Male,Wiggle,Courtship,Active wiggle,Female,2,,START
994.970,D:/Pipefish Mesocosm Film/Trial 4/4-12-20/4-12 Noon 01.MTS,3713.200,25.0,Male,Wiggle,Courtship,Active wiggle,Female,2,,STOP
994.971,D:/Pipefish Mesocosm Film/Trial 4/4-12-20/4-12 Noon 01.MTS,3713.200,25.0,Male,Inactive,,,,,,START
1005.795,D:/Pipefish Mesocosm Film/Trial 4/4-12-20/4-12 Noon 01.MTS,3713.200,25.0,Male,Inactive,,,,,,STOP
1005.796,D:/Pipefish Mesocosm Film/Trial 4/4-12-20/4-12 Noon 01.MTS,3713.200,25.0,Male,Wiggle,Courtship,Active wiggle,Female,2,,START
1010.254,D:/Pipefish Mesocosm Film/Trial 4/4-12-20/4-12 Noon 01.MTS,3713.200,25.0,Male,Wiggle,Courtship,Active wiggle,Female,2,,STOP
1010.255,D:/Pipefish Mesocosm Film/Trial 4/4-12-20/4-12 Noon 01.MTS,3713.200,25.0,Male,Inactive,,,,,,START
1046.428,D:/Pipefish Mesocosm Film/Trial 4/4-12-20/4-12 Noon 01.MTS,3713.200,25.0,Male,Inactive,,,,,,STOP
1046.429,D:/Pipefish Mesocosm Film/Trial 4/4-12-20/4-12 Noon 01.MTS,3713.200,25.0,Male,Wiggle,Courtship,Active wiggle,Female,2,,START
1050.416,D:/Pipefish Mesocosm Film/Trial 4/4-12-20/4-12 Noon 01.MTS,3713.200,25.0,Male,Wiggle,Courtship,Active wiggle,Female,2,,STOP
1050.417,D:/Pipefish Mesocosm Film/Trial 4/4-12-20/4-12 Noon 01.MTS,3713.200,25.0,Male,Inactive,,,,,,START
1091.719,D:/Pipefish Mesocosm Film/Trial 4/4-12-20/4-12 Noon 01.MTS,3713.200,25.0,Male,Inactive,,,,,,STOP
1091.720,D:/Pipefish Mesocosm Film/Trial 4/4-12-20/4-12 Noon 01.MTS,3713.200,25.0,Male,Wiggle,Courtship,Active wiggle,Female,2,,START
1092.857,D:/Pipefish Mesocosm Film/Trial 4/4-12-20/4-12 Noon 01.MTS,3713.200,25.0,Female,Inactive,,,,,,STOP
1092.858,D:/Pipefish Mesocosm Film/Trial 4/4-12-20/4-12 Noon 01.MTS,3713.200,25.0,Female,Wiggle,Courtship,Active wiggle,Male,2,,START
1093.713,D:/Pipefish Mesocosm Film/Trial 4/4-12-20/4-12 Noon 01.MTS,3713.200,25.0,Male,Wiggle,Courtship,Active wiggle,Female,2,,STOP
1093.714,D:/Pipefish Mesocosm Film/Trial 4/4-12-20/4-12 Noon 01.MTS,3713.200,25.0,Male,Inactive,,,,,,START
1095.613,D:/Pipefish Mesocosm Film/Trial 4/4-12-20/4-12 Noon 01.MTS,3713.200,25.0,Female,Wiggle,Courtship,Active wiggle,Male,2,,STOP
1095.614,D:/Pipefish Mesocosm Film/Trial 4/4-12-20/4-12 Noon 01.MTS,3713.200,25.0,Female,Pose,,S pose,Male,Front,,START
1095.705,D:/Pipefish Mesocosm Film/Trial 4/4-12-20/4-12 Noon 01.MTS,3713.200,25.0,Male,Inactive,,,,,,STOP
1095.706,D:/Pipefish Mesocosm Film/Trial 4/4-12-20/4-12 Noon 01.MTS,3713.200,25.0,Male,Wiggle,Courtship,Active wiggle,Female,2,,START
1101.876,D:/Pipefish Mesocosm Film/Trial 4/4-12-20/4-12 Noon 01.MTS,3713.200,25.0,Female,Pose,,S pose,Male,Front,,STOP
1101.877,D:/Pipefish Mesocosm Film/Trial 4/4-12-20/4-12 Noon 01.MTS,3713.200,25.0,Female,Inactive,,,,,,START
1123.621,D:/Pipefish Mesocosm Film/Trial 4/4-12-20/4-12 Noon 01.MTS,3713.200,25.0,Male,Wiggle,Courtship,Active wiggle,Female,2,,STOP
1128.462,D:/Pipefish Mesocosm Film/Trial 4/4-12-20/4-12 Noon 01.MTS,3713.200,25.0,Male,Inactive,,,,,,START
1153.717,D:/Pipefish Mesocosm Film/Trial 4/4-12-20/4-12 Noon 01.MTS,3713.200,25.0,Male,Inactive,,,,,,STOP
1153.718,D:/Pipefish Mesocosm Film/Trial 4/4-12-20/4-12 Noon 01.MTS,3713.200,25.0,Male,Wiggle,Courtship,Active wiggle,Female,2,,START
1156.281,D:/Pipefish Mesocosm Film/Trial 4/4-12-20/4-12 Noon 01.MTS,3713.200,25.0,Male,Wiggle,Courtship,Active wiggle,Female,2,,STOP
1156.282,D:/Pipefish Mesocosm Film/Trial 4/4-12-20/4-12 Noon 01.MTS,3713.200,25.0,Male,Inactive,,,,,,START
1179.351,D:/Pipefish Mesocosm Film/Trial 4/4-12-20/4-12 Noon 01.MTS,3713.200,25.0,Male,Inactive,,,,,,STOP
1179.352,D:/Pipefish Mesocosm Film/Trial 4/4-12-20/4-12 Noon 01.MTS,3713.200,25.0,Male,Wiggle,Courtship,Active wiggle,Female,2,,START
1184.289,D:/Pipefish Mesocosm Film/Trial 4/4-12-20/4-12 Noon 01.MTS,3713.200,25.0,Male,Wiggle,Courtship,Active wiggle,Female,2,,STOP
1184.290,D:/Pipefish Mesocosm Film/Trial 4/4-12-20/4-12 Noon 01.MTS,3713.200,25.0,Male,Inactive,,,,,,START
1215.908,D:/Pipefish Mesocosm Film/Trial 4/4-12-20/4-12 Noon 01.MTS,3713.200,25.0,Male,Inactive,,,,,,STOP
1215.909,D:/Pipefish Mesocosm Film/Trial 4/4-12-20/4-12 Noon 01.MTS,3713.200,25.0,Male,Wiggle,Courtship,Active wiggle,Female,2,,START
1217.994,D:/Pipefish Mesocosm Film/Trial 4/4-12-20/4-12 Noon 01.MTS,3713.200,25.0,Male,Wiggle,Courtship,Active wiggle,Female,2,,STOP
1217.995,D:/Pipefish Mesocosm Film/Trial 4/4-12-20/4-12 Noon 01.MTS,3713.200,25.0,Male,Inactive,,,,,,START
1224.262,D:/Pipefish Mesocosm Film/Trial 4/4-12-20/4-12 Noon 01.MTS,3713.200,25.0,Female,Inactive,,,,,,STOP
1224.263,D:/Pipefish Mesocosm Film/Trial 4/4-12-20/4-12 Noon 01.MTS,3713.200,25.0,Female,Wiggle,Courtship,Active wiggle,Female,2,,START
1226.541,D:/Pipefish Mesocosm Film/Trial 4/4-12-20/4-12 Noon 01.MTS,3713.200,25.0,Male,Inactive,,,,,,STOP
1226.542,D:/Pipefish Mesocosm Film/Trial 4/4-12-20/4-12 Noon 01.MTS,3713.200,25.0,Male,Wiggle,Courtship,Active wiggle,Female,2,,START
1227.964,D:/Pipefish Mesocosm Film/Trial 4/4-12-20/4-12 Noon 01.MTS,3713.200,25.0,Female,Wiggle,Courtship,Active wiggle,Female,2,,STOP
1227.965,D:/Pipefish Mesocosm Film/Trial 4/4-12-20/4-12 Noon 01.MTS,3713.200,25.0,Female,Pose,,S pose,Male,Front,,START
1234.229,D:/Pipefish Mesocosm Film/Trial 4/4-12-20/4-12 Noon 01.MTS,3713.200,25.0,Male,Wiggle,Courtship,Active wiggle,Female,2,,STOP
1234.230,D:/Pipefish Mesocosm Film/Trial 4/4-12-20/4-12 Noon 01.MTS,3713.200,25.0,Male,Inactive,,,,,,START
1235.274,D:/Pipefish Mesocosm Film/Trial 4/4-12-20/4-12 Noon 01.MTS,3713.200,25.0,Female,Pose,,S pose,Male,Front,,STOP
1235.275,D:/Pipefish Mesocosm Film/Trial 4/4-12-20/4-12 Noon 01.MTS,3713.200,25.0,Female,Wiggle,Courtship,Active wiggle,Male,2,,START
1238.030,D:/Pipefish Mesocosm Film/Trial 4/4-12-20/4-12 Noon 01.MTS,3713.200,25.0,Male,Inactive,,,,,,STOP
1238.031,D:/Pipefish Mesocosm Film/Trial 4/4-12-20/4-12 Noon 01.MTS,3713.200,25.0,Male,Wiggle,Courtship,Active wiggle,Female,2,,START
1239.548,D:/Pipefish Mesocosm Film/Trial 4/4-12-20/4-12 Noon 01.MTS,3713.200,25.0,Female,Wiggle,Courtship,Active wiggle,Male,2,,STOP
1239.549,D:/Pipefish Mesocosm Film/Trial 4/4-12-20/4-12 Noon 01.MTS,3713.200,25.0,Female,Inactive,,,,,,START
1241.256,D:/Pipefish Mesocosm Film/Trial 4/4-12-20/4-12 Noon 01.MTS,3713.200,25.0,Male,Wiggle,Courtship,Active wiggle,Female,2,,STOP
1241.257,D:/Pipefish Mesocosm Film/Trial 4/4-12-20/4-12 Noon 01.MTS,3713.200,25.0,Male,Inactive,,,,,,START
1258.634,D:/Pipefish Mesocosm Film/Trial 4/4-12-20/4-12 Noon 01.MTS,3713.200,25.0,Male,Inactive,,,,,,STOP
1258.635,D:/Pipefish Mesocosm Film/Trial 4/4-12-20/4-12 Noon 01.MTS,3713.200,25.0,Male,Wiggle,Courtship,Active wiggle,Female,2,,START
1261.576,D:/Pipefish Mesocosm Film/Trial 4/4-12-20/4-12 Noon 01.MTS,3713.200,25.0,Male,Wiggle,Courtship,Active wiggle,Female,2,,STOP
1261.577,D:/Pipefish Mesocosm Film/Trial 4/4-12-20/4-12 Noon 01.MTS,3713.200,25.0,Male,Inactive,,,,,,START
1278.855,D:/Pipefish Mesocosm Film/Trial 4/4-12-20/4-12 Noon 01.MTS,3713.200,25.0,Male,Inactive,,,,,,STOP
1278.856,D:/Pipefish Mesocosm Film/Trial 4/4-12-20/4-12 Noon 01.MTS,3713.200,25.0,Male,Wiggle,Courtship,Active wiggle,Female,2,,START
1282.370,D:/Pipefish Mesocosm Film/Trial 4/4-12-20/4-12 Noon 01.MTS,3713.200,25.0,Male,Wiggle,Courtship,Active wiggle,Female,2,,STOP
1282.371,D:/Pipefish Mesocosm Film/Trial 4/4-12-20/4-12 Noon 01.MTS,3713.200,25.0,Male,Inactive,,,,,,START
1296.324,D:/Pipefish Mesocosm Film/Trial 4/4-12-20/4-12 Noon 01.MTS,3713.200,25.0,Male,Inactive,,,,,,STOP
1296.325,D:/Pipefish Mesocosm Film/Trial 4/4-12-20/4-12 Noon 01.MTS,3713.200,25.0,Male,Wiggle,Courtship,Active wiggle,Female,2,,START
1298.510,D:/Pipefish Mesocosm Film/Trial 4/4-12-20/4-12 Noon 01.MTS,3713.200,25.0,Male,Wiggle,Courtship,Active wiggle,Female,2,,STOP
1298.511,D:/Pipefish Mesocosm Film/Trial 4/4-12-20/4-12 Noon 01.MTS,3713.200,25.0,Male,Inactive,,,,,,START
1350.635,D:/Pipefish Mesocosm Film/Trial 4/4-12-20/4-12 Noon 01.MTS,3713.200,25.0,Female,Inactive,,,,,,STOP
1350.636,D:/Pipefish Mesocosm Film/Trial 4/4-12-20/4-12 Noon 01.MTS,3713.200,25.0,Female,Pose,,S pose,Male,Front,,START
1353.387,D:/Pipefish Mesocosm Film/Trial 4/4-12-20/4-12 Noon 01.MTS,3713.200,25.0,Female,Pose,,S pose,Male,Front,,STOP
1353.388,D:/Pipefish Mesocosm Film/Trial 4/4-12-20/4-12 Noon 01.MTS,3713.200,25.0,Female,Inactive,,,,,,START
1368.961,D:/Pipefish Mesocosm Film/Trial 4/4-12-20/4-12 Noon 01.MTS,3713.200,25.0,Female,Inactive,,,,,,STOP
1368.961,D:/Pipefish Mesocosm Film/Trial 4/4-12-20/4-12 Noon 01.MTS,3713.200,25.0,Male,Inactive,,,,,,STOP
1370.002,D:/Pipefish Mesocosm Film/Trial 4/4-12-20/4-12 Noon 01.MTS,3713.200,25.0,,Stop,,,,,,POINT
1399.342,D:/Pipefish Mesocosm Film/Trial 4/4-12-20/4-12 Noon 01.MTS,3713.200,25.0,,Start,,,,,,POINT
1401.621,D:/Pipefish Mesocosm Film/Trial 4/4-12-20/4-12 Noon 01.MTS,3713.200,25.0,Female,Inactive,,,,,,START
1401.621,D:/Pipefish Mesocosm Film/Trial 4/4-12-20/4-12 Noon 01.MTS,3713.200,25.0,Male,Wiggle,Courtship,Active wiggle,Female,5,,START
1404.752,D:/Pipefish Mesocosm Film/Trial 4/4-12-20/4-12 Noon 01.MTS,3713.200,25.0,Male,Wiggle,Courtship,Active wiggle,Female,5,,STOP
1404.753,D:/Pipefish Mesocosm Film/Trial 4/4-12-20/4-12 Noon 01.MTS,3713.200,25.0,Male,Surrounding,,,,,,START
1406.746,D:/Pipefish Mesocosm Film/Trial 4/4-12-20/4-12 Noon 01.MTS,3713.200,25.0,Male,Surrounding,,,,,,STOP
1406.747,D:/Pipefish Mesocosm Film/Trial 4/4-12-20/4-12 Noon 01.MTS,3713.200,25.0,Male,Inactive,,,,,,START
1454.124,D:/Pipefish Mesocosm Film/Trial 4/4-12-20/4-12 Noon 01.MTS,3713.200,25.0,Male,Inactive,,,,,,STOP
1454.125,D:/Pipefish Mesocosm Film/Trial 4/4-12-20/4-12 Noon 01.MTS,3713.200,25.0,Male,Wiggle,Courtship,Active wiggle,Female,2,,START
1460.962,D:/Pipefish Mesocosm Film/Trial 4/4-12-20/4-12 Noon 01.MTS,3713.200,25.0,Male,Wiggle,Courtship,Active wiggle,Female,2,,STOP
1460.963,D:/Pipefish Mesocosm Film/Trial 4/4-12-20/4-12 Noon 01.MTS,3713.200,25.0,Male,Inactive,,,,,,START
1475.582,D:/Pipefish Mesocosm Film/Trial 4/4-12-20/4-12 Noon 01.MTS,3713.200,25.0,Female,Inactive,,,,,,STOP
1475.583,D:/Pipefish Mesocosm Film/Trial 4/4-12-20/4-12 Noon 01.MTS,3713.200,25.0,Female,Wiggle,Courtship,Active wiggle,Male,4,,START
1477.194,D:/Pipefish Mesocosm Film/Trial 4/4-12-20/4-12 Noon 01.MTS,3713.200,25.0,Male,Inactive,,,,,,STOP
1477.195,D:/Pipefish Mesocosm Film/Trial 4/4-12-20/4-12 Noon 01.MTS,3713.200,25.0,Male,Wiggle,Courtship,Active wiggle,Female,3,,START
1478.051,D:/Pipefish Mesocosm Film/Trial 4/4-12-20/4-12 Noon 01.MTS,3713.200,25.0,Female,Wiggle,Courtship,Active wiggle,Male,4,,STOP
1478.052,D:/Pipefish Mesocosm Film/Trial 4/4-12-20/4-12 Noon 01.MTS,3713.200,25.0,Female,Pose,,S pose,Male,Front,,START
1482.131,D:/Pipefish Mesocosm Film/Trial 4/4-12-20/4-12 Noon 01.MTS,3713.200,25.0,Female,Pose,,S pose,Male,Front,,STOP
1482.132,D:/Pipefish Mesocosm Film/Trial 4/4-12-20/4-12 Noon 01.MTS,3713.200,25.0,Female,Inactive,,,,,,START
1482.893,D:/Pipefish Mesocosm Film/Trial 4/4-12-20/4-12 Noon 01.MTS,3713.200,25.0,Male,Wiggle,Courtship,Active wiggle,Female,3,,STOP
1482.894,D:/Pipefish Mesocosm Film/Trial 4/4-12-20/4-12 Noon 01.MTS,3713.200,25.0,Male,Inactive,,,,,,START
1497.232,D:/Pipefish Mesocosm Film/Trial 4/4-12-20/4-12 Noon 01.MTS,3713.200,25.0,Female,Inactive,,,,,,STOP
1497.233,D:/Pipefish Mesocosm Film/Trial 4/4-12-20/4-12 Noon 01.MTS,3713.200,25.0,Female,Wiggle,Courtship,Active wiggle,Male,3,,START
1503.115,D:/Pipefish Mesocosm Film/Trial 4/4-12-20/4-12 Noon 01.MTS,3713.200,25.0,Female,Wiggle,Courtship,Active wiggle,Male,3,,STOP
1503.116,D:/Pipefish Mesocosm Film/Trial 4/4-12-20/4-12 Noon 01.MTS,3713.200,25.0,Female,Inactive,,,,,,START
1505.109,D:/Pipefish Mesocosm Film/Trial 4/4-12-20/4-12 Noon 01.MTS,3713.200,25.0,Male,Inactive,,,,,,STOP
1505.110,D:/Pipefish Mesocosm Film/Trial 4/4-12-20/4-12 Noon 01.MTS,3713.200,25.0,Male,Wiggle,Courtship,Active wiggle,Female,4,,START
1507.293,D:/Pipefish Mesocosm Film/Trial 4/4-12-20/4-12 Noon 01.MTS,3713.200,25.0,Male,Wiggle,Courtship,Active wiggle,Female,4,,STOP
1507.294,D:/Pipefish Mesocosm Film/Trial 4/4-12-20/4-12 Noon 01.MTS,3713.200,25.0,Male,Inactive,,,,,,START
1512.041,D:/Pipefish Mesocosm Film/Trial 4/4-12-20/4-12 Noon 01.MTS,3713.200,25.0,Male,Inactive,,,,,,STOP
1512.042,D:/Pipefish Mesocosm Film/Trial 4/4-12-20/4-12 Noon 01.MTS,3713.200,25.0,Male,Surrounding,,,,,,START
1527.800,D:/Pipefish Mesocosm Film/Trial 4/4-12-20/4-12 Noon 01.MTS,3713.200,25.0,Female,Inactive,,,,,,STOP
1527.801,D:/Pipefish Mesocosm Film/Trial 4/4-12-20/4-12 Noon 01.MTS,3713.200,25.0,Female,Swim away,,,,,,START
1599.769,D:/Pipefish Mesocosm Film/Trial 4/4-12-20/4-12 Noon 01.MTS,3713.200,25.0,Female,Swim away,,,,,,STOP
1599.769,D:/Pipefish Mesocosm Film/Trial 4/4-12-20/4-12 Noon 01.MTS,3713.200,25.0,Male,Surrounding,,,,,,STOP
1599.770,D:/Pipefish Mesocosm Film/Trial 4/4-12-20/4-12 Noon 01.MTS,3713.200,25.0,Female,Out of sight,,,,,,START
1599.770,D:/Pipefish Mesocosm Film/Trial 4/4-12-20/4-12 Noon 01.MTS,3713.200,25.0,Male,Out of sight,,,,,,START
1617.241,D:/Pipefish Mesocosm Film/Trial 4/4-12-20/4-12 Noon 01.MTS,3713.200,25.0,Female,Out of sight,,,,,,STOP
1617.241,D:/Pipefish Mesocosm Film/Trial 4/4-12-20/4-12 Noon 01.MTS,3713.200,25.0,Male,Out of sight,,,,,,STOP
1630.722,D:/Pipefish Mesocosm Film/Trial 4/4-12-20/4-12 Noon 01.MTS,3713.200,25.0,,Stop,,,,,,POINT
1632.525,D:/Pipefish Mesocosm Film/Trial 4/4-12-20/4-12 Noon 01.MTS,3713.200,25.0,,Start,,,,,,POINT
1633.190,D:/Pipefish Mesocosm Film/Trial 4/4-12-20/4-12 Noon 01.MTS,3713.200,25.0,Male,Wiggle,Courtship,Active wiggle,Female,2,,START
1634.931,D:/Pipefish Mesocosm Film/Trial 4/4-12-20/4-12 Noon 01.MTS,3713.200,25.0,Female,Inactive,,,,,,START
1640.025,D:/Pipefish Mesocosm Film/Trial 4/4-12-20/4-12 Noon 01.MTS,3713.200,25.0,Male,Wiggle,Courtship,Active wiggle,Female,2,,STOP
1640.026,D:/Pipefish Mesocosm Film/Trial 4/4-12-20/4-12 Noon 01.MTS,3713.200,25.0,Male,Inactive,,,,,,START
1657.402,D:/Pipefish Mesocosm Film/Trial 4/4-12-20/4-12 Noon 01.MTS,3713.200,25.0,Male,Inactive,,,,,,STOP
1657.403,D:/Pipefish Mesocosm Film/Trial 4/4-12-20/4-12 Noon 01.MTS,3713.200,25.0,Male,Wiggle,Courtship,Active wiggle,Female,2,,START
1659.870,D:/Pipefish Mesocosm Film/Trial 4/4-12-20/4-12 Noon 01.MTS,3713.200,25.0,Male,Wiggle,Courtship,Active wiggle,Female,2,,STOP
1659.871,D:/Pipefish Mesocosm Film/Trial 4/4-12-20/4-12 Noon 01.MTS,3713.200,25.0,Male,Inactive,,,,,,START
1667.560,D:/Pipefish Mesocosm Film/Trial 4/4-12-20/4-12 Noon 01.MTS,3713.200,25.0,Male,Inactive,,,,,,STOP
1667.561,D:/Pipefish Mesocosm Film/Trial 4/4-12-20/4-12 Noon 01.MTS,3713.200,25.0,Male,Wiggle,Courtship,Active wiggle,Female,2,,START
1670.219,D:/Pipefish Mesocosm Film/Trial 4/4-12-20/4-12 Noon 01.MTS,3713.200,25.0,Male,Wiggle,Courtship,Active wiggle,Female,2,,STOP
1670.220,D:/Pipefish Mesocosm Film/Trial 4/4-12-20/4-12 Noon 01.MTS,3713.200,25.0,Male,Inactive,,,,,,START
1685.979,D:/Pipefish Mesocosm Film/Trial 4/4-12-20/4-12 Noon 01.MTS,3713.200,25.0,Male,Inactive,,,,,,STOP
1685.980,D:/Pipefish Mesocosm Film/Trial 4/4-12-20/4-12 Noon 01.MTS,3713.200,25.0,Male,Wiggle,Courtship,Active wiggle,Female,2,,START
1691.108,D:/Pipefish Mesocosm Film/Trial 4/4-12-20/4-12 Noon 01.MTS,3713.200,25.0,Male,Wiggle,Courtship,Active wiggle,Female,2,,STOP
1691.109,D:/Pipefish Mesocosm Film/Trial 4/4-12-20/4-12 Noon 01.MTS,3713.200,25.0,Male,Inactive,,,,,,START
1714.369,D:/Pipefish Mesocosm Film/Trial 4/4-12-20/4-12 Noon 01.MTS,3713.200,25.0,Male,Inactive,,,,,,STOP
1714.370,D:/Pipefish Mesocosm Film/Trial 4/4-12-20/4-12 Noon 01.MTS,3713.200,25.0,Male,Wiggle,Courtship,Active wiggle,Female,2,,START
1716.648,D:/Pipefish Mesocosm Film/Trial 4/4-12-20/4-12 Noon 01.MTS,3713.200,25.0,Male,Wiggle,Courtship,Active wiggle,Female,2,,STOP
1716.649,D:/Pipefish Mesocosm Film/Trial 4/4-12-20/4-12 Noon 01.MTS,3713.200,25.0,Male,Inactive,,,,,,START
1725.382,D:/Pipefish Mesocosm Film/Trial 4/4-12-20/4-12 Noon 01.MTS,3713.200,25.0,Male,Inactive,,,,,,STOP
1725.383,D:/Pipefish Mesocosm Film/Trial 4/4-12-20/4-12 Noon 01.MTS,3713.200,25.0,Male,Wiggle,Courtship,Active wiggle,Female,2,,START
1727.850,D:/Pipefish Mesocosm Film/Trial 4/4-12-20/4-12 Noon 01.MTS,3713.200,25.0,Male,Wiggle,Courtship,Active wiggle,Female,2,,STOP
1727.851,D:/Pipefish Mesocosm Film/Trial 4/4-12-20/4-12 Noon 01.MTS,3713.200,25.0,Male,Inactive,,,,,,START
1731.745,D:/Pipefish Mesocosm Film/Trial 4/4-12-20/4-12 Noon 01.MTS,3713.200,25.0,Female,Inactive,,,,,,STOP
1731.746,D:/Pipefish Mesocosm Film/Trial 4/4-12-20/4-12 Noon 01.MTS,3713.200,25.0,Female,Wiggle,Courtship,Active wiggle,Male,2,,START
1736.015,D:/Pipefish Mesocosm Film/Trial 4/4-12-20/4-12 Noon 01.MTS,3713.200,25.0,Male,Inactive,,,,,,STOP
1736.016,D:/Pipefish Mesocosm Film/Trial 4/4-12-20/4-12 Noon 01.MTS,3713.200,25.0,Male,Wiggle,Courtship,Active wiggle,Female,2,,START
1736.395,D:/Pipefish Mesocosm Film/Trial 4/4-12-20/4-12 Noon 01.MTS,3713.200,25.0,Female,Wiggle,Courtship,Active wiggle,Male,2,,STOP
1736.396,D:/Pipefish Mesocosm Film/Trial 4/4-12-20/4-12 Noon 01.MTS,3713.200,25.0,Female,Pose,,S pose,Male,Front,,START
1741.143,D:/Pipefish Mesocosm Film/Trial 4/4-12-20/4-12 Noon 01.MTS,3713.200,25.0,Male,Wiggle,Courtship,Active wiggle,Female,2,,STOP
1741.144,D:/Pipefish Mesocosm Film/Trial 4/4-12-20/4-12 Noon 01.MTS,3713.200,25.0,Male,Inactive,,,,,,START
1742.281,D:/Pipefish Mesocosm Film/Trial 4/4-12-20/4-12 Noon 01.MTS,3713.200,25.0,Female,Pose,,S pose,Male,Front,,STOP
1742.282,D:/Pipefish Mesocosm Film/Trial 4/4-12-20/4-12 Noon 01.MTS,3713.200,25.0,Female,Inactive,,,,,,START
1759.087,D:/Pipefish Mesocosm Film/Trial 4/4-12-20/4-12 Noon 01.MTS,3713.200,25.0,Male,Inactive,,,,,,STOP
1759.088,D:/Pipefish Mesocosm Film/Trial 4/4-12-20/4-12 Noon 01.MTS,3713.200,25.0,Male,Wiggle,Courtship,Active wiggle,Female,2,,START
1761.557,D:/Pipefish Mesocosm Film/Trial 4/4-12-20/4-12 Noon 01.MTS,3713.200,25.0,Male,Wiggle,Courtship,Active wiggle,Female,2,,STOP
1761.558,D:/Pipefish Mesocosm Film/Trial 4/4-12-20/4-12 Noon 01.MTS,3713.200,25.0,Male,Inactive,,,,,,START
1780.358,D:/Pipefish Mesocosm Film/Trial 4/4-12-20/4-12 Noon 01.MTS,3713.200,25.0,Male,Inactive,,,,,,STOP
1780.359,D:/Pipefish Mesocosm Film/Trial 4/4-12-20/4-12 Noon 01.MTS,3713.200,25.0,Male,Wiggle,Courtship,Active wiggle,Female,2,,START
1782.349,D:/Pipefish Mesocosm Film/Trial 4/4-12-20/4-12 Noon 01.MTS,3713.200,25.0,Male,Wiggle,Courtship,Active wiggle,Female,2,,STOP
1782.350,D:/Pipefish Mesocosm Film/Trial 4/4-12-20/4-12 Noon 01.MTS,3713.200,25.0,Male,Inactive,,,,,,START
1800.768,D:/Pipefish Mesocosm Film/Trial 4/4-12-20/4-12 Noon 01.MTS,3713.200,25.0,Male,Inactive,,,,,,STOP
1800.769,D:/Pipefish Mesocosm Film/Trial 4/4-12-20/4-12 Noon 01.MTS,3713.200,25.0,Male,Wiggle,Courtship,Active wiggle,Female,2,,START
1803.237,D:/Pipefish Mesocosm Film/Trial 4/4-12-20/4-12 Noon 01.MTS,3713.200,25.0,Male,Wiggle,Courtship,Active wiggle,Female,2,,STOP
1803.238,D:/Pipefish Mesocosm Film/Trial 4/4-12-20/4-12 Noon 01.MTS,3713.200,25.0,Male,Inactive,,,,,,START
1833.429,D:/Pipefish Mesocosm Film/Trial 4/4-12-20/4-12 Noon 01.MTS,3713.200,25.0,Male,Inactive,,,,,,STOP
1833.430,D:/Pipefish Mesocosm Film/Trial 4/4-12-20/4-12 Noon 01.MTS,3713.200,25.0,Male,Wiggle,Courtship,Active wiggle,Female,2,,START
1833.716,D:/Pipefish Mesocosm Film/Trial 4/4-12-20/4-12 Noon 01.MTS,3713.200,25.0,Female,Inactive,,,,,,STOP
1833.717,D:/Pipefish Mesocosm Film/Trial 4/4-12-20/4-12 Noon 01.MTS,3713.200,25.0,Female,Pose,,S pose,Male,Front,,START
1841.025,D:/Pipefish Mesocosm Film/Trial 4/4-12-20/4-12 Noon 01.MTS,3713.200,25.0,Male,Wiggle,Courtship,Active wiggle,Female,2,,STOP
1841.026,D:/Pipefish Mesocosm Film/Trial 4/4-12-20/4-12 Noon 01.MTS,3713.200,25.0,Male,Inactive,,,,,,START
1845.487,D:/Pipefish Mesocosm Film/Trial 4/4-12-20/4-12 Noon 01.MTS,3713.200,25.0,Female,Pose,,S pose,Male,Front,,STOP
1845.488,D:/Pipefish Mesocosm Film/Trial 4/4-12-20/4-12 Noon 01.MTS,3713.200,25.0,Female,Inactive,,,,,,START
1855.836,D:/Pipefish Mesocosm Film/Trial 4/4-12-20/4-12 Noon 01.MTS,3713.200,25.0,Male,Inactive,,,,,,STOP
1855.837,D:/Pipefish Mesocosm Film/Trial 4/4-12-20/4-12 Noon 01.MTS,3713.200,25.0,Male,Wiggle,Courtship,Active wiggle,Female,2,,START
1858.305,D:/Pipefish Mesocosm Film/Trial 4/4-12-20/4-12 Noon 01.MTS,3713.200,25.0,Male,Wiggle,Courtship,Active wiggle,Female,2,,STOP
1858.306,D:/Pipefish Mesocosm Film/Trial 4/4-12-20/4-12 Noon 01.MTS,3713.200,25.0,Male,Inactive,,,,,,START
1904.545,D:/Pipefish Mesocosm Film/Trial 4/4-12-20/4-12 Noon 01.MTS,3713.200,25.0,Male,Inactive,,,,,,STOP
1904.546,D:/Pipefish Mesocosm Film/Trial 4/4-12-20/4-12 Noon 01.MTS,3713.200,25.0,Male,Wiggle,Courtship,Active wiggle,Female,2,,START
1907.201,D:/Pipefish Mesocosm Film/Trial 4/4-12-20/4-12 Noon 01.MTS,3713.200,25.0,Male,Wiggle,Courtship,Active wiggle,Female,2,,STOP
1907.202,D:/Pipefish Mesocosm Film/Trial 4/4-12-20/4-12 Noon 01.MTS,3713.200,25.0,Male,Inactive,,,,,,START
1914.798,D:/Pipefish Mesocosm Film/Trial 4/4-12-20/4-12 Noon 01.MTS,3713.200,25.0,Male,Inactive,,,,,,STOP
1914.799,D:/Pipefish Mesocosm Film/Trial 4/4-12-20/4-12 Noon 01.MTS,3713.200,25.0,Male,Wiggle,Courtship,Active wiggle,Female,2,,START
1917.834,D:/Pipefish Mesocosm Film/Trial 4/4-12-20/4-12 Noon 01.MTS,3713.200,25.0,Male,Wiggle,Courtship,Active wiggle,Female,2,,STOP
1917.835,D:/Pipefish Mesocosm Film/Trial 4/4-12-20/4-12 Noon 01.MTS,3713.200,25.0,Male,Inactive,,,,,,START
1957.712,D:/Pipefish Mesocosm Film/Trial 4/4-12-20/4-12 Noon 01.MTS,3713.200,25.0,Female,Inactive,,,,,,STOP
1957.713,D:/Pipefish Mesocosm Film/Trial 4/4-12-20/4-12 Noon 01.MTS,3713.200,25.0,Female,Wiggle,Courtship,Active wiggle,Male,2,,START
1959.422,D:/Pipefish Mesocosm Film/Trial 4/4-12-20/4-12 Noon 01.MTS,3713.200,25.0,Male,Inactive,,,,,,STOP
1959.423,D:/Pipefish Mesocosm Film/Trial 4/4-12-20/4-12 Noon 01.MTS,3713.200,25.0,Male,Wiggle,Courtship,Active wiggle,Female,2,,START
1960.750,D:/Pipefish Mesocosm Film/Trial 4/4-12-20/4-12 Noon 01.MTS,3713.200,25.0,Female,Wiggle,Courtship,Active wiggle,Male,2,,STOP
1960.751,D:/Pipefish Mesocosm Film/Trial 4/4-12-20/4-12 Noon 01.MTS,3713.200,25.0,Female,Pose,,S pose,Male,Front,,START
1967.683,D:/Pipefish Mesocosm Film/Trial 4/4-12-20/4-12 Noon 01.MTS,3713.200,25.0,Male,Wiggle,Courtship,Active wiggle,Female,2,,STOP
1967.684,D:/Pipefish Mesocosm Film/Trial 4/4-12-20/4-12 Noon 01.MTS,3713.200,25.0,Male,Inactive,,,,,,START
1971.767,D:/Pipefish Mesocosm Film/Trial 4/4-12-20/4-12 Noon 01.MTS,3713.200,25.0,Female,Pose,,S pose,Male,Front,,STOP
1971.768,D:/Pipefish Mesocosm Film/Trial 4/4-12-20/4-12 Noon 01.MTS,3713.200,25.0,Female,Inactive,,,,,,START
2002.432,D:/Pipefish Mesocosm Film/Trial 4/4-12-20/4-12 Noon 01.MTS,3713.200,25.0,Male,Inactive,,,,,,STOP
2002.433,D:/Pipefish Mesocosm Film/Trial 4/4-12-20/4-12 Noon 01.MTS,3713.200,25.0,Male,Wiggle,Courtship,Active wiggle,Female,2,,START
2004.520,D:/Pipefish Mesocosm Film/Trial 4/4-12-20/4-12 Noon 01.MTS,3713.200,25.0,Male,Wiggle,Courtship,Active wiggle,Female,2,,STOP
2004.521,D:/Pipefish Mesocosm Film/Trial 4/4-12-20/4-12 Noon 01.MTS,3713.200,25.0,Male,Inactive,,,,,,START
2015.630,D:/Pipefish Mesocosm Film/Trial 4/4-12-20/4-12 Noon 01.MTS,3713.200,25.0,Male,Inactive,,,,,,STOP
2015.631,D:/Pipefish Mesocosm Film/Trial 4/4-12-20/4-12 Noon 01.MTS,3713.200,25.0,Male,Wiggle,Courtship,Active wiggle,Female,2,,START
2020.185,D:/Pipefish Mesocosm Film/Trial 4/4-12-20/4-12 Noon 01.MTS,3713.200,25.0,Male,Wiggle,Courtship,Active wiggle,Female,2,,STOP
2020.186,D:/Pipefish Mesocosm Film/Trial 4/4-12-20/4-12 Noon 01.MTS,3713.200,25.0,Male,Inactive,,,,,,START
2034.238,D:/Pipefish Mesocosm Film/Trial 4/4-12-20/4-12 Noon 01.MTS,3713.200,25.0,Male,Inactive,,,,,,STOP
2034.239,D:/Pipefish Mesocosm Film/Trial 4/4-12-20/4-12 Noon 01.MTS,3713.200,25.0,Male,Wiggle,Courtship,Active wiggle,Female,2,,START
2037.656,D:/Pipefish Mesocosm Film/Trial 4/4-12-20/4-12 Noon 01.MTS,3713.200,25.0,Male,Wiggle,Courtship,Active wiggle,Female,2,,STOP
2037.657,D:/Pipefish Mesocosm Film/Trial 4/4-12-20/4-12 Noon 01.MTS,3713.200,25.0,Male,Inactive,,,,,,START
2063.197,D:/Pipefish Mesocosm Film/Trial 4/4-12-20/4-12 Noon 01.MTS,3713.200,25.0,Female,Inactive,,,,,,STOP
2063.198,D:/Pipefish Mesocosm Film/Trial 4/4-12-20/4-12 Noon 01.MTS,3713.200,25.0,Female,Wiggle,Courtship,Active wiggle,Male,2,,START
2066.139,D:/Pipefish Mesocosm Film/Trial 4/4-12-20/4-12 Noon 01.MTS,3713.200,25.0,Male,Inactive,,,,,,STOP
2066.140,D:/Pipefish Mesocosm Film/Trial 4/4-12-20/4-12 Noon 01.MTS,3713.200,25.0,Male,Wiggle,Courtship,Active wiggle,Female,2,,START
2066.995,D:/Pipefish Mesocosm Film/Trial 4/4-12-20/4-12 Noon 01.MTS,3713.200,25.0,Female,Wiggle,Courtship,Active wiggle,Male,2,,STOP
2066.996,D:/Pipefish Mesocosm Film/Trial 4/4-12-20/4-12 Noon 01.MTS,3713.200,25.0,Female,Pose,,S pose,Male,Front,,START
2072.026,D:/Pipefish Mesocosm Film/Trial 4/4-12-20/4-12 Noon 01.MTS,3713.200,25.0,Male,Wiggle,Courtship,Active wiggle,Female,2,,STOP
2072.027,D:/Pipefish Mesocosm Film/Trial 4/4-12-20/4-12 Noon 01.MTS,3713.200,25.0,Male,Inactive,,,,,,START
2072.121,D:/Pipefish Mesocosm Film/Trial 4/4-12-20/4-12 Noon 01.MTS,3713.200,25.0,Female,Pose,,S pose,Male,Front,,STOP
2072.122,D:/Pipefish Mesocosm Film/Trial 4/4-12-20/4-12 Noon 01.MTS,3713.200,25.0,Female,Inactive,,,,,,START
2103.074,D:/Pipefish Mesocosm Film/Trial 4/4-12-20/4-12 Noon 01.MTS,3713.200,25.0,Male,Inactive,,,,,,STOP
2103.075,D:/Pipefish Mesocosm Film/Trial 4/4-12-20/4-12 Noon 01.MTS,3713.200,25.0,Male,Wiggle,Courtship,Active wiggle,Female,2,,START
2106.206,D:/Pipefish Mesocosm Film/Trial 4/4-12-20/4-12 Noon 01.MTS,3713.200,25.0,Male,Wiggle,Courtship,Active wiggle,Female,2,,STOP
2106.207,D:/Pipefish Mesocosm Film/Trial 4/4-12-20/4-12 Noon 01.MTS,3713.200,25.0,Male,Inactive,,,,,,START
2150.547,D:/Pipefish Mesocosm Film/Trial 4/4-12-20/4-12 Noon 01.MTS,3713.200,25.0,Male,Inactive,,,,,,STOP
2150.548,D:/Pipefish Mesocosm Film/Trial 4/4-12-20/4-12 Noon 01.MTS,3713.200,25.0,Male,Wiggle,Courtship,Active wiggle,Female,2,,START
2152.918,D:/Pipefish Mesocosm Film/Trial 4/4-12-20/4-12 Noon 01.MTS,3713.200,25.0,Male,Wiggle,Courtship,Active wiggle,Female,2,,STOP
2152.919,D:/Pipefish Mesocosm Film/Trial 4/4-12-20/4-12 Noon 01.MTS,3713.200,25.0,Male,Inactive,,,,,,START
2160.993,D:/Pipefish Mesocosm Film/Trial 4/4-12-20/4-12 Noon 01.MTS,3713.200,25.0,Female,Inactive,,,,,,STOP
2160.994,D:/Pipefish Mesocosm Film/Trial 4/4-12-20/4-12 Noon 01.MTS,3713.200,25.0,Female,Pose,,S pose,Male,Front,,START
2162.035,D:/Pipefish Mesocosm Film/Trial 4/4-12-20/4-12 Noon 01.MTS,3713.200,25.0,Male,Inactive,,,,,,STOP
2162.036,D:/Pipefish Mesocosm Film/Trial 4/4-12-20/4-12 Noon 01.MTS,3713.200,25.0,Male,Wiggle,Courtship,Active wiggle,Female,2,,START
2168.869,D:/Pipefish Mesocosm Film/Trial 4/4-12-20/4-12 Noon 01.MTS,3713.200,25.0,Male,Wiggle,Courtship,Active wiggle,Female,2,,STOP
2168.870,D:/Pipefish Mesocosm Film/Trial 4/4-12-20/4-12 Noon 01.MTS,3713.200,25.0,Male,Inactive,,,,,,START
2170.011,D:/Pipefish Mesocosm Film/Trial 4/4-12-20/4-12 Noon 01.MTS,3713.200,25.0,Female,Pose,,S pose,Male,Front,,STOP
2170.012,D:/Pipefish Mesocosm Film/Trial 4/4-12-20/4-12 Noon 01.MTS,3713.200,25.0,Female,Inactive,,,,,,START
2226.599,D:/Pipefish Mesocosm Film/Trial 4/4-12-20/4-12 Noon 01.MTS,3713.200,25.0,Female,Inactive,,,,,,STOP
2226.600,D:/Pipefish Mesocosm Film/Trial 4/4-12-20/4-12 Noon 01.MTS,3713.200,25.0,Female,Wiggle,Courtship,Active wiggle,Male,2,,START
2235.239,D:/Pipefish Mesocosm Film/Trial 4/4-12-20/4-12 Noon 01.MTS,3713.200,25.0,Female,Wiggle,Courtship,Active wiggle,Male,2,,STOP
2235.240,D:/Pipefish Mesocosm Film/Trial 4/4-12-20/4-12 Noon 01.MTS,3713.200,25.0,Female,Inactive,,,,,,START
2243.403,D:/Pipefish Mesocosm Film/Trial 4/4-12-20/4-12 Noon 01.MTS,3713.200,25.0,Male,Inactive,,,,,,STOP
2243.404,D:/Pipefish Mesocosm Film/Trial 4/4-12-20/4-12 Noon 01.MTS,3713.200,25.0,Male,Wiggle,Courtship,Active wiggle,Female,2,,START
2247.012,D:/Pipefish Mesocosm Film/Trial 4/4-12-20/4-12 Noon 01.MTS,3713.200,25.0,Male,Wiggle,Courtship,Active wiggle,Female,2,,STOP
2247.013,D:/Pipefish Mesocosm Film/Trial 4/4-12-20/4-12 Noon 01.MTS,3713.200,25.0,Male,Inactive,,,,,,START
2250.811,D:/Pipefish Mesocosm Film/Trial 4/4-12-20/4-12 Noon 01.MTS,3713.200,25.0,Male,Inactive,,,,,,STOP
2250.812,D:/Pipefish Mesocosm Film/Trial 4/4-12-20/4-12 Noon 01.MTS,3713.200,25.0,Male,Wiggle,Courtship,Active wiggle,Female,2,,START
2252.901,D:/Pipefish Mesocosm Film/Trial 4/4-12-20/4-12 Noon 01.MTS,3713.200,25.0,Male,Wiggle,Courtship,Active wiggle,Female,2,,STOP
2252.902,D:/Pipefish Mesocosm Film/Trial 4/4-12-20/4-12 Noon 01.MTS,3713.200,25.0,Male,Inactive,,,,,,START
2263.913,D:/Pipefish Mesocosm Film/Trial 4/4-12-20/4-12 Noon 01.MTS,3713.200,25.0,Female,Inactive,,,,,,STOP
2263.913,D:/Pipefish Mesocosm Film/Trial 4/4-12-20/4-12 Noon 01.MTS,3713.200,25.0,Male,Inactive,,,,,,STOP
2263.914,D:/Pipefish Mesocosm Film/Trial 4/4-12-20/4-12 Noon 01.MTS,3713.200,25.0,,Stop,,,,,,POINT
2369.589,D:/Pipefish Mesocosm Film/Trial 4/4-12-20/4-12 Noon 01.MTS,3713.200,25.0,,Start,,,,,,POINT
2371.203,D:/Pipefish Mesocosm Film/Trial 4/4-12-20/4-12 Noon 01.MTS,3713.200,25.0,Male,Wiggle,Courtship,Active wiggle,Female,2,,START
2371.488,D:/Pipefish Mesocosm Film/Trial 4/4-12-20/4-12 Noon 01.MTS,3713.200,25.0,Female,Inactive,,,,,,START
2373.860,D:/Pipefish Mesocosm Film/Trial 4/4-12-20/4-12 Noon 01.MTS,3713.200,25.0,Male,Wiggle,Courtship,Active wiggle,Female,2,,STOP
2373.861,D:/Pipefish Mesocosm Film/Trial 4/4-12-20/4-12 Noon 01.MTS,3713.200,25.0,Male,Inactive,,,,,,START
2378.511,D:/Pipefish Mesocosm Film/Trial 4/4-12-20/4-12 Noon 01.MTS,3713.200,25.0,Female,Inactive,,,,,,STOP
2378.512,D:/Pipefish Mesocosm Film/Trial 4/4-12-20/4-12 Noon 01.MTS,3713.200,25.0,Female,Wiggle,Courtship,Active wiggle,Male,2,,START
2380.124,D:/Pipefish Mesocosm Film/Trial 4/4-12-20/4-12 Noon 01.MTS,3713.200,25.0,Male,Inactive,,,,,,STOP
2380.125,D:/Pipefish Mesocosm Film/Trial 4/4-12-20/4-12 Noon 01.MTS,3713.200,25.0,Male,Wiggle,Courtship,Active wiggle,Female,2,,START
2381.168,D:/Pipefish Mesocosm Film/Trial 4/4-12-20/4-12 Noon 01.MTS,3713.200,25.0,Female,Wiggle,Courtship,Active wiggle,Male,2,,STOP
2381.169,D:/Pipefish Mesocosm Film/Trial 4/4-12-20/4-12 Noon 01.MTS,3713.200,25.0,Female,Pose,,S pose,Male,Front,,START
2387.247,D:/Pipefish Mesocosm Film/Trial 4/4-12-20/4-12 Noon 01.MTS,3713.200,25.0,Male,Wiggle,Courtship,Active wiggle,Female,2,,STOP
2387.248,D:/Pipefish Mesocosm Film/Trial 4/4-12-20/4-12 Noon 01.MTS,3713.200,25.0,Male,Inactive,,,,,,START
2388.860,D:/Pipefish Mesocosm Film/Trial 4/4-12-20/4-12 Noon 01.MTS,3713.200,25.0,Female,Pose,,S pose,Male,Front,,STOP
2388.861,D:/Pipefish Mesocosm Film/Trial 4/4-12-20/4-12 Noon 01.MTS,3713.200,25.0,Female,Inactive,,,,,,START
2390.950,D:/Pipefish Mesocosm Film/Trial 4/4-12-20/4-12 Noon 01.MTS,3713.200,25.0,Male,Inactive,,,,,,STOP
2390.951,D:/Pipefish Mesocosm Film/Trial 4/4-12-20/4-12 Noon 01.MTS,3713.200,25.0,Male,Wiggle,Courtship,Active wiggle,Female,2,,START
2392.561,D:/Pipefish Mesocosm Film/Trial 4/4-12-20/4-12 Noon 01.MTS,3713.200,25.0,Male,Wiggle,Courtship,Active wiggle,Female,2,,STOP
2392.562,D:/Pipefish Mesocosm Film/Trial 4/4-12-20/4-12 Noon 01.MTS,3713.200,25.0,Male,Inactive,,,,,,START
2425.034,D:/Pipefish Mesocosm Film/Trial 4/4-12-20/4-12 Noon 01.MTS,3713.200,25.0,Male,Inactive,,,,,,STOP
2425.035,D:/Pipefish Mesocosm Film/Trial 4/4-12-20/4-12 Noon 01.MTS,3713.200,25.0,Male,Wiggle,Courtship,Active wiggle,Female,2,,START
2427.977,D:/Pipefish Mesocosm Film/Trial 4/4-12-20/4-12 Noon 01.MTS,3713.200,25.0,Male,Wiggle,Courtship,Active wiggle,Female,2,,STOP
2427.978,D:/Pipefish Mesocosm Film/Trial 4/4-12-20/4-12 Noon 01.MTS,3713.200,25.0,Male,Inactive,,,,,,START
2473.835,D:/Pipefish Mesocosm Film/Trial 4/4-12-20/4-12 Noon 01.MTS,3713.200,25.0,Male,Inactive,,,,,,STOP
2473.836,D:/Pipefish Mesocosm Film/Trial 4/4-12-20/4-12 Noon 01.MTS,3713.200,25.0,Male,Wiggle,Courtship,Active wiggle,Female,2,,START
2476.589,D:/Pipefish Mesocosm Film/Trial 4/4-12-20/4-12 Noon 01.MTS,3713.200,25.0,Male,Wiggle,Courtship,Active wiggle,Female,2,,STOP
2476.590,D:/Pipefish Mesocosm Film/Trial 4/4-12-20/4-12 Noon 01.MTS,3713.200,25.0,Male,Inactive,,,,,,START
2504.407,D:/Pipefish Mesocosm Film/Trial 4/4-12-20/4-12 Noon 01.MTS,3713.200,25.0,Male,Inactive,,,,,,STOP
2504.408,D:/Pipefish Mesocosm Film/Trial 4/4-12-20/4-12 Noon 01.MTS,3713.200,25.0,Male,Wiggle,Courtship,Active wiggle,Female,2,,START
2506.402,D:/Pipefish Mesocosm Film/Trial 4/4-12-20/4-12 Noon 01.MTS,3713.200,25.0,Male,Wiggle,Courtship,Active wiggle,Female,2,,STOP
2506.403,D:/Pipefish Mesocosm Film/Trial 4/4-12-20/4-12 Noon 01.MTS,3713.200,25.0,Male,Inactive,,,,,,START
2508.586,D:/Pipefish Mesocosm Film/Trial 4/4-12-20/4-12 Noon 01.MTS,3713.200,25.0,Female,Inactive,,,,,,STOP
2508.587,D:/Pipefish Mesocosm Film/Trial 4/4-12-20/4-12 Noon 01.MTS,3713.200,25.0,Female,Wiggle,Courtship,Active wiggle,Male,2,,START
2509.819,D:/Pipefish Mesocosm Film/Trial 4/4-12-20/4-12 Noon 01.MTS,3713.200,25.0,Male,Inactive,,,,,,STOP
2509.820,D:/Pipefish Mesocosm Film/Trial 4/4-12-20/4-12 Noon 01.MTS,3713.200,25.0,Male,Wiggle,Courtship,Active wiggle,Female,2,,START
2510.485,D:/Pipefish Mesocosm Film/Trial 4/4-12-20/4-12 Noon 01.MTS,3713.200,25.0,Female,Wiggle,Courtship,Active wiggle,Male,2,,STOP
2510.486,D:/Pipefish Mesocosm Film/Trial 4/4-12-20/4-12 Noon 01.MTS,3713.200,25.0,Female,Pose,,S pose,Male,Front,,START
2515.421,D:/Pipefish Mesocosm Film/Trial 4/4-12-20/4-12 Noon 01.MTS,3713.200,25.0,Female,Pose,,S pose,Male,Front,,STOP
2515.422,D:/Pipefish Mesocosm Film/Trial 4/4-12-20/4-12 Noon 01.MTS,3713.200,25.0,Female,Inactive,,,,,,START
2517.036,D:/Pipefish Mesocosm Film/Trial 4/4-12-20/4-12 Noon 01.MTS,3713.200,25.0,Male,Wiggle,Courtship,Active wiggle,Female,2,,STOP
2517.037,D:/Pipefish Mesocosm Film/Trial 4/4-12-20/4-12 Noon 01.MTS,3713.200,25.0,Male,Inactive,,,,,,START
2545.709,D:/Pipefish Mesocosm Film/Trial 4/4-12-20/4-12 Noon 01.MTS,3713.200,25.0,Male,Inactive,,,,,,STOP
2545.710,D:/Pipefish Mesocosm Film/Trial 4/4-12-20/4-12 Noon 01.MTS,3713.200,25.0,Male,Wiggle,Courtship,Active wiggle,Female,2,,START
2549.127,D:/Pipefish Mesocosm Film/Trial 4/4-12-20/4-12 Noon 01.MTS,3713.200,25.0,Male,Wiggle,Courtship,Active wiggle,Female,2,,STOP
2549.128,D:/Pipefish Mesocosm Film/Trial 4/4-12-20/4-12 Noon 01.MTS,3713.200,25.0,Male,Inactive,,,,,,START
2564.793,D:/Pipefish Mesocosm Film/Trial 4/4-12-20/4-12 Noon 01.MTS,3713.200,25.0,Male,Inactive,,,,,,STOP
2564.794,D:/Pipefish Mesocosm Film/Trial 4/4-12-20/4-12 Noon 01.MTS,3713.200,25.0,Male,Wiggle,Courtship,Active wiggle,Female,2,,START
2569.542,D:/Pipefish Mesocosm Film/Trial 4/4-12-20/4-12 Noon 01.MTS,3713.200,25.0,Male,Wiggle,Courtship,Active wiggle,Female,2,,STOP
2569.543,D:/Pipefish Mesocosm Film/Trial 4/4-12-20/4-12 Noon 01.MTS,3713.200,25.0,Male,Inactive,,,,,,START
2600.587,D:/Pipefish Mesocosm Film/Trial 4/4-12-20/4-12 Noon 01.MTS,3713.200,25.0,Female,Inactive,,,,,,STOP
2600.588,D:/Pipefish Mesocosm Film/Trial 4/4-12-20/4-12 Noon 01.MTS,3713.200,25.0,Female,Pose,,S pose,Male,Front,,START
2602.296,D:/Pipefish Mesocosm Film/Trial 4/4-12-20/4-12 Noon 01.MTS,3713.200,25.0,Male,Inactive,,,,,,STOP
2602.297,D:/Pipefish Mesocosm Film/Trial 4/4-12-20/4-12 Noon 01.MTS,3713.200,25.0,Male,Wiggle,Courtship,Active wiggle,Female,2,,START
2606.284,D:/Pipefish Mesocosm Film/Trial 4/4-12-20/4-12 Noon 01.MTS,3713.200,25.0,Male,Wiggle,Courtship,Active wiggle,Female,2,,STOP
2606.285,D:/Pipefish Mesocosm Film/Trial 4/4-12-20/4-12 Noon 01.MTS,3713.200,25.0,Male,Inactive,,,,,,START
2607.424,D:/Pipefish Mesocosm Film/Trial 4/4-12-20/4-12 Noon 01.MTS,3713.200,25.0,Female,Pose,,S pose,Male,Front,,STOP
2607.425,D:/Pipefish Mesocosm Film/Trial 4/4-12-20/4-12 Noon 01.MTS,3713.200,25.0,Female,Inactive,,,,,,START
2618.817,D:/Pipefish Mesocosm Film/Trial 4/4-12-20/4-12 Noon 01.MTS,3713.200,25.0,Male,Inactive,,,,,,STOP
2618.818,D:/Pipefish Mesocosm Film/Trial 4/4-12-20/4-12 Noon 01.MTS,3713.200,25.0,Male,Wiggle,Courtship,Active wiggle,Female,2,,START
2625.938,D:/Pipefish Mesocosm Film/Trial 4/4-12-20/4-12 Noon 01.MTS,3713.200,25.0,Male,Wiggle,Courtship,Active wiggle,Female,2,,STOP
2625.939,D:/Pipefish Mesocosm Film/Trial 4/4-12-20/4-12 Noon 01.MTS,3713.200,25.0,Male,Inactive,,,,,,START
2648.060,D:/Pipefish Mesocosm Film/Trial 4/4-12-20/4-12 Noon 01.MTS,3713.200,25.0,Male,Inactive,,,,,,STOP
2648.061,D:/Pipefish Mesocosm Film/Trial 4/4-12-20/4-12 Noon 01.MTS,3713.200,25.0,Male,Wiggle,Courtship,Active wiggle,Female,2,,START
2652.331,D:/Pipefish Mesocosm Film/Trial 4/4-12-20/4-12 Noon 01.MTS,3713.200,25.0,Male,Wiggle,Courtship,Active wiggle,Female,2,,STOP
2652.332,D:/Pipefish Mesocosm Film/Trial 4/4-12-20/4-12 Noon 01.MTS,3713.200,25.0,Male,Inactive,,,,,,START
2655.182,D:/Pipefish Mesocosm Film/Trial 4/4-12-20/4-12 Noon 01.MTS,3713.200,25.0,Male,Inactive,,,,,,STOP
2655.183,D:/Pipefish Mesocosm Film/Trial 4/4-12-20/4-12 Noon 01.MTS,3713.200,25.0,Male,Wiggle,Courtship,Active wiggle,Female,2,,START
2658.124,D:/Pipefish Mesocosm Film/Trial 4/4-12-20/4-12 Noon 01.MTS,3713.200,25.0,Male,Wiggle,Courtship,Active wiggle,Female,2,,STOP
2658.125,D:/Pipefish Mesocosm Film/Trial 4/4-12-20/4-12 Noon 01.MTS,3713.200,25.0,Male,Inactive,,,,,,START
2701.705,D:/Pipefish Mesocosm Film/Trial 4/4-12-20/4-12 Noon 01.MTS,3713.200,25.0,Female,Inactive,,,,,,STOP
2701.706,D:/Pipefish Mesocosm Film/Trial 4/4-12-20/4-12 Noon 01.MTS,3713.200,25.0,Female,Pose,,S pose,Male,Front,,START
2703.791,D:/Pipefish Mesocosm Film/Trial 4/4-12-20/4-12 Noon 01.MTS,3713.200,25.0,Male,Inactive,,,,,,STOP
2703.792,D:/Pipefish Mesocosm Film/Trial 4/4-12-20/4-12 Noon 01.MTS,3713.200,25.0,Male,Wiggle,Courtship,Active wiggle,Female,2,,START
2706.357,D:/Pipefish Mesocosm Film/Trial 4/4-12-20/4-12 Noon 01.MTS,3713.200,25.0,Male,Wiggle,Courtship,Active wiggle,Female,2,,STOP
2706.358,D:/Pipefish Mesocosm Film/Trial 4/4-12-20/4-12 Noon 01.MTS,3713.200,25.0,Male,Inactive,,,,,,START
2707.400,D:/Pipefish Mesocosm Film/Trial 4/4-12-20/4-12 Noon 01.MTS,3713.200,25.0,Female,Pose,,S pose,Male,Front,,STOP
2707.401,D:/Pipefish Mesocosm Film/Trial 4/4-12-20/4-12 Noon 01.MTS,3713.200,25.0,Female,Inactive,,,,,,START
2709.774,D:/Pipefish Mesocosm Film/Trial 4/4-12-20/4-12 Noon 01.MTS,3713.200,25.0,Male,Inactive,,,,,,STOP
2709.775,D:/Pipefish Mesocosm Film/Trial 4/4-12-20/4-12 Noon 01.MTS,3713.200,25.0,Male,Wiggle,Courtship,Active wiggle,Female,2,,START
2711.580,D:/Pipefish Mesocosm Film/Trial 4/4-12-20/4-12 Noon 01.MTS,3713.200,25.0,Male,Wiggle,Courtship,Active wiggle,Female,2,,STOP
2711.581,D:/Pipefish Mesocosm Film/Trial 4/4-12-20/4-12 Noon 01.MTS,3713.200,25.0,Male,Inactive,,,,,,START
2714.996,D:/Pipefish Mesocosm Film/Trial 4/4-12-20/4-12 Noon 01.MTS,3713.200,25.0,Male,Inactive,,,,,,STOP
2714.997,D:/Pipefish Mesocosm Film/Trial 4/4-12-20/4-12 Noon 01.MTS,3713.200,25.0,Male,Wiggle,Courtship,Active wiggle,Female,2,,START
2717.370,D:/Pipefish Mesocosm Film/Trial 4/4-12-20/4-12 Noon 01.MTS,3713.200,25.0,Male,Wiggle,Courtship,Active wiggle,Female,2,,STOP
2717.371,D:/Pipefish Mesocosm Film/Trial 4/4-12-20/4-12 Noon 01.MTS,3713.200,25.0,Male,Inactive,,,,,,START
2746.708,D:/Pipefish Mesocosm Film/Trial 4/4-12-20/4-12 Noon 01.MTS,3713.200,25.0,Male,Inactive,,,,,,STOP
2746.709,D:/Pipefish Mesocosm Film/Trial 4/4-12-20/4-12 Noon 01.MTS,3713.200,25.0,Male,Wiggle,Courtship,Active wiggle,Female,2,,START
2749.176,D:/Pipefish Mesocosm Film/Trial 4/4-12-20/4-12 Noon 01.MTS,3713.200,25.0,Male,Wiggle,Courtship,Active wiggle,Female,2,,STOP
2749.177,D:/Pipefish Mesocosm Film/Trial 4/4-12-20/4-12 Noon 01.MTS,3713.200,25.0,Male,Inactive,,,,,,START
2756.012,D:/Pipefish Mesocosm Film/Trial 4/4-12-20/4-12 Noon 01.MTS,3713.200,25.0,Male,Inactive,,,,,,STOP
2756.013,D:/Pipefish Mesocosm Film/Trial 4/4-12-20/4-12 Noon 01.MTS,3713.200,25.0,Male,Wiggle,Courtship,Active wiggle,Female,2,,START
2758.386,D:/Pipefish Mesocosm Film/Trial 4/4-12-20/4-12 Noon 01.MTS,3713.200,25.0,Male,Wiggle,Courtship,Active wiggle,Female,2,,STOP
2758.387,D:/Pipefish Mesocosm Film/Trial 4/4-12-20/4-12 Noon 01.MTS,3713.200,25.0,Male,Inactive,,,,,,START
2763.608,D:/Pipefish Mesocosm Film/Trial 4/4-12-20/4-12 Noon 01.MTS,3713.200,25.0,Male,Inactive,,,,,,STOP
2763.609,D:/Pipefish Mesocosm Film/Trial 4/4-12-20/4-12 Noon 01.MTS,3713.200,25.0,Male,Wiggle,Courtship,Active wiggle,Female,2,,START
2763.703,D:/Pipefish Mesocosm Film/Trial 4/4-12-20/4-12 Noon 01.MTS,3713.200,25.0,Female,Inactive,,,,,,STOP
2763.704,D:/Pipefish Mesocosm Film/Trial 4/4-12-20/4-12 Noon 01.MTS,3713.200,25.0,Female,Pose,,S pose,Male,Front,,START
2770.255,D:/Pipefish Mesocosm Film/Trial 4/4-12-20/4-12 Noon 01.MTS,3713.200,25.0,Male,Wiggle,Courtship,Active wiggle,Female,2,,STOP
2770.256,D:/Pipefish Mesocosm Film/Trial 4/4-12-20/4-12 Noon 01.MTS,3713.200,25.0,Male,Inactive,,,,,,START
2771.773,D:/Pipefish Mesocosm Film/Trial 4/4-12-20/4-12 Noon 01.MTS,3713.200,25.0,Female,Pose,,S pose,Male,Front,,STOP
2771.774,D:/Pipefish Mesocosm Film/Trial 4/4-12-20/4-12 Noon 01.MTS,3713.200,25.0,Female,Inactive,,,,,,START
2781.742,D:/Pipefish Mesocosm Film/Trial 4/4-12-20/4-12 Noon 01.MTS,3713.200,25.0,Female,Inactive,,,,,,STOP
2781.743,D:/Pipefish Mesocosm Film/Trial 4/4-12-20/4-12 Noon 01.MTS,3713.200,25.0,Female,Pose,,S pose,Male,Front,,START
2785.160,D:/Pipefish Mesocosm Film/Trial 4/4-12-20/4-12 Noon 01.MTS,3713.200,25.0,Female,Pose,,S pose,Male,Front,,STOP
2785.161,D:/Pipefish Mesocosm Film/Trial 4/4-12-20/4-12 Noon 01.MTS,3713.200,25.0,Female,Inactive,,,,,,START
2812.695,D:/Pipefish Mesocosm Film/Trial 4/4-12-20/4-12 Noon 01.MTS,3713.200,25.0,Male,Inactive,,,,,,STOP
2812.696,D:/Pipefish Mesocosm Film/Trial 4/4-12-20/4-12 Noon 01.MTS,3713.200,25.0,Male,Wiggle,Courtship,Active wiggle,Female,2,,START
2815.637,D:/Pipefish Mesocosm Film/Trial 4/4-12-20/4-12 Noon 01.MTS,3713.200,25.0,Male,Wiggle,Courtship,Active wiggle,Female,2,,STOP
2815.638,D:/Pipefish Mesocosm Film/Trial 4/4-12-20/4-12 Noon 01.MTS,3713.200,25.0,Male,Inactive,,,,,,START
2831.399,D:/Pipefish Mesocosm Film/Trial 4/4-12-20/4-12 Noon 01.MTS,3713.200,25.0,Male,Inactive,,,,,,STOP
2831.400,D:/Pipefish Mesocosm Film/Trial 4/4-12-20/4-12 Noon 01.MTS,3713.200,25.0,Male,Wiggle,Courtship,Active wiggle,Female,2,,START
2833.582,D:/Pipefish Mesocosm Film/Trial 4/4-12-20/4-12 Noon 01.MTS,3713.200,25.0,Male,Wiggle,Courtship,Active wiggle,Female,2,,STOP
2833.583,D:/Pipefish Mesocosm Film/Trial 4/4-12-20/4-12 Noon 01.MTS,3713.200,25.0,Male,Inactive,,,,,,START
2838.140,D:/Pipefish Mesocosm Film/Trial 4/4-12-20/4-12 Noon 01.MTS,3713.200,25.0,Male,Inactive,,,,,,STOP
2838.141,D:/Pipefish Mesocosm Film/Trial 4/4-12-20/4-12 Noon 01.MTS,3713.200,25.0,Male,Wiggle,Courtship,Active wiggle,Female,2,,START
2840.895,D:/Pipefish Mesocosm Film/Trial 4/4-12-20/4-12 Noon 01.MTS,3713.200,25.0,Male,Wiggle,Courtship,Active wiggle,Female,2,,STOP
2840.896,D:/Pipefish Mesocosm Film/Trial 4/4-12-20/4-12 Noon 01.MTS,3713.200,25.0,Male,Inactive,,,,,,START
2855.137,D:/Pipefish Mesocosm Film/Trial 4/4-12-20/4-12 Noon 01.MTS,3713.200,25.0,Female,Inactive,,,,,,STOP
2855.137,D:/Pipefish Mesocosm Film/Trial 4/4-12-20/4-12 Noon 01.MTS,3713.200,25.0,Male,Inactive,,,,,,STOP
2856.275,D:/Pipefish Mesocosm Film/Trial 4/4-12-20/4-12 Noon 01.MTS,3713.200,25.0,,Stop,,,,,,POINT
