Observation id,T402AM_01,,,,,,,,,,
,,,,,,,,,,,
Media file(s),,,,,,,,,,,
,,,,,,,,,,,
Player #1,D:/Pipefish Mesocosm Film/Trial 4/5-12-20/5-12  AM 01.MTS,,,,,,,,,,
Player #1,D:/Pipefish Mesocosm Film/Trial 4/5-12-20/5-12  AM 02.MTS,,,,,,,,,,
Player #1,D:/Pipefish Mesocosm Film/Trial 4/5-12-20/5-12  AM 03.MTS,,,,,,,,,,
,,,,,,,,,,,
Observation date,2022-01-11 10:44:22,,,,,,,,,,
,,,,,,,,,,,
Description,,,,,,,,,,,
,,,,,,,,,,,
Time offset (s),0.0,,,,,,,,,,
,,,,,,,,,,,
independent variables,,,,,,,,,,,
variable,value,,,,,,,,,,
Number in group,,,,,,,,,,,
Time of day,,,,,,,,,,,
,,,,,,,,,,,
Time,Media file path,Total length,FPS,Subject,Behavior,Behavioral category,Modifier 1,Modifier 2,Modifier 3,Comment,Status
3.554,D:/Pipefish Mesocosm Film/Trial 4/5-12-20/5-12  AM 01.MTS,7459.460,25.0,,Start,,,,,,POINT
3.554,D:/Pipefish Mesocosm Film/Trial 4/5-12-20/5-12  AM 01.MTS,7459.460,25.0,Male,Wiggle,Courtship,Active wiggle,Female,2,,START
4.123,D:/Pipefish Mesocosm Film/Trial 4/5-12-20/5-12  AM 01.MTS,7459.460,25.0,Female,Inactive,,,,,,START
10.959,D:/Pipefish Mesocosm Film/Trial 4/5-12-20/5-12  AM 01.MTS,7459.460,25.0,Male,Wiggle,Courtship,Active wiggle,Female,2,,STOP
10.960,D:/Pipefish Mesocosm Film/Trial 4/5-12-20/5-12  AM 01.MTS,7459.460,25.0,Male,Inactive,,,,,,START
20.074,D:/Pipefish Mesocosm Film/Trial 4/5-12-20/5-12  AM 01.MTS,7459.460,25.0,Female,Inactive,,,,,,STOP
20.075,D:/Pipefish Mesocosm Film/Trial 4/5-12-20/5-12  AM 01.MTS,7459.460,25.0,Female,Pose,,S pose,Male,Front,,START
24.632,D:/Pipefish Mesocosm Film/Trial 4/5-12-20/5-12  AM 01.MTS,7459.460,25.0,Male,Inactive,,,,,,STOP
24.633,D:/Pipefish Mesocosm Film/Trial 4/5-12-20/5-12  AM 01.MTS,7459.460,25.0,Male,Wiggle,Courtship,Active wiggle,Female,2,,START
28.619,D:/Pipefish Mesocosm Film/Trial 4/5-12-20/5-12  AM 01.MTS,7459.460,25.0,Male,Wiggle,Courtship,Active wiggle,Female,2,,STOP
28.620,D:/Pipefish Mesocosm Film/Trial 4/5-12-20/5-12  AM 01.MTS,7459.460,25.0,Male,Inactive,,,,,,START
28.714,D:/Pipefish Mesocosm Film/Trial 4/5-12-20/5-12  AM 01.MTS,7459.460,25.0,Female,Pose,,S pose,Male,Front,,STOP
28.715,D:/Pipefish Mesocosm Film/Trial 4/5-12-20/5-12  AM 01.MTS,7459.460,25.0,Female,Wiggle,Courtship,Active wiggle,Male,3,,START
33.841,D:/Pipefish Mesocosm Film/Trial 4/5-12-20/5-12  AM 01.MTS,7459.460,25.0,Female,Wiggle,Courtship,Active wiggle,Male,3,,STOP
33.842,D:/Pipefish Mesocosm Film/Trial 4/5-12-20/5-12  AM 01.MTS,7459.460,25.0,Female,Inactive,,,,,,START
35.454,D:/Pipefish Mesocosm Film/Trial 4/5-12-20/5-12  AM 01.MTS,7459.460,25.0,Male,Inactive,,,,,,STOP
35.455,D:/Pipefish Mesocosm Film/Trial 4/5-12-20/5-12  AM 01.MTS,7459.460,25.0,Male,Wiggle,Courtship,Active wiggle,Female,2,,START
42.006,D:/Pipefish Mesocosm Film/Trial 4/5-12-20/5-12  AM 01.MTS,7459.460,25.0,Male,Wiggle,Courtship,Active wiggle,Female,2,,STOP
42.007,D:/Pipefish Mesocosm Film/Trial 4/5-12-20/5-12  AM 01.MTS,7459.460,25.0,Male,Inactive,,,,,,START
67.831,D:/Pipefish Mesocosm Film/Trial 4/5-12-20/5-12  AM 01.MTS,7459.460,25.0,Female,Inactive,,,,,,STOP
67.832,D:/Pipefish Mesocosm Film/Trial 4/5-12-20/5-12  AM 01.MTS,7459.460,25.0,Female,Wiggle,Courtship,Active wiggle,Male,2,,START
77.420,D:/Pipefish Mesocosm Film/Trial 4/5-12-20/5-12  AM 01.MTS,7459.460,25.0,Female,Wiggle,Courtship,Active wiggle,Male,2,,STOP
77.421,D:/Pipefish Mesocosm Film/Trial 4/5-12-20/5-12  AM 01.MTS,7459.460,25.0,Female,Inactive,,,,,,START
93.562,D:/Pipefish Mesocosm Film/Trial 4/5-12-20/5-12  AM 01.MTS,7459.460,25.0,Male,Inactive,,,,,,STOP
93.563,D:/Pipefish Mesocosm Film/Trial 4/5-12-20/5-12  AM 01.MTS,7459.460,25.0,Male,Wiggle,Courtship,Active wiggle,Female,2,,START
96.315,D:/Pipefish Mesocosm Film/Trial 4/5-12-20/5-12  AM 01.MTS,7459.460,25.0,Male,Wiggle,Courtship,Active wiggle,Female,2,,STOP
96.316,D:/Pipefish Mesocosm Film/Trial 4/5-12-20/5-12  AM 01.MTS,7459.460,25.0,Male,Inactive,,,,,,START
106.570,D:/Pipefish Mesocosm Film/Trial 4/5-12-20/5-12  AM 01.MTS,7459.460,25.0,Male,Inactive,,,,,,STOP
106.571,D:/Pipefish Mesocosm Film/Trial 4/5-12-20/5-12  AM 01.MTS,7459.460,25.0,Male,Wiggle,Courtship,Active wiggle,Female,2,,START
110.747,D:/Pipefish Mesocosm Film/Trial 4/5-12-20/5-12  AM 01.MTS,7459.460,25.0,Female,Inactive,,,,,,STOP
110.748,D:/Pipefish Mesocosm Film/Trial 4/5-12-20/5-12  AM 01.MTS,7459.460,25.0,Female,Out of sight,,,,,,START
111.600,D:/Pipefish Mesocosm Film/Trial 4/5-12-20/5-12  AM 01.MTS,7459.460,25.0,Male,Wiggle,Courtship,Active wiggle,Female,2,,STOP
111.601,D:/Pipefish Mesocosm Film/Trial 4/5-12-20/5-12  AM 01.MTS,7459.460,25.0,Male,Inactive,,,,,,START
114.261,D:/Pipefish Mesocosm Film/Trial 4/5-12-20/5-12  AM 01.MTS,7459.460,25.0,Male,Inactive,,,,,,STOP
114.262,D:/Pipefish Mesocosm Film/Trial 4/5-12-20/5-12  AM 01.MTS,7459.460,25.0,Male,Out of sight,,,,,,START
124.419,D:/Pipefish Mesocosm Film/Trial 4/5-12-20/5-12  AM 01.MTS,7459.460,25.0,Female,Out of sight,,,,,,STOP
124.894,D:/Pipefish Mesocosm Film/Trial 4/5-12-20/5-12  AM 01.MTS,7459.460,25.0,Male,Out of sight,,,,,,STOP
125.368,D:/Pipefish Mesocosm Film/Trial 4/5-12-20/5-12  AM 01.MTS,7459.460,25.0,,Stop,,,,,,POINT
