Observation id,T403AM3_03,,,,,,,,,,
,,,,,,,,,,,
Media file(s),,,,,,,,,,,
,,,,,,,,,,,
Player #1,D:/Pipefish Mesocosm Film/Trial 4/6-12-20/6-12 AM 03.MTS,,,,,,,,,,
,,,,,,,,,,,
Observation date,2021-06-25 09:43:02,,,,,,,,,,
,,,,,,,,,,,
Description,Video T403 AM03 time stamp 17.20 and 23.30,,,,,,,,,,
,,,,,,,,,,,
Time offset (s),0.0,,,,,,,,,,
,,,,,,,,,,,
independent variables,,,,,,,,,,,
variable,value,,,,,,,,,,
Number in group,,,,,,,,,,,
Time of day,,,,,,,,,,,
,,,,,,,,,,,
Time,Media file path,Total length,FPS,Subject,Behavior,Behavioral category,Modifier 1,Modifier 2,Modifier 3,Comment,Status
1035.795,D:/Pipefish Mesocosm Film/Trial 4/6-12-20/6-12 AM 03.MTS,1598.300,25.0,,Start,,,,,,POINT
1038.074,D:/Pipefish Mesocosm Film/Trial 4/6-12-20/6-12 AM 03.MTS,1598.300,25.0,Female,Inactive,,,,,,START
1038.550,D:/Pipefish Mesocosm Film/Trial 4/6-12-20/6-12 AM 03.MTS,1598.300,25.0,Male,Wiggle,Courtship,Active wiggle,Female,2,,START
1041.968,D:/Pipefish Mesocosm Film/Trial 4/6-12-20/6-12 AM 03.MTS,1598.300,25.0,Male,Wiggle,Courtship,Active wiggle,Female,2,,STOP
1041.969,D:/Pipefish Mesocosm Film/Trial 4/6-12-20/6-12 AM 03.MTS,1598.300,25.0,Male,Inactive,,,,,,START
1054.310,D:/Pipefish Mesocosm Film/Trial 4/6-12-20/6-12 AM 03.MTS,1598.300,25.0,Female,Move away,,,,,,POINT
1055.354,D:/Pipefish Mesocosm Film/Trial 4/6-12-20/6-12 AM 03.MTS,1598.300,25.0,Male,Touch,,,,,,POINT
1058.869,D:/Pipefish Mesocosm Film/Trial 4/6-12-20/6-12 AM 03.MTS,1598.300,25.0,Female,Move away,,,,,,POINT
1062.191,D:/Pipefish Mesocosm Film/Trial 4/6-12-20/6-12 AM 03.MTS,1598.300,25.0,Male,Follow,,,,,,POINT
1068.076,D:/Pipefish Mesocosm Film/Trial 4/6-12-20/6-12 AM 03.MTS,1598.300,25.0,Female,Inactive,,,,,,STOP
1068.077,D:/Pipefish Mesocosm Film/Trial 4/6-12-20/6-12 AM 03.MTS,1598.300,25.0,Female,Wiggle,Courtship,Active wiggle,Male,2,,START
1072.729,D:/Pipefish Mesocosm Film/Trial 4/6-12-20/6-12 AM 03.MTS,1598.300,25.0,Female,Wiggle,Courtship,Active wiggle,Male,2,,STOP
1072.730,D:/Pipefish Mesocosm Film/Trial 4/6-12-20/6-12 AM 03.MTS,1598.300,25.0,Female,Pose,,Non-s pose,Male,Front,,START
1081.938,D:/Pipefish Mesocosm Film/Trial 4/6-12-20/6-12 AM 03.MTS,1598.300,25.0,Female,Pose,,Non-s pose,Male,Front,,STOP
1081.939,D:/Pipefish Mesocosm Film/Trial 4/6-12-20/6-12 AM 03.MTS,1598.300,25.0,Female,Inactive,,,,,,START
1092.859,D:/Pipefish Mesocosm Film/Trial 4/6-12-20/6-12 AM 03.MTS,1598.300,25.0,Female,Move away,,,,,,POINT
1103.111,D:/Pipefish Mesocosm Film/Trial 4/6-12-20/6-12 AM 03.MTS,1598.300,25.0,Female,Move away,,,,,,POINT
1120.772,D:/Pipefish Mesocosm Film/Trial 4/6-12-20/6-12 AM 03.MTS,1598.300,25.0,Female,Move away,,,,,,POINT
1123.146,D:/Pipefish Mesocosm Film/Trial 4/6-12-20/6-12 AM 03.MTS,1598.300,25.0,Male,Follow,,,,,,POINT
1132.730,D:/Pipefish Mesocosm Film/Trial 4/6-12-20/6-12 AM 03.MTS,1598.300,25.0,Female,Inactive,,,,,,STOP
1133.399,D:/Pipefish Mesocosm Film/Trial 4/6-12-20/6-12 AM 03.MTS,1598.300,25.0,Male,Inactive,,,,,,STOP
1133.401,D:/Pipefish Mesocosm Film/Trial 4/6-12-20/6-12 AM 03.MTS,1598.300,25.0,,Stop,,,,,,POINT
1415.766,D:/Pipefish Mesocosm Film/Trial 4/6-12-20/6-12 AM 03.MTS,1598.300,25.0,,Start,,,,,,POINT
1416.145,D:/Pipefish Mesocosm Film/Trial 4/6-12-20/6-12 AM 03.MTS,1598.300,25.0,Female,Inactive,,,,,,START
1416.621,D:/Pipefish Mesocosm Film/Trial 4/6-12-20/6-12 AM 03.MTS,1598.300,25.0,Male,Wiggle,Courtship,Subtle wiggle,Female,2,,START
1418.424,D:/Pipefish Mesocosm Film/Trial 4/6-12-20/6-12 AM 03.MTS,1598.300,25.0,Female,Inactive,,,,,,STOP
1418.425,D:/Pipefish Mesocosm Film/Trial 4/6-12-20/6-12 AM 03.MTS,1598.300,25.0,Female,Pose,,Non-s pose,Male,Front,,START
1418.614,D:/Pipefish Mesocosm Film/Trial 4/6-12-20/6-12 AM 03.MTS,1598.300,25.0,Male,Wiggle,Courtship,Subtle wiggle,Female,2,,STOP
1418.615,D:/Pipefish Mesocosm Film/Trial 4/6-12-20/6-12 AM 03.MTS,1598.300,25.0,Male,Inactive,,,,,,START
1419.563,D:/Pipefish Mesocosm Film/Trial 4/6-12-20/6-12 AM 03.MTS,1598.300,25.0,Female,Pose,,Non-s pose,Male,Front,,STOP
1419.564,D:/Pipefish Mesocosm Film/Trial 4/6-12-20/6-12 AM 03.MTS,1598.300,25.0,Female,Wiggle,Courtship,Active wiggle,Male,2,,START
1424.595,D:/Pipefish Mesocosm Film/Trial 4/6-12-20/6-12 AM 03.MTS,1598.300,25.0,Female,Wiggle,Courtship,Active wiggle,Male,2,,STOP
1424.596,D:/Pipefish Mesocosm Film/Trial 4/6-12-20/6-12 AM 03.MTS,1598.300,25.0,Female,Pose,,Non-s pose,Male,Front,,START
1426.968,D:/Pipefish Mesocosm Film/Trial 4/6-12-20/6-12 AM 03.MTS,1598.300,25.0,Female,Pose,,Non-s pose,Male,Front,,STOP
1426.969,D:/Pipefish Mesocosm Film/Trial 4/6-12-20/6-12 AM 03.MTS,1598.300,25.0,Female,Inactive,,,,,,START
1439.979,D:/Pipefish Mesocosm Film/Trial 4/6-12-20/6-12 AM 03.MTS,1598.300,25.0,Male,Move away,,,,,,POINT
1469.602,D:/Pipefish Mesocosm Film/Trial 4/6-12-20/6-12 AM 03.MTS,1598.300,25.0,Male,Move away,,,,,,POINT
1494.666,D:/Pipefish Mesocosm Film/Trial 4/6-12-20/6-12 AM 03.MTS,1598.300,25.0,Male,Inactive,,,,,,STOP
1494.952,D:/Pipefish Mesocosm Film/Trial 4/6-12-20/6-12 AM 03.MTS,1598.300,25.0,Female,Inactive,,,,,,STOP
1494.954,D:/Pipefish Mesocosm Film/Trial 4/6-12-20/6-12 AM 03.MTS,1598.300,25.0,,Stop,,,,,,POINT
