Observation id,T403AM3_01,,,,,,,,,,
,,,,,,,,,,,
Media file(s),,,,,,,,,,,
,,,,,,,,,,,
Player #1,D:/Pipefish Mesocosm Film/Trial 4/6-12-20/6-12 AM 03.MTS,,,,,,,,,,
,,,,,,,,,,,
Observation date,2021-06-24 16:02:58,,,,,,,,,,
,,,,,,,,,,,
Description,Video T403 AM03 starting at 11.13,,,,,,,,,,
,,,,,,,,,,,
Time offset (s),0.0,,,,,,,,,,
,,,,,,,,,,,
independent variables,,,,,,,,,,,
variable,value,,,,,,,,,,
Number in group,,,,,,,,,,,
Time of day,,,,,,,,,,,
,,,,,,,,,,,
Time,Media file path,Total length,FPS,Subject,Behavior,Behavioral category,Modifier 1,Modifier 2,Modifier 3,Comment,Status
669.024,D:/Pipefish Mesocosm Film/Trial 4/6-12-20/6-12 AM 03.MTS,1598.300,25.0,,Start,,,,,,POINT
669.025,D:/Pipefish Mesocosm Film/Trial 4/6-12-20/6-12 AM 03.MTS,1598.300,25.0,Female,Inactive,,,,,,START
669.025,D:/Pipefish Mesocosm Film/Trial 4/6-12-20/6-12 AM 03.MTS,1598.300,25.0,Male,Wiggle,Courtship,Active wiggle,Female,2,,START
670.542,D:/Pipefish Mesocosm Film/Trial 4/6-12-20/6-12 AM 03.MTS,1598.300,25.0,Male,Wiggle,Courtship,Active wiggle,Female,2,,STOP
670.543,D:/Pipefish Mesocosm Film/Trial 4/6-12-20/6-12 AM 03.MTS,1598.300,25.0,Male,Inactive,,,,,,START
674.435,D:/Pipefish Mesocosm Film/Trial 4/6-12-20/6-12 AM 03.MTS,1598.300,25.0,Male,Inactive,,,,,,STOP
674.436,D:/Pipefish Mesocosm Film/Trial 4/6-12-20/6-12 AM 03.MTS,1598.300,25.0,Male,Wiggle,Courtship,Active wiggle,Female,2,,START
676.714,D:/Pipefish Mesocosm Film/Trial 4/6-12-20/6-12 AM 03.MTS,1598.300,25.0,Male,Wiggle,Courtship,Active wiggle,Female,2,,STOP
676.715,D:/Pipefish Mesocosm Film/Trial 4/6-12-20/6-12 AM 03.MTS,1598.300,25.0,Male,Inactive,,,,,,START
688.739,D:/Pipefish Mesocosm Film/Trial 4/6-12-20/6-12 AM 03.MTS,1598.300,25.0,Female,Move away,,,,,,POINT
700.261,D:/Pipefish Mesocosm Film/Trial 4/6-12-20/6-12 AM 03.MTS,1598.300,25.0,Male,Move away,,,,,,POINT
717.447,D:/Pipefish Mesocosm Film/Trial 4/6-12-20/6-12 AM 03.MTS,1598.300,25.0,Female,Inactive,,,,,,STOP
717.730,D:/Pipefish Mesocosm Film/Trial 4/6-12-20/6-12 AM 03.MTS,1598.300,25.0,Male,Inactive,,,,,,STOP
717.734,D:/Pipefish Mesocosm Film/Trial 4/6-12-20/6-12 AM 03.MTS,1598.300,25.0,,Stop,,,,,,POINT
