Observation id,T403AM3_02,,,,,,,,,,
,,,,,,,,,,,
Media file(s),,,,,,,,,,,
,,,,,,,,,,,
Player #1,D:/Pipefish Mesocosm Film/Trial 4/6-12-20/6-12 AM 03.MTS,,,,,,,,,,
,,,,,,,,,,,
Observation date,2021-06-25 09:24:36,,,,,,,,,,
,,,,,,,,,,,
Description,Video T403 AM03 at time stamp 14.08,,,,,,,,,,
,,,,,,,,,,,
Time offset (s),0.0,,,,,,,,,,
,,,,,,,,,,,
independent variables,,,,,,,,,,,
variable,value,,,,,,,,,,
Number in group,,,,,,,,,,,
Time of day,,,,,,,,,,,
,,,,,,,,,,,
Time,Media file path,Total length,FPS,Subject,Behavior,Behavioral category,Modifier 1,Modifier 2,Modifier 3,Comment,Status
836.221,D:/Pipefish Mesocosm Film/Trial 4/6-12-20/6-12 AM 03.MTS,1598.300,25.0,,Start,,,,,,POINT
838.785,D:/Pipefish Mesocosm Film/Trial 4/6-12-20/6-12 AM 03.MTS,1598.300,25.0,Female,Inactive,,,,,,START
839.355,D:/Pipefish Mesocosm Film/Trial 4/6-12-20/6-12 AM 03.MTS,1598.300,25.0,Male,Inactive,,,,,,START
842.772,D:/Pipefish Mesocosm Film/Trial 4/6-12-20/6-12 AM 03.MTS,1598.300,25.0,Male,Inactive,,,,,,STOP
842.773,D:/Pipefish Mesocosm Film/Trial 4/6-12-20/6-12 AM 03.MTS,1598.300,25.0,Male,Wiggle,Courtship,Active wiggle,Female,2,,START
846.664,D:/Pipefish Mesocosm Film/Trial 4/6-12-20/6-12 AM 03.MTS,1598.300,25.0,Male,Wiggle,Courtship,Active wiggle,Female,2,,STOP
846.665,D:/Pipefish Mesocosm Film/Trial 4/6-12-20/6-12 AM 03.MTS,1598.300,25.0,Male,Inactive,,,,,,START
859.862,D:/Pipefish Mesocosm Film/Trial 4/6-12-20/6-12 AM 03.MTS,1598.300,25.0,Male,Move away,,,,,,POINT
930.881,D:/Pipefish Mesocosm Film/Trial 4/6-12-20/6-12 AM 03.MTS,1598.300,25.0,Female,Move away,,,,,,POINT
935.152,D:/Pipefish Mesocosm Film/Trial 4/6-12-20/6-12 AM 03.MTS,1598.300,25.0,Female,Inactive,,,,,,STOP
935.152,D:/Pipefish Mesocosm Film/Trial 4/6-12-20/6-12 AM 03.MTS,1598.300,25.0,Male,Inactive,,,,,,STOP
935.154,D:/Pipefish Mesocosm Film/Trial 4/6-12-20/6-12 AM 03.MTS,1598.300,25.0,,Stop,,,,,,POINT
