Observation id,T404N_02,,,,,,,,,,
,,,,,,,,,,,
Media file(s),,,,,,,,,,,
,,,,,,,,,,,
Player #1,D:/Pipefish Mesocosm Film/Trial 4/7-12-20/7-12 Noon 01.MTS,,,,,,,,,,
,,,,,,,,,,,
Observation date,2021-11-09 11:43:39,,,,,,,,,,
,,,,,,,,,,,
Description,,,,,,,,,,,
,,,,,,,,,,,
Time offset (s),0.0,,,,,,,,,,
,,,,,,,,,,,
independent variables,,,,,,,,,,,
variable,value,,,,,,,,,,
Number in group,,,,,,,,,,,
Time of day,,,,,,,,,,,
,,,,,,,,,,,
Time,Media file path,Total length,FPS,Subject,Behavior,Behavioral category,Modifier 1,Modifier 2,Modifier 3,Comment,Status
1517.357,D:/Pipefish Mesocosm Film/Trial 4/7-12-20/7-12 Noon 01.MTS,2843.540,25.0,,Start,,,,,,POINT
1517.357,D:/Pipefish Mesocosm Film/Trial 4/7-12-20/7-12 Noon 01.MTS,2843.540,25.0,Female,Inactive,,,,,,START
1517.357,D:/Pipefish Mesocosm Film/Trial 4/7-12-20/7-12 Noon 01.MTS,2843.540,25.0,Male,Wiggle,Courtship,Active wiggle,Female,2,,START
1522.767,D:/Pipefish Mesocosm Film/Trial 4/7-12-20/7-12 Noon 01.MTS,2843.540,25.0,Male,Wiggle,Courtship,Active wiggle,Female,2,,STOP
1522.768,D:/Pipefish Mesocosm Film/Trial 4/7-12-20/7-12 Noon 01.MTS,2843.540,25.0,Male,Inactive,,,,,,START
1533.877,D:/Pipefish Mesocosm Film/Trial 4/7-12-20/7-12 Noon 01.MTS,2843.540,25.0,Female,Inactive,,,,,,STOP
1533.877,D:/Pipefish Mesocosm Film/Trial 4/7-12-20/7-12 Noon 01.MTS,2843.540,25.0,Male,Inactive,,,,,,STOP
1534.636,D:/Pipefish Mesocosm Film/Trial 4/7-12-20/7-12 Noon 01.MTS,2843.540,25.0,,Stop,,,,,,POINT
1543.087,D:/Pipefish Mesocosm Film/Trial 4/7-12-20/7-12 Noon 01.MTS,2843.540,25.0,,Start,,,,,,POINT
1543.087,D:/Pipefish Mesocosm Film/Trial 4/7-12-20/7-12 Noon 01.MTS,2843.540,25.0,Male,Wiggle,Courtship,Active wiggle,Female,2,,START
1543.944,D:/Pipefish Mesocosm Film/Trial 4/7-12-20/7-12 Noon 01.MTS,2843.540,25.0,Female,Inactive,,,,,,START
1546.696,D:/Pipefish Mesocosm Film/Trial 4/7-12-20/7-12 Noon 01.MTS,2843.540,25.0,Female,Inactive,,,,,,STOP
1546.697,D:/Pipefish Mesocosm Film/Trial 4/7-12-20/7-12 Noon 01.MTS,2843.540,25.0,Female,Wiggle,Courtship,Active wiggle,Male,2,,START
1547.075,D:/Pipefish Mesocosm Film/Trial 4/7-12-20/7-12 Noon 01.MTS,2843.540,25.0,Male,Wiggle,Courtship,Active wiggle,Female,2,,STOP
1547.076,D:/Pipefish Mesocosm Film/Trial 4/7-12-20/7-12 Noon 01.MTS,2843.540,25.0,Male,Inactive,,,,,,START
1550.017,D:/Pipefish Mesocosm Film/Trial 4/7-12-20/7-12 Noon 01.MTS,2843.540,25.0,Female,Wiggle,Courtship,Active wiggle,Male,2,,STOP
1550.018,D:/Pipefish Mesocosm Film/Trial 4/7-12-20/7-12 Noon 01.MTS,2843.540,25.0,Female,Pose,,S pose,Male,Front,,START
1550.206,D:/Pipefish Mesocosm Film/Trial 4/7-12-20/7-12 Noon 01.MTS,2843.540,25.0,Male,Inactive,,,,,,STOP
1550.207,D:/Pipefish Mesocosm Film/Trial 4/7-12-20/7-12 Noon 01.MTS,2843.540,25.0,Male,Swim away,,,,,,START
1552.485,D:/Pipefish Mesocosm Film/Trial 4/7-12-20/7-12 Noon 01.MTS,2843.540,25.0,Female,Pose,,S pose,Male,Front,,STOP
1552.486,D:/Pipefish Mesocosm Film/Trial 4/7-12-20/7-12 Noon 01.MTS,2843.540,25.0,Female,Inactive,,,,,,START
1555.378,D:/Pipefish Mesocosm Film/Trial 4/7-12-20/7-12 Noon 01.MTS,2843.540,25.0,Female,Inactive,,,,,,STOP
1555.904,D:/Pipefish Mesocosm Film/Trial 4/7-12-20/7-12 Noon 01.MTS,2843.540,25.0,Male,Swim away,,,,,,STOP
1556.284,D:/Pipefish Mesocosm Film/Trial 4/7-12-20/7-12 Noon 01.MTS,2843.540,25.0,,Stop,,,,,,POINT
