Observation id,T404N_01,,,,,,,,,,
,,,,,,,,,,,
Media file(s),,,,,,,,,,,
,,,,,,,,,,,
Player #1,D:/Pipefish Mesocosm Film/Trial 4/7-12-20/7-12 Noon 01.MTS,,,,,,,,,,
Player #1,D:/Pipefish Mesocosm Film/Trial 4/7-12-20/7-12 Noon 02.MTS,,,,,,,,,,
,,,,,,,,,,,
Observation date,2021-11-09 10:12:39,,,,,,,,,,
,,,,,,,,,,,
Description,,,,,,,,,,,
,,,,,,,,,,,
Time offset (s),0.0,,,,,,,,,,
,,,,,,,,,,,
independent variables,,,,,,,,,,,
variable,value,,,,,,,,,,
Number in group,,,,,,,,,,,
Time of day,,,,,,,,,,,
,,,,,,,,,,,
Time,Media file path,Total length,FPS,Subject,Behavior,Behavioral category,Modifier 1,Modifier 2,Modifier 3,Comment,Status
49.032,D:/Pipefish Mesocosm Film/Trial 4/7-12-20/7-12 Noon 01.MTS,3637.360,25.0,,Start,,,,,,POINT
49.032,D:/Pipefish Mesocosm Film/Trial 4/7-12-20/7-12 Noon 01.MTS,3637.360,25.0,Male,Wiggle,Courtship,Active wiggle,Female,2,,START
49.886,D:/Pipefish Mesocosm Film/Trial 4/7-12-20/7-12 Noon 01.MTS,3637.360,25.0,Female,Inactive,,,,,,START
52.924,D:/Pipefish Mesocosm Film/Trial 4/7-12-20/7-12 Noon 01.MTS,3637.360,25.0,Male,Wiggle,Courtship,Active wiggle,Female,2,,STOP
52.925,D:/Pipefish Mesocosm Film/Trial 4/7-12-20/7-12 Noon 01.MTS,3637.360,25.0,Male,Inactive,,,,,,START
62.895,D:/Pipefish Mesocosm Film/Trial 4/7-12-20/7-12 Noon 01.MTS,3637.360,25.0,Female,Inactive,,,,,,STOP
62.895,D:/Pipefish Mesocosm Film/Trial 4/7-12-20/7-12 Noon 01.MTS,3637.360,25.0,Male,Inactive,,,,,,STOP
63.465,D:/Pipefish Mesocosm Film/Trial 4/7-12-20/7-12 Noon 01.MTS,3637.360,25.0,,Stop,,,,,,POINT
322.382,D:/Pipefish Mesocosm Film/Trial 4/7-12-20/7-12 Noon 01.MTS,3637.360,25.0,,Start,,,,,,POINT
323.329,D:/Pipefish Mesocosm Film/Trial 4/7-12-20/7-12 Noon 01.MTS,3637.360,25.0,Male,Wiggle,Courtship,Active wiggle,Female,2,,START
324.183,D:/Pipefish Mesocosm Film/Trial 4/7-12-20/7-12 Noon 01.MTS,3637.360,25.0,Female,Inactive,,,,,,START
327.315,D:/Pipefish Mesocosm Film/Trial 4/7-12-20/7-12 Noon 01.MTS,3637.360,25.0,Male,Wiggle,Courtship,Active wiggle,Female,2,,STOP
327.316,D:/Pipefish Mesocosm Film/Trial 4/7-12-20/7-12 Noon 01.MTS,3637.360,25.0,Male,Inactive,,,,,,START
339.280,D:/Pipefish Mesocosm Film/Trial 4/7-12-20/7-12 Noon 01.MTS,3637.360,25.0,Female,Inactive,,,,,,STOP
339.280,D:/Pipefish Mesocosm Film/Trial 4/7-12-20/7-12 Noon 01.MTS,3637.360,25.0,Male,Inactive,,,,,,STOP
339.564,D:/Pipefish Mesocosm Film/Trial 4/7-12-20/7-12 Noon 01.MTS,3637.360,25.0,,Stop,,,,,,POINT
474.862,D:/Pipefish Mesocosm Film/Trial 4/7-12-20/7-12 Noon 01.MTS,3637.360,25.0,,Start,,,,,,POINT
474.862,D:/Pipefish Mesocosm Film/Trial 4/7-12-20/7-12 Noon 01.MTS,3637.360,25.0,Female,Pose,,S pose,Male,Front,,START
476.570,D:/Pipefish Mesocosm Film/Trial 4/7-12-20/7-12 Noon 01.MTS,3637.360,25.0,Male,Inactive,,,,,,START
480.748,D:/Pipefish Mesocosm Film/Trial 4/7-12-20/7-12 Noon 01.MTS,3637.360,25.0,Female,Pose,,S pose,Male,Front,,STOP
480.749,D:/Pipefish Mesocosm Film/Trial 4/7-12-20/7-12 Noon 01.MTS,3637.360,25.0,Female,Inactive,,,,,,START
508.660,D:/Pipefish Mesocosm Film/Trial 4/7-12-20/7-12 Noon 01.MTS,3637.360,25.0,Female,Inactive,,,,,,STOP
509.512,D:/Pipefish Mesocosm Film/Trial 4/7-12-20/7-12 Noon 01.MTS,3637.360,25.0,Male,Inactive,,,,,,STOP
509.515,D:/Pipefish Mesocosm Film/Trial 4/7-12-20/7-12 Noon 01.MTS,3637.360,25.0,,Stop,,,,,,POINT
700.165,D:/Pipefish Mesocosm Film/Trial 4/7-12-20/7-12 Noon 01.MTS,3637.360,25.0,,Start,,,,,,POINT
700.165,D:/Pipefish Mesocosm Film/Trial 4/7-12-20/7-12 Noon 01.MTS,3637.360,25.0,Female,Inactive,,,,,,START
700.735,D:/Pipefish Mesocosm Film/Trial 4/7-12-20/7-12 Noon 01.MTS,3637.360,25.0,Male,Wiggle,Courtship,Active wiggle,Female,2,,START
704.722,D:/Pipefish Mesocosm Film/Trial 4/7-12-20/7-12 Noon 01.MTS,3637.360,25.0,Male,Wiggle,Courtship,Active wiggle,Female,2,,STOP
704.723,D:/Pipefish Mesocosm Film/Trial 4/7-12-20/7-12 Noon 01.MTS,3637.360,25.0,Male,Inactive,,,,,,START
708.614,D:/Pipefish Mesocosm Film/Trial 4/7-12-20/7-12 Noon 01.MTS,3637.360,25.0,Female,Inactive,,,,,,STOP
708.615,D:/Pipefish Mesocosm Film/Trial 4/7-12-20/7-12 Noon 01.MTS,3637.360,25.0,Female,Wiggle,Courtship,Active wiggle,Male,2,,START
714.595,D:/Pipefish Mesocosm Film/Trial 4/7-12-20/7-12 Noon 01.MTS,3637.360,25.0,Female,Wiggle,Courtship,Active wiggle,Male,2,,STOP
714.596,D:/Pipefish Mesocosm Film/Trial 4/7-12-20/7-12 Noon 01.MTS,3637.360,25.0,Female,Inactive,,,,,,START
732.066,D:/Pipefish Mesocosm Film/Trial 4/7-12-20/7-12 Noon 01.MTS,3637.360,25.0,Male,Inactive,,,,,,STOP
732.447,D:/Pipefish Mesocosm Film/Trial 4/7-12-20/7-12 Noon 01.MTS,3637.360,25.0,Female,Inactive,,,,,,STOP
732.922,D:/Pipefish Mesocosm Film/Trial 4/7-12-20/7-12 Noon 01.MTS,3637.360,25.0,,Stop,,,,,,POINT
906.291,D:/Pipefish Mesocosm Film/Trial 4/7-12-20/7-12 Noon 01.MTS,3637.360,25.0,,Start,,,,,,POINT
906.291,D:/Pipefish Mesocosm Film/Trial 4/7-12-20/7-12 Noon 01.MTS,3637.360,25.0,Female,Wiggle,Courtship,Active wiggle,Female,2,,START
906.861,D:/Pipefish Mesocosm Film/Trial 4/7-12-20/7-12 Noon 01.MTS,3637.360,25.0,Second female,Inactive,,,,,,START
910.659,D:/Pipefish Mesocosm Film/Trial 4/7-12-20/7-12 Noon 01.MTS,3637.360,25.0,Female,Wiggle,Courtship,Active wiggle,Female,2,,STOP
910.660,D:/Pipefish Mesocosm Film/Trial 4/7-12-20/7-12 Noon 01.MTS,3637.360,25.0,Female,Inactive,,,,,,START
914.931,D:/Pipefish Mesocosm Film/Trial 4/7-12-20/7-12 Noon 01.MTS,3637.360,25.0,Female,Inactive,,,,,,STOP
914.931,D:/Pipefish Mesocosm Film/Trial 4/7-12-20/7-12 Noon 01.MTS,3637.360,25.0,Second female,Inactive,,,,,,STOP
916.070,D:/Pipefish Mesocosm Film/Trial 4/7-12-20/7-12 Noon 01.MTS,3637.360,25.0,,Stop,,,,,,POINT
1030.100,D:/Pipefish Mesocosm Film/Trial 4/7-12-20/7-12 Noon 01.MTS,3637.360,25.0,,Start,,,,,,POINT
1030.100,D:/Pipefish Mesocosm Film/Trial 4/7-12-20/7-12 Noon 01.MTS,3637.360,25.0,Female,Pose,,S pose,Male,Front,,START
1030.100,D:/Pipefish Mesocosm Film/Trial 4/7-12-20/7-12 Noon 01.MTS,3637.360,25.0,Male,Inactive,,,,,,START
1034.846,D:/Pipefish Mesocosm Film/Trial 4/7-12-20/7-12 Noon 01.MTS,3637.360,25.0,Female,Pose,,S pose,Male,Front,,STOP
1034.847,D:/Pipefish Mesocosm Film/Trial 4/7-12-20/7-12 Noon 01.MTS,3637.360,25.0,Female,Inactive,,,,,,START
1051.652,D:/Pipefish Mesocosm Film/Trial 4/7-12-20/7-12 Noon 01.MTS,3637.360,25.0,Female,Inactive,,,,,,STOP
1051.652,D:/Pipefish Mesocosm Film/Trial 4/7-12-20/7-12 Noon 01.MTS,3637.360,25.0,Male,Inactive,,,,,,STOP
1052.886,D:/Pipefish Mesocosm Film/Trial 4/7-12-20/7-12 Noon 01.MTS,3637.360,25.0,,Stop,,,,,,POINT
1507.767,D:/Pipefish Mesocosm Film/Trial 4/7-12-20/7-12 Noon 01.MTS,3637.360,25.0,,Start,,,,,,POINT
1507.767,D:/Pipefish Mesocosm Film/Trial 4/7-12-20/7-12 Noon 01.MTS,3637.360,25.0,Female,Pose,,S pose,Male,Front,,START
1508.242,D:/Pipefish Mesocosm Film/Trial 4/7-12-20/7-12 Noon 01.MTS,3637.360,25.0,Male,Inactive,,,,,,START
1520.583,D:/Pipefish Mesocosm Film/Trial 4/7-12-20/7-12 Noon 01.MTS,3637.360,25.0,Female,Pose,,S pose,Male,Front,,STOP
1520.584,D:/Pipefish Mesocosm Film/Trial 4/7-12-20/7-12 Noon 01.MTS,3637.360,25.0,Female,Inactive,,,,,,START
1521.344,D:/Pipefish Mesocosm Film/Trial 4/7-12-20/7-12 Noon 01.MTS,3637.360,25.0,Male,Inactive,,,,,,STOP
1521.345,D:/Pipefish Mesocosm Film/Trial 4/7-12-20/7-12 Noon 01.MTS,3637.360,25.0,Male,Wiggle,Courtship,Active wiggle,Female,3,,START
1523.623,D:/Pipefish Mesocosm Film/Trial 4/7-12-20/7-12 Noon 01.MTS,3637.360,25.0,Male,Wiggle,Courtship,Active wiggle,Female,3,,STOP
1523.624,D:/Pipefish Mesocosm Film/Trial 4/7-12-20/7-12 Noon 01.MTS,3637.360,25.0,Male,Inactive,,,,,,START
1527.611,D:/Pipefish Mesocosm Film/Trial 4/7-12-20/7-12 Noon 01.MTS,3637.360,25.0,Second female,Pose,,S pose,Male,Front,,START
1531.407,D:/Pipefish Mesocosm Film/Trial 4/7-12-20/7-12 Noon 01.MTS,3637.360,25.0,Second female,Pose,,S pose,Male,Front,,STOP
1531.408,D:/Pipefish Mesocosm Film/Trial 4/7-12-20/7-12 Noon 01.MTS,3637.360,25.0,Second female,Inactive,,,,,,START
1534.354,D:/Pipefish Mesocosm Film/Trial 4/7-12-20/7-12 Noon 01.MTS,3637.360,25.0,Second female,Inactive,,,,,,STOP
1534.354,D:/Pipefish Mesocosm Film/Trial 4/7-12-20/7-12 Noon 01.MTS,3637.360,25.0,Second female,Leave group,,,,,,POINT
1536.723,D:/Pipefish Mesocosm Film/Trial 4/7-12-20/7-12 Noon 01.MTS,3637.360,25.0,Male,Inactive,,,,,,STOP
1536.724,D:/Pipefish Mesocosm Film/Trial 4/7-12-20/7-12 Noon 01.MTS,3637.360,25.0,Male,Wiggle,Courtship,Active wiggle,Female,3,,START
1545.745,D:/Pipefish Mesocosm Film/Trial 4/7-12-20/7-12 Noon 01.MTS,3637.360,25.0,Male,Wiggle,Courtship,Active wiggle,Female,3,,STOP
1545.746,D:/Pipefish Mesocosm Film/Trial 4/7-12-20/7-12 Noon 01.MTS,3637.360,25.0,Male,Inactive,,,,,,START
1606.414,D:/Pipefish Mesocosm Film/Trial 4/7-12-20/7-12 Noon 01.MTS,3637.360,25.0,Female,Inactive,,,,,,STOP
1606.415,D:/Pipefish Mesocosm Film/Trial 4/7-12-20/7-12 Noon 01.MTS,3637.360,25.0,Male,Inactive,,,,,,STOP
1607.365,D:/Pipefish Mesocosm Film/Trial 4/7-12-20/7-12 Noon 01.MTS,3637.360,25.0,,Stop,,,,,,POINT
1630.246,D:/Pipefish Mesocosm Film/Trial 4/7-12-20/7-12 Noon 01.MTS,3637.360,25.0,,Start,,,,,,POINT
1632.826,D:/Pipefish Mesocosm Film/Trial 4/7-12-20/7-12 Noon 01.MTS,3637.360,25.0,Female,Pose,,S pose,Male,Front,,START
1632.999,D:/Pipefish Mesocosm Film/Trial 4/7-12-20/7-12 Noon 01.MTS,3637.360,25.0,Male,Wiggle,Courtship,Active wiggle,Female,2,,START
1636.797,D:/Pipefish Mesocosm Film/Trial 4/7-12-20/7-12 Noon 01.MTS,3637.360,25.0,Male,Wiggle,Courtship,Active wiggle,Female,2,,STOP
1636.798,D:/Pipefish Mesocosm Film/Trial 4/7-12-20/7-12 Noon 01.MTS,3637.360,25.0,Male,Inactive,,,,,,START
1638.221,D:/Pipefish Mesocosm Film/Trial 4/7-12-20/7-12 Noon 01.MTS,3637.360,25.0,Female,Pose,,S pose,Male,Front,,STOP
1638.222,D:/Pipefish Mesocosm Film/Trial 4/7-12-20/7-12 Noon 01.MTS,3637.360,25.0,Female,Inactive,,,,,,START
1657.493,D:/Pipefish Mesocosm Film/Trial 4/7-12-20/7-12 Noon 01.MTS,3637.360,25.0,Male,Inactive,,,,,,STOP
1657.494,D:/Pipefish Mesocosm Film/Trial 4/7-12-20/7-12 Noon 01.MTS,3637.360,25.0,Male,Swim away,,,,,,START
1662.906,D:/Pipefish Mesocosm Film/Trial 4/7-12-20/7-12 Noon 01.MTS,3637.360,25.0,Male,Swim away,,,,,,STOP
1662.907,D:/Pipefish Mesocosm Film/Trial 4/7-12-20/7-12 Noon 01.MTS,3637.360,25.0,Male,Inactive,,,,,,START
1675.439,D:/Pipefish Mesocosm Film/Trial 4/7-12-20/7-12 Noon 01.MTS,3637.360,25.0,Male,Inactive,,,,,,STOP
1675.726,D:/Pipefish Mesocosm Film/Trial 4/7-12-20/7-12 Noon 01.MTS,3637.360,25.0,Female,Inactive,,,,,,STOP
1676.961,D:/Pipefish Mesocosm Film/Trial 4/7-12-20/7-12 Noon 01.MTS,3637.360,25.0,,Stop,,,,,,POINT
1690.347,D:/Pipefish Mesocosm Film/Trial 4/7-12-20/7-12 Noon 01.MTS,3637.360,25.0,,Start,,,,,,POINT
1690.347,D:/Pipefish Mesocosm Film/Trial 4/7-12-20/7-12 Noon 01.MTS,3637.360,25.0,Female,Inactive,,,,,,START
1690.347,D:/Pipefish Mesocosm Film/Trial 4/7-12-20/7-12 Noon 01.MTS,3637.360,25.0,Male,Wiggle,Courtship,Active wiggle,Female,2,,START
1693.859,D:/Pipefish Mesocosm Film/Trial 4/7-12-20/7-12 Noon 01.MTS,3637.360,25.0,Male,Wiggle,Courtship,Active wiggle,Female,2,,STOP
1693.860,D:/Pipefish Mesocosm Film/Trial 4/7-12-20/7-12 Noon 01.MTS,3637.360,25.0,Male,Inactive,,,,,,START
1753.961,D:/Pipefish Mesocosm Film/Trial 4/7-12-20/7-12 Noon 01.MTS,3637.360,25.0,Female,Inactive,,,,,,STOP
1753.961,D:/Pipefish Mesocosm Film/Trial 4/7-12-20/7-12 Noon 01.MTS,3637.360,25.0,Male,Inactive,,,,,,STOP
1755.479,D:/Pipefish Mesocosm Film/Trial 4/7-12-20/7-12 Noon 01.MTS,3637.360,25.0,,Stop,,,,,,POINT
1877.769,D:/Pipefish Mesocosm Film/Trial 4/7-12-20/7-12 Noon 01.MTS,3637.360,25.0,,Start,,,,,,POINT
1877.769,D:/Pipefish Mesocosm Film/Trial 4/7-12-20/7-12 Noon 01.MTS,3637.360,25.0,Male,Wiggle,Courtship,Active wiggle,Female,2,,START
1878.907,D:/Pipefish Mesocosm Film/Trial 4/7-12-20/7-12 Noon 01.MTS,3637.360,25.0,Female,Inactive,,,,,,START
1881.662,D:/Pipefish Mesocosm Film/Trial 4/7-12-20/7-12 Noon 01.MTS,3637.360,25.0,Male,Wiggle,Courtship,Active wiggle,Female,2,,STOP
1881.663,D:/Pipefish Mesocosm Film/Trial 4/7-12-20/7-12 Noon 01.MTS,3637.360,25.0,Male,Inactive,,,,,,START
1890.868,D:/Pipefish Mesocosm Film/Trial 4/7-12-20/7-12 Noon 01.MTS,3637.360,25.0,Male,Inactive,,,,,,STOP
1890.869,D:/Pipefish Mesocosm Film/Trial 4/7-12-20/7-12 Noon 01.MTS,3637.360,25.0,Male,Wiggle,Courtship,Active wiggle,Female,3,,START
1892.767,D:/Pipefish Mesocosm Film/Trial 4/7-12-20/7-12 Noon 01.MTS,3637.360,25.0,Male,Wiggle,Courtship,Active wiggle,Female,3,,STOP
1892.768,D:/Pipefish Mesocosm Film/Trial 4/7-12-20/7-12 Noon 01.MTS,3637.360,25.0,Male,Inactive,,,,,,START
1950.307,D:/Pipefish Mesocosm Film/Trial 4/7-12-20/7-12 Noon 01.MTS,3637.360,25.0,Female,Inactive,,,,,,STOP
1950.307,D:/Pipefish Mesocosm Film/Trial 4/7-12-20/7-12 Noon 01.MTS,3637.360,25.0,Male,Inactive,,,,,,STOP
1951.161,D:/Pipefish Mesocosm Film/Trial 4/7-12-20/7-12 Noon 01.MTS,3637.360,25.0,,Stop,,,,,,POINT
2827.600,D:/Pipefish Mesocosm Film/Trial 4/7-12-20/7-12 Noon 01.MTS,3637.360,25.0,,Start,,,,,,POINT
2827.600,D:/Pipefish Mesocosm Film/Trial 4/7-12-20/7-12 Noon 01.MTS,3637.360,25.0,Male,Wiggle,Courtship,Active wiggle,Female,2,,START
2828.357,D:/Pipefish Mesocosm Film/Trial 4/7-12-20/7-12 Noon 01.MTS,3637.360,25.0,Female,Pose,,Non-s pose,Male,Front,,START
2833.486,D:/Pipefish Mesocosm Film/Trial 4/7-12-20/7-12 Noon 01.MTS,3637.360,25.0,Female,Pose,,Non-s pose,Male,Front,,STOP
2833.487,D:/Pipefish Mesocosm Film/Trial 4/7-12-20/7-12 Noon 01.MTS,3637.360,25.0,Female,Inactive,,,,,,START
2834.245,D:/Pipefish Mesocosm Film/Trial 4/7-12-20/7-12 Noon 01.MTS,3637.360,25.0,Male,Wiggle,Courtship,Active wiggle,Female,2,,STOP
2834.246,D:/Pipefish Mesocosm Film/Trial 4/7-12-20/7-12 Noon 01.MTS,3637.360,25.0,Male,Inactive,,,,,,START
2843.540,D:/Pipefish Mesocosm Film/Trial 4/7-12-20/7-12 Noon 02.MTS,3637.360,25.0,Female,Inactive,,,,,,STOP
2852.979,D:/Pipefish Mesocosm Film/Trial 4/7-12-20/7-12 Noon 02.MTS,3637.360,25.0,Male,Inactive,,,,,,STOP
2853.739,D:/Pipefish Mesocosm Film/Trial 4/7-12-20/7-12 Noon 02.MTS,3637.360,25.0,,Stop,,,,,,POINT
