Observation id,T407N_03,,,,,,,,,,
,,,,,,,,,,,
Media file(s),,,,,,,,,,,
,,,,,,,,,,,
Player #1,D:/Pipefish Mesocosm Film/Trial 4/10-12-20/10-12 Noon 01.MTS,,,,,,,,,,
,,,,,,,,,,,
Observation date,2021-12-15 14:07:38,,,,,,,,,,
,,,,,,,,,,,
Description,,,,,,,,,,,
,,,,,,,,,,,
Time offset (s),0.0,,,,,,,,,,
,,,,,,,,,,,
independent variables,,,,,,,,,,,
variable,value,,,,,,,,,,
Number in group,,,,,,,,,,,
Time of day,,,,,,,,,,,
,,,,,,,,,,,
Time,Media file path,Total length,FPS,Subject,Behavior,Behavioral category,Modifier 1,Modifier 2,Modifier 3,Comment,Status
94.988,D:/Pipefish Mesocosm Film/Trial 4/10-12-20/10-12 Noon 01.MTS,2816.660,25.0,,Start,,,,,,POINT
95.461,D:/Pipefish Mesocosm Film/Trial 4/10-12-20/10-12 Noon 01.MTS,2816.660,25.0,Female,Inactive,,,,,,START
95.461,D:/Pipefish Mesocosm Film/Trial 4/10-12-20/10-12 Noon 01.MTS,2816.660,25.0,Male,Wiggle,Courtship,Active wiggle,Female,2,,START
102.580,D:/Pipefish Mesocosm Film/Trial 4/10-12-20/10-12 Noon 01.MTS,2816.660,25.0,Male,Wiggle,Courtship,Active wiggle,Female,2,,STOP
102.581,D:/Pipefish Mesocosm Film/Trial 4/10-12-20/10-12 Noon 01.MTS,2816.660,25.0,Male,Inactive,,,,,,START
166.005,D:/Pipefish Mesocosm Film/Trial 4/10-12-20/10-12 Noon 01.MTS,2816.660,25.0,Female,Inactive,,,,,,STOP
166.005,D:/Pipefish Mesocosm Film/Trial 4/10-12-20/10-12 Noon 01.MTS,2816.660,25.0,Male,Inactive,,,,,,STOP
166.576,D:/Pipefish Mesocosm Film/Trial 4/10-12-20/10-12 Noon 01.MTS,2816.660,25.0,,Stop,,,,,,POINT
205.599,D:/Pipefish Mesocosm Film/Trial 4/10-12-20/10-12 Noon 01.MTS,2816.660,25.0,,Start,,,,,,POINT
205.599,D:/Pipefish Mesocosm Film/Trial 4/10-12-20/10-12 Noon 01.MTS,2816.660,25.0,Female,Pose,,S pose,Male,Front,,START
207.210,D:/Pipefish Mesocosm Film/Trial 4/10-12-20/10-12 Noon 01.MTS,2816.660,25.0,Male,Wiggle,Courtship,Active wiggle,Female,2,,START
210.819,D:/Pipefish Mesocosm Film/Trial 4/10-12-20/10-12 Noon 01.MTS,2816.660,25.0,Male,Wiggle,Courtship,Active wiggle,Female,2,,STOP
210.820,D:/Pipefish Mesocosm Film/Trial 4/10-12-20/10-12 Noon 01.MTS,2816.660,25.0,Male,Inactive,,,,,,START
214.899,D:/Pipefish Mesocosm Film/Trial 4/10-12-20/10-12 Noon 01.MTS,2816.660,25.0,Female,Pose,,S pose,Male,Front,,STOP
214.900,D:/Pipefish Mesocosm Film/Trial 4/10-12-20/10-12 Noon 01.MTS,2816.660,25.0,Female,Inactive,,,,,,START
219.365,D:/Pipefish Mesocosm Film/Trial 4/10-12-20/10-12 Noon 01.MTS,2816.660,25.0,Male,Inactive,,,,,,STOP
219.366,D:/Pipefish Mesocosm Film/Trial 4/10-12-20/10-12 Noon 01.MTS,2816.660,25.0,Male,Wiggle,Courtship,Subtle wiggle,Female,2,,START
223.066,D:/Pipefish Mesocosm Film/Trial 4/10-12-20/10-12 Noon 01.MTS,2816.660,25.0,Male,Wiggle,Courtship,Subtle wiggle,Female,2,,STOP
223.067,D:/Pipefish Mesocosm Film/Trial 4/10-12-20/10-12 Noon 01.MTS,2816.660,25.0,Male,Inactive,,,,,,START
278.608,D:/Pipefish Mesocosm Film/Trial 4/10-12-20/10-12 Noon 01.MTS,2816.660,25.0,Male,Inactive,,,,,,STOP
278.609,D:/Pipefish Mesocosm Film/Trial 4/10-12-20/10-12 Noon 01.MTS,2816.660,25.0,Male,Wiggle,Courtship,Active wiggle,Female,2,,START
283.640,D:/Pipefish Mesocosm Film/Trial 4/10-12-20/10-12 Noon 01.MTS,2816.660,25.0,Male,Wiggle,Courtship,Active wiggle,Female,2,,STOP
283.641,D:/Pipefish Mesocosm Film/Trial 4/10-12-20/10-12 Noon 01.MTS,2816.660,25.0,Male,Inactive,,,,,,START
309.022,D:/Pipefish Mesocosm Film/Trial 4/10-12-20/10-12 Noon 01.MTS,2816.660,25.0,Female,Inactive,,,,,,STOP
338.236,D:/Pipefish Mesocosm Film/Trial 4/10-12-20/10-12 Noon 01.MTS,2816.660,25.0,Female,Pose,,S pose,Male,Front,,START
340.608,D:/Pipefish Mesocosm Film/Trial 4/10-12-20/10-12 Noon 01.MTS,2816.660,25.0,Female,Pose,,S pose,Male,Front,,STOP
340.609,D:/Pipefish Mesocosm Film/Trial 4/10-12-20/10-12 Noon 01.MTS,2816.660,25.0,Female,Inactive,,,,,,START
357.130,D:/Pipefish Mesocosm Film/Trial 4/10-12-20/10-12 Noon 01.MTS,2816.660,25.0,Female,Inactive,,,,,,STOP
357.130,D:/Pipefish Mesocosm Film/Trial 4/10-12-20/10-12 Noon 01.MTS,2816.660,25.0,Male,Inactive,,,,,,STOP
357.808,D:/Pipefish Mesocosm Film/Trial 4/10-12-20/10-12 Noon 01.MTS,2816.660,25.0,,Stop,,,,,,POINT
365.960,D:/Pipefish Mesocosm Film/Trial 4/10-12-20/10-12 Noon 01.MTS,2816.660,25.0,,Start,,,,,,POINT
366.814,D:/Pipefish Mesocosm Film/Trial 4/10-12-20/10-12 Noon 01.MTS,2816.660,25.0,Male,Wiggle,Courtship,Active wiggle,Female,2,,START
368.996,D:/Pipefish Mesocosm Film/Trial 4/10-12-20/10-12 Noon 01.MTS,2816.660,25.0,Female,Pose,,S pose,Male,Front,,START
369.756,D:/Pipefish Mesocosm Film/Trial 4/10-12-20/10-12 Noon 01.MTS,2816.660,25.0,Male,Wiggle,Courtship,Active wiggle,Female,2,,STOP
369.757,D:/Pipefish Mesocosm Film/Trial 4/10-12-20/10-12 Noon 01.MTS,2816.660,25.0,Male,Inactive,,,,,,START
375.737,D:/Pipefish Mesocosm Film/Trial 4/10-12-20/10-12 Noon 01.MTS,2816.660,25.0,Female,Pose,,S pose,Male,Front,,STOP
375.738,D:/Pipefish Mesocosm Film/Trial 4/10-12-20/10-12 Noon 01.MTS,2816.660,25.0,Female,Inactive,,,,,,START
433.654,D:/Pipefish Mesocosm Film/Trial 4/10-12-20/10-12 Noon 01.MTS,2816.660,25.0,Female,Inactive,,,,,,STOP
433.654,D:/Pipefish Mesocosm Film/Trial 4/10-12-20/10-12 Noon 01.MTS,2816.660,25.0,Male,Inactive,,,,,,STOP
434.607,D:/Pipefish Mesocosm Film/Trial 4/10-12-20/10-12 Noon 01.MTS,2816.660,25.0,,Stop,,,,,,POINT
667.223,D:/Pipefish Mesocosm Film/Trial 4/10-12-20/10-12 Noon 01.MTS,2816.660,25.0,,Start,,,,,,POINT
667.798,D:/Pipefish Mesocosm Film/Trial 4/10-12-20/10-12 Noon 01.MTS,2816.660,25.0,Female,Inactive,,,,,,START
667.798,D:/Pipefish Mesocosm Film/Trial 4/10-12-20/10-12 Noon 01.MTS,2816.660,25.0,Male,Wiggle,Courtship,Subtle wiggle,Female,2,,START
671.304,D:/Pipefish Mesocosm Film/Trial 4/10-12-20/10-12 Noon 01.MTS,2816.660,25.0,Male,Wiggle,Courtship,Subtle wiggle,Female,2,,STOP
671.305,D:/Pipefish Mesocosm Film/Trial 4/10-12-20/10-12 Noon 01.MTS,2816.660,25.0,Male,Inactive,,,,,,START
703.799,D:/Pipefish Mesocosm Film/Trial 4/10-12-20/10-12 Noon 01.MTS,2816.660,25.0,Male,Inactive,,,,,,STOP
703.800,D:/Pipefish Mesocosm Film/Trial 4/10-12-20/10-12 Noon 01.MTS,2816.660,25.0,Male,Wiggle,Courtship,Active wiggle,Female,3,,START
707.096,D:/Pipefish Mesocosm Film/Trial 4/10-12-20/10-12 Noon 01.MTS,2816.660,25.0,Male,Wiggle,Courtship,Active wiggle,Female,3,,STOP
707.097,D:/Pipefish Mesocosm Film/Trial 4/10-12-20/10-12 Noon 01.MTS,2816.660,25.0,Male,Inactive,,,,,,START
736.249,D:/Pipefish Mesocosm Film/Trial 4/10-12-20/10-12 Noon 01.MTS,2816.660,25.0,Female,Inactive,,,,,,STOP
736.249,D:/Pipefish Mesocosm Film/Trial 4/10-12-20/10-12 Noon 01.MTS,2816.660,25.0,Male,Inactive,,,,,,STOP
736.822,D:/Pipefish Mesocosm Film/Trial 4/10-12-20/10-12 Noon 01.MTS,2816.660,25.0,,Stop,,,,,,POINT
759.033,D:/Pipefish Mesocosm Film/Trial 4/10-12-20/10-12 Noon 01.MTS,2816.660,25.0,,Start,,,,,,POINT
759.033,D:/Pipefish Mesocosm Film/Trial 4/10-12-20/10-12 Noon 01.MTS,2816.660,25.0,Female,Inactive,,,,,,START
759.033,D:/Pipefish Mesocosm Film/Trial 4/10-12-20/10-12 Noon 01.MTS,2816.660,25.0,Male,Wiggle,Courtship,Active wiggle,Female,2,,START
762.643,D:/Pipefish Mesocosm Film/Trial 4/10-12-20/10-12 Noon 01.MTS,2816.660,25.0,Male,Wiggle,Courtship,Active wiggle,Female,2,,STOP
762.644,D:/Pipefish Mesocosm Film/Trial 4/10-12-20/10-12 Noon 01.MTS,2816.660,25.0,Male,Inactive,,,,,,START
791.977,D:/Pipefish Mesocosm Film/Trial 4/10-12-20/10-12 Noon 01.MTS,2816.660,25.0,Female,Inactive,,,,,,STOP
791.977,D:/Pipefish Mesocosm Film/Trial 4/10-12-20/10-12 Noon 01.MTS,2816.660,25.0,Male,Inactive,,,,,,STOP
792.546,D:/Pipefish Mesocosm Film/Trial 4/10-12-20/10-12 Noon 01.MTS,2816.660,25.0,,Stop,,,,,,POINT
799.293,D:/Pipefish Mesocosm Film/Trial 4/10-12-20/10-12 Noon 01.MTS,2816.660,25.0,,Start,,,,,,POINT
799.293,D:/Pipefish Mesocosm Film/Trial 4/10-12-20/10-12 Noon 01.MTS,2816.660,25.0,Female,Pose,,S pose,Male,Front,,START
799.293,D:/Pipefish Mesocosm Film/Trial 4/10-12-20/10-12 Noon 01.MTS,2816.660,25.0,Male,Move away,,,,,,POINT
808.410,D:/Pipefish Mesocosm Film/Trial 4/10-12-20/10-12 Noon 01.MTS,2816.660,25.0,Female,Pose,,S pose,Male,Front,,STOP
808.411,D:/Pipefish Mesocosm Film/Trial 4/10-12-20/10-12 Noon 01.MTS,2816.660,25.0,Female,Inactive,,,,,,START
838.037,D:/Pipefish Mesocosm Film/Trial 4/10-12-20/10-12 Noon 01.MTS,2816.660,25.0,Female,Inactive,,,,,,STOP
838.037,D:/Pipefish Mesocosm Film/Trial 4/10-12-20/10-12 Noon 01.MTS,2816.660,25.0,Male,Move away,,,,,,POINT
838.039,D:/Pipefish Mesocosm Film/Trial 4/10-12-20/10-12 Noon 01.MTS,2816.660,25.0,,Stop,,,,,,POINT
856.256,D:/Pipefish Mesocosm Film/Trial 4/10-12-20/10-12 Noon 01.MTS,2816.660,25.0,,Start,,,,,,POINT
856.256,D:/Pipefish Mesocosm Film/Trial 4/10-12-20/10-12 Noon 01.MTS,2816.660,25.0,Female,Wiggle,Courtship,Active wiggle,Male,2,,START
857.109,D:/Pipefish Mesocosm Film/Trial 4/10-12-20/10-12 Noon 01.MTS,2816.660,25.0,Male,Inactive,,,,,,START
860.337,D:/Pipefish Mesocosm Film/Trial 4/10-12-20/10-12 Noon 01.MTS,2816.660,25.0,Female,Wiggle,Courtship,Active wiggle,Male,2,,STOP
860.338,D:/Pipefish Mesocosm Film/Trial 4/10-12-20/10-12 Noon 01.MTS,2816.660,25.0,Female,Inactive,,,,,,START
865.654,D:/Pipefish Mesocosm Film/Trial 4/10-12-20/10-12 Noon 01.MTS,2816.660,25.0,Male,Inactive,,,,,,STOP
865.655,D:/Pipefish Mesocosm Film/Trial 4/10-12-20/10-12 Noon 01.MTS,2816.660,25.0,Male,Wiggle,Courtship,Active wiggle,Female,2,,START
868.691,D:/Pipefish Mesocosm Film/Trial 4/10-12-20/10-12 Noon 01.MTS,2816.660,25.0,Male,Wiggle,Courtship,Active wiggle,Female,2,,STOP
868.692,D:/Pipefish Mesocosm Film/Trial 4/10-12-20/10-12 Noon 01.MTS,2816.660,25.0,Male,Inactive,,,,,,START
891.447,D:/Pipefish Mesocosm Film/Trial 4/10-12-20/10-12 Noon 01.MTS,2816.660,25.0,Female,Inactive,,,,,,STOP
891.448,D:/Pipefish Mesocosm Film/Trial 4/10-12-20/10-12 Noon 01.MTS,2816.660,25.0,Female,Out of sight,,,,,,START
897.084,D:/Pipefish Mesocosm Film/Trial 4/10-12-20/10-12 Noon 01.MTS,2816.660,25.0,Female,Out of sight,,,,,,STOP
897.084,D:/Pipefish Mesocosm Film/Trial 4/10-12-20/10-12 Noon 01.MTS,2816.660,25.0,Male,Inactive,,,,,,STOP
897.653,D:/Pipefish Mesocosm Film/Trial 4/10-12-20/10-12 Noon 01.MTS,2816.660,25.0,,Stop,,,,,,POINT
