Observation id,T407N_02,,,,,,,,,,
,,,,,,,,,,,
Media file(s),,,,,,,,,,,
,,,,,,,,,,,
Player #1,D:/Pipefish Mesocosm Film/Trial 4/10-12-20/10-12 Noon 01.MTS,,,,,,,,,,
,,,,,,,,,,,
Observation date,2021-12-14 09:50:09,,,,,,,,,,
,,,,,,,,,,,
Description,,,,,,,,,,,
,,,,,,,,,,,
Time offset (s),0.0,,,,,,,,,,
,,,,,,,,,,,
independent variables,,,,,,,,,,,
variable,value,,,,,,,,,,
Number in group,,,,,,,,,,,
Time of day,,,,,,,,,,,
,,,,,,,,,,,
Time,Media file path,Total length,FPS,Subject,Behavior,Behavioral category,Modifier 1,Modifier 2,Modifier 3,Comment,Status
83.878,D:/Pipefish Mesocosm Film/Trial 4/10-12-20/10-12 Noon 01.MTS,2816.660,25.0,,Start,,,,,,POINT
83.878,D:/Pipefish Mesocosm Film/Trial 4/10-12-20/10-12 Noon 01.MTS,2816.660,25.0,Male,Wiggle,Courtship,Active wiggle,Female,2,,START
85.302,D:/Pipefish Mesocosm Film/Trial 4/10-12-20/10-12 Noon 01.MTS,2816.660,25.0,Female,Inactive,,,,,,START
88.528,D:/Pipefish Mesocosm Film/Trial 4/10-12-20/10-12 Noon 01.MTS,2816.660,25.0,Male,Wiggle,Courtship,Active wiggle,Female,2,,STOP
88.529,D:/Pipefish Mesocosm Film/Trial 4/10-12-20/10-12 Noon 01.MTS,2816.660,25.0,Male,Inactive,,,,,,START
111.504,D:/Pipefish Mesocosm Film/Trial 4/10-12-20/10-12 Noon 01.MTS,2816.660,25.0,Male,Inactive,,,,,,STOP
111.505,D:/Pipefish Mesocosm Film/Trial 4/10-12-20/10-12 Noon 01.MTS,2816.660,25.0,Male,Wiggle,Courtship,Active wiggle,Female,2,,START
113.976,D:/Pipefish Mesocosm Film/Trial 4/10-12-20/10-12 Noon 01.MTS,2816.660,25.0,Female,Inactive,,,,,,STOP
113.977,D:/Pipefish Mesocosm Film/Trial 4/10-12-20/10-12 Noon 01.MTS,2816.660,25.0,Female,Pose,,Non-s pose,Male,Front,,START
114.354,D:/Pipefish Mesocosm Film/Trial 4/10-12-20/10-12 Noon 01.MTS,2816.660,25.0,Male,Wiggle,Courtship,Active wiggle,Female,2,,STOP
114.355,D:/Pipefish Mesocosm Film/Trial 4/10-12-20/10-12 Noon 01.MTS,2816.660,25.0,Male,Inactive,,,,,,START
116.255,D:/Pipefish Mesocosm Film/Trial 4/10-12-20/10-12 Noon 01.MTS,2816.660,25.0,Female,Pose,,Non-s pose,Male,Front,,STOP
116.256,D:/Pipefish Mesocosm Film/Trial 4/10-12-20/10-12 Noon 01.MTS,2816.660,25.0,Female,Inactive,,,,,,START
129.549,D:/Pipefish Mesocosm Film/Trial 4/10-12-20/10-12 Noon 01.MTS,2816.660,25.0,Female,Inactive,,,,,,STOP
129.550,D:/Pipefish Mesocosm Film/Trial 4/10-12-20/10-12 Noon 01.MTS,2816.660,25.0,Female,Pose,,S pose,Male,Front,,START
130.875,D:/Pipefish Mesocosm Film/Trial 4/10-12-20/10-12 Noon 01.MTS,2816.660,25.0,Male,Inactive,,,,,,STOP
130.876,D:/Pipefish Mesocosm Film/Trial 4/10-12-20/10-12 Noon 01.MTS,2816.660,25.0,Male,Wiggle,Courtship,Active wiggle,Female,2,,START
134.198,D:/Pipefish Mesocosm Film/Trial 4/10-12-20/10-12 Noon 01.MTS,2816.660,25.0,Male,Wiggle,Courtship,Active wiggle,Female,2,,STOP
134.199,D:/Pipefish Mesocosm Film/Trial 4/10-12-20/10-12 Noon 01.MTS,2816.660,25.0,Male,Inactive,,,,,,START
136.475,D:/Pipefish Mesocosm Film/Trial 4/10-12-20/10-12 Noon 01.MTS,2816.660,25.0,Male,Inactive,,,,,,STOP
136.476,D:/Pipefish Mesocosm Film/Trial 4/10-12-20/10-12 Noon 01.MTS,2816.660,25.0,Male,Wiggle,Courtship,Active wiggle,Female,2,,START
142.078,D:/Pipefish Mesocosm Film/Trial 4/10-12-20/10-12 Noon 01.MTS,2816.660,25.0,Male,Wiggle,Courtship,Active wiggle,Female,2,,STOP
142.079,D:/Pipefish Mesocosm Film/Trial 4/10-12-20/10-12 Noon 01.MTS,2816.660,25.0,Male,Inactive,,,,,,START
142.237,D:/Pipefish Mesocosm Film/Trial 4/10-12-20/10-12 Noon 01.MTS,2816.660,25.0,Female,Pose,,S pose,Male,Front,,STOP
142.238,D:/Pipefish Mesocosm Film/Trial 4/10-12-20/10-12 Noon 01.MTS,2816.660,25.0,Female,Inactive,,,,,,START
155.181,D:/Pipefish Mesocosm Film/Trial 4/10-12-20/10-12 Noon 01.MTS,2816.660,25.0,Male,Inactive,,,,,,STOP
155.182,D:/Pipefish Mesocosm Film/Trial 4/10-12-20/10-12 Noon 01.MTS,2816.660,25.0,Male,Wiggle,Courtship,Active wiggle,Female,2,,START
157.555,D:/Pipefish Mesocosm Film/Trial 4/10-12-20/10-12 Noon 01.MTS,2816.660,25.0,Male,Wiggle,Courtship,Active wiggle,Female,2,,STOP
157.556,D:/Pipefish Mesocosm Film/Trial 4/10-12-20/10-12 Noon 01.MTS,2816.660,25.0,Male,Inactive,,,,,,START
188.317,D:/Pipefish Mesocosm Film/Trial 4/10-12-20/10-12 Noon 01.MTS,2816.660,25.0,Male,Inactive,,,,,,STOP
188.318,D:/Pipefish Mesocosm Film/Trial 4/10-12-20/10-12 Noon 01.MTS,2816.660,25.0,Male,Wiggle,Courtship,Active wiggle,Female,2,,START
190.689,D:/Pipefish Mesocosm Film/Trial 4/10-12-20/10-12 Noon 01.MTS,2816.660,25.0,Male,Wiggle,Courtship,Active wiggle,Female,2,,STOP
190.690,D:/Pipefish Mesocosm Film/Trial 4/10-12-20/10-12 Noon 01.MTS,2816.660,25.0,Male,Inactive,,,,,,START
191.260,D:/Pipefish Mesocosm Film/Trial 4/10-12-20/10-12 Noon 01.MTS,2816.660,25.0,Female,Inactive,,,,,,STOP
191.261,D:/Pipefish Mesocosm Film/Trial 4/10-12-20/10-12 Noon 01.MTS,2816.660,25.0,Female,Pose,,S pose,Male,Front,,START
194.110,D:/Pipefish Mesocosm Film/Trial 4/10-12-20/10-12 Noon 01.MTS,2816.660,25.0,Female,Pose,,S pose,Male,Front,,STOP
194.111,D:/Pipefish Mesocosm Film/Trial 4/10-12-20/10-12 Noon 01.MTS,2816.660,25.0,Female,Inactive,,,,,,START
197.240,D:/Pipefish Mesocosm Film/Trial 4/10-12-20/10-12 Noon 01.MTS,2816.660,25.0,Male,Inactive,,,,,,STOP
197.241,D:/Pipefish Mesocosm Film/Trial 4/10-12-20/10-12 Noon 01.MTS,2816.660,25.0,Male,Wiggle,Courtship,Active wiggle,Female,2,,START
200.563,D:/Pipefish Mesocosm Film/Trial 4/10-12-20/10-12 Noon 01.MTS,2816.660,25.0,Male,Wiggle,Courtship,Active wiggle,Female,2,,STOP
200.564,D:/Pipefish Mesocosm Film/Trial 4/10-12-20/10-12 Noon 01.MTS,2816.660,25.0,Male,Inactive,,,,,,START
213.728,D:/Pipefish Mesocosm Film/Trial 4/10-12-20/10-12 Noon 01.MTS,2816.660,25.0,Female,Inactive,,,,,,STOP
213.729,D:/Pipefish Mesocosm Film/Trial 4/10-12-20/10-12 Noon 01.MTS,2816.660,25.0,Female,Wiggle,Courtship,Active wiggle,Male,2,,START
219.746,D:/Pipefish Mesocosm Film/Trial 4/10-12-20/10-12 Noon 01.MTS,2816.660,25.0,Female,Wiggle,Courtship,Active wiggle,Male,2,,STOP
219.747,D:/Pipefish Mesocosm Film/Trial 4/10-12-20/10-12 Noon 01.MTS,2816.660,25.0,Female,Inactive,,,,,,START
222.781,D:/Pipefish Mesocosm Film/Trial 4/10-12-20/10-12 Noon 01.MTS,2816.660,25.0,Male,Inactive,,,,,,STOP
222.782,D:/Pipefish Mesocosm Film/Trial 4/10-12-20/10-12 Noon 01.MTS,2816.660,25.0,Male,Wiggle,Courtship,Active wiggle,Female,2,,START
229.617,D:/Pipefish Mesocosm Film/Trial 4/10-12-20/10-12 Noon 01.MTS,2816.660,25.0,Male,Wiggle,Courtship,Active wiggle,Female,2,,STOP
229.618,D:/Pipefish Mesocosm Film/Trial 4/10-12-20/10-12 Noon 01.MTS,2816.660,25.0,Male,Inactive,,,,,,START
263.701,D:/Pipefish Mesocosm Film/Trial 4/10-12-20/10-12 Noon 01.MTS,2816.660,25.0,Male,Inactive,,,,,,STOP
263.702,D:/Pipefish Mesocosm Film/Trial 4/10-12-20/10-12 Noon 01.MTS,2816.660,25.0,Male,Wiggle,Courtship,Active wiggle,Female,2,,START
265.316,D:/Pipefish Mesocosm Film/Trial 4/10-12-20/10-12 Noon 01.MTS,2816.660,25.0,Male,Wiggle,Courtship,Active wiggle,Female,2,,STOP
265.317,D:/Pipefish Mesocosm Film/Trial 4/10-12-20/10-12 Noon 01.MTS,2816.660,25.0,Male,Inactive,,,,,,START
267.312,D:/Pipefish Mesocosm Film/Trial 4/10-12-20/10-12 Noon 01.MTS,2816.660,25.0,Male,Inactive,,,,,,STOP
267.313,D:/Pipefish Mesocosm Film/Trial 4/10-12-20/10-12 Noon 01.MTS,2816.660,25.0,Male,Wiggle,Courtship,Active wiggle,Female,2,,START
271.774,D:/Pipefish Mesocosm Film/Trial 4/10-12-20/10-12 Noon 01.MTS,2816.660,25.0,Male,Wiggle,Courtship,Active wiggle,Female,2,,STOP
271.775,D:/Pipefish Mesocosm Film/Trial 4/10-12-20/10-12 Noon 01.MTS,2816.660,25.0,Male,Inactive,,,,,,START
282.028,D:/Pipefish Mesocosm Film/Trial 4/10-12-20/10-12 Noon 01.MTS,2816.660,25.0,Male,Inactive,,,,,,STOP
282.029,D:/Pipefish Mesocosm Film/Trial 4/10-12-20/10-12 Noon 01.MTS,2816.660,25.0,Male,Out of sight,,,,,,START
284.021,D:/Pipefish Mesocosm Film/Trial 4/10-12-20/10-12 Noon 01.MTS,2816.660,25.0,Female,Inactive,,,,,,STOP
284.022,D:/Pipefish Mesocosm Film/Trial 4/10-12-20/10-12 Noon 01.MTS,2816.660,25.0,Female,Out of sight,,,,,,START
292.567,D:/Pipefish Mesocosm Film/Trial 4/10-12-20/10-12 Noon 01.MTS,2816.660,25.0,Female,Out of sight,,,,,,STOP
292.568,D:/Pipefish Mesocosm Film/Trial 4/10-12-20/10-12 Noon 01.MTS,2816.660,25.0,Female,Pose,,S pose,Female,Front,,START
292.850,D:/Pipefish Mesocosm Film/Trial 4/10-12-20/10-12 Noon 01.MTS,2816.660,25.0,Male,Out of sight,,,,,,STOP
292.851,D:/Pipefish Mesocosm Film/Trial 4/10-12-20/10-12 Noon 01.MTS,2816.660,25.0,Male,Wiggle,Courtship,Active wiggle,Female,2,,START
296.458,D:/Pipefish Mesocosm Film/Trial 4/10-12-20/10-12 Noon 01.MTS,2816.660,25.0,Male,Wiggle,Courtship,Active wiggle,Female,2,,STOP
296.459,D:/Pipefish Mesocosm Film/Trial 4/10-12-20/10-12 Noon 01.MTS,2816.660,25.0,Male,Inactive,,,,,,START
296.936,D:/Pipefish Mesocosm Film/Trial 4/10-12-20/10-12 Noon 01.MTS,2816.660,25.0,Female,Pose,,S pose,Female,Front,,STOP
296.937,D:/Pipefish Mesocosm Film/Trial 4/10-12-20/10-12 Noon 01.MTS,2816.660,25.0,Female,Inactive,,,,,,START
310.986,D:/Pipefish Mesocosm Film/Trial 4/10-12-20/10-12 Noon 01.MTS,2816.660,25.0,Male,Inactive,,,,,,STOP
310.987,D:/Pipefish Mesocosm Film/Trial 4/10-12-20/10-12 Noon 01.MTS,2816.660,25.0,Male,Wiggle,Courtship,Active wiggle,Female,2,,START
314.974,D:/Pipefish Mesocosm Film/Trial 4/10-12-20/10-12 Noon 01.MTS,2816.660,25.0,Male,Wiggle,Courtship,Active wiggle,Female,2,,STOP
314.975,D:/Pipefish Mesocosm Film/Trial 4/10-12-20/10-12 Noon 01.MTS,2816.660,25.0,Male,Inactive,,,,,,START
373.555,D:/Pipefish Mesocosm Film/Trial 4/10-12-20/10-12 Noon 01.MTS,2816.660,25.0,Male,Inactive,,,,,,STOP
373.556,D:/Pipefish Mesocosm Film/Trial 4/10-12-20/10-12 Noon 01.MTS,2816.660,25.0,Male,Wiggle,Courtship,Active wiggle,Female,2,,START
377.922,D:/Pipefish Mesocosm Film/Trial 4/10-12-20/10-12 Noon 01.MTS,2816.660,25.0,Male,Wiggle,Courtship,Active wiggle,Female,2,,STOP
377.923,D:/Pipefish Mesocosm Film/Trial 4/10-12-20/10-12 Noon 01.MTS,2816.660,25.0,Male,Inactive,,,,,,START
393.780,D:/Pipefish Mesocosm Film/Trial 4/10-12-20/10-12 Noon 01.MTS,2816.660,25.0,Female,Inactive,,,,,,STOP
393.781,D:/Pipefish Mesocosm Film/Trial 4/10-12-20/10-12 Noon 01.MTS,2816.660,25.0,Female,Out of sight,,,,,,START
396.722,D:/Pipefish Mesocosm Film/Trial 4/10-12-20/10-12 Noon 01.MTS,2816.660,25.0,Male,Inactive,,,,,,STOP
396.723,D:/Pipefish Mesocosm Film/Trial 4/10-12-20/10-12 Noon 01.MTS,2816.660,25.0,Male,Out of sight,,,,,,START
410.392,D:/Pipefish Mesocosm Film/Trial 4/10-12-20/10-12 Noon 01.MTS,2816.660,25.0,Female,Out of sight,,,,,,STOP
410.393,D:/Pipefish Mesocosm Film/Trial 4/10-12-20/10-12 Noon 01.MTS,2816.660,25.0,Female,Inactive,,,,,,START
411.533,D:/Pipefish Mesocosm Film/Trial 4/10-12-20/10-12 Noon 01.MTS,2816.660,25.0,Male,Out of sight,,,,,,STOP
411.534,D:/Pipefish Mesocosm Film/Trial 4/10-12-20/10-12 Noon 01.MTS,2816.660,25.0,Male,Wiggle,Courtship,Active wiggle,Female,2,,START
413.336,D:/Pipefish Mesocosm Film/Trial 4/10-12-20/10-12 Noon 01.MTS,2816.660,25.0,Male,Wiggle,Courtship,Active wiggle,Female,2,,STOP
413.337,D:/Pipefish Mesocosm Film/Trial 4/10-12-20/10-12 Noon 01.MTS,2816.660,25.0,Male,Inactive,,,,,,START
417.040,D:/Pipefish Mesocosm Film/Trial 4/10-12-20/10-12 Noon 01.MTS,2816.660,25.0,Female,Inactive,,,,,,STOP
417.041,D:/Pipefish Mesocosm Film/Trial 4/10-12-20/10-12 Noon 01.MTS,2816.660,25.0,Female,Wiggle,Courtship,Active wiggle,Male,2,,START
424.190,D:/Pipefish Mesocosm Film/Trial 4/10-12-20/10-12 Noon 01.MTS,2816.660,25.0,Female,Wiggle,Courtship,Active wiggle,Male,2,,STOP
424.191,D:/Pipefish Mesocosm Film/Trial 4/10-12-20/10-12 Noon 01.MTS,2816.660,25.0,Female,Inactive,,,,,,START
429.857,D:/Pipefish Mesocosm Film/Trial 4/10-12-20/10-12 Noon 01.MTS,2816.660,25.0,Male,Inactive,,,,,,STOP
429.858,D:/Pipefish Mesocosm Film/Trial 4/10-12-20/10-12 Noon 01.MTS,2816.660,25.0,Male,Wiggle,Courtship,Active wiggle,Female,2,,START
435.745,D:/Pipefish Mesocosm Film/Trial 4/10-12-20/10-12 Noon 01.MTS,2816.660,25.0,Male,Wiggle,Courtship,Active wiggle,Female,2,,STOP
435.746,D:/Pipefish Mesocosm Film/Trial 4/10-12-20/10-12 Noon 01.MTS,2816.660,25.0,Male,Inactive,,,,,,START
457.960,D:/Pipefish Mesocosm Film/Trial 4/10-12-20/10-12 Noon 01.MTS,2816.660,25.0,Male,Inactive,,,,,,STOP
457.961,D:/Pipefish Mesocosm Film/Trial 4/10-12-20/10-12 Noon 01.MTS,2816.660,25.0,Male,Wiggle,Courtship,Active wiggle,Female,2,,START
460.239,D:/Pipefish Mesocosm Film/Trial 4/10-12-20/10-12 Noon 01.MTS,2816.660,25.0,Male,Wiggle,Courtship,Active wiggle,Female,2,,STOP
460.240,D:/Pipefish Mesocosm Film/Trial 4/10-12-20/10-12 Noon 01.MTS,2816.660,25.0,Male,Inactive,,,,,,START
495.942,D:/Pipefish Mesocosm Film/Trial 4/10-12-20/10-12 Noon 01.MTS,2816.660,25.0,Female,Inactive,,,,,,STOP
495.943,D:/Pipefish Mesocosm Film/Trial 4/10-12-20/10-12 Noon 01.MTS,2816.660,25.0,Female,Out of sight,,,,,,START
498.216,D:/Pipefish Mesocosm Film/Trial 4/10-12-20/10-12 Noon 01.MTS,2816.660,25.0,Male,Inactive,,,,,,STOP
498.217,D:/Pipefish Mesocosm Film/Trial 4/10-12-20/10-12 Noon 01.MTS,2816.660,25.0,Male,Out of sight,,,,,,START
500.784,D:/Pipefish Mesocosm Film/Trial 4/10-12-20/10-12 Noon 01.MTS,2816.660,25.0,Female,Out of sight,,,,,,STOP
500.785,D:/Pipefish Mesocosm Film/Trial 4/10-12-20/10-12 Noon 01.MTS,2816.660,25.0,Female,Inactive,,,,,,START
505.338,D:/Pipefish Mesocosm Film/Trial 4/10-12-20/10-12 Noon 01.MTS,2816.660,25.0,Female,Inactive,,,,,,STOP
505.338,D:/Pipefish Mesocosm Film/Trial 4/10-12-20/10-12 Noon 01.MTS,2816.660,25.0,Male,Out of sight,,,,,,STOP
505.812,D:/Pipefish Mesocosm Film/Trial 4/10-12-20/10-12 Noon 01.MTS,2816.660,25.0,,Stop,,,,,,POINT
549.108,D:/Pipefish Mesocosm Film/Trial 4/10-12-20/10-12 Noon 01.MTS,2816.660,25.0,,Start,,,,,,POINT
549.394,D:/Pipefish Mesocosm Film/Trial 4/10-12-20/10-12 Noon 01.MTS,2816.660,25.0,Male,Wiggle,Courtship,Active wiggle,Female,2,,START
550.249,D:/Pipefish Mesocosm Film/Trial 4/10-12-20/10-12 Noon 01.MTS,2816.660,25.0,Female,Pose,,S pose,Male,Front,,START
551.480,D:/Pipefish Mesocosm Film/Trial 4/10-12-20/10-12 Noon 01.MTS,2816.660,25.0,Male,Wiggle,Courtship,Active wiggle,Female,2,,STOP
551.481,D:/Pipefish Mesocosm Film/Trial 4/10-12-20/10-12 Noon 01.MTS,2816.660,25.0,Male,Inactive,,,,,,START
554.898,D:/Pipefish Mesocosm Film/Trial 4/10-12-20/10-12 Noon 01.MTS,2816.660,25.0,Female,Pose,,S pose,Male,Front,,STOP
554.899,D:/Pipefish Mesocosm Film/Trial 4/10-12-20/10-12 Noon 01.MTS,2816.660,25.0,Female,Inactive,,,,,,START
586.422,D:/Pipefish Mesocosm Film/Trial 4/10-12-20/10-12 Noon 01.MTS,2816.660,25.0,Female,Inactive,,,,,,STOP
586.801,D:/Pipefish Mesocosm Film/Trial 4/10-12-20/10-12 Noon 01.MTS,2816.660,25.0,Male,Inactive,,,,,,STOP
587.379,D:/Pipefish Mesocosm Film/Trial 4/10-12-20/10-12 Noon 01.MTS,2816.660,25.0,,Stop,,,,,,POINT
636.079,D:/Pipefish Mesocosm Film/Trial 4/10-12-20/10-12 Noon 01.MTS,2816.660,25.0,,Start,,,,,,POINT
636.269,D:/Pipefish Mesocosm Film/Trial 4/10-12-20/10-12 Noon 01.MTS,2816.660,25.0,Female,Pose,,S pose,Male,Front,,START
637.502,D:/Pipefish Mesocosm Film/Trial 4/10-12-20/10-12 Noon 01.MTS,2816.660,25.0,Male,Wiggle,Courtship,Active wiggle,Female,2,,START
638.925,D:/Pipefish Mesocosm Film/Trial 4/10-12-20/10-12 Noon 01.MTS,2816.660,25.0,Female,Pose,,S pose,Male,Front,,STOP
638.926,D:/Pipefish Mesocosm Film/Trial 4/10-12-20/10-12 Noon 01.MTS,2816.660,25.0,Female,Inactive,,,,,,START
641.775,D:/Pipefish Mesocosm Film/Trial 4/10-12-20/10-12 Noon 01.MTS,2816.660,25.0,Male,Wiggle,Courtship,Active wiggle,Female,2,,STOP
641.776,D:/Pipefish Mesocosm Film/Trial 4/10-12-20/10-12 Noon 01.MTS,2816.660,25.0,Male,Inactive,,,,,,START
676.240,D:/Pipefish Mesocosm Film/Trial 4/10-12-20/10-12 Noon 01.MTS,2816.660,25.0,Female,Inactive,,,,,,STOP
676.431,D:/Pipefish Mesocosm Film/Trial 4/10-12-20/10-12 Noon 01.MTS,2816.660,25.0,Male,Inactive,,,,,,STOP
676.621,D:/Pipefish Mesocosm Film/Trial 4/10-12-20/10-12 Noon 01.MTS,2816.660,25.0,,Stop,,,,,,POINT
703.110,D:/Pipefish Mesocosm Film/Trial 4/10-12-20/10-12 Noon 01.MTS,2816.660,25.0,,Start,,,,,,POINT
703.396,D:/Pipefish Mesocosm Film/Trial 4/10-12-20/10-12 Noon 01.MTS,2816.660,25.0,Male,Wiggle,Courtship,Active wiggle,Female,2,,START
703.964,D:/Pipefish Mesocosm Film/Trial 4/10-12-20/10-12 Noon 01.MTS,2816.660,25.0,Female,Inactive,,,,,,START
707.477,D:/Pipefish Mesocosm Film/Trial 4/10-12-20/10-12 Noon 01.MTS,2816.660,25.0,Male,Wiggle,Courtship,Active wiggle,Female,2,,STOP
707.478,D:/Pipefish Mesocosm Film/Trial 4/10-12-20/10-12 Noon 01.MTS,2816.660,25.0,Male,Inactive,,,,,,START
746.562,D:/Pipefish Mesocosm Film/Trial 4/10-12-20/10-12 Noon 01.MTS,2816.660,25.0,Female,Inactive,,,,,,STOP
746.562,D:/Pipefish Mesocosm Film/Trial 4/10-12-20/10-12 Noon 01.MTS,2816.660,25.0,Male,Inactive,,,,,,STOP
746.990,D:/Pipefish Mesocosm Film/Trial 4/10-12-20/10-12 Noon 01.MTS,2816.660,25.0,,Stop,,,,,,POINT
763.304,D:/Pipefish Mesocosm Film/Trial 4/10-12-20/10-12 Noon 01.MTS,2816.660,25.0,,Start,,,,,,POINT
764.174,D:/Pipefish Mesocosm Film/Trial 4/10-12-20/10-12 Noon 01.MTS,2816.660,25.0,Female,Wiggle,Courtship,Active wiggle,Male,2,,START
765.012,D:/Pipefish Mesocosm Film/Trial 4/10-12-20/10-12 Noon 01.MTS,2816.660,25.0,Male,Inactive,,,,,,START
766.213,D:/Pipefish Mesocosm Film/Trial 4/10-12-20/10-12 Noon 01.MTS,2816.660,25.0,Female,Wiggle,Courtship,Active wiggle,Male,2,,STOP
766.214,D:/Pipefish Mesocosm Film/Trial 4/10-12-20/10-12 Noon 01.MTS,2816.660,25.0,Female,Inactive,,,,,,START
777.450,D:/Pipefish Mesocosm Film/Trial 4/10-12-20/10-12 Noon 01.MTS,2816.660,25.0,Female,Inactive,,,,,,STOP
777.450,D:/Pipefish Mesocosm Film/Trial 4/10-12-20/10-12 Noon 01.MTS,2816.660,25.0,Male,Inactive,,,,,,STOP
777.737,D:/Pipefish Mesocosm Film/Trial 4/10-12-20/10-12 Noon 01.MTS,2816.660,25.0,,Stop,,,,,,POINT
783.244,D:/Pipefish Mesocosm Film/Trial 4/10-12-20/10-12 Noon 01.MTS,2816.660,25.0,,Start,,,,,,POINT
783.244,D:/Pipefish Mesocosm Film/Trial 4/10-12-20/10-12 Noon 01.MTS,2816.660,25.0,Female,Wiggle,Courtship,Active wiggle,Male,2,,START
784.917,D:/Pipefish Mesocosm Film/Trial 4/10-12-20/10-12 Noon 01.MTS,2816.660,25.0,Male,Inactive,,,,,,START
786.815,D:/Pipefish Mesocosm Film/Trial 4/10-12-20/10-12 Noon 01.MTS,2816.660,25.0,Male,Inactive,,,,,,STOP
786.816,D:/Pipefish Mesocosm Film/Trial 4/10-12-20/10-12 Noon 01.MTS,2816.660,25.0,Male,Wiggle,Courtship,Active wiggle,Female,2,,START
787.421,D:/Pipefish Mesocosm Film/Trial 4/10-12-20/10-12 Noon 01.MTS,2816.660,25.0,Female,Wiggle,Courtship,Active wiggle,Male,2,,STOP
787.422,D:/Pipefish Mesocosm Film/Trial 4/10-12-20/10-12 Noon 01.MTS,2816.660,25.0,Female,Pose,,S pose,Male,Front,,START
791.908,D:/Pipefish Mesocosm Film/Trial 4/10-12-20/10-12 Noon 01.MTS,2816.660,25.0,Female,Pose,,S pose,Male,Front,,STOP
791.909,D:/Pipefish Mesocosm Film/Trial 4/10-12-20/10-12 Noon 01.MTS,2816.660,25.0,Female,Inactive,,,,,,START
794.256,D:/Pipefish Mesocosm Film/Trial 4/10-12-20/10-12 Noon 01.MTS,2816.660,25.0,Male,Wiggle,Courtship,Active wiggle,Female,2,,STOP
794.257,D:/Pipefish Mesocosm Film/Trial 4/10-12-20/10-12 Noon 01.MTS,2816.660,25.0,Male,Inactive,,,,,,START
854.456,D:/Pipefish Mesocosm Film/Trial 4/10-12-20/10-12 Noon 01.MTS,2816.660,25.0,Female,Inactive,,,,,,STOP
854.552,D:/Pipefish Mesocosm Film/Trial 4/10-12-20/10-12 Noon 01.MTS,2816.660,25.0,Male,Inactive,,,,,,STOP
855.211,D:/Pipefish Mesocosm Film/Trial 4/10-12-20/10-12 Noon 01.MTS,2816.660,25.0,,Stop,,,,,,POINT
876.953,D:/Pipefish Mesocosm Film/Trial 4/10-12-20/10-12 Noon 01.MTS,2816.660,25.0,,Start,,,,,,POINT
877.333,D:/Pipefish Mesocosm Film/Trial 4/10-12-20/10-12 Noon 01.MTS,2816.660,25.0,Male,Wiggle,Courtship,Active wiggle,Female,2,,START
878.473,D:/Pipefish Mesocosm Film/Trial 4/10-12-20/10-12 Noon 01.MTS,2816.660,25.0,Female,Inactive,,,,,,START
880.751,D:/Pipefish Mesocosm Film/Trial 4/10-12-20/10-12 Noon 01.MTS,2816.660,25.0,Male,Wiggle,Courtship,Active wiggle,Female,2,,STOP
880.752,D:/Pipefish Mesocosm Film/Trial 4/10-12-20/10-12 Noon 01.MTS,2816.660,25.0,Male,Inactive,,,,,,START
894.639,D:/Pipefish Mesocosm Film/Trial 4/10-12-20/10-12 Noon 01.MTS,2816.660,25.0,Male,Inactive,,,,,,STOP
894.640,D:/Pipefish Mesocosm Film/Trial 4/10-12-20/10-12 Noon 01.MTS,2816.660,25.0,Male,Wiggle,Courtship,Active wiggle,Female,2,,START
899.740,D:/Pipefish Mesocosm Film/Trial 4/10-12-20/10-12 Noon 01.MTS,2816.660,25.0,Male,Wiggle,Courtship,Active wiggle,Female,2,,STOP
899.741,D:/Pipefish Mesocosm Film/Trial 4/10-12-20/10-12 Noon 01.MTS,2816.660,25.0,Female,Inactive,,,,,,STOP
900.092,D:/Pipefish Mesocosm Film/Trial 4/10-12-20/10-12 Noon 01.MTS,2816.660,25.0,,Stop,,,,,,POINT
