Observation id,T407N_01,,,,,,,,,,
,,,,,,,,,,,
Media file(s),,,,,,,,,,,
,,,,,,,,,,,
Player #1,D:/Pipefish Mesocosm Film/Trial 4/10-12-20/10-12 Noon 01.MTS,,,,,,,,,,
Player #1,D:/Pipefish Mesocosm Film/Trial 4/10-12-20/10-12 Noon 02.MTS,,,,,,,,,,
,,,,,,,,,,,
Observation date,2021-11-25 13:04:54,,,,,,,,,,
,,,,,,,,,,,
Description,,,,,,,,,,,
,,,,,,,,,,,
Time offset (s),0.0,,,,,,,,,,
,,,,,,,,,,,
independent variables,,,,,,,,,,,
variable,value,,,,,,,,,,
Number in group,,,,,,,,,,,
Time of day,,,,,,,,,,,
,,,,,,,,,,,
Time,Media file path,Total length,FPS,Subject,Behavior,Behavioral category,Modifier 1,Modifier 2,Modifier 3,Comment,Status
83.784,D:/Pipefish Mesocosm Film/Trial 4/10-12-20/10-12 Noon 01.MTS,3656.560,25.0,,Start,,,,,,POINT
83.784,D:/Pipefish Mesocosm Film/Trial 4/10-12-20/10-12 Noon 01.MTS,3656.560,25.0,Male,Wiggle,Courtship,Active wiggle,Female,2,,START
83.785,D:/Pipefish Mesocosm Film/Trial 4/10-12-20/10-12 Noon 01.MTS,3656.560,25.0,Female,Inactive,,,,,,START
88.244,D:/Pipefish Mesocosm Film/Trial 4/10-12-20/10-12 Noon 01.MTS,3656.560,25.0,Male,Wiggle,Courtship,Active wiggle,Female,2,,STOP
88.245,D:/Pipefish Mesocosm Film/Trial 4/10-12-20/10-12 Noon 01.MTS,3656.560,25.0,Male,Inactive,,,,,,START
108.089,D:/Pipefish Mesocosm Film/Trial 4/10-12-20/10-12 Noon 01.MTS,3656.560,25.0,Female,Inactive,,,,,,STOP
108.089,D:/Pipefish Mesocosm Film/Trial 4/10-12-20/10-12 Noon 01.MTS,3656.560,25.0,Male,Inactive,,,,,,STOP
108.754,D:/Pipefish Mesocosm Film/Trial 4/10-12-20/10-12 Noon 01.MTS,3656.560,25.0,,Stop,,,,,,POINT
110.558,D:/Pipefish Mesocosm Film/Trial 4/10-12-20/10-12 Noon 01.MTS,3656.560,25.0,,Start,,,,,,POINT
110.558,D:/Pipefish Mesocosm Film/Trial 4/10-12-20/10-12 Noon 01.MTS,3656.560,25.0,Male,Wiggle,Courtship,Active wiggle,Female,2,,START
111.316,D:/Pipefish Mesocosm Film/Trial 4/10-12-20/10-12 Noon 01.MTS,3656.560,25.0,Female,Inactive,,,,,,START
112.549,D:/Pipefish Mesocosm Film/Trial 4/10-12-20/10-12 Noon 01.MTS,3656.560,25.0,Male,Wiggle,Courtship,Active wiggle,Female,2,,STOP
112.550,D:/Pipefish Mesocosm Film/Trial 4/10-12-20/10-12 Noon 01.MTS,3656.560,25.0,Male,Inactive,,,,,,START
113.215,D:/Pipefish Mesocosm Film/Trial 4/10-12-20/10-12 Noon 01.MTS,3656.560,25.0,Female,Inactive,,,,,,STOP
113.216,D:/Pipefish Mesocosm Film/Trial 4/10-12-20/10-12 Noon 01.MTS,3656.560,25.0,Female,Pose,,Flash,Male,Front,,START
115.114,D:/Pipefish Mesocosm Film/Trial 4/10-12-20/10-12 Noon 01.MTS,3656.560,25.0,Female,Pose,,Flash,Male,Front,,STOP
115.115,D:/Pipefish Mesocosm Film/Trial 4/10-12-20/10-12 Noon 01.MTS,3656.560,25.0,Female,Inactive,,,,,,START
129.640,D:/Pipefish Mesocosm Film/Trial 4/10-12-20/10-12 Noon 01.MTS,3656.560,25.0,Female,Inactive,,,,,,STOP
129.641,D:/Pipefish Mesocosm Film/Trial 4/10-12-20/10-12 Noon 01.MTS,3656.560,25.0,Female,Pose,,S pose,Male,Front,,START
130.875,D:/Pipefish Mesocosm Film/Trial 4/10-12-20/10-12 Noon 01.MTS,3656.560,25.0,Male,Inactive,,,,,,STOP
130.876,D:/Pipefish Mesocosm Film/Trial 4/10-12-20/10-12 Noon 01.MTS,3656.560,25.0,Male,Wiggle,Courtship,Active wiggle,Female,2,,START
133.912,D:/Pipefish Mesocosm Film/Trial 4/10-12-20/10-12 Noon 01.MTS,3656.560,25.0,Male,Wiggle,Courtship,Active wiggle,Female,2,,STOP
133.913,D:/Pipefish Mesocosm Film/Trial 4/10-12-20/10-12 Noon 01.MTS,3656.560,25.0,Male,Inactive,,,,,,START
136.190,D:/Pipefish Mesocosm Film/Trial 4/10-12-20/10-12 Noon 01.MTS,3656.560,25.0,Male,Inactive,,,,,,STOP
136.191,D:/Pipefish Mesocosm Film/Trial 4/10-12-20/10-12 Noon 01.MTS,3656.560,25.0,Male,Wiggle,Courtship,Active wiggle,Female,2,,START
141.699,D:/Pipefish Mesocosm Film/Trial 4/10-12-20/10-12 Noon 01.MTS,3656.560,25.0,Male,Wiggle,Courtship,Active wiggle,Female,2,,STOP
141.700,D:/Pipefish Mesocosm Film/Trial 4/10-12-20/10-12 Noon 01.MTS,3656.560,25.0,Male,Inactive,,,,,,START
142.647,D:/Pipefish Mesocosm Film/Trial 4/10-12-20/10-12 Noon 01.MTS,3656.560,25.0,Female,Pose,,S pose,Male,Front,,STOP
142.648,D:/Pipefish Mesocosm Film/Trial 4/10-12-20/10-12 Noon 01.MTS,3656.560,25.0,Female,Inactive,,,,,,START
154.799,D:/Pipefish Mesocosm Film/Trial 4/10-12-20/10-12 Noon 01.MTS,3656.560,25.0,Male,Inactive,,,,,,STOP
154.800,D:/Pipefish Mesocosm Film/Trial 4/10-12-20/10-12 Noon 01.MTS,3656.560,25.0,Male,Wiggle,Courtship,Active wiggle,Female,2,,START
158.029,D:/Pipefish Mesocosm Film/Trial 4/10-12-20/10-12 Noon 01.MTS,3656.560,25.0,Male,Wiggle,Courtship,Active wiggle,Female,2,,STOP
158.030,D:/Pipefish Mesocosm Film/Trial 4/10-12-20/10-12 Noon 01.MTS,3656.560,25.0,Male,Inactive,,,,,,START
188.222,D:/Pipefish Mesocosm Film/Trial 4/10-12-20/10-12 Noon 01.MTS,3656.560,25.0,Male,Inactive,,,,,,STOP
188.223,D:/Pipefish Mesocosm Film/Trial 4/10-12-20/10-12 Noon 01.MTS,3656.560,25.0,Male,Wiggle,Courtship,Active wiggle,Female,2,,START
190.976,D:/Pipefish Mesocosm Film/Trial 4/10-12-20/10-12 Noon 01.MTS,3656.560,25.0,Male,Wiggle,Courtship,Active wiggle,Female,2,,STOP
190.977,D:/Pipefish Mesocosm Film/Trial 4/10-12-20/10-12 Noon 01.MTS,3656.560,25.0,Male,Inactive,,,,,,START
191.733,D:/Pipefish Mesocosm Film/Trial 4/10-12-20/10-12 Noon 01.MTS,3656.560,25.0,Female,Inactive,,,,,,STOP
191.734,D:/Pipefish Mesocosm Film/Trial 4/10-12-20/10-12 Noon 01.MTS,3656.560,25.0,Female,Pose,,S pose,Male,Front,,START
194.204,D:/Pipefish Mesocosm Film/Trial 4/10-12-20/10-12 Noon 01.MTS,3656.560,25.0,Female,Pose,,S pose,Male,Front,,STOP
194.205,D:/Pipefish Mesocosm Film/Trial 4/10-12-20/10-12 Noon 01.MTS,3656.560,25.0,Female,Inactive,,,,,,START
196.197,D:/Pipefish Mesocosm Film/Trial 4/10-12-20/10-12 Noon 01.MTS,3656.560,25.0,Male,Inactive,,,,,,STOP
196.198,D:/Pipefish Mesocosm Film/Trial 4/10-12-20/10-12 Noon 01.MTS,3656.560,25.0,Male,Wiggle,Courtship,Active wiggle,Female,2,,START
199.616,D:/Pipefish Mesocosm Film/Trial 4/10-12-20/10-12 Noon 01.MTS,3656.560,25.0,Male,Wiggle,Courtship,Active wiggle,Female,2,,STOP
199.617,D:/Pipefish Mesocosm Film/Trial 4/10-12-20/10-12 Noon 01.MTS,3656.560,25.0,Male,Inactive,,,,,,START
222.496,D:/Pipefish Mesocosm Film/Trial 4/10-12-20/10-12 Noon 01.MTS,3656.560,25.0,Male,Inactive,,,,,,STOP
222.497,D:/Pipefish Mesocosm Film/Trial 4/10-12-20/10-12 Noon 01.MTS,3656.560,25.0,Male,Wiggle,Courtship,Active wiggle,Female,2,,START
229.617,D:/Pipefish Mesocosm Film/Trial 4/10-12-20/10-12 Noon 01.MTS,3656.560,25.0,Male,Wiggle,Courtship,Active wiggle,Female,2,,STOP
229.618,D:/Pipefish Mesocosm Film/Trial 4/10-12-20/10-12 Noon 01.MTS,3656.560,25.0,Male,Inactive,,,,,,START
233.130,D:/Pipefish Mesocosm Film/Trial 4/10-12-20/10-12 Noon 01.MTS,3656.560,25.0,Female,Inactive,,,,,,STOP
258.004,D:/Pipefish Mesocosm Film/Trial 4/10-12-20/10-12 Noon 01.MTS,3656.560,25.0,Male,Inactive,,,,,,STOP
258.006,D:/Pipefish Mesocosm Film/Trial 4/10-12-20/10-12 Noon 01.MTS,3656.560,25.0,,Stop,,,,,,POINT
