Observation id,T502AM_01,,,,,,,,,,
,,,,,,,,,,,
Media file(s),,,,,,,,,,,
,,,,,,,,,,,
Player #1,D:/Pipefish Mesocosm Film/Trial 5/6-12-20/6-12 AM 01.MTS,,,,,,,,,,
Player #1,D:/Pipefish Mesocosm Film/Trial 5/6-12-20/6-12 AM 02.MTS,,,,,,,,,,
Player #1,D:/Pipefish Mesocosm Film/Trial 5/6-12-20/6-12 AM 03.MTS,,,,,,,,,,
,,,,,,,,,,,
Observation date,2022-01-10 19:46:15,,,,,,,,,,
,,,,,,,,,,,
Description,,,,,,,,,,,
,,,,,,,,,,,
Time offset (s),0.0,,,,,,,,,,
,,,,,,,,,,,
independent variables,,,,,,,,,,,
variable,value,,,,,,,,,,
Number in group,,,,,,,,,,,
Time of day,,,,,,,,,,,
,,,,,,,,,,,
Time,Media file path,Total length,FPS,Subject,Behavior,Behavioral category,Modifier 1,Modifier 2,Modifier 3,Comment,Status
2.603,D:/Pipefish Mesocosm Film/Trial 5/6-12-20/6-12 AM 01.MTS,5685.380,25.0,,Start,,,,,,POINT
2.603,D:/Pipefish Mesocosm Film/Trial 5/6-12-20/6-12 AM 01.MTS,5685.380,25.0,Female,Pose,,S pose,Male,Front,,START
8.585,D:/Pipefish Mesocosm Film/Trial 5/6-12-20/6-12 AM 01.MTS,5685.380,25.0,Male,Wiggle,Courtship,Active wiggle,Female,2,,START
11.242,D:/Pipefish Mesocosm Film/Trial 5/6-12-20/6-12 AM 01.MTS,5685.380,25.0,Male,Wiggle,Courtship,Active wiggle,Female,2,,STOP
11.243,D:/Pipefish Mesocosm Film/Trial 5/6-12-20/6-12 AM 01.MTS,5685.380,25.0,Male,Inactive,,,,,,START
14.945,D:/Pipefish Mesocosm Film/Trial 5/6-12-20/6-12 AM 01.MTS,5685.380,25.0,Female,Pose,,S pose,Male,Front,,STOP
14.946,D:/Pipefish Mesocosm Film/Trial 5/6-12-20/6-12 AM 01.MTS,5685.380,25.0,Female,Inactive,,,,,,START
21.211,D:/Pipefish Mesocosm Film/Trial 5/6-12-20/6-12 AM 01.MTS,5685.380,25.0,Female,Inactive,,,,,,STOP
21.212,D:/Pipefish Mesocosm Film/Trial 5/6-12-20/6-12 AM 01.MTS,5685.380,25.0,Female,Pose,,S pose,Male,Front,,START
22.920,D:/Pipefish Mesocosm Film/Trial 5/6-12-20/6-12 AM 01.MTS,5685.380,25.0,Male,Inactive,,,,,,STOP
22.921,D:/Pipefish Mesocosm Film/Trial 5/6-12-20/6-12 AM 01.MTS,5685.380,25.0,Male,Wiggle,Courtship,Active wiggle,Female,2,,START
25.199,D:/Pipefish Mesocosm Film/Trial 5/6-12-20/6-12 AM 01.MTS,5685.380,25.0,Male,Wiggle,Courtship,Active wiggle,Female,2,,STOP
25.200,D:/Pipefish Mesocosm Film/Trial 5/6-12-20/6-12 AM 01.MTS,5685.380,25.0,Male,Inactive,,,,,,START
34.408,D:/Pipefish Mesocosm Film/Trial 5/6-12-20/6-12 AM 01.MTS,5685.380,25.0,Female,Pose,,S pose,Male,Front,,STOP
34.409,D:/Pipefish Mesocosm Film/Trial 5/6-12-20/6-12 AM 01.MTS,5685.380,25.0,Female,Inactive,,,,,,START
45.991,D:/Pipefish Mesocosm Film/Trial 5/6-12-20/6-12 AM 01.MTS,5685.380,25.0,Male,Inactive,,,,,,STOP
45.992,D:/Pipefish Mesocosm Film/Trial 5/6-12-20/6-12 AM 01.MTS,5685.380,25.0,Male,Wiggle,Courtship,Active wiggle,Female,2,,START
49.979,D:/Pipefish Mesocosm Film/Trial 5/6-12-20/6-12 AM 01.MTS,5685.380,25.0,Male,Wiggle,Courtship,Active wiggle,Female,2,,STOP
49.980,D:/Pipefish Mesocosm Film/Trial 5/6-12-20/6-12 AM 01.MTS,5685.380,25.0,Male,Inactive,,,,,,START
53.206,D:/Pipefish Mesocosm Film/Trial 5/6-12-20/6-12 AM 01.MTS,5685.380,25.0,Female,Inactive,,,,,,STOP
53.207,D:/Pipefish Mesocosm Film/Trial 5/6-12-20/6-12 AM 01.MTS,5685.380,25.0,Female,Pose,,S pose,Male,Front,,START
54.536,D:/Pipefish Mesocosm Film/Trial 5/6-12-20/6-12 AM 01.MTS,5685.380,25.0,Male,Inactive,,,,,,STOP
54.537,D:/Pipefish Mesocosm Film/Trial 5/6-12-20/6-12 AM 01.MTS,5685.380,25.0,Male,Wiggle,Courtship,Active wiggle,Female,2,,START
60.708,D:/Pipefish Mesocosm Film/Trial 5/6-12-20/6-12 AM 01.MTS,5685.380,25.0,Female,Pose,,S pose,Male,Front,,STOP
60.709,D:/Pipefish Mesocosm Film/Trial 5/6-12-20/6-12 AM 01.MTS,5685.380,25.0,Female,Inactive,,,,,,START
74.758,D:/Pipefish Mesocosm Film/Trial 5/6-12-20/6-12 AM 01.MTS,5685.380,25.0,Female,Inactive,,,,,,STOP
74.759,D:/Pipefish Mesocosm Film/Trial 5/6-12-20/6-12 AM 01.MTS,5685.380,25.0,Female,Pose,,S pose,Male,Front,,START
80.455,D:/Pipefish Mesocosm Film/Trial 5/6-12-20/6-12 AM 01.MTS,5685.380,25.0,Female,Pose,,S pose,Male,Front,,STOP
80.456,D:/Pipefish Mesocosm Film/Trial 5/6-12-20/6-12 AM 01.MTS,5685.380,25.0,Female,Inactive,,,,,,START
84.350,D:/Pipefish Mesocosm Film/Trial 5/6-12-20/6-12 AM 01.MTS,5685.380,25.0,Male,Wiggle,Courtship,Active wiggle,Female,2,,STOP
84.538,D:/Pipefish Mesocosm Film/Trial 5/6-12-20/6-12 AM 01.MTS,5685.380,25.0,Female,Inactive,,,,,,STOP
84.539,D:/Pipefish Mesocosm Film/Trial 5/6-12-20/6-12 AM 01.MTS,5685.380,25.0,Female,Pose,,S pose,Male,Front,,START
90.806,D:/Pipefish Mesocosm Film/Trial 5/6-12-20/6-12 AM 01.MTS,5685.380,25.0,Male,Inactive,,,,,,START
96.691,D:/Pipefish Mesocosm Film/Trial 5/6-12-20/6-12 AM 01.MTS,5685.380,25.0,Female,Pose,,S pose,Male,Front,,STOP
96.692,D:/Pipefish Mesocosm Film/Trial 5/6-12-20/6-12 AM 01.MTS,5685.380,25.0,Female,Inactive,,,,,,START
113.591,D:/Pipefish Mesocosm Film/Trial 5/6-12-20/6-12 AM 01.MTS,5685.380,25.0,Male,Inactive,,,,,,STOP
113.592,D:/Pipefish Mesocosm Film/Trial 5/6-12-20/6-12 AM 01.MTS,5685.380,25.0,Male,Wiggle,Courtship,Active wiggle,Female,2,,START
117.199,D:/Pipefish Mesocosm Film/Trial 5/6-12-20/6-12 AM 01.MTS,5685.380,25.0,Male,Wiggle,Courtship,Active wiggle,Female,2,,STOP
117.200,D:/Pipefish Mesocosm Film/Trial 5/6-12-20/6-12 AM 01.MTS,5685.380,25.0,Male,Inactive,,,,,,START
119.003,D:/Pipefish Mesocosm Film/Trial 5/6-12-20/6-12 AM 01.MTS,5685.380,25.0,Female,Inactive,,,,,,STOP
119.004,D:/Pipefish Mesocosm Film/Trial 5/6-12-20/6-12 AM 01.MTS,5685.380,25.0,Female,Pose,,S pose,Male,Front,,START
123.180,D:/Pipefish Mesocosm Film/Trial 5/6-12-20/6-12 AM 01.MTS,5685.380,25.0,Male,Inactive,,,,,,STOP
123.181,D:/Pipefish Mesocosm Film/Trial 5/6-12-20/6-12 AM 01.MTS,5685.380,25.0,Male,Wiggle,Courtship,Active wiggle,Female,2,,START
125.934,D:/Pipefish Mesocosm Film/Trial 5/6-12-20/6-12 AM 01.MTS,5685.380,25.0,Male,Wiggle,Courtship,Active wiggle,Female,2,,STOP
125.935,D:/Pipefish Mesocosm Film/Trial 5/6-12-20/6-12 AM 01.MTS,5685.380,25.0,Male,Inactive,,,,,,START
136.758,D:/Pipefish Mesocosm Film/Trial 5/6-12-20/6-12 AM 01.MTS,5685.380,25.0,Female,Pose,,S pose,Male,Front,,STOP
136.759,D:/Pipefish Mesocosm Film/Trial 5/6-12-20/6-12 AM 01.MTS,5685.380,25.0,Female,Inactive,,,,,,START
145.304,D:/Pipefish Mesocosm Film/Trial 5/6-12-20/6-12 AM 01.MTS,5685.380,25.0,Male,Inactive,,,,,,STOP
145.305,D:/Pipefish Mesocosm Film/Trial 5/6-12-20/6-12 AM 01.MTS,5685.380,25.0,Male,Wiggle,Courtship,Active wiggle,Female,2,,START
147.488,D:/Pipefish Mesocosm Film/Trial 5/6-12-20/6-12 AM 01.MTS,5685.380,25.0,Male,Wiggle,Courtship,Active wiggle,Female,2,,STOP
147.489,D:/Pipefish Mesocosm Film/Trial 5/6-12-20/6-12 AM 01.MTS,5685.380,25.0,Male,Inactive,,,,,,START
150.619,D:/Pipefish Mesocosm Film/Trial 5/6-12-20/6-12 AM 01.MTS,5685.380,25.0,Male,Inactive,,,,,,STOP
150.620,D:/Pipefish Mesocosm Film/Trial 5/6-12-20/6-12 AM 01.MTS,5685.380,25.0,Male,Wiggle,Courtship,Active wiggle,Female,2,,START
153.279,D:/Pipefish Mesocosm Film/Trial 5/6-12-20/6-12 AM 01.MTS,5685.380,25.0,Male,Wiggle,Courtship,Active wiggle,Female,2,,STOP
153.280,D:/Pipefish Mesocosm Film/Trial 5/6-12-20/6-12 AM 01.MTS,5685.380,25.0,Male,Inactive,,,,,,START
161.254,D:/Pipefish Mesocosm Film/Trial 5/6-12-20/6-12 AM 01.MTS,5685.380,25.0,Male,Inactive,,,,,,STOP
161.255,D:/Pipefish Mesocosm Film/Trial 5/6-12-20/6-12 AM 01.MTS,5685.380,25.0,Male,Wiggle,Courtship,Active wiggle,Female,2,,START
164.293,D:/Pipefish Mesocosm Film/Trial 5/6-12-20/6-12 AM 01.MTS,5685.380,25.0,Male,Wiggle,Courtship,Active wiggle,Female,2,,STOP
164.294,D:/Pipefish Mesocosm Film/Trial 5/6-12-20/6-12 AM 01.MTS,5685.380,25.0,Male,Inactive,,,,,,START
168.944,D:/Pipefish Mesocosm Film/Trial 5/6-12-20/6-12 AM 01.MTS,5685.380,25.0,Female,Inactive,,,,,,STOP
168.945,D:/Pipefish Mesocosm Film/Trial 5/6-12-20/6-12 AM 01.MTS,5685.380,25.0,Female,Pose,,S pose,Male,Front,,START
174.262,D:/Pipefish Mesocosm Film/Trial 5/6-12-20/6-12 AM 01.MTS,5685.380,25.0,Male,Inactive,,,,,,STOP
174.263,D:/Pipefish Mesocosm Film/Trial 5/6-12-20/6-12 AM 01.MTS,5685.380,25.0,Male,Wiggle,Courtship,Active wiggle,Female,2,,START
176.919,D:/Pipefish Mesocosm Film/Trial 5/6-12-20/6-12 AM 01.MTS,5685.380,25.0,Male,Wiggle,Courtship,Active wiggle,Female,2,,STOP
176.920,D:/Pipefish Mesocosm Film/Trial 5/6-12-20/6-12 AM 01.MTS,5685.380,25.0,Male,Inactive,,,,,,START
184.326,D:/Pipefish Mesocosm Film/Trial 5/6-12-20/6-12 AM 01.MTS,5685.380,25.0,Male,Inactive,,,,,,STOP
184.327,D:/Pipefish Mesocosm Film/Trial 5/6-12-20/6-12 AM 01.MTS,5685.380,25.0,Male,Wiggle,Courtship,Active wiggle,Female,2,,START
188.789,D:/Pipefish Mesocosm Film/Trial 5/6-12-20/6-12 AM 01.MTS,5685.380,25.0,Female,Pose,,S pose,Male,Front,,STOP
188.790,D:/Pipefish Mesocosm Film/Trial 5/6-12-20/6-12 AM 01.MTS,5685.380,25.0,Female,Inactive,,,,,,START
192.775,D:/Pipefish Mesocosm Film/Trial 5/6-12-20/6-12 AM 01.MTS,5685.380,25.0,Female,Inactive,,,,,,STOP
192.776,D:/Pipefish Mesocosm Film/Trial 5/6-12-20/6-12 AM 01.MTS,5685.380,25.0,Female,Pose,,S pose,Male,Front,,START
193.158,D:/Pipefish Mesocosm Film/Trial 5/6-12-20/6-12 AM 01.MTS,5685.380,25.0,Male,Wiggle,Courtship,Active wiggle,Female,2,,STOP
193.159,D:/Pipefish Mesocosm Film/Trial 5/6-12-20/6-12 AM 01.MTS,5685.380,25.0,Male,Inactive,,,,,,START
203.885,D:/Pipefish Mesocosm Film/Trial 5/6-12-20/6-12 AM 01.MTS,5685.380,25.0,Female,Pose,,S pose,Male,Front,,STOP
203.886,D:/Pipefish Mesocosm Film/Trial 5/6-12-20/6-12 AM 01.MTS,5685.380,25.0,Female,Inactive,,,,,,START
213.663,D:/Pipefish Mesocosm Film/Trial 5/6-12-20/6-12 AM 01.MTS,5685.380,25.0,Male,Inactive,,,,,,STOP
213.664,D:/Pipefish Mesocosm Film/Trial 5/6-12-20/6-12 AM 01.MTS,5685.380,25.0,Male,Wiggle,Courtship,Active wiggle,Female,2,,START
216.133,D:/Pipefish Mesocosm Film/Trial 5/6-12-20/6-12 AM 01.MTS,5685.380,25.0,Male,Wiggle,Courtship,Active wiggle,Female,2,,STOP
216.134,D:/Pipefish Mesocosm Film/Trial 5/6-12-20/6-12 AM 01.MTS,5685.380,25.0,Male,Inactive,,,,,,START
218.980,D:/Pipefish Mesocosm Film/Trial 5/6-12-20/6-12 AM 01.MTS,5685.380,25.0,Female,Inactive,,,,,,STOP
218.981,D:/Pipefish Mesocosm Film/Trial 5/6-12-20/6-12 AM 01.MTS,5685.380,25.0,Female,Pose,,S pose,Male,Front,,START
220.405,D:/Pipefish Mesocosm Film/Trial 5/6-12-20/6-12 AM 01.MTS,5685.380,25.0,Male,Inactive,,,,,,STOP
220.406,D:/Pipefish Mesocosm Film/Trial 5/6-12-20/6-12 AM 01.MTS,5685.380,25.0,Male,Wiggle,Courtship,Active wiggle,Female,2,,START
222.969,D:/Pipefish Mesocosm Film/Trial 5/6-12-20/6-12 AM 01.MTS,5685.380,25.0,Male,Wiggle,Courtship,Active wiggle,Female,2,,STOP
222.970,D:/Pipefish Mesocosm Film/Trial 5/6-12-20/6-12 AM 01.MTS,5685.380,25.0,Male,Inactive,,,,,,START
225.533,D:/Pipefish Mesocosm Film/Trial 5/6-12-20/6-12 AM 01.MTS,5685.380,25.0,Male,Inactive,,,,,,STOP
225.534,D:/Pipefish Mesocosm Film/Trial 5/6-12-20/6-12 AM 01.MTS,5685.380,25.0,Male,Wiggle,Courtship,Active wiggle,Female,2,,START
228.854,D:/Pipefish Mesocosm Film/Trial 5/6-12-20/6-12 AM 01.MTS,5685.380,25.0,Female,Pose,,S pose,Male,Front,,STOP
228.855,D:/Pipefish Mesocosm Film/Trial 5/6-12-20/6-12 AM 01.MTS,5685.380,25.0,Female,Inactive,,,,,,START
231.039,D:/Pipefish Mesocosm Film/Trial 5/6-12-20/6-12 AM 01.MTS,5685.380,25.0,Male,Wiggle,Courtship,Active wiggle,Female,2,,STOP
231.040,D:/Pipefish Mesocosm Film/Trial 5/6-12-20/6-12 AM 01.MTS,5685.380,25.0,Male,Inactive,,,,,,START
239.393,D:/Pipefish Mesocosm Film/Trial 5/6-12-20/6-12 AM 01.MTS,5685.380,25.0,Male,Inactive,,,,,,STOP
239.394,D:/Pipefish Mesocosm Film/Trial 5/6-12-20/6-12 AM 01.MTS,5685.380,25.0,Male,Wiggle,Courtship,Active wiggle,Female,2,,START
242.148,D:/Pipefish Mesocosm Film/Trial 5/6-12-20/6-12 AM 01.MTS,5685.380,25.0,Male,Wiggle,Courtship,Active wiggle,Female,2,,STOP
242.149,D:/Pipefish Mesocosm Film/Trial 5/6-12-20/6-12 AM 01.MTS,5685.380,25.0,Male,Inactive,,,,,,START
264.460,D:/Pipefish Mesocosm Film/Trial 5/6-12-20/6-12 AM 01.MTS,5685.380,25.0,Female,Inactive,,,,,,STOP
264.461,D:/Pipefish Mesocosm Film/Trial 5/6-12-20/6-12 AM 01.MTS,5685.380,25.0,Female,Pose,,S pose,Male,Front,,START
265.219,D:/Pipefish Mesocosm Film/Trial 5/6-12-20/6-12 AM 01.MTS,5685.380,25.0,Male,Inactive,,,,,,STOP
265.220,D:/Pipefish Mesocosm Film/Trial 5/6-12-20/6-12 AM 01.MTS,5685.380,25.0,Male,Wiggle,Courtship,Active wiggle,Female,2,,START
270.440,D:/Pipefish Mesocosm Film/Trial 5/6-12-20/6-12 AM 01.MTS,5685.380,25.0,Male,Wiggle,Courtship,Active wiggle,Female,2,,STOP
270.441,D:/Pipefish Mesocosm Film/Trial 5/6-12-20/6-12 AM 01.MTS,5685.380,25.0,Male,Inactive,,,,,,START
275.569,D:/Pipefish Mesocosm Film/Trial 5/6-12-20/6-12 AM 01.MTS,5685.380,25.0,Male,Inactive,,,,,,STOP
275.570,D:/Pipefish Mesocosm Film/Trial 5/6-12-20/6-12 AM 01.MTS,5685.380,25.0,Male,Wiggle,Courtship,Active wiggle,Female,2,,START
278.795,D:/Pipefish Mesocosm Film/Trial 5/6-12-20/6-12 AM 01.MTS,5685.380,25.0,Male,Wiggle,Courtship,Active wiggle,Female,2,,STOP
278.796,D:/Pipefish Mesocosm Film/Trial 5/6-12-20/6-12 AM 01.MTS,5685.380,25.0,Male,Inactive,,,,,,START
281.266,D:/Pipefish Mesocosm Film/Trial 5/6-12-20/6-12 AM 01.MTS,5685.380,25.0,Female,Pose,,S pose,Male,Front,,STOP
281.267,D:/Pipefish Mesocosm Film/Trial 5/6-12-20/6-12 AM 01.MTS,5685.380,25.0,Female,Inactive,,,,,,START
295.886,D:/Pipefish Mesocosm Film/Trial 5/6-12-20/6-12 AM 01.MTS,5685.380,25.0,Male,Inactive,,,,,,STOP
295.887,D:/Pipefish Mesocosm Film/Trial 5/6-12-20/6-12 AM 01.MTS,5685.380,25.0,Male,Wiggle,Courtship,Active wiggle,Female,2,,START
296.645,D:/Pipefish Mesocosm Film/Trial 5/6-12-20/6-12 AM 01.MTS,5685.380,25.0,Female,Inactive,,,,,,STOP
296.646,D:/Pipefish Mesocosm Film/Trial 5/6-12-20/6-12 AM 01.MTS,5685.380,25.0,Female,Pose,,S pose,Male,Front,,START
300.443,D:/Pipefish Mesocosm Film/Trial 5/6-12-20/6-12 AM 01.MTS,5685.380,25.0,Male,Wiggle,Courtship,Active wiggle,Female,2,,STOP
300.444,D:/Pipefish Mesocosm Film/Trial 5/6-12-20/6-12 AM 01.MTS,5685.380,25.0,Male,Inactive,,,,,,START
303.576,D:/Pipefish Mesocosm Film/Trial 5/6-12-20/6-12 AM 01.MTS,5685.380,25.0,Male,Inactive,,,,,,STOP
303.577,D:/Pipefish Mesocosm Film/Trial 5/6-12-20/6-12 AM 01.MTS,5685.380,25.0,Male,Wiggle,Courtship,Active wiggle,Female,2,,START
306.234,D:/Pipefish Mesocosm Film/Trial 5/6-12-20/6-12 AM 01.MTS,5685.380,25.0,Male,Wiggle,Courtship,Active wiggle,Female,2,,STOP
306.235,D:/Pipefish Mesocosm Film/Trial 5/6-12-20/6-12 AM 01.MTS,5685.380,25.0,Male,Inactive,,,,,,START
308.133,D:/Pipefish Mesocosm Film/Trial 5/6-12-20/6-12 AM 01.MTS,5685.380,25.0,Female,Pose,,S pose,Male,Front,,STOP
308.134,D:/Pipefish Mesocosm Film/Trial 5/6-12-20/6-12 AM 01.MTS,5685.380,25.0,Female,Inactive,,,,,,START
319.813,D:/Pipefish Mesocosm Film/Trial 5/6-12-20/6-12 AM 01.MTS,5685.380,25.0,Female,Inactive,,,,,,STOP
319.814,D:/Pipefish Mesocosm Film/Trial 5/6-12-20/6-12 AM 01.MTS,5685.380,25.0,Female,Pose,,S pose,Male,Front,,START
324.180,D:/Pipefish Mesocosm Film/Trial 5/6-12-20/6-12 AM 01.MTS,5685.380,25.0,Male,Inactive,,,,,,STOP
324.181,D:/Pipefish Mesocosm Film/Trial 5/6-12-20/6-12 AM 01.MTS,5685.380,25.0,Male,Wiggle,Courtship,Active wiggle,Female,2,,START
330.635,D:/Pipefish Mesocosm Film/Trial 5/6-12-20/6-12 AM 01.MTS,5685.380,25.0,Male,Wiggle,Courtship,Active wiggle,Female,2,,STOP
330.636,D:/Pipefish Mesocosm Film/Trial 5/6-12-20/6-12 AM 01.MTS,5685.380,25.0,Male,Inactive,,,,,,START
352.283,D:/Pipefish Mesocosm Film/Trial 5/6-12-20/6-12 AM 01.MTS,5685.380,25.0,Male,Inactive,,,,,,STOP
352.284,D:/Pipefish Mesocosm Film/Trial 5/6-12-20/6-12 AM 01.MTS,5685.380,25.0,Male,Wiggle,Courtship,Active wiggle,Female,2,,START
354.658,D:/Pipefish Mesocosm Film/Trial 5/6-12-20/6-12 AM 01.MTS,5685.380,25.0,Male,Wiggle,Courtship,Active wiggle,Female,2,,STOP
354.659,D:/Pipefish Mesocosm Film/Trial 5/6-12-20/6-12 AM 01.MTS,5685.380,25.0,Male,Inactive,,,,,,START
359.215,D:/Pipefish Mesocosm Film/Trial 5/6-12-20/6-12 AM 01.MTS,5685.380,25.0,Male,Inactive,,,,,,STOP
359.216,D:/Pipefish Mesocosm Film/Trial 5/6-12-20/6-12 AM 01.MTS,5685.380,25.0,Male,Wiggle,Courtship,Active wiggle,Female,2,,START
362.633,D:/Pipefish Mesocosm Film/Trial 5/6-12-20/6-12 AM 01.MTS,5685.380,25.0,Male,Wiggle,Courtship,Active wiggle,Female,2,,STOP
362.634,D:/Pipefish Mesocosm Film/Trial 5/6-12-20/6-12 AM 01.MTS,5685.380,25.0,Male,Inactive,,,,,,START
365.387,D:/Pipefish Mesocosm Film/Trial 5/6-12-20/6-12 AM 01.MTS,5685.380,25.0,Female,Pose,,S pose,Male,Front,,STOP
365.388,D:/Pipefish Mesocosm Film/Trial 5/6-12-20/6-12 AM 01.MTS,5685.380,25.0,Female,Inactive,,,,,,START
375.639,D:/Pipefish Mesocosm Film/Trial 5/6-12-20/6-12 AM 01.MTS,5685.380,25.0,Male,Inactive,,,,,,STOP
375.640,D:/Pipefish Mesocosm Film/Trial 5/6-12-20/6-12 AM 01.MTS,5685.380,25.0,Male,Wiggle,Courtship,Active wiggle,Female,2,,START
378.868,D:/Pipefish Mesocosm Film/Trial 5/6-12-20/6-12 AM 01.MTS,5685.380,25.0,Male,Wiggle,Courtship,Active wiggle,Female,2,,STOP
378.869,D:/Pipefish Mesocosm Film/Trial 5/6-12-20/6-12 AM 01.MTS,5685.380,25.0,Male,Inactive,,,,,,START
407.351,D:/Pipefish Mesocosm Film/Trial 5/6-12-20/6-12 AM 01.MTS,5685.380,25.0,Female,Inactive,,,,,,STOP
407.352,D:/Pipefish Mesocosm Film/Trial 5/6-12-20/6-12 AM 01.MTS,5685.380,25.0,Female,Pose,,S pose,Male,Front,,START
408.206,D:/Pipefish Mesocosm Film/Trial 5/6-12-20/6-12 AM 01.MTS,5685.380,25.0,Male,Inactive,,,,,,STOP
408.207,D:/Pipefish Mesocosm Film/Trial 5/6-12-20/6-12 AM 01.MTS,5685.380,25.0,Male,Wiggle,Courtship,Active wiggle,Female,2,,START
413.998,D:/Pipefish Mesocosm Film/Trial 5/6-12-20/6-12 AM 01.MTS,5685.380,25.0,Male,Wiggle,Courtship,Active wiggle,Female,2,,STOP
413.999,D:/Pipefish Mesocosm Film/Trial 5/6-12-20/6-12 AM 01.MTS,5685.380,25.0,Male,Inactive,,,,,,START
428.524,D:/Pipefish Mesocosm Film/Trial 5/6-12-20/6-12 AM 01.MTS,5685.380,25.0,Female,Pose,,S pose,Male,Front,,STOP
428.525,D:/Pipefish Mesocosm Film/Trial 5/6-12-20/6-12 AM 01.MTS,5685.380,25.0,Female,Inactive,,,,,,START
459.477,D:/Pipefish Mesocosm Film/Trial 5/6-12-20/6-12 AM 01.MTS,5685.380,25.0,Female,Inactive,,,,,,STOP
459.478,D:/Pipefish Mesocosm Film/Trial 5/6-12-20/6-12 AM 01.MTS,5685.380,25.0,Female,Pose,,S pose,Male,Front,,START
470.585,D:/Pipefish Mesocosm Film/Trial 5/6-12-20/6-12 AM 01.MTS,5685.380,25.0,Female,Pose,,S pose,Male,Front,,STOP
470.586,D:/Pipefish Mesocosm Film/Trial 5/6-12-20/6-12 AM 01.MTS,5685.380,25.0,Female,Inactive,,,,,,START
483.497,D:/Pipefish Mesocosm Film/Trial 5/6-12-20/6-12 AM 01.MTS,5685.380,25.0,Female,Inactive,,,,,,STOP
483.498,D:/Pipefish Mesocosm Film/Trial 5/6-12-20/6-12 AM 01.MTS,5685.380,25.0,Female,Pose,,S pose,Male,Front,,START
484.068,D:/Pipefish Mesocosm Film/Trial 5/6-12-20/6-12 AM 01.MTS,5685.380,25.0,Male,Inactive,,,,,,STOP
484.069,D:/Pipefish Mesocosm Film/Trial 5/6-12-20/6-12 AM 01.MTS,5685.380,25.0,Male,Wiggle,Courtship,Active wiggle,Female,2,,START
487.769,D:/Pipefish Mesocosm Film/Trial 5/6-12-20/6-12 AM 01.MTS,5685.380,25.0,Male,Wiggle,Courtship,Active wiggle,Female,2,,STOP
487.770,D:/Pipefish Mesocosm Film/Trial 5/6-12-20/6-12 AM 01.MTS,5685.380,25.0,Male,Inactive,,,,,,START
491.758,D:/Pipefish Mesocosm Film/Trial 5/6-12-20/6-12 AM 01.MTS,5685.380,25.0,Male,Inactive,,,,,,STOP
491.759,D:/Pipefish Mesocosm Film/Trial 5/6-12-20/6-12 AM 01.MTS,5685.380,25.0,Male,Wiggle,Courtship,Active wiggle,Female,2,,START
492.613,D:/Pipefish Mesocosm Film/Trial 5/6-12-20/6-12 AM 01.MTS,5685.380,25.0,Female,Pose,,S pose,Male,Front,,STOP
492.614,D:/Pipefish Mesocosm Film/Trial 5/6-12-20/6-12 AM 01.MTS,5685.380,25.0,Female,Inactive,,,,,,START
496.126,D:/Pipefish Mesocosm Film/Trial 5/6-12-20/6-12 AM 01.MTS,5685.380,25.0,Male,Wiggle,Courtship,Active wiggle,Female,2,,STOP
496.127,D:/Pipefish Mesocosm Film/Trial 5/6-12-20/6-12 AM 01.MTS,5685.380,25.0,Male,Inactive,,,,,,START
515.399,D:/Pipefish Mesocosm Film/Trial 5/6-12-20/6-12 AM 01.MTS,5685.380,25.0,Female,Inactive,,,,,,STOP
515.400,D:/Pipefish Mesocosm Film/Trial 5/6-12-20/6-12 AM 01.MTS,5685.380,25.0,Female,Pose,,S pose,Male,Front,,START
517.203,D:/Pipefish Mesocosm Film/Trial 5/6-12-20/6-12 AM 01.MTS,5685.380,25.0,Male,Inactive,,,,,,STOP
517.204,D:/Pipefish Mesocosm Film/Trial 5/6-12-20/6-12 AM 01.MTS,5685.380,25.0,Male,Wiggle,Courtship,Active wiggle,Female,2,,START
522.900,D:/Pipefish Mesocosm Film/Trial 5/6-12-20/6-12 AM 01.MTS,5685.380,25.0,Male,Wiggle,Courtship,Active wiggle,Female,2,,STOP
522.901,D:/Pipefish Mesocosm Film/Trial 5/6-12-20/6-12 AM 01.MTS,5685.380,25.0,Male,Inactive,,,,,,START
531.920,D:/Pipefish Mesocosm Film/Trial 5/6-12-20/6-12 AM 01.MTS,5685.380,25.0,Female,Pose,,S pose,Male,Front,,STOP
531.921,D:/Pipefish Mesocosm Film/Trial 5/6-12-20/6-12 AM 01.MTS,5685.380,25.0,Female,Inactive,,,,,,START
544.264,D:/Pipefish Mesocosm Film/Trial 5/6-12-20/6-12 AM 01.MTS,5685.380,25.0,Male,Inactive,,,,,,STOP
544.265,D:/Pipefish Mesocosm Film/Trial 5/6-12-20/6-12 AM 01.MTS,5685.380,25.0,Male,Wiggle,Courtship,Active wiggle,Female,2,,START
547.110,D:/Pipefish Mesocosm Film/Trial 5/6-12-20/6-12 AM 01.MTS,5685.380,25.0,Male,Wiggle,Courtship,Active wiggle,Female,2,,STOP
547.111,D:/Pipefish Mesocosm Film/Trial 5/6-12-20/6-12 AM 01.MTS,5685.380,25.0,Male,Inactive,,,,,,START
564.771,D:/Pipefish Mesocosm Film/Trial 5/6-12-20/6-12 AM 01.MTS,5685.380,25.0,Male,Inactive,,,,,,STOP
564.772,D:/Pipefish Mesocosm Film/Trial 5/6-12-20/6-12 AM 01.MTS,5685.380,25.0,Male,Wiggle,Courtship,Active wiggle,Female,2,,START
570.088,D:/Pipefish Mesocosm Film/Trial 5/6-12-20/6-12 AM 01.MTS,5685.380,25.0,Female,Inactive,,,,,,STOP
570.089,D:/Pipefish Mesocosm Film/Trial 5/6-12-20/6-12 AM 01.MTS,5685.380,25.0,Female,Pose,,S pose,Male,Front,,START
570.468,D:/Pipefish Mesocosm Film/Trial 5/6-12-20/6-12 AM 01.MTS,5685.380,25.0,Male,Wiggle,Courtship,Active wiggle,Female,2,,STOP
570.469,D:/Pipefish Mesocosm Film/Trial 5/6-12-20/6-12 AM 01.MTS,5685.380,25.0,Male,Inactive,,,,,,START
574.170,D:/Pipefish Mesocosm Film/Trial 5/6-12-20/6-12 AM 01.MTS,5685.380,25.0,Male,Inactive,,,,,,STOP
574.171,D:/Pipefish Mesocosm Film/Trial 5/6-12-20/6-12 AM 01.MTS,5685.380,25.0,Male,Wiggle,Courtship,Active wiggle,Female,2,,START
580.626,D:/Pipefish Mesocosm Film/Trial 5/6-12-20/6-12 AM 01.MTS,5685.380,25.0,Male,Wiggle,Courtship,Active wiggle,Female,2,,STOP
580.627,D:/Pipefish Mesocosm Film/Trial 5/6-12-20/6-12 AM 01.MTS,5685.380,25.0,Male,Inactive,,,,,,START
589.362,D:/Pipefish Mesocosm Film/Trial 5/6-12-20/6-12 AM 01.MTS,5685.380,25.0,Female,Pose,,S pose,Male,Front,,STOP
589.363,D:/Pipefish Mesocosm Film/Trial 5/6-12-20/6-12 AM 01.MTS,5685.380,25.0,Female,Inactive,,,,,,START
594.203,D:/Pipefish Mesocosm Film/Trial 5/6-12-20/6-12 AM 01.MTS,5685.380,25.0,Female,Inactive,,,,,,STOP
594.204,D:/Pipefish Mesocosm Film/Trial 5/6-12-20/6-12 AM 01.MTS,5685.380,25.0,Female,Pose,,S pose,Male,Front,,START
599.806,D:/Pipefish Mesocosm Film/Trial 5/6-12-20/6-12 AM 01.MTS,5685.380,25.0,Female,Pose,,S pose,Male,Front,,STOP
599.807,D:/Pipefish Mesocosm Film/Trial 5/6-12-20/6-12 AM 01.MTS,5685.380,25.0,Female,Inactive,,,,,,START
604.267,D:/Pipefish Mesocosm Film/Trial 5/6-12-20/6-12 AM 01.MTS,5685.380,25.0,Male,Inactive,,,,,,STOP
604.268,D:/Pipefish Mesocosm Film/Trial 5/6-12-20/6-12 AM 01.MTS,5685.380,25.0,Male,Wiggle,Courtship,Active wiggle,Female,2,,START
606.736,D:/Pipefish Mesocosm Film/Trial 5/6-12-20/6-12 AM 01.MTS,5685.380,25.0,Male,Wiggle,Courtship,Active wiggle,Female,2,,STOP
606.737,D:/Pipefish Mesocosm Film/Trial 5/6-12-20/6-12 AM 01.MTS,5685.380,25.0,Male,Inactive,,,,,,START
610.059,D:/Pipefish Mesocosm Film/Trial 5/6-12-20/6-12 AM 01.MTS,5685.380,25.0,Female,Inactive,,,,,,STOP
610.060,D:/Pipefish Mesocosm Film/Trial 5/6-12-20/6-12 AM 01.MTS,5685.380,25.0,Female,Pose,,S pose,Male,Front,,START
611.578,D:/Pipefish Mesocosm Film/Trial 5/6-12-20/6-12 AM 01.MTS,5685.380,25.0,Male,Inactive,,,,,,STOP
611.579,D:/Pipefish Mesocosm Film/Trial 5/6-12-20/6-12 AM 01.MTS,5685.380,25.0,Male,Wiggle,Courtship,Active wiggle,Female,2,,START
615.376,D:/Pipefish Mesocosm Film/Trial 5/6-12-20/6-12 AM 01.MTS,5685.380,25.0,Male,Wiggle,Courtship,Active wiggle,Female,2,,STOP
615.377,D:/Pipefish Mesocosm Film/Trial 5/6-12-20/6-12 AM 01.MTS,5685.380,25.0,Male,Inactive,,,,,,START
617.749,D:/Pipefish Mesocosm Film/Trial 5/6-12-20/6-12 AM 01.MTS,5685.380,25.0,Female,Pose,,S pose,Male,Front,,STOP
617.750,D:/Pipefish Mesocosm Film/Trial 5/6-12-20/6-12 AM 01.MTS,5685.380,25.0,Female,Inactive,,,,,,START
622.023,D:/Pipefish Mesocosm Film/Trial 5/6-12-20/6-12 AM 01.MTS,5685.380,25.0,Female,Inactive,,,,,,STOP
622.024,D:/Pipefish Mesocosm Film/Trial 5/6-12-20/6-12 AM 01.MTS,5685.380,25.0,Female,Pose,,S pose,Male,Front,,START
625.251,D:/Pipefish Mesocosm Film/Trial 5/6-12-20/6-12 AM 01.MTS,5685.380,25.0,Female,Pose,,S pose,Male,Front,,STOP
625.252,D:/Pipefish Mesocosm Film/Trial 5/6-12-20/6-12 AM 01.MTS,5685.380,25.0,Female,Inactive,,,,,,START
636.170,D:/Pipefish Mesocosm Film/Trial 5/6-12-20/6-12 AM 01.MTS,5685.380,25.0,Female,Inactive,,,,,,STOP
636.171,D:/Pipefish Mesocosm Film/Trial 5/6-12-20/6-12 AM 01.MTS,5685.380,25.0,Female,Pose,,S pose,Male,Front,,START
646.233,D:/Pipefish Mesocosm Film/Trial 5/6-12-20/6-12 AM 01.MTS,5685.380,25.0,Female,Pose,,S pose,Male,Front,,STOP
646.234,D:/Pipefish Mesocosm Film/Trial 5/6-12-20/6-12 AM 01.MTS,5685.380,25.0,Female,Inactive,,,,,,START
650.220,D:/Pipefish Mesocosm Film/Trial 5/6-12-20/6-12 AM 01.MTS,5685.380,25.0,Male,Inactive,,,,,,STOP
650.221,D:/Pipefish Mesocosm Film/Trial 5/6-12-20/6-12 AM 01.MTS,5685.380,25.0,Male,Wiggle,Courtship,Active wiggle,Female,2,,START
653.544,D:/Pipefish Mesocosm Film/Trial 5/6-12-20/6-12 AM 01.MTS,5685.380,25.0,Male,Wiggle,Courtship,Active wiggle,Female,2,,STOP
653.545,D:/Pipefish Mesocosm Film/Trial 5/6-12-20/6-12 AM 01.MTS,5685.380,25.0,Male,Inactive,,,,,,START
658.483,D:/Pipefish Mesocosm Film/Trial 5/6-12-20/6-12 AM 01.MTS,5685.380,25.0,Female,Inactive,,,,,,STOP
658.484,D:/Pipefish Mesocosm Film/Trial 5/6-12-20/6-12 AM 01.MTS,5685.380,25.0,Female,Pose,,S pose,Male,Front,,START
660.379,D:/Pipefish Mesocosm Film/Trial 5/6-12-20/6-12 AM 01.MTS,5685.380,25.0,Male,Inactive,,,,,,STOP
660.380,D:/Pipefish Mesocosm Film/Trial 5/6-12-20/6-12 AM 01.MTS,5685.380,25.0,Male,Wiggle,Courtship,Active wiggle,Female,2,,START
663.703,D:/Pipefish Mesocosm Film/Trial 5/6-12-20/6-12 AM 01.MTS,5685.380,25.0,Male,Wiggle,Courtship,Active wiggle,Female,2,,STOP
663.704,D:/Pipefish Mesocosm Film/Trial 5/6-12-20/6-12 AM 01.MTS,5685.380,25.0,Male,Inactive,,,,,,START
667.312,D:/Pipefish Mesocosm Film/Trial 5/6-12-20/6-12 AM 01.MTS,5685.380,25.0,Female,Pose,,S pose,Male,Front,,STOP
667.313,D:/Pipefish Mesocosm Film/Trial 5/6-12-20/6-12 AM 01.MTS,5685.380,25.0,Female,Inactive,,,,,,START
676.141,D:/Pipefish Mesocosm Film/Trial 5/6-12-20/6-12 AM 01.MTS,5685.380,25.0,Female,Inactive,,,,,,STOP
676.142,D:/Pipefish Mesocosm Film/Trial 5/6-12-20/6-12 AM 01.MTS,5685.380,25.0,Female,Pose,,S pose,Male,Front,,START
686.206,D:/Pipefish Mesocosm Film/Trial 5/6-12-20/6-12 AM 01.MTS,5685.380,25.0,Female,Pose,,S pose,Male,Front,,STOP
686.207,D:/Pipefish Mesocosm Film/Trial 5/6-12-20/6-12 AM 01.MTS,5685.380,25.0,Female,Inactive,,,,,,START
695.889,D:/Pipefish Mesocosm Film/Trial 5/6-12-20/6-12 AM 01.MTS,5685.380,25.0,Female,Inactive,,,,,,STOP
695.890,D:/Pipefish Mesocosm Film/Trial 5/6-12-20/6-12 AM 01.MTS,5685.380,25.0,Female,Pose,,S pose,Male,Front,,START
712.505,D:/Pipefish Mesocosm Film/Trial 5/6-12-20/6-12 AM 01.MTS,5685.380,25.0,Male,Inactive,,,,,,STOP
712.506,D:/Pipefish Mesocosm Film/Trial 5/6-12-20/6-12 AM 01.MTS,5685.380,25.0,Male,Wiggle,Courtship,Active wiggle,Female,2,,START
715.165,D:/Pipefish Mesocosm Film/Trial 5/6-12-20/6-12 AM 01.MTS,5685.380,25.0,Female,Pose,,S pose,Male,Front,,STOP
715.166,D:/Pipefish Mesocosm Film/Trial 5/6-12-20/6-12 AM 01.MTS,5685.380,25.0,Female,Inactive,,,,,,START
717.822,D:/Pipefish Mesocosm Film/Trial 5/6-12-20/6-12 AM 01.MTS,5685.380,25.0,Male,Wiggle,Courtship,Active wiggle,Female,2,,STOP
717.823,D:/Pipefish Mesocosm Film/Trial 5/6-12-20/6-12 AM 01.MTS,5685.380,25.0,Male,Inactive,,,,,,START
750.770,D:/Pipefish Mesocosm Film/Trial 5/6-12-20/6-12 AM 01.MTS,5685.380,25.0,Female,Inactive,,,,,,STOP
750.771,D:/Pipefish Mesocosm Film/Trial 5/6-12-20/6-12 AM 01.MTS,5685.380,25.0,Female,Pose,,S pose,Male,Front,,START
753.141,D:/Pipefish Mesocosm Film/Trial 5/6-12-20/6-12 AM 01.MTS,5685.380,25.0,Male,Inactive,,,,,,STOP
753.142,D:/Pipefish Mesocosm Film/Trial 5/6-12-20/6-12 AM 01.MTS,5685.380,25.0,Male,Wiggle,Courtship,Subtle wiggle,Female,3,,START
755.515,D:/Pipefish Mesocosm Film/Trial 5/6-12-20/6-12 AM 01.MTS,5685.380,25.0,Male,Wiggle,Courtship,Subtle wiggle,Female,3,,STOP
755.516,D:/Pipefish Mesocosm Film/Trial 5/6-12-20/6-12 AM 01.MTS,5685.380,25.0,Male,Inactive,,,,,,START
758.458,D:/Pipefish Mesocosm Film/Trial 5/6-12-20/6-12 AM 01.MTS,5685.380,25.0,Female,Pose,,S pose,Male,Front,,STOP
758.459,D:/Pipefish Mesocosm Film/Trial 5/6-12-20/6-12 AM 01.MTS,5685.380,25.0,Female,Inactive,,,,,,START
775.834,D:/Pipefish Mesocosm Film/Trial 5/6-12-20/6-12 AM 01.MTS,5685.380,25.0,Male,Inactive,,,,,,STOP
775.835,D:/Pipefish Mesocosm Film/Trial 5/6-12-20/6-12 AM 01.MTS,5685.380,25.0,Male,Wiggle,Courtship,Active wiggle,Female,2,,START
779.061,D:/Pipefish Mesocosm Film/Trial 5/6-12-20/6-12 AM 01.MTS,5685.380,25.0,Male,Wiggle,Courtship,Active wiggle,Female,2,,STOP
779.062,D:/Pipefish Mesocosm Film/Trial 5/6-12-20/6-12 AM 01.MTS,5685.380,25.0,Male,Inactive,,,,,,START
801.753,D:/Pipefish Mesocosm Film/Trial 5/6-12-20/6-12 AM 01.MTS,5685.380,25.0,Male,Inactive,,,,,,STOP
801.754,D:/Pipefish Mesocosm Film/Trial 5/6-12-20/6-12 AM 01.MTS,5685.380,25.0,Male,Wiggle,Courtship,Active wiggle,Female,3,,START
804.032,D:/Pipefish Mesocosm Film/Trial 5/6-12-20/6-12 AM 01.MTS,5685.380,25.0,Male,Wiggle,Courtship,Active wiggle,Female,3,,STOP
804.033,D:/Pipefish Mesocosm Film/Trial 5/6-12-20/6-12 AM 01.MTS,5685.380,25.0,Male,Inactive,,,,,,START
866.224,D:/Pipefish Mesocosm Film/Trial 5/6-12-20/6-12 AM 01.MTS,5685.380,25.0,Female,Inactive,,,,,,STOP
866.224,D:/Pipefish Mesocosm Film/Trial 5/6-12-20/6-12 AM 01.MTS,5685.380,25.0,Male,Inactive,,,,,,STOP
867.363,D:/Pipefish Mesocosm Film/Trial 5/6-12-20/6-12 AM 01.MTS,5685.380,25.0,,Stop,,,,,,POINT
870.021,D:/Pipefish Mesocosm Film/Trial 5/6-12-20/6-12 AM 01.MTS,5685.380,25.0,,Start,,,,,,POINT
870.021,D:/Pipefish Mesocosm Film/Trial 5/6-12-20/6-12 AM 01.MTS,5685.380,25.0,Male,Wiggle,Courtship,Active wiggle,Female,3,,START
872.964,D:/Pipefish Mesocosm Film/Trial 5/6-12-20/6-12 AM 01.MTS,5685.380,25.0,Female,Inactive,,,,,,START
875.052,D:/Pipefish Mesocosm Film/Trial 5/6-12-20/6-12 AM 01.MTS,5685.380,25.0,Male,Wiggle,Courtship,Active wiggle,Female,3,,STOP
875.053,D:/Pipefish Mesocosm Film/Trial 5/6-12-20/6-12 AM 01.MTS,5685.380,25.0,Male,Inactive,,,,,,START
898.693,D:/Pipefish Mesocosm Film/Trial 5/6-12-20/6-12 AM 01.MTS,5685.380,25.0,Male,Inactive,,,,,,STOP
898.694,D:/Pipefish Mesocosm Film/Trial 5/6-12-20/6-12 AM 01.MTS,5685.380,25.0,Male,Wiggle,Courtship,Active wiggle,Female,3,,START
902.394,D:/Pipefish Mesocosm Film/Trial 5/6-12-20/6-12 AM 01.MTS,5685.380,25.0,Male,Wiggle,Courtship,Active wiggle,Female,3,,STOP
902.395,D:/Pipefish Mesocosm Film/Trial 5/6-12-20/6-12 AM 01.MTS,5685.380,25.0,Male,Inactive,,,,,,START
935.626,D:/Pipefish Mesocosm Film/Trial 5/6-12-20/6-12 AM 01.MTS,5685.380,25.0,Male,Inactive,,,,,,STOP
935.627,D:/Pipefish Mesocosm Film/Trial 5/6-12-20/6-12 AM 01.MTS,5685.380,25.0,Male,Wiggle,Courtship,Active wiggle,Female,3,,START
939.328,D:/Pipefish Mesocosm Film/Trial 5/6-12-20/6-12 AM 01.MTS,5685.380,25.0,Male,Wiggle,Courtship,Active wiggle,Female,3,,STOP
939.329,D:/Pipefish Mesocosm Film/Trial 5/6-12-20/6-12 AM 01.MTS,5685.380,25.0,Male,Inactive,,,,,,START
953.095,D:/Pipefish Mesocosm Film/Trial 5/6-12-20/6-12 AM 01.MTS,5685.380,25.0,Female,Inactive,,,,,,STOP
953.096,D:/Pipefish Mesocosm Film/Trial 5/6-12-20/6-12 AM 01.MTS,5685.380,25.0,Female,Pose,,S pose,Male,Front,,START
961.071,D:/Pipefish Mesocosm Film/Trial 5/6-12-20/6-12 AM 01.MTS,5685.380,25.0,Female,Pose,,S pose,Male,Front,,STOP
961.072,D:/Pipefish Mesocosm Film/Trial 5/6-12-20/6-12 AM 01.MTS,5685.380,25.0,Female,Inactive,,,,,,START
964.679,D:/Pipefish Mesocosm Film/Trial 5/6-12-20/6-12 AM 01.MTS,5685.380,25.0,Male,Inactive,,,,,,STOP
964.680,D:/Pipefish Mesocosm Film/Trial 5/6-12-20/6-12 AM 01.MTS,5685.380,25.0,Male,Wiggle,Courtship,Active wiggle,Female,3,,START
968.002,D:/Pipefish Mesocosm Film/Trial 5/6-12-20/6-12 AM 01.MTS,5685.380,25.0,Male,Wiggle,Courtship,Active wiggle,Female,3,,STOP
968.003,D:/Pipefish Mesocosm Film/Trial 5/6-12-20/6-12 AM 01.MTS,5685.380,25.0,Male,Inactive,,,,,,START
1032.091,D:/Pipefish Mesocosm Film/Trial 5/6-12-20/6-12 AM 01.MTS,5685.380,25.0,Female,Inactive,,,,,,STOP
1032.091,D:/Pipefish Mesocosm Film/Trial 5/6-12-20/6-12 AM 01.MTS,5685.380,25.0,Male,Inactive,,,,,,STOP
1032.947,D:/Pipefish Mesocosm Film/Trial 5/6-12-20/6-12 AM 01.MTS,5685.380,25.0,,Stop,,,,,,POINT
1073.299,D:/Pipefish Mesocosm Film/Trial 5/6-12-20/6-12 AM 01.MTS,5685.380,25.0,,Start,,,,,,POINT
1073.299,D:/Pipefish Mesocosm Film/Trial 5/6-12-20/6-12 AM 01.MTS,5685.380,25.0,Male,Wiggle,Courtship,Active wiggle,Female,3,,START
1075.008,D:/Pipefish Mesocosm Film/Trial 5/6-12-20/6-12 AM 01.MTS,5685.380,25.0,Female,Pose,,S pose,Male,Front,,START
1078.900,D:/Pipefish Mesocosm Film/Trial 5/6-12-20/6-12 AM 01.MTS,5685.380,25.0,Female,Pose,,S pose,Male,Front,,STOP
1078.901,D:/Pipefish Mesocosm Film/Trial 5/6-12-20/6-12 AM 01.MTS,5685.380,25.0,Female,Inactive,,,,,,START
1080.322,D:/Pipefish Mesocosm Film/Trial 5/6-12-20/6-12 AM 01.MTS,5685.380,25.0,Male,Wiggle,Courtship,Active wiggle,Female,3,,STOP
1080.323,D:/Pipefish Mesocosm Film/Trial 5/6-12-20/6-12 AM 01.MTS,5685.380,25.0,Male,Inactive,,,,,,START
1140.458,D:/Pipefish Mesocosm Film/Trial 5/6-12-20/6-12 AM 01.MTS,5685.380,25.0,Female,Inactive,,,,,,STOP
1140.848,D:/Pipefish Mesocosm Film/Trial 5/6-12-20/6-12 AM 01.MTS,5685.380,25.0,Male,Inactive,,,,,,STOP
1141.273,D:/Pipefish Mesocosm Film/Trial 5/6-12-20/6-12 AM 01.MTS,5685.380,25.0,,Stop,,,,,,POINT
1143.177,D:/Pipefish Mesocosm Film/Trial 5/6-12-20/6-12 AM 01.MTS,5685.380,25.0,,Start,,,,,,POINT
1143.177,D:/Pipefish Mesocosm Film/Trial 5/6-12-20/6-12 AM 01.MTS,5685.380,25.0,Female,Pose,,S pose,Male,Front,,START
1145.360,D:/Pipefish Mesocosm Film/Trial 5/6-12-20/6-12 AM 01.MTS,5685.380,25.0,Male,Wiggle,Courtship,Active wiggle,Female,3,,START
1148.397,D:/Pipefish Mesocosm Film/Trial 5/6-12-20/6-12 AM 01.MTS,5685.380,25.0,Female,Pose,,S pose,Male,Front,,STOP
1148.398,D:/Pipefish Mesocosm Film/Trial 5/6-12-20/6-12 AM 01.MTS,5685.380,25.0,Female,Inactive,,,,,,START
1149.538,D:/Pipefish Mesocosm Film/Trial 5/6-12-20/6-12 AM 01.MTS,5685.380,25.0,Male,Wiggle,Courtship,Active wiggle,Female,3,,STOP
1149.539,D:/Pipefish Mesocosm Film/Trial 5/6-12-20/6-12 AM 01.MTS,5685.380,25.0,Male,Inactive,,,,,,START
1156.090,D:/Pipefish Mesocosm Film/Trial 5/6-12-20/6-12 AM 01.MTS,5685.380,25.0,Male,Inactive,,,,,,STOP
1156.091,D:/Pipefish Mesocosm Film/Trial 5/6-12-20/6-12 AM 01.MTS,5685.380,25.0,Male,Wiggle,Courtship,Active wiggle,Female,3,,START
1159.980,D:/Pipefish Mesocosm Film/Trial 5/6-12-20/6-12 AM 01.MTS,5685.380,25.0,Male,Wiggle,Courtship,Active wiggle,Female,3,,STOP
1159.981,D:/Pipefish Mesocosm Film/Trial 5/6-12-20/6-12 AM 01.MTS,5685.380,25.0,Male,Inactive,,,,,,START
1167.387,D:/Pipefish Mesocosm Film/Trial 5/6-12-20/6-12 AM 01.MTS,5685.380,25.0,Male,Inactive,,,,,,STOP
1167.388,D:/Pipefish Mesocosm Film/Trial 5/6-12-20/6-12 AM 01.MTS,5685.380,25.0,Male,Wiggle,Courtship,Active wiggle,Female,3,,START
1170.804,D:/Pipefish Mesocosm Film/Trial 5/6-12-20/6-12 AM 01.MTS,5685.380,25.0,Female,Inactive,,,,,,STOP
1170.805,D:/Pipefish Mesocosm Film/Trial 5/6-12-20/6-12 AM 01.MTS,5685.380,25.0,Female,Pose,,S pose,Male,Front,,START
1171.280,D:/Pipefish Mesocosm Film/Trial 5/6-12-20/6-12 AM 01.MTS,5685.380,25.0,Male,Wiggle,Courtship,Active wiggle,Female,3,,STOP
1171.281,D:/Pipefish Mesocosm Film/Trial 5/6-12-20/6-12 AM 01.MTS,5685.380,25.0,Male,Inactive,,,,,,START
1185.142,D:/Pipefish Mesocosm Film/Trial 5/6-12-20/6-12 AM 01.MTS,5685.380,25.0,Male,Inactive,,,,,,STOP
1185.143,D:/Pipefish Mesocosm Film/Trial 5/6-12-20/6-12 AM 01.MTS,5685.380,25.0,Male,Wiggle,Courtship,Active wiggle,Female,3,,START
1188.085,D:/Pipefish Mesocosm Film/Trial 5/6-12-20/6-12 AM 01.MTS,5685.380,25.0,Male,Wiggle,Courtship,Active wiggle,Female,3,,STOP
1188.086,D:/Pipefish Mesocosm Film/Trial 5/6-12-20/6-12 AM 01.MTS,5685.380,25.0,Male,Inactive,,,,,,START
1192.547,D:/Pipefish Mesocosm Film/Trial 5/6-12-20/6-12 AM 01.MTS,5685.380,25.0,Female,Pose,,S pose,Male,Front,,STOP
1192.548,D:/Pipefish Mesocosm Film/Trial 5/6-12-20/6-12 AM 01.MTS,5685.380,25.0,Female,Inactive,,,,,,START
1208.500,D:/Pipefish Mesocosm Film/Trial 5/6-12-20/6-12 AM 01.MTS,5685.380,25.0,Male,Inactive,,,,,,STOP
1208.501,D:/Pipefish Mesocosm Film/Trial 5/6-12-20/6-12 AM 01.MTS,5685.380,25.0,Male,Wiggle,Courtship,Active wiggle,Female,3,,START
1211.251,D:/Pipefish Mesocosm Film/Trial 5/6-12-20/6-12 AM 01.MTS,5685.380,25.0,Male,Wiggle,Courtship,Active wiggle,Female,3,,STOP
1211.252,D:/Pipefish Mesocosm Film/Trial 5/6-12-20/6-12 AM 01.MTS,5685.380,25.0,Male,Inactive,,,,,,START
1212.201,D:/Pipefish Mesocosm Film/Trial 5/6-12-20/6-12 AM 01.MTS,5685.380,25.0,Female,Inactive,,,,,,STOP
1212.202,D:/Pipefish Mesocosm Film/Trial 5/6-12-20/6-12 AM 01.MTS,5685.380,25.0,Female,Pose,,S pose,Male,Front,,START
1222.549,D:/Pipefish Mesocosm Film/Trial 5/6-12-20/6-12 AM 01.MTS,5685.380,25.0,Female,Pose,,S pose,Male,Front,,STOP
1222.550,D:/Pipefish Mesocosm Film/Trial 5/6-12-20/6-12 AM 01.MTS,5685.380,25.0,Female,Inactive,,,,,,START
1260.148,D:/Pipefish Mesocosm Film/Trial 5/6-12-20/6-12 AM 01.MTS,5685.380,25.0,Female,Inactive,,,,,,STOP
1260.149,D:/Pipefish Mesocosm Film/Trial 5/6-12-20/6-12 AM 01.MTS,5685.380,25.0,Female,Pose,,S pose,Male,Front,,START
1260.529,D:/Pipefish Mesocosm Film/Trial 5/6-12-20/6-12 AM 01.MTS,5685.380,25.0,Male,Inactive,,,,,,STOP
1260.530,D:/Pipefish Mesocosm Film/Trial 5/6-12-20/6-12 AM 01.MTS,5685.380,25.0,Male,Wiggle,Courtship,Active wiggle,Female,3,,START
1265.559,D:/Pipefish Mesocosm Film/Trial 5/6-12-20/6-12 AM 01.MTS,5685.380,25.0,Female,Pose,,S pose,Male,Front,,STOP
1265.560,D:/Pipefish Mesocosm Film/Trial 5/6-12-20/6-12 AM 01.MTS,5685.380,25.0,Female,Inactive,,,,,,START
1267.933,D:/Pipefish Mesocosm Film/Trial 5/6-12-20/6-12 AM 01.MTS,5685.380,25.0,Male,Wiggle,Courtship,Active wiggle,Female,3,,STOP
1267.934,D:/Pipefish Mesocosm Film/Trial 5/6-12-20/6-12 AM 01.MTS,5685.380,25.0,Male,Inactive,,,,,,START
1324.522,D:/Pipefish Mesocosm Film/Trial 5/6-12-20/6-12 AM 01.MTS,5685.380,25.0,Female,Inactive,,,,,,STOP
1327.750,D:/Pipefish Mesocosm Film/Trial 5/6-12-20/6-12 AM 01.MTS,5685.380,25.0,Male,Inactive,,,,,,STOP
1328.093,D:/Pipefish Mesocosm Film/Trial 5/6-12-20/6-12 AM 01.MTS,5685.380,25.0,,Stop,,,,,,POINT
1381.585,D:/Pipefish Mesocosm Film/Trial 5/6-12-20/6-12 AM 01.MTS,5685.380,25.0,,Start,,,,,,POINT
1381.585,D:/Pipefish Mesocosm Film/Trial 5/6-12-20/6-12 AM 01.MTS,5685.380,25.0,Male,Wiggle,Courtship,Active wiggle,Female,3,,START
1382.629,D:/Pipefish Mesocosm Film/Trial 5/6-12-20/6-12 AM 01.MTS,5685.380,25.0,Female,Inactive,,,,,,START
1383.957,D:/Pipefish Mesocosm Film/Trial 5/6-12-20/6-12 AM 01.MTS,5685.380,25.0,Male,Wiggle,Courtship,Active wiggle,Female,3,,STOP
1383.958,D:/Pipefish Mesocosm Film/Trial 5/6-12-20/6-12 AM 01.MTS,5685.380,25.0,Male,Inactive,,,,,,START
1386.521,D:/Pipefish Mesocosm Film/Trial 5/6-12-20/6-12 AM 01.MTS,5685.380,25.0,Male,Inactive,,,,,,STOP
1386.522,D:/Pipefish Mesocosm Film/Trial 5/6-12-20/6-12 AM 01.MTS,5685.380,25.0,Male,Wiggle,Courtship,Active wiggle,Female,3,,START
1388.419,D:/Pipefish Mesocosm Film/Trial 5/6-12-20/6-12 AM 01.MTS,5685.380,25.0,Male,Wiggle,Courtship,Active wiggle,Female,3,,STOP
1388.420,D:/Pipefish Mesocosm Film/Trial 5/6-12-20/6-12 AM 01.MTS,5685.380,25.0,Male,Inactive,,,,,,START
1390.699,D:/Pipefish Mesocosm Film/Trial 5/6-12-20/6-12 AM 01.MTS,5685.380,25.0,Male,Inactive,,,,,,STOP
1390.700,D:/Pipefish Mesocosm Film/Trial 5/6-12-20/6-12 AM 01.MTS,5685.380,25.0,Male,Wiggle,Courtship,Active wiggle,Female,3,,START
1394.842,D:/Pipefish Mesocosm Film/Trial 5/6-12-20/6-12 AM 01.MTS,5685.380,25.0,Male,Wiggle,Courtship,Active wiggle,Female,3,,STOP
1394.843,D:/Pipefish Mesocosm Film/Trial 5/6-12-20/6-12 AM 01.MTS,5685.380,25.0,Male,Inactive,,,,,,START
1413.391,D:/Pipefish Mesocosm Film/Trial 5/6-12-20/6-12 AM 01.MTS,5685.380,25.0,Male,Inactive,,,,,,STOP
1413.392,D:/Pipefish Mesocosm Film/Trial 5/6-12-20/6-12 AM 01.MTS,5685.380,25.0,Male,Wiggle,Courtship,Active wiggle,Female,3,,START
1418.611,D:/Pipefish Mesocosm Film/Trial 5/6-12-20/6-12 AM 01.MTS,5685.380,25.0,Male,Wiggle,Courtship,Active wiggle,Female,3,,STOP
1418.612,D:/Pipefish Mesocosm Film/Trial 5/6-12-20/6-12 AM 01.MTS,5685.380,25.0,Male,Inactive,,,,,,START
1443.678,D:/Pipefish Mesocosm Film/Trial 5/6-12-20/6-12 AM 01.MTS,5685.380,25.0,Male,Inactive,,,,,,STOP
1443.679,D:/Pipefish Mesocosm Film/Trial 5/6-12-20/6-12 AM 01.MTS,5685.380,25.0,Male,Wiggle,Courtship,Active wiggle,Female,3,,START
1447.474,D:/Pipefish Mesocosm Film/Trial 5/6-12-20/6-12 AM 01.MTS,5685.380,25.0,Male,Wiggle,Courtship,Active wiggle,Female,3,,STOP
1447.475,D:/Pipefish Mesocosm Film/Trial 5/6-12-20/6-12 AM 01.MTS,5685.380,25.0,Male,Inactive,,,,,,START
1513.274,D:/Pipefish Mesocosm Film/Trial 5/6-12-20/6-12 AM 01.MTS,5685.380,25.0,Female,Inactive,,,,,,STOP
1513.652,D:/Pipefish Mesocosm Film/Trial 5/6-12-20/6-12 AM 01.MTS,5685.380,25.0,Male,Inactive,,,,,,STOP
1514.126,D:/Pipefish Mesocosm Film/Trial 5/6-12-20/6-12 AM 01.MTS,5685.380,25.0,,Stop,,,,,,POINT
1536.483,D:/Pipefish Mesocosm Film/Trial 5/6-12-20/6-12 AM 01.MTS,5685.380,25.0,,Start,,,,,,POINT
1536.915,D:/Pipefish Mesocosm Film/Trial 5/6-12-20/6-12 AM 01.MTS,5685.380,25.0,Male,Wiggle,Courtship,Active wiggle,Female,3,,START
1537.579,D:/Pipefish Mesocosm Film/Trial 5/6-12-20/6-12 AM 01.MTS,5685.380,25.0,Female,Inactive,,,,,,START
1539.192,D:/Pipefish Mesocosm Film/Trial 5/6-12-20/6-12 AM 01.MTS,5685.380,25.0,Male,Wiggle,Courtship,Active wiggle,Female,3,,STOP
1539.193,D:/Pipefish Mesocosm Film/Trial 5/6-12-20/6-12 AM 01.MTS,5685.380,25.0,Male,Inactive,,,,,,START
1566.060,D:/Pipefish Mesocosm Film/Trial 5/6-12-20/6-12 AM 01.MTS,5685.380,25.0,Male,Inactive,,,,,,STOP
1566.061,D:/Pipefish Mesocosm Film/Trial 5/6-12-20/6-12 AM 01.MTS,5685.380,25.0,Male,Wiggle,Courtship,Active wiggle,Female,2,,START
1568.150,D:/Pipefish Mesocosm Film/Trial 5/6-12-20/6-12 AM 01.MTS,5685.380,25.0,Male,Wiggle,Courtship,Active wiggle,Female,2,,STOP
1568.151,D:/Pipefish Mesocosm Film/Trial 5/6-12-20/6-12 AM 01.MTS,5685.380,25.0,Male,Inactive,,,,,,START
1589.988,D:/Pipefish Mesocosm Film/Trial 5/6-12-20/6-12 AM 01.MTS,5685.380,25.0,Male,Inactive,,,,,,STOP
1589.989,D:/Pipefish Mesocosm Film/Trial 5/6-12-20/6-12 AM 01.MTS,5685.380,25.0,Male,Wiggle,Courtship,Active wiggle,Female,3,,START
1593.880,D:/Pipefish Mesocosm Film/Trial 5/6-12-20/6-12 AM 01.MTS,5685.380,25.0,Male,Wiggle,Courtship,Active wiggle,Female,3,,STOP
1593.881,D:/Pipefish Mesocosm Film/Trial 5/6-12-20/6-12 AM 01.MTS,5685.380,25.0,Male,Inactive,,,,,,START
1655.976,D:/Pipefish Mesocosm Film/Trial 5/6-12-20/6-12 AM 01.MTS,5685.380,25.0,Female,Inactive,,,,,,STOP
1655.976,D:/Pipefish Mesocosm Film/Trial 5/6-12-20/6-12 AM 01.MTS,5685.380,25.0,Male,Inactive,,,,,,STOP
1656.356,D:/Pipefish Mesocosm Film/Trial 5/6-12-20/6-12 AM 01.MTS,5685.380,25.0,,Stop,,,,,,POINT
1682.371,D:/Pipefish Mesocosm Film/Trial 5/6-12-20/6-12 AM 01.MTS,5685.380,25.0,,Start,,,,,,POINT
1682.371,D:/Pipefish Mesocosm Film/Trial 5/6-12-20/6-12 AM 01.MTS,5685.380,25.0,Male,Wiggle,Courtship,Active wiggle,Female,2,,START
1682.656,D:/Pipefish Mesocosm Film/Trial 5/6-12-20/6-12 AM 01.MTS,5685.380,25.0,Female,Pose,,S pose,Male,Front,,START
1686.262,D:/Pipefish Mesocosm Film/Trial 5/6-12-20/6-12 AM 01.MTS,5685.380,25.0,Male,Wiggle,Courtship,Active wiggle,Female,2,,STOP
1686.263,D:/Pipefish Mesocosm Film/Trial 5/6-12-20/6-12 AM 01.MTS,5685.380,25.0,Male,Inactive,,,,,,START
1689.015,D:/Pipefish Mesocosm Film/Trial 5/6-12-20/6-12 AM 01.MTS,5685.380,25.0,Female,Pose,,S pose,Male,Front,,STOP
1689.016,D:/Pipefish Mesocosm Film/Trial 5/6-12-20/6-12 AM 01.MTS,5685.380,25.0,Female,Inactive,,,,,,START
1729.557,D:/Pipefish Mesocosm Film/Trial 5/6-12-20/6-12 AM 01.MTS,5685.380,25.0,Male,Inactive,,,,,,STOP
1729.558,D:/Pipefish Mesocosm Film/Trial 5/6-12-20/6-12 AM 01.MTS,5685.380,25.0,Male,Wiggle,Courtship,Active wiggle,Female,2,,START
1732.119,D:/Pipefish Mesocosm Film/Trial 5/6-12-20/6-12 AM 01.MTS,5685.380,25.0,Male,Wiggle,Courtship,Active wiggle,Female,2,,STOP
1732.120,D:/Pipefish Mesocosm Film/Trial 5/6-12-20/6-12 AM 01.MTS,5685.380,25.0,Male,Inactive,,,,,,START
1748.926,D:/Pipefish Mesocosm Film/Trial 5/6-12-20/6-12 AM 01.MTS,5685.380,25.0,Male,Inactive,,,,,,STOP
1748.927,D:/Pipefish Mesocosm Film/Trial 5/6-12-20/6-12 AM 01.MTS,5685.380,25.0,Male,Wiggle,Courtship,Active wiggle,Female,3,,START
1753.862,D:/Pipefish Mesocosm Film/Trial 5/6-12-20/6-12 AM 01.MTS,5685.380,25.0,Male,Wiggle,Courtship,Active wiggle,Female,3,,STOP
1753.863,D:/Pipefish Mesocosm Film/Trial 5/6-12-20/6-12 AM 01.MTS,5685.380,25.0,Male,Inactive,,,,,,START
1784.530,D:/Pipefish Mesocosm Film/Trial 5/6-12-20/6-12 AM 01.MTS,5685.380,25.0,Female,Inactive,,,,,,STOP
1784.531,D:/Pipefish Mesocosm Film/Trial 5/6-12-20/6-12 AM 01.MTS,5685.380,25.0,Female,Pose,,S pose,Male,Front,,START
1784.910,D:/Pipefish Mesocosm Film/Trial 5/6-12-20/6-12 AM 01.MTS,5685.380,25.0,Male,Inactive,,,,,,STOP
1784.911,D:/Pipefish Mesocosm Film/Trial 5/6-12-20/6-12 AM 01.MTS,5685.380,25.0,Male,Wiggle,Courtship,Subtle wiggle,Female,3,,START
1788.423,D:/Pipefish Mesocosm Film/Trial 5/6-12-20/6-12 AM 01.MTS,5685.380,25.0,Female,Pose,,S pose,Male,Front,,STOP
1788.424,D:/Pipefish Mesocosm Film/Trial 5/6-12-20/6-12 AM 01.MTS,5685.380,25.0,Female,Inactive,,,,,,START
1788.517,D:/Pipefish Mesocosm Film/Trial 5/6-12-20/6-12 AM 01.MTS,5685.380,25.0,Male,Wiggle,Courtship,Subtle wiggle,Female,3,,STOP
1788.518,D:/Pipefish Mesocosm Film/Trial 5/6-12-20/6-12 AM 01.MTS,5685.380,25.0,Male,Inactive,,,,,,START
1819.659,D:/Pipefish Mesocosm Film/Trial 5/6-12-20/6-12 AM 01.MTS,5685.380,25.0,Male,Inactive,,,,,,STOP
1819.660,D:/Pipefish Mesocosm Film/Trial 5/6-12-20/6-12 AM 01.MTS,5685.380,25.0,Male,Wiggle,Courtship,Active wiggle,Female,2,,START
1822.317,D:/Pipefish Mesocosm Film/Trial 5/6-12-20/6-12 AM 01.MTS,5685.380,25.0,Female,Inactive,,,,,,STOP
1822.318,D:/Pipefish Mesocosm Film/Trial 5/6-12-20/6-12 AM 01.MTS,5685.380,25.0,Female,Pose,,S pose,Male,Front,,START
1827.920,D:/Pipefish Mesocosm Film/Trial 5/6-12-20/6-12 AM 01.MTS,5685.380,25.0,Male,Wiggle,Courtship,Active wiggle,Female,2,,STOP
1827.921,D:/Pipefish Mesocosm Film/Trial 5/6-12-20/6-12 AM 01.MTS,5685.380,25.0,Male,Inactive,,,,,,START
1828.870,D:/Pipefish Mesocosm Film/Trial 5/6-12-20/6-12 AM 01.MTS,5685.380,25.0,Female,Pose,,S pose,Male,Front,,STOP
1828.871,D:/Pipefish Mesocosm Film/Trial 5/6-12-20/6-12 AM 01.MTS,5685.380,25.0,Female,Inactive,,,,,,START
1830.769,D:/Pipefish Mesocosm Film/Trial 5/6-12-20/6-12 AM 01.MTS,5685.380,25.0,Male,Inactive,,,,,,STOP
1830.770,D:/Pipefish Mesocosm Film/Trial 5/6-12-20/6-12 AM 01.MTS,5685.380,25.0,Male,Wiggle,Courtship,Active wiggle,Female,3,,START
1834.282,D:/Pipefish Mesocosm Film/Trial 5/6-12-20/6-12 AM 01.MTS,5685.380,25.0,Male,Wiggle,Courtship,Active wiggle,Female,3,,STOP
1834.283,D:/Pipefish Mesocosm Film/Trial 5/6-12-20/6-12 AM 01.MTS,5685.380,25.0,Male,Inactive,,,,,,START
1857.069,D:/Pipefish Mesocosm Film/Trial 5/6-12-20/6-12 AM 01.MTS,5685.380,25.0,Female,Inactive,,,,,,STOP
1857.070,D:/Pipefish Mesocosm Film/Trial 5/6-12-20/6-12 AM 01.MTS,5685.380,25.0,Female,Pose,,S pose,Male,Front,,START
1862.574,D:/Pipefish Mesocosm Film/Trial 5/6-12-20/6-12 AM 01.MTS,5685.380,25.0,Female,Pose,,S pose,Male,Front,,STOP
1862.575,D:/Pipefish Mesocosm Film/Trial 5/6-12-20/6-12 AM 01.MTS,5685.380,25.0,Female,Inactive,,,,,,START
1922.770,D:/Pipefish Mesocosm Film/Trial 5/6-12-20/6-12 AM 01.MTS,5685.380,25.0,Female,Inactive,,,,,,STOP
1922.770,D:/Pipefish Mesocosm Film/Trial 5/6-12-20/6-12 AM 01.MTS,5685.380,25.0,Male,Inactive,,,,,,STOP
1923.770,D:/Pipefish Mesocosm Film/Trial 5/6-12-20/6-12 AM 01.MTS,5685.380,25.0,,Stop,,,,,,POINT
1957.332,D:/Pipefish Mesocosm Film/Trial 5/6-12-20/6-12 AM 01.MTS,5685.380,25.0,,Start,,,,,,POINT
1957.332,D:/Pipefish Mesocosm Film/Trial 5/6-12-20/6-12 AM 01.MTS,5685.380,25.0,Male,Wiggle,Courtship,Active wiggle,Female,2,,START
1957.901,D:/Pipefish Mesocosm Film/Trial 5/6-12-20/6-12 AM 01.MTS,5685.380,25.0,Female,Pose,,S pose,Male,Front,,START
1958.185,D:/Pipefish Mesocosm Film/Trial 5/6-12-20/6-12 AM 01.MTS,5685.380,25.0,Male,Wiggle,Courtship,Active wiggle,Female,2,,STOP
1958.186,D:/Pipefish Mesocosm Film/Trial 5/6-12-20/6-12 AM 01.MTS,5685.380,25.0,Male,Inactive,,,,,,START
1968.155,D:/Pipefish Mesocosm Film/Trial 5/6-12-20/6-12 AM 01.MTS,5685.380,25.0,Female,Pose,,S pose,Male,Front,,STOP
1968.156,D:/Pipefish Mesocosm Film/Trial 5/6-12-20/6-12 AM 01.MTS,5685.380,25.0,Female,Inactive,,,,,,START
1976.416,D:/Pipefish Mesocosm Film/Trial 5/6-12-20/6-12 AM 01.MTS,5685.380,25.0,Male,Inactive,,,,,,STOP
1976.605,D:/Pipefish Mesocosm Film/Trial 5/6-12-20/6-12 AM 01.MTS,5685.380,25.0,Female,Inactive,,,,,,STOP
1976.794,D:/Pipefish Mesocosm Film/Trial 5/6-12-20/6-12 AM 01.MTS,5685.380,25.0,,Stop,,,,,,POINT
1987.523,D:/Pipefish Mesocosm Film/Trial 5/6-12-20/6-12 AM 01.MTS,5685.380,25.0,,Start,,,,,,POINT
1987.523,D:/Pipefish Mesocosm Film/Trial 5/6-12-20/6-12 AM 01.MTS,5685.380,25.0,Female,Pose,,S pose,Male,Front,,START
1988.852,D:/Pipefish Mesocosm Film/Trial 5/6-12-20/6-12 AM 01.MTS,5685.380,25.0,Male,Wiggle,Courtship,Subtle wiggle,Female,2,,START
1992.270,D:/Pipefish Mesocosm Film/Trial 5/6-12-20/6-12 AM 01.MTS,5685.380,25.0,Male,Wiggle,Courtship,Subtle wiggle,Female,2,,STOP
1992.271,D:/Pipefish Mesocosm Film/Trial 5/6-12-20/6-12 AM 01.MTS,5685.380,25.0,Male,Inactive,,,,,,START
1995.212,D:/Pipefish Mesocosm Film/Trial 5/6-12-20/6-12 AM 01.MTS,5685.380,25.0,Female,Pose,,S pose,Male,Front,,STOP
1995.213,D:/Pipefish Mesocosm Film/Trial 5/6-12-20/6-12 AM 01.MTS,5685.380,25.0,Female,Inactive,,,,,,START
2014.012,D:/Pipefish Mesocosm Film/Trial 5/6-12-20/6-12 AM 01.MTS,5685.380,25.0,Male,Inactive,,,,,,STOP
2014.013,D:/Pipefish Mesocosm Film/Trial 5/6-12-20/6-12 AM 01.MTS,5685.380,25.0,Male,Wiggle,Courtship,Active wiggle,Female,2,,START
2016.860,D:/Pipefish Mesocosm Film/Trial 5/6-12-20/6-12 AM 01.MTS,5685.380,25.0,Female,Inactive,,,,,,STOP
2016.861,D:/Pipefish Mesocosm Film/Trial 5/6-12-20/6-12 AM 01.MTS,5685.380,25.0,Female,Pose,,S pose,Male,Front,,START
2020.660,D:/Pipefish Mesocosm Film/Trial 5/6-12-20/6-12 AM 01.MTS,5685.380,25.0,Male,Wiggle,Courtship,Active wiggle,Female,2,,STOP
2020.661,D:/Pipefish Mesocosm Film/Trial 5/6-12-20/6-12 AM 01.MTS,5685.380,25.0,Male,Inactive,,,,,,START
2021.419,D:/Pipefish Mesocosm Film/Trial 5/6-12-20/6-12 AM 01.MTS,5685.380,25.0,Female,Pose,,S pose,Male,Front,,STOP
2021.420,D:/Pipefish Mesocosm Film/Trial 5/6-12-20/6-12 AM 01.MTS,5685.380,25.0,Female,Inactive,,,,,,START
2033.763,D:/Pipefish Mesocosm Film/Trial 5/6-12-20/6-12 AM 01.MTS,5685.380,25.0,Male,Inactive,,,,,,STOP
2033.764,D:/Pipefish Mesocosm Film/Trial 5/6-12-20/6-12 AM 01.MTS,5685.380,25.0,Male,Wiggle,Courtship,Subtle wiggle,Female,3,,START
2036.800,D:/Pipefish Mesocosm Film/Trial 5/6-12-20/6-12 AM 01.MTS,5685.380,25.0,Male,Wiggle,Courtship,Subtle wiggle,Female,3,,STOP
2036.801,D:/Pipefish Mesocosm Film/Trial 5/6-12-20/6-12 AM 01.MTS,5685.380,25.0,Male,Inactive,,,,,,START
2087.878,D:/Pipefish Mesocosm Film/Trial 5/6-12-20/6-12 AM 01.MTS,5685.380,25.0,Male,Inactive,,,,,,STOP
2087.879,D:/Pipefish Mesocosm Film/Trial 5/6-12-20/6-12 AM 01.MTS,5685.380,25.0,Male,Wiggle,Courtship,Active wiggle,Female,2,,START
2088.544,D:/Pipefish Mesocosm Film/Trial 5/6-12-20/6-12 AM 01.MTS,5685.380,25.0,Female,Inactive,,,,,,STOP
2088.545,D:/Pipefish Mesocosm Film/Trial 5/6-12-20/6-12 AM 01.MTS,5685.380,25.0,Female,Pose,,S pose,Male,Front,,START
2093.292,D:/Pipefish Mesocosm Film/Trial 5/6-12-20/6-12 AM 01.MTS,5685.380,25.0,Male,Wiggle,Courtship,Active wiggle,Female,2,,STOP
2093.293,D:/Pipefish Mesocosm Film/Trial 5/6-12-20/6-12 AM 01.MTS,5685.380,25.0,Male,Inactive,,,,,,START
2093.576,D:/Pipefish Mesocosm Film/Trial 5/6-12-20/6-12 AM 01.MTS,5685.380,25.0,Female,Pose,,S pose,Male,Front,,STOP
2093.577,D:/Pipefish Mesocosm Film/Trial 5/6-12-20/6-12 AM 01.MTS,5685.380,25.0,Female,Inactive,,,,,,START
2114.653,D:/Pipefish Mesocosm Film/Trial 5/6-12-20/6-12 AM 01.MTS,5685.380,25.0,Male,Inactive,,,,,,STOP
2114.654,D:/Pipefish Mesocosm Film/Trial 5/6-12-20/6-12 AM 01.MTS,5685.380,25.0,Male,Wiggle,Courtship,Active wiggle,Female,3,,START
2118.452,D:/Pipefish Mesocosm Film/Trial 5/6-12-20/6-12 AM 01.MTS,5685.380,25.0,Male,Wiggle,Courtship,Active wiggle,Female,3,,STOP
2118.453,D:/Pipefish Mesocosm Film/Trial 5/6-12-20/6-12 AM 01.MTS,5685.380,25.0,Male,Inactive,,,,,,START
2159.278,D:/Pipefish Mesocosm Film/Trial 5/6-12-20/6-12 AM 01.MTS,5685.380,25.0,Female,Inactive,,,,,,STOP
2159.279,D:/Pipefish Mesocosm Film/Trial 5/6-12-20/6-12 AM 01.MTS,5685.380,25.0,Female,Pose,,S pose,Male,Front,,START
2159.752,D:/Pipefish Mesocosm Film/Trial 5/6-12-20/6-12 AM 01.MTS,5685.380,25.0,Male,Inactive,,,,,,STOP
2159.753,D:/Pipefish Mesocosm Film/Trial 5/6-12-20/6-12 AM 01.MTS,5685.380,25.0,Male,Wiggle,Courtship,Active wiggle,Female,2,,START
2163.551,D:/Pipefish Mesocosm Film/Trial 5/6-12-20/6-12 AM 01.MTS,5685.380,25.0,Male,Wiggle,Courtship,Active wiggle,Female,2,,STOP
2163.552,D:/Pipefish Mesocosm Film/Trial 5/6-12-20/6-12 AM 01.MTS,5685.380,25.0,Male,Inactive,,,,,,START
2163.646,D:/Pipefish Mesocosm Film/Trial 5/6-12-20/6-12 AM 01.MTS,5685.380,25.0,Female,Pose,,S pose,Male,Front,,STOP
2163.647,D:/Pipefish Mesocosm Film/Trial 5/6-12-20/6-12 AM 01.MTS,5685.380,25.0,Female,Inactive,,,,,,START
2235.234,D:/Pipefish Mesocosm Film/Trial 5/6-12-20/6-12 AM 01.MTS,5685.380,25.0,Female,Inactive,,,,,,STOP
2235.234,D:/Pipefish Mesocosm Film/Trial 5/6-12-20/6-12 AM 01.MTS,5685.380,25.0,Male,Inactive,,,,,,STOP
2235.806,D:/Pipefish Mesocosm Film/Trial 5/6-12-20/6-12 AM 01.MTS,5685.380,25.0,,Stop,,,,,,POINT
2242.736,D:/Pipefish Mesocosm Film/Trial 5/6-12-20/6-12 AM 01.MTS,5685.380,25.0,,Start,,,,,,POINT
2242.832,D:/Pipefish Mesocosm Film/Trial 5/6-12-20/6-12 AM 01.MTS,5685.380,25.0,Female,Inactive,,,,,,START
2242.832,D:/Pipefish Mesocosm Film/Trial 5/6-12-20/6-12 AM 01.MTS,5685.380,25.0,Male,Wiggle,Courtship,Active wiggle,Female,3,,START
2244.634,D:/Pipefish Mesocosm Film/Trial 5/6-12-20/6-12 AM 01.MTS,5685.380,25.0,Male,Wiggle,Courtship,Active wiggle,Female,3,,STOP
2244.635,D:/Pipefish Mesocosm Film/Trial 5/6-12-20/6-12 AM 01.MTS,5685.380,25.0,Male,Inactive,,,,,,START
2269.699,D:/Pipefish Mesocosm Film/Trial 5/6-12-20/6-12 AM 01.MTS,5685.380,25.0,Male,Inactive,,,,,,STOP
2269.700,D:/Pipefish Mesocosm Film/Trial 5/6-12-20/6-12 AM 01.MTS,5685.380,25.0,Male,Wiggle,Courtship,Subtle wiggle,Female,3,,START
2272.452,D:/Pipefish Mesocosm Film/Trial 5/6-12-20/6-12 AM 01.MTS,5685.380,25.0,Male,Wiggle,Courtship,Subtle wiggle,Female,3,,STOP
2272.453,D:/Pipefish Mesocosm Film/Trial 5/6-12-20/6-12 AM 01.MTS,5685.380,25.0,Male,Inactive,,,,,,START
2286.693,D:/Pipefish Mesocosm Film/Trial 5/6-12-20/6-12 AM 01.MTS,5685.380,25.0,Female,Inactive,,,,,,STOP
2286.694,D:/Pipefish Mesocosm Film/Trial 5/6-12-20/6-12 AM 01.MTS,5685.380,25.0,Female,Pose,,S pose,Male,Front,,START
2293.151,D:/Pipefish Mesocosm Film/Trial 5/6-12-20/6-12 AM 01.MTS,5685.380,25.0,Female,Pose,,S pose,Male,Front,,STOP
2293.152,D:/Pipefish Mesocosm Film/Trial 5/6-12-20/6-12 AM 01.MTS,5685.380,25.0,Female,Inactive,,,,,,START
2326.666,D:/Pipefish Mesocosm Film/Trial 5/6-12-20/6-12 AM 01.MTS,5685.380,25.0,Male,Inactive,,,,,,STOP
2326.667,D:/Pipefish Mesocosm Film/Trial 5/6-12-20/6-12 AM 01.MTS,5685.380,25.0,Male,Wiggle,Courtship,Active wiggle,Female,3,,START
2330.939,D:/Pipefish Mesocosm Film/Trial 5/6-12-20/6-12 AM 01.MTS,5685.380,25.0,Male,Wiggle,Courtship,Active wiggle,Female,3,,STOP
2330.940,D:/Pipefish Mesocosm Film/Trial 5/6-12-20/6-12 AM 01.MTS,5685.380,25.0,Male,Inactive,,,,,,START
2390.755,D:/Pipefish Mesocosm Film/Trial 5/6-12-20/6-12 AM 01.MTS,5685.380,25.0,Female,Inactive,,,,,,STOP
2390.755,D:/Pipefish Mesocosm Film/Trial 5/6-12-20/6-12 AM 01.MTS,5685.380,25.0,Male,Inactive,,,,,,STOP
2391.420,D:/Pipefish Mesocosm Film/Trial 5/6-12-20/6-12 AM 01.MTS,5685.380,25.0,,Stop,,,,,,POINT
2584.063,D:/Pipefish Mesocosm Film/Trial 5/6-12-20/6-12 AM 01.MTS,5685.380,25.0,,Start,,,,,,POINT
2584.063,D:/Pipefish Mesocosm Film/Trial 5/6-12-20/6-12 AM 01.MTS,5685.380,25.0,Male,Wiggle,Courtship,Active wiggle,Female,3,,START
2586.245,D:/Pipefish Mesocosm Film/Trial 5/6-12-20/6-12 AM 01.MTS,5685.380,25.0,Female,Inactive,,,,,,START
2587.481,D:/Pipefish Mesocosm Film/Trial 5/6-12-20/6-12 AM 01.MTS,5685.380,25.0,Male,Wiggle,Courtship,Active wiggle,Female,3,,STOP
2587.482,D:/Pipefish Mesocosm Film/Trial 5/6-12-20/6-12 AM 01.MTS,5685.380,25.0,Male,Inactive,,,,,,START
2623.085,D:/Pipefish Mesocosm Film/Trial 5/6-12-20/6-12 AM 01.MTS,5685.380,25.0,Male,Inactive,,,,,,STOP
2623.086,D:/Pipefish Mesocosm Film/Trial 5/6-12-20/6-12 AM 01.MTS,5685.380,25.0,Male,Wiggle,Courtship,Active wiggle,Female,3,,START
2626.786,D:/Pipefish Mesocosm Film/Trial 5/6-12-20/6-12 AM 01.MTS,5685.380,25.0,Male,Wiggle,Courtship,Active wiggle,Female,3,,STOP
2626.787,D:/Pipefish Mesocosm Film/Trial 5/6-12-20/6-12 AM 01.MTS,5685.380,25.0,Male,Inactive,,,,,,START
2689.072,D:/Pipefish Mesocosm Film/Trial 5/6-12-20/6-12 AM 01.MTS,5685.380,25.0,Female,Inactive,,,,,,STOP
2689.072,D:/Pipefish Mesocosm Film/Trial 5/6-12-20/6-12 AM 01.MTS,5685.380,25.0,Male,Inactive,,,,,,STOP
2689.640,D:/Pipefish Mesocosm Film/Trial 5/6-12-20/6-12 AM 01.MTS,5685.380,25.0,,Stop,,,,,,POINT
2753.447,D:/Pipefish Mesocosm Film/Trial 5/6-12-20/6-12 AM 01.MTS,5685.380,25.0,,Start,,,,,,POINT
2753.447,D:/Pipefish Mesocosm Film/Trial 5/6-12-20/6-12 AM 01.MTS,5685.380,25.0,Male,Wiggle,Courtship,Active wiggle,Female,3,,START
2754.490,D:/Pipefish Mesocosm Film/Trial 5/6-12-20/6-12 AM 01.MTS,5685.380,25.0,Female,Inactive,,,,,,START
2756.862,D:/Pipefish Mesocosm Film/Trial 5/6-12-20/6-12 AM 01.MTS,5685.380,25.0,Male,Wiggle,Courtship,Active wiggle,Female,3,,STOP
2756.863,D:/Pipefish Mesocosm Film/Trial 5/6-12-20/6-12 AM 01.MTS,5685.380,25.0,Male,Inactive,,,,,,START
2805.854,D:/Pipefish Mesocosm Film/Trial 5/6-12-20/6-12 AM 01.MTS,5685.380,25.0,Male,Inactive,,,,,,STOP
2805.855,D:/Pipefish Mesocosm Film/Trial 5/6-12-20/6-12 AM 01.MTS,5685.380,25.0,Male,Wiggle,Courtship,Active wiggle,Female,2,,START
2808.796,D:/Pipefish Mesocosm Film/Trial 5/6-12-20/6-12 AM 01.MTS,5685.380,25.0,Male,Wiggle,Courtship,Active wiggle,Female,2,,STOP
2808.797,D:/Pipefish Mesocosm Film/Trial 5/6-12-20/6-12 AM 01.MTS,5685.380,25.0,Male,Inactive,,,,,,START
2836.811,D:/Pipefish Mesocosm Film/Trial 5/6-12-20/6-12 AM 02.MTS,5685.380,25.0,Male,Inactive,,,,,,STOP
2836.812,D:/Pipefish Mesocosm Film/Trial 5/6-12-20/6-12 AM 02.MTS,5685.380,25.0,Male,Wiggle,Courtship,Active wiggle,Female,3,,START
2839.280,D:/Pipefish Mesocosm Film/Trial 5/6-12-20/6-12 AM 02.MTS,5685.380,25.0,Male,Wiggle,Courtship,Active wiggle,Female,3,,STOP
2839.281,D:/Pipefish Mesocosm Film/Trial 5/6-12-20/6-12 AM 02.MTS,5685.380,25.0,Male,Inactive,,,,,,START
2902.040,D:/Pipefish Mesocosm Film/Trial 5/6-12-20/6-12 AM 02.MTS,5685.380,25.0,Male,Inactive,,,,,,STOP
2902.600,D:/Pipefish Mesocosm Film/Trial 5/6-12-20/6-12 AM 02.MTS,5685.380,25.0,Female,Inactive,,,,,,STOP
2902.610,D:/Pipefish Mesocosm Film/Trial 5/6-12-20/6-12 AM 02.MTS,5685.380,25.0,,Stop,,,,,,POINT
3001.258,D:/Pipefish Mesocosm Film/Trial 5/6-12-20/6-12 AM 02.MTS,5685.380,25.0,,Start,,,,,,POINT
3001.258,D:/Pipefish Mesocosm Film/Trial 5/6-12-20/6-12 AM 02.MTS,5685.380,25.0,Male,Wiggle,Courtship,Active wiggle,Female,2,,START
3002.493,D:/Pipefish Mesocosm Film/Trial 5/6-12-20/6-12 AM 02.MTS,5685.380,25.0,Female,Inactive,,,,,,START
3009.231,D:/Pipefish Mesocosm Film/Trial 5/6-12-20/6-12 AM 02.MTS,5685.380,25.0,Female,Inactive,,,,,,STOP
3009.232,D:/Pipefish Mesocosm Film/Trial 5/6-12-20/6-12 AM 02.MTS,5685.380,25.0,Female,Pose,,S pose,Male,Front,,START
3009.898,D:/Pipefish Mesocosm Film/Trial 5/6-12-20/6-12 AM 02.MTS,5685.380,25.0,Male,Wiggle,Courtship,Active wiggle,Female,2,,STOP
3009.899,D:/Pipefish Mesocosm Film/Trial 5/6-12-20/6-12 AM 02.MTS,5685.380,25.0,Male,Inactive,,,,,,START
3013.029,D:/Pipefish Mesocosm Film/Trial 5/6-12-20/6-12 AM 02.MTS,5685.380,25.0,Female,Pose,,S pose,Male,Front,,STOP
3013.030,D:/Pipefish Mesocosm Film/Trial 5/6-12-20/6-12 AM 02.MTS,5685.380,25.0,Female,Inactive,,,,,,START
3023.283,D:/Pipefish Mesocosm Film/Trial 5/6-12-20/6-12 AM 02.MTS,5685.380,25.0,Male,Inactive,,,,,,STOP
3023.284,D:/Pipefish Mesocosm Film/Trial 5/6-12-20/6-12 AM 02.MTS,5685.380,25.0,Male,Wiggle,Courtship,Active wiggle,Female,3,,START
3026.606,D:/Pipefish Mesocosm Film/Trial 5/6-12-20/6-12 AM 02.MTS,5685.380,25.0,Male,Wiggle,Courtship,Active wiggle,Female,3,,STOP
3026.607,D:/Pipefish Mesocosm Film/Trial 5/6-12-20/6-12 AM 02.MTS,5685.380,25.0,Male,Inactive,,,,,,START
3041.419,D:/Pipefish Mesocosm Film/Trial 5/6-12-20/6-12 AM 02.MTS,5685.380,25.0,Male,Inactive,,,,,,STOP
3041.420,D:/Pipefish Mesocosm Film/Trial 5/6-12-20/6-12 AM 02.MTS,5685.380,25.0,Male,Wiggle,Courtship,Active wiggle,Female,2,,START
3043.507,D:/Pipefish Mesocosm Film/Trial 5/6-12-20/6-12 AM 02.MTS,5685.380,25.0,Male,Wiggle,Courtship,Active wiggle,Female,2,,STOP
3043.508,D:/Pipefish Mesocosm Film/Trial 5/6-12-20/6-12 AM 02.MTS,5685.380,25.0,Male,Inactive,,,,,,START
3104.462,D:/Pipefish Mesocosm Film/Trial 5/6-12-20/6-12 AM 02.MTS,5685.380,25.0,Female,Inactive,,,,,,STOP
3104.652,D:/Pipefish Mesocosm Film/Trial 5/6-12-20/6-12 AM 02.MTS,5685.380,25.0,Male,Inactive,,,,,,STOP
3105.223,D:/Pipefish Mesocosm Film/Trial 5/6-12-20/6-12 AM 02.MTS,5685.380,25.0,,Stop,,,,,,POINT
3303.848,D:/Pipefish Mesocosm Film/Trial 5/6-12-20/6-12 AM 02.MTS,5685.380,25.0,,Start,,,,,,POINT
3303.848,D:/Pipefish Mesocosm Film/Trial 5/6-12-20/6-12 AM 02.MTS,5685.380,25.0,Female,Inactive,,,,,,START
3303.848,D:/Pipefish Mesocosm Film/Trial 5/6-12-20/6-12 AM 02.MTS,5685.380,25.0,Male,Wiggle,Courtship,Active wiggle,Female,3,,START
3306.790,D:/Pipefish Mesocosm Film/Trial 5/6-12-20/6-12 AM 02.MTS,5685.380,25.0,Male,Wiggle,Courtship,Active wiggle,Female,3,,STOP
3306.791,D:/Pipefish Mesocosm Film/Trial 5/6-12-20/6-12 AM 02.MTS,5685.380,25.0,Male,Inactive,,,,,,START
3366.513,D:/Pipefish Mesocosm Film/Trial 5/6-12-20/6-12 AM 02.MTS,5685.380,25.0,Female,Inactive,,,,,,STOP
3366.513,D:/Pipefish Mesocosm Film/Trial 5/6-12-20/6-12 AM 02.MTS,5685.380,25.0,Male,Inactive,,,,,,STOP
3367.365,D:/Pipefish Mesocosm Film/Trial 5/6-12-20/6-12 AM 02.MTS,5685.380,25.0,,Stop,,,,,,POINT
3378.475,D:/Pipefish Mesocosm Film/Trial 5/6-12-20/6-12 AM 02.MTS,5685.380,25.0,,Start,,,,,,POINT
3378.475,D:/Pipefish Mesocosm Film/Trial 5/6-12-20/6-12 AM 02.MTS,5685.380,25.0,Female,Pose,,S pose,Male,Front,,START
3378.475,D:/Pipefish Mesocosm Film/Trial 5/6-12-20/6-12 AM 02.MTS,5685.380,25.0,Male,Inactive,,,,,,START
3383.981,D:/Pipefish Mesocosm Film/Trial 5/6-12-20/6-12 AM 02.MTS,5685.380,25.0,Female,Pose,,S pose,Male,Front,,STOP
3383.982,D:/Pipefish Mesocosm Film/Trial 5/6-12-20/6-12 AM 02.MTS,5685.380,25.0,Female,Inactive,,,,,,START
3445.031,D:/Pipefish Mesocosm Film/Trial 5/6-12-20/6-12 AM 02.MTS,5685.380,25.0,Female,Inactive,,,,,,STOP
3445.031,D:/Pipefish Mesocosm Film/Trial 5/6-12-20/6-12 AM 02.MTS,5685.380,25.0,Male,Inactive,,,,,,STOP
3445.318,D:/Pipefish Mesocosm Film/Trial 5/6-12-20/6-12 AM 02.MTS,5685.380,25.0,,Stop,,,,,,POINT
3445.600,D:/Pipefish Mesocosm Film/Trial 5/6-12-20/6-12 AM 02.MTS,5685.380,25.0,,Start,,,,,,POINT
3445.602,D:/Pipefish Mesocosm Film/Trial 5/6-12-20/6-12 AM 02.MTS,5685.380,25.0,Male,Wiggle,Courtship,Active wiggle,Female,3,,START
3448.069,D:/Pipefish Mesocosm Film/Trial 5/6-12-20/6-12 AM 02.MTS,5685.380,25.0,Male,Wiggle,Courtship,Active wiggle,Female,3,,STOP
3448.070,D:/Pipefish Mesocosm Film/Trial 5/6-12-20/6-12 AM 02.MTS,5685.380,25.0,Male,Inactive,,,,,,START
3452.626,D:/Pipefish Mesocosm Film/Trial 5/6-12-20/6-12 AM 02.MTS,5685.380,25.0,Female,Inactive,,,,,,START
3452.819,D:/Pipefish Mesocosm Film/Trial 5/6-12-20/6-12 AM 02.MTS,5685.380,25.0,Male,Inactive,,,,,,STOP
3452.820,D:/Pipefish Mesocosm Film/Trial 5/6-12-20/6-12 AM 02.MTS,5685.380,25.0,Male,Wiggle,Courtship,Active wiggle,Female,3,,START
3455.190,D:/Pipefish Mesocosm Film/Trial 5/6-12-20/6-12 AM 02.MTS,5685.380,25.0,Male,Wiggle,Courtship,Active wiggle,Female,3,,STOP
3455.191,D:/Pipefish Mesocosm Film/Trial 5/6-12-20/6-12 AM 02.MTS,5685.380,25.0,Male,Inactive,,,,,,START
3493.833,D:/Pipefish Mesocosm Film/Trial 5/6-12-20/6-12 AM 02.MTS,5685.380,25.0,Male,Inactive,,,,,,STOP
3493.834,D:/Pipefish Mesocosm Film/Trial 5/6-12-20/6-12 AM 02.MTS,5685.380,25.0,Male,Wiggle,Courtship,Active wiggle,Female,3,,START
3497.439,D:/Pipefish Mesocosm Film/Trial 5/6-12-20/6-12 AM 02.MTS,5685.380,25.0,Male,Wiggle,Courtship,Active wiggle,Female,3,,STOP
3497.440,D:/Pipefish Mesocosm Film/Trial 5/6-12-20/6-12 AM 02.MTS,5685.380,25.0,Male,Inactive,,,,,,START
3516.808,D:/Pipefish Mesocosm Film/Trial 5/6-12-20/6-12 AM 02.MTS,5685.380,25.0,Male,Inactive,,,,,,STOP
3516.809,D:/Pipefish Mesocosm Film/Trial 5/6-12-20/6-12 AM 02.MTS,5685.380,25.0,Male,Wiggle,Courtship,Active wiggle,Female,3,,START
3523.551,D:/Pipefish Mesocosm Film/Trial 5/6-12-20/6-12 AM 02.MTS,5685.380,25.0,Male,Wiggle,Courtship,Active wiggle,Female,3,,STOP
3523.552,D:/Pipefish Mesocosm Film/Trial 5/6-12-20/6-12 AM 02.MTS,5685.380,25.0,Male,Inactive,,,,,,START
3586.785,D:/Pipefish Mesocosm Film/Trial 5/6-12-20/6-12 AM 02.MTS,5685.380,25.0,Female,Inactive,,,,,,STOP
3586.785,D:/Pipefish Mesocosm Film/Trial 5/6-12-20/6-12 AM 02.MTS,5685.380,25.0,Male,Inactive,,,,,,STOP
3587.355,D:/Pipefish Mesocosm Film/Trial 5/6-12-20/6-12 AM 02.MTS,5685.380,25.0,,Stop,,,,,,POINT
3610.324,D:/Pipefish Mesocosm Film/Trial 5/6-12-20/6-12 AM 02.MTS,5685.380,25.0,,Start,,,,,,POINT
3611.280,D:/Pipefish Mesocosm Film/Trial 5/6-12-20/6-12 AM 02.MTS,5685.380,25.0,Female,Pose,,S pose,Male,None,,START
3612.324,D:/Pipefish Mesocosm Film/Trial 5/6-12-20/6-12 AM 02.MTS,5685.380,25.0,Male,Wiggle,Courtship,Active wiggle,Female,2,,START
3617.830,D:/Pipefish Mesocosm Film/Trial 5/6-12-20/6-12 AM 02.MTS,5685.380,25.0,Male,Wiggle,Courtship,Active wiggle,Female,2,,STOP
3617.831,D:/Pipefish Mesocosm Film/Trial 5/6-12-20/6-12 AM 02.MTS,5685.380,25.0,Male,Inactive,,,,,,START
3619.823,D:/Pipefish Mesocosm Film/Trial 5/6-12-20/6-12 AM 02.MTS,5685.380,25.0,Female,Pose,,S pose,Male,None,,STOP
3619.824,D:/Pipefish Mesocosm Film/Trial 5/6-12-20/6-12 AM 02.MTS,5685.380,25.0,Female,Inactive,,,,,,START
3625.236,D:/Pipefish Mesocosm Film/Trial 5/6-12-20/6-12 AM 02.MTS,5685.380,25.0,Male,Inactive,,,,,,STOP
3625.237,D:/Pipefish Mesocosm Film/Trial 5/6-12-20/6-12 AM 02.MTS,5685.380,25.0,Male,Wiggle,Courtship,Active wiggle,Female,2,,START
3627.326,D:/Pipefish Mesocosm Film/Trial 5/6-12-20/6-12 AM 02.MTS,5685.380,25.0,Male,Wiggle,Courtship,Active wiggle,Female,2,,STOP
3627.327,D:/Pipefish Mesocosm Film/Trial 5/6-12-20/6-12 AM 02.MTS,5685.380,25.0,Male,Inactive,,,,,,START
3629.319,D:/Pipefish Mesocosm Film/Trial 5/6-12-20/6-12 AM 02.MTS,5685.380,25.0,Male,Inactive,,,,,,STOP
3629.320,D:/Pipefish Mesocosm Film/Trial 5/6-12-20/6-12 AM 02.MTS,5685.380,25.0,Male,Wiggle,Courtship,Active wiggle,Female,2,,START
3631.978,D:/Pipefish Mesocosm Film/Trial 5/6-12-20/6-12 AM 02.MTS,5685.380,25.0,Male,Wiggle,Courtship,Active wiggle,Female,2,,STOP
3631.979,D:/Pipefish Mesocosm Film/Trial 5/6-12-20/6-12 AM 02.MTS,5685.380,25.0,Male,Inactive,,,,,,START
3660.461,D:/Pipefish Mesocosm Film/Trial 5/6-12-20/6-12 AM 02.MTS,5685.380,25.0,Male,Inactive,,,,,,STOP
3660.462,D:/Pipefish Mesocosm Film/Trial 5/6-12-20/6-12 AM 02.MTS,5685.380,25.0,Male,Wiggle,Courtship,Subtle wiggle,Female,4,,START
3662.172,D:/Pipefish Mesocosm Film/Trial 5/6-12-20/6-12 AM 02.MTS,5685.380,25.0,Male,Wiggle,Courtship,Subtle wiggle,Female,4,,STOP
3662.173,D:/Pipefish Mesocosm Film/Trial 5/6-12-20/6-12 AM 02.MTS,5685.380,25.0,Male,Inactive,,,,,,START
3702.808,D:/Pipefish Mesocosm Film/Trial 5/6-12-20/6-12 AM 02.MTS,5685.380,25.0,Female,Inactive,,,,,,STOP
3702.809,D:/Pipefish Mesocosm Film/Trial 5/6-12-20/6-12 AM 02.MTS,5685.380,25.0,Female,Pose,,S pose,Male,Front,,START
3703.851,D:/Pipefish Mesocosm Film/Trial 5/6-12-20/6-12 AM 02.MTS,5685.380,25.0,Male,Inactive,,,,,,STOP
3703.852,D:/Pipefish Mesocosm Film/Trial 5/6-12-20/6-12 AM 02.MTS,5685.380,25.0,Male,Wiggle,Courtship,Active wiggle,Female,2,,START
3712.871,D:/Pipefish Mesocosm Film/Trial 5/6-12-20/6-12 AM 02.MTS,5685.380,25.0,Male,Wiggle,Courtship,Active wiggle,Female,2,,STOP
3712.872,D:/Pipefish Mesocosm Film/Trial 5/6-12-20/6-12 AM 02.MTS,5685.380,25.0,Male,Inactive,,,,,,START
3713.916,D:/Pipefish Mesocosm Film/Trial 5/6-12-20/6-12 AM 02.MTS,5685.380,25.0,Male,Inactive,,,,,,STOP
3716.765,D:/Pipefish Mesocosm Film/Trial 5/6-12-20/6-12 AM 02.MTS,5685.380,25.0,Male,Wiggle,Courtship,Subtle wiggle,Female,3,,START
3721.985,D:/Pipefish Mesocosm Film/Trial 5/6-12-20/6-12 AM 02.MTS,5685.380,25.0,Female,Pose,,S pose,Male,Front,,STOP
3721.986,D:/Pipefish Mesocosm Film/Trial 5/6-12-20/6-12 AM 02.MTS,5685.380,25.0,Female,Inactive,,,,,,START
3722.651,D:/Pipefish Mesocosm Film/Trial 5/6-12-20/6-12 AM 02.MTS,5685.380,25.0,Male,Wiggle,Courtship,Subtle wiggle,Female,3,,STOP
3722.652,D:/Pipefish Mesocosm Film/Trial 5/6-12-20/6-12 AM 02.MTS,5685.380,25.0,Male,Inactive,,,,,,START
3783.416,D:/Pipefish Mesocosm Film/Trial 5/6-12-20/6-12 AM 02.MTS,5685.380,25.0,Female,Inactive,,,,,,STOP
3783.416,D:/Pipefish Mesocosm Film/Trial 5/6-12-20/6-12 AM 02.MTS,5685.380,25.0,Male,Inactive,,,,,,STOP
3784.175,D:/Pipefish Mesocosm Film/Trial 5/6-12-20/6-12 AM 02.MTS,5685.380,25.0,,Stop,,,,,,POINT
3853.505,D:/Pipefish Mesocosm Film/Trial 5/6-12-20/6-12 AM 02.MTS,5685.380,25.0,,Start,,,,,,POINT
3853.505,D:/Pipefish Mesocosm Film/Trial 5/6-12-20/6-12 AM 02.MTS,5685.380,25.0,Male,Wiggle,Courtship,Active wiggle,Female,2,,START
3854.624,D:/Pipefish Mesocosm Film/Trial 5/6-12-20/6-12 AM 02.MTS,5685.380,25.0,Female,Pose,,S pose,Male,Front,,START
3857.851,D:/Pipefish Mesocosm Film/Trial 5/6-12-20/6-12 AM 02.MTS,5685.380,25.0,Male,Wiggle,Courtship,Active wiggle,Female,2,,STOP
3857.852,D:/Pipefish Mesocosm Film/Trial 5/6-12-20/6-12 AM 02.MTS,5685.380,25.0,Male,Inactive,,,,,,START
3860.321,D:/Pipefish Mesocosm Film/Trial 5/6-12-20/6-12 AM 02.MTS,5685.380,25.0,Female,Pose,,S pose,Male,Front,,STOP
3860.322,D:/Pipefish Mesocosm Film/Trial 5/6-12-20/6-12 AM 02.MTS,5685.380,25.0,Female,Inactive,,,,,,START
3886.336,D:/Pipefish Mesocosm Film/Trial 5/6-12-20/6-12 AM 02.MTS,5685.380,25.0,Male,Inactive,,,,,,STOP
3886.337,D:/Pipefish Mesocosm Film/Trial 5/6-12-20/6-12 AM 02.MTS,5685.380,25.0,Male,Wiggle,Courtship,Subtle wiggle,Female,3,,START
3888.804,D:/Pipefish Mesocosm Film/Trial 5/6-12-20/6-12 AM 02.MTS,5685.380,25.0,Male,Wiggle,Courtship,Subtle wiggle,Female,3,,STOP
3888.805,D:/Pipefish Mesocosm Film/Trial 5/6-12-20/6-12 AM 02.MTS,5685.380,25.0,Male,Inactive,,,,,,START
3949.286,D:/Pipefish Mesocosm Film/Trial 5/6-12-20/6-12 AM 02.MTS,5685.380,25.0,Female,Inactive,,,,,,STOP
3949.286,D:/Pipefish Mesocosm Film/Trial 5/6-12-20/6-12 AM 02.MTS,5685.380,25.0,Male,Inactive,,,,,,STOP
3950.895,D:/Pipefish Mesocosm Film/Trial 5/6-12-20/6-12 AM 02.MTS,5685.380,25.0,,Stop,,,,,,POINT
