Observation id,T505AM_02,,,,,,,,,,
,,,,,,,,,,,
Media file(s),,,,,,,,,,,
,,,,,,,,,,,
Player #1,D:/Pipefish Mesocosm Film/Trial 5/9-12-20/9-12 AM 01.MTS,,,,,,,,,,
Player #1,D:/Pipefish Mesocosm Film/Trial 5/9-12-20/9-12 AM 02.MTS,,,,,,,,,,
Player #1,D:/Pipefish Mesocosm Film/Trial 5/9-12-20/9-12 AM 03.MTS,,,,,,,,,,
,,,,,,,,,,,
Observation date,2021-07-07 12:18:09,,,,,,,,,,
,,,,,,,,,,,
Description,"Second group from AM 01, 02 and 03. Section between 38.39 to 47.35  is messy, long interations between multiple groups that are mingling ",,,,,,,,,,
,,,,,,,,,,,
Time offset (s),0.0,,,,,,,,,,
,,,,,,,,,,,
independent variables,,,,,,,,,,,
variable,value,,,,,,,,,,
Number in group,,,,,,,,,,,
Time of day,,,,,,,,,,,
,,,,,,,,,,,
Time,Media file path,Total length,FPS,Subject,Behavior,Behavioral category,Modifier 1,Modifier 2,Modifier 3,Comment,Status
1460.197,D:/Pipefish Mesocosm Film/Trial 5/9-12-20/9-12 AM 01.MTS,7233.380,25.0,,Start,,,,,,POINT
1461.053,D:/Pipefish Mesocosm Film/Trial 5/9-12-20/9-12 AM 01.MTS,7233.380,25.0,Female,Pose,,S pose,Male,Front,,START
1461.813,D:/Pipefish Mesocosm Film/Trial 5/9-12-20/9-12 AM 01.MTS,7233.380,25.0,Male,Inactive,,,,,,START
1468.836,D:/Pipefish Mesocosm Film/Trial 5/9-12-20/9-12 AM 01.MTS,7233.380,25.0,Male,Inactive,,,,,,STOP
1468.837,D:/Pipefish Mesocosm Film/Trial 5/9-12-20/9-12 AM 01.MTS,7233.380,25.0,Male,Wiggle,Courtship,Active wiggle,Female,2,,START
1472.919,D:/Pipefish Mesocosm Film/Trial 5/9-12-20/9-12 AM 01.MTS,7233.380,25.0,Male,Wiggle,Courtship,Active wiggle,Female,2,,STOP
1472.920,D:/Pipefish Mesocosm Film/Trial 5/9-12-20/9-12 AM 01.MTS,7233.380,25.0,Male,Inactive,,,,,,START
1476.815,D:/Pipefish Mesocosm Film/Trial 5/9-12-20/9-12 AM 01.MTS,7233.380,25.0,Female,Pose,,S pose,Male,Front,,STOP
1476.816,D:/Pipefish Mesocosm Film/Trial 5/9-12-20/9-12 AM 01.MTS,7233.380,25.0,Female,Inactive,,,,,,START
1486.593,D:/Pipefish Mesocosm Film/Trial 5/9-12-20/9-12 AM 01.MTS,7233.380,25.0,Male,Inactive,,,,,,STOP
1486.594,D:/Pipefish Mesocosm Film/Trial 5/9-12-20/9-12 AM 01.MTS,7233.380,25.0,Male,Wiggle,Courtship,Active wiggle,Female,2,,START
1489.155,D:/Pipefish Mesocosm Film/Trial 5/9-12-20/9-12 AM 01.MTS,7233.380,25.0,Male,Wiggle,Courtship,Active wiggle,Female,2,,STOP
1489.156,D:/Pipefish Mesocosm Film/Trial 5/9-12-20/9-12 AM 01.MTS,7233.380,25.0,Male,Inactive,,,,,,START
1497.035,D:/Pipefish Mesocosm Film/Trial 5/9-12-20/9-12 AM 01.MTS,7233.380,25.0,Female,Inactive,,,,,,STOP
1497.036,D:/Pipefish Mesocosm Film/Trial 5/9-12-20/9-12 AM 01.MTS,7233.380,25.0,Female,Pose,,S pose,Male,Front,,START
1499.980,D:/Pipefish Mesocosm Film/Trial 5/9-12-20/9-12 AM 01.MTS,7233.380,25.0,Male,Inactive,,,,,,STOP
1499.981,D:/Pipefish Mesocosm Film/Trial 5/9-12-20/9-12 AM 01.MTS,7233.380,25.0,Male,Surrounding,,,,,,START
1504.157,D:/Pipefish Mesocosm Film/Trial 5/9-12-20/9-12 AM 01.MTS,7233.380,25.0,Female,Pose,,S pose,Male,Front,,STOP
1504.158,D:/Pipefish Mesocosm Film/Trial 5/9-12-20/9-12 AM 01.MTS,7233.380,25.0,Female,Inactive,,,,,,START
1518.399,D:/Pipefish Mesocosm Film/Trial 5/9-12-20/9-12 AM 01.MTS,7233.380,25.0,Female,Inactive,,,,,,STOP
1518.400,D:/Pipefish Mesocosm Film/Trial 5/9-12-20/9-12 AM 01.MTS,7233.380,25.0,Female,Swim away,,,,,,START
1519.917,D:/Pipefish Mesocosm Film/Trial 5/9-12-20/9-12 AM 01.MTS,7233.380,25.0,Male,Surrounding,,,,,,STOP
1519.918,D:/Pipefish Mesocosm Film/Trial 5/9-12-20/9-12 AM 01.MTS,7233.380,25.0,Male,Chasing,,,,,,START
1532.546,D:/Pipefish Mesocosm Film/Trial 5/9-12-20/9-12 AM 01.MTS,7233.380,25.0,Female,Swim away,,,,,,STOP
1532.547,D:/Pipefish Mesocosm Film/Trial 5/9-12-20/9-12 AM 01.MTS,7233.380,25.0,Female,Pose,,S pose,Male,Front,,START
1536.248,D:/Pipefish Mesocosm Film/Trial 5/9-12-20/9-12 AM 01.MTS,7233.380,25.0,Female,Pose,,S pose,Male,Front,,STOP
1536.249,D:/Pipefish Mesocosm Film/Trial 5/9-12-20/9-12 AM 01.MTS,7233.380,25.0,Female,Inactive,,,,,,START
1541.093,D:/Pipefish Mesocosm Film/Trial 5/9-12-20/9-12 AM 01.MTS,7233.380,25.0,Female,Inactive,,,,,,STOP
1541.094,D:/Pipefish Mesocosm Film/Trial 5/9-12-20/9-12 AM 01.MTS,7233.380,25.0,Female,Pose,,S pose,Male,Front,,START
1542.420,D:/Pipefish Mesocosm Film/Trial 5/9-12-20/9-12 AM 01.MTS,7233.380,25.0,Male,Chasing,,,,,,STOP
1542.421,D:/Pipefish Mesocosm Film/Trial 5/9-12-20/9-12 AM 01.MTS,7233.380,25.0,Male,Wiggle,Courtship,Active wiggle,Female,3,,START
1543.467,D:/Pipefish Mesocosm Film/Trial 5/9-12-20/9-12 AM 01.MTS,7233.380,25.0,Female,Pose,,S pose,Male,Front,,STOP
1543.468,D:/Pipefish Mesocosm Film/Trial 5/9-12-20/9-12 AM 01.MTS,7233.380,25.0,Female,Swim away,,,,,,START
1543.938,D:/Pipefish Mesocosm Film/Trial 5/9-12-20/9-12 AM 01.MTS,7233.380,25.0,Male,Wiggle,Courtship,Active wiggle,Female,3,,STOP
1543.939,D:/Pipefish Mesocosm Film/Trial 5/9-12-20/9-12 AM 01.MTS,7233.380,25.0,Male,Surrounding,,,,,,START
1547.737,D:/Pipefish Mesocosm Film/Trial 5/9-12-20/9-12 AM 01.MTS,7233.380,25.0,Male,Surrounding,,,,,,STOP
1547.738,D:/Pipefish Mesocosm Film/Trial 5/9-12-20/9-12 AM 01.MTS,7233.380,25.0,Male,Chasing,,,,,,START
1553.623,D:/Pipefish Mesocosm Film/Trial 5/9-12-20/9-12 AM 01.MTS,7233.380,25.0,Female,Swim away,,,,,,STOP
1553.624,D:/Pipefish Mesocosm Film/Trial 5/9-12-20/9-12 AM 01.MTS,7233.380,25.0,Female,Inactive,,,,,,START
1557.990,D:/Pipefish Mesocosm Film/Trial 5/9-12-20/9-12 AM 01.MTS,7233.380,25.0,Male,Chasing,,,,,,STOP
1557.991,D:/Pipefish Mesocosm Film/Trial 5/9-12-20/9-12 AM 01.MTS,7233.380,25.0,Male,Surrounding,,,,,,START
1566.439,D:/Pipefish Mesocosm Film/Trial 5/9-12-20/9-12 AM 01.MTS,7233.380,25.0,Male,Surrounding,,,,,,STOP
1566.440,D:/Pipefish Mesocosm Film/Trial 5/9-12-20/9-12 AM 01.MTS,7233.380,25.0,Male,Chasing,,,,,,START
1572.802,D:/Pipefish Mesocosm Film/Trial 5/9-12-20/9-12 AM 01.MTS,7233.380,25.0,Female,Inactive,,,,,,STOP
1572.803,D:/Pipefish Mesocosm Film/Trial 5/9-12-20/9-12 AM 01.MTS,7233.380,25.0,Female,Swim away,,,,,,START
1589.894,D:/Pipefish Mesocosm Film/Trial 5/9-12-20/9-12 AM 01.MTS,7233.380,25.0,Male,Chasing,,,,,,STOP
1589.895,D:/Pipefish Mesocosm Film/Trial 5/9-12-20/9-12 AM 01.MTS,7233.380,25.0,Male,Inactive,,,,,,START
1595.970,D:/Pipefish Mesocosm Film/Trial 5/9-12-20/9-12 AM 01.MTS,7233.380,25.0,Male,Inactive,,,,,,STOP
1595.971,D:/Pipefish Mesocosm Film/Trial 5/9-12-20/9-12 AM 01.MTS,7233.380,25.0,Male,Wiggle,Courtship,Active wiggle,Female,2,,START
1596.445,D:/Pipefish Mesocosm Film/Trial 5/9-12-20/9-12 AM 01.MTS,7233.380,25.0,Female,Swim away,,,,,,STOP
1596.446,D:/Pipefish Mesocosm Film/Trial 5/9-12-20/9-12 AM 01.MTS,7233.380,25.0,Female,Pose,,S pose,Male,Front,,START
1602.329,D:/Pipefish Mesocosm Film/Trial 5/9-12-20/9-12 AM 01.MTS,7233.380,25.0,Male,Wiggle,Courtship,Active wiggle,Female,2,,STOP
1602.330,D:/Pipefish Mesocosm Film/Trial 5/9-12-20/9-12 AM 01.MTS,7233.380,25.0,Male,Inactive,,,,,,START
1606.982,D:/Pipefish Mesocosm Film/Trial 5/9-12-20/9-12 AM 01.MTS,7233.380,25.0,Female,Pose,,S pose,Male,Front,,STOP
1606.983,D:/Pipefish Mesocosm Film/Trial 5/9-12-20/9-12 AM 01.MTS,7233.380,25.0,Female,Inactive,,,,,,START
1615.432,D:/Pipefish Mesocosm Film/Trial 5/9-12-20/9-12 AM 01.MTS,7233.380,25.0,Male,Inactive,,,,,,STOP
1615.433,D:/Pipefish Mesocosm Film/Trial 5/9-12-20/9-12 AM 01.MTS,7233.380,25.0,Male,Swim away,,,,,,START
1621.794,D:/Pipefish Mesocosm Film/Trial 5/9-12-20/9-12 AM 01.MTS,7233.380,25.0,Male,Swim away,,,,,,STOP
1621.795,D:/Pipefish Mesocosm Film/Trial 5/9-12-20/9-12 AM 01.MTS,7233.380,25.0,Male,Inactive,,,,,,START
1649.616,D:/Pipefish Mesocosm Film/Trial 5/9-12-20/9-12 AM 01.MTS,7233.380,25.0,Female,Inactive,,,,,,STOP
1649.617,D:/Pipefish Mesocosm Film/Trial 5/9-12-20/9-12 AM 01.MTS,7233.380,25.0,Female,Swim away,,,,,,START
1653.601,D:/Pipefish Mesocosm Film/Trial 5/9-12-20/9-12 AM 01.MTS,7233.380,25.0,Female,Swim away,,,,,,STOP
1653.602,D:/Pipefish Mesocosm Film/Trial 5/9-12-20/9-12 AM 01.MTS,7233.380,25.0,Female,Inactive,,,,,,START
1666.798,D:/Pipefish Mesocosm Film/Trial 5/9-12-20/9-12 AM 01.MTS,7233.380,25.0,Female,Inactive,,,,,,STOP
1666.798,D:/Pipefish Mesocosm Film/Trial 5/9-12-20/9-12 AM 01.MTS,7233.380,25.0,Male,Inactive,,,,,,STOP
1668.149,D:/Pipefish Mesocosm Film/Trial 5/9-12-20/9-12 AM 01.MTS,7233.380,25.0,,Stop,,,,,,POINT
2316.508,D:/Pipefish Mesocosm Film/Trial 5/9-12-20/9-12 AM 01.MTS,7233.380,25.0,,Start,,,,,,POINT
2317.362,D:/Pipefish Mesocosm Film/Trial 5/9-12-20/9-12 AM 01.MTS,7233.380,25.0,Female,Pose,,S pose,Male,Front,,START
2318.216,D:/Pipefish Mesocosm Film/Trial 5/9-12-20/9-12 AM 01.MTS,7233.380,25.0,Male,Inactive,,,,,,START
2319.545,D:/Pipefish Mesocosm Film/Trial 5/9-12-20/9-12 AM 01.MTS,7233.380,25.0,Male,Inactive,,,,,,STOP
2319.546,D:/Pipefish Mesocosm Film/Trial 5/9-12-20/9-12 AM 01.MTS,7233.380,25.0,Male,Wiggle,Courtship,Active wiggle,Female,2,,START
2323.058,D:/Pipefish Mesocosm Film/Trial 5/9-12-20/9-12 AM 01.MTS,7233.380,25.0,Male,Wiggle,Courtship,Active wiggle,Female,2,,STOP
2323.059,D:/Pipefish Mesocosm Film/Trial 5/9-12-20/9-12 AM 01.MTS,7233.380,25.0,Male,Inactive,,,,,,START
2324.387,D:/Pipefish Mesocosm Film/Trial 5/9-12-20/9-12 AM 01.MTS,7233.380,25.0,Female,Pose,,S pose,Male,Front,,STOP
2324.388,D:/Pipefish Mesocosm Film/Trial 5/9-12-20/9-12 AM 01.MTS,7233.380,25.0,Female,Inactive,,,,,,START
2326.856,D:/Pipefish Mesocosm Film/Trial 5/9-12-20/9-12 AM 01.MTS,7233.380,25.0,Male,Inactive,,,,,,STOP
2326.857,D:/Pipefish Mesocosm Film/Trial 5/9-12-20/9-12 AM 01.MTS,7233.380,25.0,Male,Chasing,,,,,,START
2327.235,D:/Pipefish Mesocosm Film/Trial 5/9-12-20/9-12 AM 01.MTS,7233.380,25.0,Female,Inactive,,,,,,STOP
2327.236,D:/Pipefish Mesocosm Film/Trial 5/9-12-20/9-12 AM 01.MTS,7233.380,25.0,Female,Pose,,S pose,Male,Front,,START
2328.185,D:/Pipefish Mesocosm Film/Trial 5/9-12-20/9-12 AM 01.MTS,7233.380,25.0,Male,Chasing,,,,,,STOP
2328.186,D:/Pipefish Mesocosm Film/Trial 5/9-12-20/9-12 AM 01.MTS,7233.380,25.0,Male,Wiggle,Courtship,Active wiggle,Female,2,,START
2331.887,D:/Pipefish Mesocosm Film/Trial 5/9-12-20/9-12 AM 01.MTS,7233.380,25.0,Male,Wiggle,Courtship,Active wiggle,Female,2,,STOP
2331.888,D:/Pipefish Mesocosm Film/Trial 5/9-12-20/9-12 AM 01.MTS,7233.380,25.0,Male,Inactive,,,,,,START
2334.924,D:/Pipefish Mesocosm Film/Trial 5/9-12-20/9-12 AM 01.MTS,7233.380,25.0,Female,Pose,,S pose,Male,Front,,STOP
2334.925,D:/Pipefish Mesocosm Film/Trial 5/9-12-20/9-12 AM 01.MTS,7233.380,25.0,Female,Inactive,,,,,,START
2335.970,D:/Pipefish Mesocosm Film/Trial 5/9-12-20/9-12 AM 01.MTS,7233.380,25.0,Male,Inactive,,,,,,STOP
2335.971,D:/Pipefish Mesocosm Film/Trial 5/9-12-20/9-12 AM 01.MTS,7233.380,25.0,Male,Surrounding,,,,,,START
2344.990,D:/Pipefish Mesocosm Film/Trial 5/9-12-20/9-12 AM 01.MTS,7233.380,25.0,Male,Surrounding,,,,,,STOP
2344.991,D:/Pipefish Mesocosm Film/Trial 5/9-12-20/9-12 AM 01.MTS,7233.380,25.0,Male,Chasing,,,,,,START
2350.211,D:/Pipefish Mesocosm Film/Trial 5/9-12-20/9-12 AM 01.MTS,7233.380,25.0,Male,Chasing,,,,,,STOP
2350.212,D:/Pipefish Mesocosm Film/Trial 5/9-12-20/9-12 AM 01.MTS,7233.380,25.0,Male,Inactive,,,,,,START
2353.629,D:/Pipefish Mesocosm Film/Trial 5/9-12-20/9-12 AM 01.MTS,7233.380,25.0,Male,Inactive,,,,,,STOP
2353.630,D:/Pipefish Mesocosm Film/Trial 5/9-12-20/9-12 AM 01.MTS,7233.380,25.0,Male,Wiggle,Courtship,Active wiggle,Female,2,,START
2355.253,D:/Pipefish Mesocosm Film/Trial 5/9-12-20/9-12 AM 01.MTS,7233.380,25.0,Female,Inactive,,,,,,STOP
2355.254,D:/Pipefish Mesocosm Film/Trial 5/9-12-20/9-12 AM 01.MTS,7233.380,25.0,Female,Pose,,S pose,Male,Front,,START
2359.421,D:/Pipefish Mesocosm Film/Trial 5/9-12-20/9-12 AM 01.MTS,7233.380,25.0,Male,Wiggle,Courtship,Active wiggle,Female,2,,STOP
2359.422,D:/Pipefish Mesocosm Film/Trial 5/9-12-20/9-12 AM 01.MTS,7233.380,25.0,Male,Inactive,,,,,,START
2361.998,D:/Pipefish Mesocosm Film/Trial 5/9-12-20/9-12 AM 01.MTS,7233.380,25.0,Female,Pose,,S pose,Male,Front,,STOP
2361.999,D:/Pipefish Mesocosm Film/Trial 5/9-12-20/9-12 AM 01.MTS,7233.380,25.0,Female,Out of sight,,,,,,START
2362.364,D:/Pipefish Mesocosm Film/Trial 5/9-12-20/9-12 AM 01.MTS,7233.380,25.0,Male,Inactive,,,,,,STOP
2362.365,D:/Pipefish Mesocosm Film/Trial 5/9-12-20/9-12 AM 01.MTS,7233.380,25.0,Male,Out of sight,,,,,,START
2370.731,D:/Pipefish Mesocosm Film/Trial 5/9-12-20/9-12 AM 01.MTS,7233.380,25.0,Female,Out of sight,,,,,,STOP
2370.732,D:/Pipefish Mesocosm Film/Trial 5/9-12-20/9-12 AM 01.MTS,7233.380,25.0,Female,Inactive,,,,,,START
2371.859,D:/Pipefish Mesocosm Film/Trial 5/9-12-20/9-12 AM 01.MTS,7233.380,25.0,Male,Out of sight,,,,,,STOP
2371.860,D:/Pipefish Mesocosm Film/Trial 5/9-12-20/9-12 AM 01.MTS,7233.380,25.0,Male,Inactive,,,,,,START
2371.955,D:/Pipefish Mesocosm Film/Trial 5/9-12-20/9-12 AM 01.MTS,7233.380,25.0,Male,Inactive,,,,,,STOP
2372.904,D:/Pipefish Mesocosm Film/Trial 5/9-12-20/9-12 AM 01.MTS,7233.380,25.0,Male,Wiggle,Courtship,Subtle wiggle,Female,2,,START
2374.707,D:/Pipefish Mesocosm Film/Trial 5/9-12-20/9-12 AM 01.MTS,7233.380,25.0,Male,Wiggle,Courtship,Subtle wiggle,Female,2,,STOP
2374.708,D:/Pipefish Mesocosm Film/Trial 5/9-12-20/9-12 AM 01.MTS,7233.380,25.0,Male,Inactive,,,,,,START
2377.177,D:/Pipefish Mesocosm Film/Trial 5/9-12-20/9-12 AM 01.MTS,7233.380,25.0,Male,Inactive,,,,,,STOP
2377.178,D:/Pipefish Mesocosm Film/Trial 5/9-12-20/9-12 AM 01.MTS,7233.380,25.0,Male,Wiggle,Courtship,Active wiggle,Female,2,,START
2381.173,D:/Pipefish Mesocosm Film/Trial 5/9-12-20/9-12 AM 01.MTS,7233.380,25.0,Female,Inactive,,,,,,STOP
2381.174,D:/Pipefish Mesocosm Film/Trial 5/9-12-20/9-12 AM 01.MTS,7233.380,25.0,Female,Pose,,S pose,Male,Front,,START
2381.543,D:/Pipefish Mesocosm Film/Trial 5/9-12-20/9-12 AM 01.MTS,7233.380,25.0,Male,Wiggle,Courtship,Active wiggle,Female,2,,STOP
2381.544,D:/Pipefish Mesocosm Film/Trial 5/9-12-20/9-12 AM 01.MTS,7233.380,25.0,Male,Inactive,,,,,,START
2385.540,D:/Pipefish Mesocosm Film/Trial 5/9-12-20/9-12 AM 01.MTS,7233.380,25.0,Female,Pose,,S pose,Male,Front,,STOP
2385.541,D:/Pipefish Mesocosm Film/Trial 5/9-12-20/9-12 AM 01.MTS,7233.380,25.0,Female,Inactive,,,,,,START
2387.905,D:/Pipefish Mesocosm Film/Trial 5/9-12-20/9-12 AM 01.MTS,7233.380,25.0,Male,Inactive,,,,,,STOP
2387.906,D:/Pipefish Mesocosm Film/Trial 5/9-12-20/9-12 AM 01.MTS,7233.380,25.0,Male,Wiggle,Courtship,Subtle wiggle,Female,2,,START
2389.141,D:/Pipefish Mesocosm Film/Trial 5/9-12-20/9-12 AM 01.MTS,7233.380,25.0,Female,Inactive,,,,,,STOP
2389.142,D:/Pipefish Mesocosm Film/Trial 5/9-12-20/9-12 AM 01.MTS,7233.380,25.0,Female,Pose,,S pose,Male,Front,,START
2389.613,D:/Pipefish Mesocosm Film/Trial 5/9-12-20/9-12 AM 01.MTS,7233.380,25.0,Male,Wiggle,Courtship,Subtle wiggle,Female,2,,STOP
2389.614,D:/Pipefish Mesocosm Film/Trial 5/9-12-20/9-12 AM 01.MTS,7233.380,25.0,Male,Inactive,,,,,,START
2392.187,D:/Pipefish Mesocosm Film/Trial 5/9-12-20/9-12 AM 01.MTS,7233.380,25.0,Female,Pose,,S pose,Male,Front,,STOP
2392.188,D:/Pipefish Mesocosm Film/Trial 5/9-12-20/9-12 AM 01.MTS,7233.380,25.0,Female,Inactive,,,,,,START
2402.620,D:/Pipefish Mesocosm Film/Trial 5/9-12-20/9-12 AM 01.MTS,7233.380,25.0,Female,Inactive,,,,,,STOP
2402.621,D:/Pipefish Mesocosm Film/Trial 5/9-12-20/9-12 AM 01.MTS,7233.380,25.0,Female,Pose,,S pose,Male,Front,,START
2404.900,D:/Pipefish Mesocosm Film/Trial 5/9-12-20/9-12 AM 01.MTS,7233.380,25.0,Female,Pose,,S pose,Male,Front,,STOP
2404.901,D:/Pipefish Mesocosm Film/Trial 5/9-12-20/9-12 AM 01.MTS,7233.380,25.0,Female,Inactive,,,,,,START
2406.420,D:/Pipefish Mesocosm Film/Trial 5/9-12-20/9-12 AM 01.MTS,7233.380,25.0,Male,Inactive,,,,,,STOP
2406.421,D:/Pipefish Mesocosm Film/Trial 5/9-12-20/9-12 AM 01.MTS,7233.380,25.0,Male,Wiggle,Courtship,Subtle wiggle,Female,3,,START
2407.938,D:/Pipefish Mesocosm Film/Trial 5/9-12-20/9-12 AM 01.MTS,7233.380,25.0,Male,Wiggle,Courtship,Subtle wiggle,Female,3,,STOP
2407.939,D:/Pipefish Mesocosm Film/Trial 5/9-12-20/9-12 AM 01.MTS,7233.380,25.0,Male,Inactive,,,,,,START
2432.528,D:/Pipefish Mesocosm Film/Trial 5/9-12-20/9-12 AM 01.MTS,7233.380,25.0,Male,Inactive,,,,,,STOP
2432.529,D:/Pipefish Mesocosm Film/Trial 5/9-12-20/9-12 AM 01.MTS,7233.380,25.0,Male,Wiggle,Courtship,Active wiggle,Female,2,,START
2436.706,D:/Pipefish Mesocosm Film/Trial 5/9-12-20/9-12 AM 01.MTS,7233.380,25.0,Male,Wiggle,Courtship,Active wiggle,Female,2,,STOP
2436.707,D:/Pipefish Mesocosm Film/Trial 5/9-12-20/9-12 AM 01.MTS,7233.380,25.0,Male,Inactive,,,,,,START
2438.605,D:/Pipefish Mesocosm Film/Trial 5/9-12-20/9-12 AM 01.MTS,7233.380,25.0,Male,Inactive,,,,,,STOP
2438.606,D:/Pipefish Mesocosm Film/Trial 5/9-12-20/9-12 AM 01.MTS,7233.380,25.0,Male,Out of sight,,,,,,START
2438.796,D:/Pipefish Mesocosm Film/Trial 5/9-12-20/9-12 AM 01.MTS,7233.380,25.0,Female,Inactive,,,,,,STOP
2438.797,D:/Pipefish Mesocosm Film/Trial 5/9-12-20/9-12 AM 01.MTS,7233.380,25.0,Female,Out of sight,,,,,,START
2447.624,D:/Pipefish Mesocosm Film/Trial 5/9-12-20/9-12 AM 01.MTS,7233.380,25.0,Female,Out of sight,,,,,,STOP
2447.625,D:/Pipefish Mesocosm Film/Trial 5/9-12-20/9-12 AM 01.MTS,7233.380,25.0,Female,Inactive,,,,,,START
2447.720,D:/Pipefish Mesocosm Film/Trial 5/9-12-20/9-12 AM 01.MTS,7233.380,25.0,Male,Out of sight,,,,,,STOP
2447.721,D:/Pipefish Mesocosm Film/Trial 5/9-12-20/9-12 AM 01.MTS,7233.380,25.0,Male,Inactive,,,,,,START
2451.138,D:/Pipefish Mesocosm Film/Trial 5/9-12-20/9-12 AM 01.MTS,7233.380,25.0,Male,Inactive,,,,,,STOP
2451.139,D:/Pipefish Mesocosm Film/Trial 5/9-12-20/9-12 AM 01.MTS,7233.380,25.0,Male,Chasing,,,,,,START
2451.615,D:/Pipefish Mesocosm Film/Trial 5/9-12-20/9-12 AM 01.MTS,7233.380,25.0,Female,Inactive,,,,,,STOP
2451.616,D:/Pipefish Mesocosm Film/Trial 5/9-12-20/9-12 AM 01.MTS,7233.380,25.0,Female,Pose,,S pose,Male,Front,,START
2452.658,D:/Pipefish Mesocosm Film/Trial 5/9-12-20/9-12 AM 01.MTS,7233.380,25.0,Male,Chasing,,,,,,STOP
2452.659,D:/Pipefish Mesocosm Film/Trial 5/9-12-20/9-12 AM 01.MTS,7233.380,25.0,Male,Wiggle,Courtship,Active wiggle,Female,2,,START
2459.113,D:/Pipefish Mesocosm Film/Trial 5/9-12-20/9-12 AM 01.MTS,7233.380,25.0,Male,Wiggle,Courtship,Active wiggle,Female,2,,STOP
2459.114,D:/Pipefish Mesocosm Film/Trial 5/9-12-20/9-12 AM 01.MTS,7233.380,25.0,Male,Inactive,,,,,,START
2460.064,D:/Pipefish Mesocosm Film/Trial 5/9-12-20/9-12 AM 01.MTS,7233.380,25.0,Female,Pose,,S pose,Male,Front,,STOP
2460.730,D:/Pipefish Mesocosm Film/Trial 5/9-12-20/9-12 AM 01.MTS,7233.380,25.0,Female,Pose,,Flash,Male,Front,,START
2461.583,D:/Pipefish Mesocosm Film/Trial 5/9-12-20/9-12 AM 01.MTS,7233.380,25.0,Female,Pose,,Flash,Male,Front,,STOP
2461.584,D:/Pipefish Mesocosm Film/Trial 5/9-12-20/9-12 AM 01.MTS,7233.380,25.0,Female,Inactive,,,,,,START
2487.977,D:/Pipefish Mesocosm Film/Trial 5/9-12-20/9-12 AM 01.MTS,7233.380,25.0,Male,Inactive,,,,,,STOP
2487.978,D:/Pipefish Mesocosm Film/Trial 5/9-12-20/9-12 AM 01.MTS,7233.380,25.0,Male,Wiggle,Courtship,Active wiggle,Female,3,,START
2488.927,D:/Pipefish Mesocosm Film/Trial 5/9-12-20/9-12 AM 01.MTS,7233.380,25.0,Female,Inactive,,,,,,STOP
2488.928,D:/Pipefish Mesocosm Film/Trial 5/9-12-20/9-12 AM 01.MTS,7233.380,25.0,Female,Pose,,S pose,Male,Front,,START
2490.920,D:/Pipefish Mesocosm Film/Trial 5/9-12-20/9-12 AM 01.MTS,7233.380,25.0,Male,Wiggle,Courtship,Active wiggle,Female,3,,STOP
2490.921,D:/Pipefish Mesocosm Film/Trial 5/9-12-20/9-12 AM 01.MTS,7233.380,25.0,Male,Inactive,,,,,,START
2492.155,D:/Pipefish Mesocosm Film/Trial 5/9-12-20/9-12 AM 01.MTS,7233.380,25.0,Female,Pose,,S pose,Male,Front,,STOP
2492.156,D:/Pipefish Mesocosm Film/Trial 5/9-12-20/9-12 AM 01.MTS,7233.380,25.0,Female,Inactive,,,,,,START
2493.198,D:/Pipefish Mesocosm Film/Trial 5/9-12-20/9-12 AM 01.MTS,7233.380,25.0,Male,Inactive,,,,,,STOP
2493.199,D:/Pipefish Mesocosm Film/Trial 5/9-12-20/9-12 AM 01.MTS,7233.380,25.0,Male,Wiggle,Courtship,Active wiggle,Female,3,,START
2495.859,D:/Pipefish Mesocosm Film/Trial 5/9-12-20/9-12 AM 01.MTS,7233.380,25.0,Male,Wiggle,Courtship,Active wiggle,Female,3,,STOP
2495.860,D:/Pipefish Mesocosm Film/Trial 5/9-12-20/9-12 AM 01.MTS,7233.380,25.0,Male,Inactive,,,,,,START
2498.326,D:/Pipefish Mesocosm Film/Trial 5/9-12-20/9-12 AM 01.MTS,7233.380,25.0,Male,Inactive,,,,,,STOP
2498.327,D:/Pipefish Mesocosm Film/Trial 5/9-12-20/9-12 AM 01.MTS,7233.380,25.0,Male,Out of sight,,,,,,START
2498.705,D:/Pipefish Mesocosm Film/Trial 5/9-12-20/9-12 AM 01.MTS,7233.380,25.0,Female,Inactive,,,,,,STOP
2498.706,D:/Pipefish Mesocosm Film/Trial 5/9-12-20/9-12 AM 01.MTS,7233.380,25.0,Female,Out of sight,,,,,,START
2509.529,D:/Pipefish Mesocosm Film/Trial 5/9-12-20/9-12 AM 01.MTS,7233.380,25.0,Male,Out of sight,,,,,,STOP
2509.530,D:/Pipefish Mesocosm Film/Trial 5/9-12-20/9-12 AM 01.MTS,7233.380,25.0,Male,Surrounding,,,,,,START
2514.087,D:/Pipefish Mesocosm Film/Trial 5/9-12-20/9-12 AM 01.MTS,7233.380,25.0,Female,Out of sight,,,,,,STOP
2514.088,D:/Pipefish Mesocosm Film/Trial 5/9-12-20/9-12 AM 01.MTS,7233.380,25.0,Female,Inactive,,,,,,START
2533.266,D:/Pipefish Mesocosm Film/Trial 5/9-12-20/9-12 AM 01.MTS,7233.380,25.0,Male,Surrounding,,,,,,STOP
2533.267,D:/Pipefish Mesocosm Film/Trial 5/9-12-20/9-12 AM 01.MTS,7233.380,25.0,Male,Wiggle,Courtship,Active wiggle,Female,2,,START
2533.742,D:/Pipefish Mesocosm Film/Trial 5/9-12-20/9-12 AM 01.MTS,7233.380,25.0,Female,Inactive,,,,,,STOP
2533.743,D:/Pipefish Mesocosm Film/Trial 5/9-12-20/9-12 AM 01.MTS,7233.380,25.0,Female,Pose,,S pose,Male,Front,,START
2535.448,D:/Pipefish Mesocosm Film/Trial 5/9-12-20/9-12 AM 01.MTS,7233.380,25.0,Male,Wiggle,Courtship,Active wiggle,Female,2,,STOP
2535.449,D:/Pipefish Mesocosm Film/Trial 5/9-12-20/9-12 AM 01.MTS,7233.380,25.0,Male,Inactive,,,,,,START
2537.823,D:/Pipefish Mesocosm Film/Trial 5/9-12-20/9-12 AM 01.MTS,7233.380,25.0,Female,Pose,,S pose,Male,Front,,STOP
2537.824,D:/Pipefish Mesocosm Film/Trial 5/9-12-20/9-12 AM 01.MTS,7233.380,25.0,Female,Inactive,,,,,,START
2540.956,D:/Pipefish Mesocosm Film/Trial 5/9-12-20/9-12 AM 01.MTS,7233.380,25.0,Female,Inactive,,,,,,STOP
2540.957,D:/Pipefish Mesocosm Film/Trial 5/9-12-20/9-12 AM 01.MTS,7233.380,25.0,Female,Out of sight,,,,,,START
2543.045,D:/Pipefish Mesocosm Film/Trial 5/9-12-20/9-12 AM 01.MTS,7233.380,25.0,Male,Inactive,,,,,,STOP
2543.046,D:/Pipefish Mesocosm Film/Trial 5/9-12-20/9-12 AM 01.MTS,7233.380,25.0,Male,Out of sight,,,,,,START
2547.887,D:/Pipefish Mesocosm Film/Trial 5/9-12-20/9-12 AM 01.MTS,7233.380,25.0,Male,Out of sight,,,,,,STOP
2547.888,D:/Pipefish Mesocosm Film/Trial 5/9-12-20/9-12 AM 01.MTS,7233.380,25.0,Male,Inactive,,,,,,START
2554.058,D:/Pipefish Mesocosm Film/Trial 5/9-12-20/9-12 AM 01.MTS,7233.380,25.0,Female,Out of sight,,,,,,STOP
2554.059,D:/Pipefish Mesocosm Film/Trial 5/9-12-20/9-12 AM 01.MTS,7233.380,25.0,Female,Inactive,,,,,,START
2569.819,D:/Pipefish Mesocosm Film/Trial 5/9-12-20/9-12 AM 01.MTS,7233.380,25.0,Male,Inactive,,,,,,STOP
2569.820,D:/Pipefish Mesocosm Film/Trial 5/9-12-20/9-12 AM 01.MTS,7233.380,25.0,Male,Surrounding,,,,,,START
2588.525,D:/Pipefish Mesocosm Film/Trial 5/9-12-20/9-12 AM 01.MTS,7233.380,25.0,Male,Surrounding,,,,,,STOP
2588.526,D:/Pipefish Mesocosm Film/Trial 5/9-12-20/9-12 AM 01.MTS,7233.380,25.0,Male,Wiggle,Courtship,Subtle wiggle,Female,3,,START
2590.708,D:/Pipefish Mesocosm Film/Trial 5/9-12-20/9-12 AM 01.MTS,7233.380,25.0,Male,Wiggle,Courtship,Subtle wiggle,Female,3,,STOP
2590.709,D:/Pipefish Mesocosm Film/Trial 5/9-12-20/9-12 AM 01.MTS,7233.380,25.0,Male,Surrounding,,,,,,START
2651.758,D:/Pipefish Mesocosm Film/Trial 5/9-12-20/9-12 AM 01.MTS,7233.380,25.0,Female,Inactive,,,,,,STOP
2651.758,D:/Pipefish Mesocosm Film/Trial 5/9-12-20/9-12 AM 01.MTS,7233.380,25.0,Male,Surrounding,,,,,,STOP
2652.043,D:/Pipefish Mesocosm Film/Trial 5/9-12-20/9-12 AM 01.MTS,7233.380,25.0,,Stop,,,,,,POINT
2695.052,D:/Pipefish Mesocosm Film/Trial 5/9-12-20/9-12 AM 01.MTS,7233.380,25.0,,Start,,,,,,POINT
2695.052,D:/Pipefish Mesocosm Film/Trial 5/9-12-20/9-12 AM 01.MTS,7233.380,25.0,Female,Pose,,S pose,Male,Front,,START
2695.527,D:/Pipefish Mesocosm Film/Trial 5/9-12-20/9-12 AM 01.MTS,7233.380,25.0,Male,Wiggle,Courtship,Active wiggle,Female,2,,START
2698.185,D:/Pipefish Mesocosm Film/Trial 5/9-12-20/9-12 AM 01.MTS,7233.380,25.0,Male,Wiggle,Courtship,Active wiggle,Female,2,,STOP
2698.186,D:/Pipefish Mesocosm Film/Trial 5/9-12-20/9-12 AM 01.MTS,7233.380,25.0,Male,Surrounding,,,,,,START
2699.519,D:/Pipefish Mesocosm Film/Trial 5/9-12-20/9-12 AM 01.MTS,7233.380,25.0,Female,Pose,,S pose,Male,Front,,STOP
2699.520,D:/Pipefish Mesocosm Film/Trial 5/9-12-20/9-12 AM 01.MTS,7233.380,25.0,Female,Inactive,,,,,,START
2704.357,D:/Pipefish Mesocosm Film/Trial 5/9-12-20/9-12 AM 01.MTS,7233.380,25.0,Female,Inactive,,,,,,STOP
2704.358,D:/Pipefish Mesocosm Film/Trial 5/9-12-20/9-12 AM 01.MTS,7233.380,25.0,Female,Pose,,S pose,Male,Front,,START
2704.737,D:/Pipefish Mesocosm Film/Trial 5/9-12-20/9-12 AM 01.MTS,7233.380,25.0,Male,Surrounding,,,,,,STOP
2704.738,D:/Pipefish Mesocosm Film/Trial 5/9-12-20/9-12 AM 01.MTS,7233.380,25.0,Male,Wiggle,Courtship,Active wiggle,Female,2,,START
2707.679,D:/Pipefish Mesocosm Film/Trial 5/9-12-20/9-12 AM 01.MTS,7233.380,25.0,Male,Wiggle,Courtship,Active wiggle,Female,2,,STOP
2707.680,D:/Pipefish Mesocosm Film/Trial 5/9-12-20/9-12 AM 01.MTS,7233.380,25.0,Male,Inactive,,,,,,START
2710.529,D:/Pipefish Mesocosm Film/Trial 5/9-12-20/9-12 AM 01.MTS,7233.380,25.0,Female,Pose,,S pose,Male,Front,,STOP
2710.530,D:/Pipefish Mesocosm Film/Trial 5/9-12-20/9-12 AM 01.MTS,7233.380,25.0,Female,Inactive,,,,,,START
2759.804,D:/Pipefish Mesocosm Film/Trial 5/9-12-20/9-12 AM 01.MTS,7233.380,25.0,Female,Inactive,,,,,,STOP
2759.805,D:/Pipefish Mesocosm Film/Trial 5/9-12-20/9-12 AM 01.MTS,7233.380,25.0,Female,Pose,,S pose,Male,Front,,START
2761.038,D:/Pipefish Mesocosm Film/Trial 5/9-12-20/9-12 AM 01.MTS,7233.380,25.0,Male,Inactive,,,,,,STOP
2761.039,D:/Pipefish Mesocosm Film/Trial 5/9-12-20/9-12 AM 01.MTS,7233.380,25.0,Male,Wiggle,Courtship,Active wiggle,Female,2,,START
2766.261,D:/Pipefish Mesocosm Film/Trial 5/9-12-20/9-12 AM 01.MTS,7233.380,25.0,Male,Wiggle,Courtship,Active wiggle,Female,2,,STOP
2766.262,D:/Pipefish Mesocosm Film/Trial 5/9-12-20/9-12 AM 01.MTS,7233.380,25.0,Male,Inactive,,,,,,START
2766.736,D:/Pipefish Mesocosm Film/Trial 5/9-12-20/9-12 AM 01.MTS,7233.380,25.0,Female,Pose,,S pose,Male,Front,,STOP
2766.737,D:/Pipefish Mesocosm Film/Trial 5/9-12-20/9-12 AM 01.MTS,7233.380,25.0,Female,Inactive,,,,,,START
2827.124,D:/Pipefish Mesocosm Film/Trial 5/9-12-20/9-12 AM 01.MTS,7233.380,25.0,Female,Inactive,,,,,,STOP
2827.124,D:/Pipefish Mesocosm Film/Trial 5/9-12-20/9-12 AM 01.MTS,7233.380,25.0,Male,Inactive,,,,,,STOP
2827.709,D:/Pipefish Mesocosm Film/Trial 5/9-12-20/9-12 AM 01.MTS,7233.380,25.0,,Stop,,,,,,POINT
2854.561,D:/Pipefish Mesocosm Film/Trial 5/9-12-20/9-12 AM 01.MTS,7233.380,25.0,,Start,,,,,,POINT
2854.561,D:/Pipefish Mesocosm Film/Trial 5/9-12-20/9-12 AM 01.MTS,7233.380,25.0,Female,Pose,,S pose,Male,Front,,START
2854.846,D:/Pipefish Mesocosm Film/Trial 5/9-12-20/9-12 AM 01.MTS,7233.380,25.0,Male,Wiggle,Courtship,Active wiggle,Female,3,,START
2862.896,D:/Pipefish Mesocosm Film/Trial 5/9-12-20/9-12 AM 02.MTS,7233.380,25.0,Female,Pose,,S pose,Male,Front,,STOP
2862.897,D:/Pipefish Mesocosm Film/Trial 5/9-12-20/9-12 AM 02.MTS,7233.380,25.0,Female,Inactive,,,,,,START
2865.174,D:/Pipefish Mesocosm Film/Trial 5/9-12-20/9-12 AM 02.MTS,7233.380,25.0,Male,Wiggle,Courtship,Active wiggle,Female,3,,STOP
2865.175,D:/Pipefish Mesocosm Film/Trial 5/9-12-20/9-12 AM 02.MTS,7233.380,25.0,Male,Inactive,,,,,,START
2952.844,D:/Pipefish Mesocosm Film/Trial 5/9-12-20/9-12 AM 02.MTS,7233.380,25.0,Female,Inactive,,,,,,STOP
2952.909,D:/Pipefish Mesocosm Film/Trial 5/9-12-20/9-12 AM 02.MTS,7233.380,25.0,Male,Inactive,,,,,,STOP
2953.190,D:/Pipefish Mesocosm Film/Trial 5/9-12-20/9-12 AM 02.MTS,7233.380,25.0,,Stop,,,,,,POINT
3974.133,D:/Pipefish Mesocosm Film/Trial 5/9-12-20/9-12 AM 02.MTS,7233.380,25.0,,Start,,,,,,POINT
3974.133,D:/Pipefish Mesocosm Film/Trial 5/9-12-20/9-12 AM 02.MTS,7233.380,25.0,Male,Wiggle,Courtship,Subtle wiggle,Female,2,,START
3974.989,D:/Pipefish Mesocosm Film/Trial 5/9-12-20/9-12 AM 02.MTS,7233.380,25.0,Female,Pose,,S pose,Male,Front,,START
3978.027,D:/Pipefish Mesocosm Film/Trial 5/9-12-20/9-12 AM 02.MTS,7233.380,25.0,Male,Wiggle,Courtship,Subtle wiggle,Female,2,,STOP
3978.028,D:/Pipefish Mesocosm Film/Trial 5/9-12-20/9-12 AM 02.MTS,7233.380,25.0,Male,Surrounding,,,,,,START
3979.071,D:/Pipefish Mesocosm Film/Trial 5/9-12-20/9-12 AM 02.MTS,7233.380,25.0,Female,Pose,,S pose,Male,Front,,STOP
3979.072,D:/Pipefish Mesocosm Film/Trial 5/9-12-20/9-12 AM 02.MTS,7233.380,25.0,Female,Wiggle,Courtship,Active wiggle,Male,2,,START
3984.387,D:/Pipefish Mesocosm Film/Trial 5/9-12-20/9-12 AM 02.MTS,7233.380,25.0,Female,Wiggle,Courtship,Active wiggle,Male,2,,STOP
3984.388,D:/Pipefish Mesocosm Film/Trial 5/9-12-20/9-12 AM 02.MTS,7233.380,25.0,Female,Inactive,,,,,,START
3990.843,D:/Pipefish Mesocosm Film/Trial 5/9-12-20/9-12 AM 02.MTS,7233.380,25.0,Male,Surrounding,,,,,,STOP
3990.844,D:/Pipefish Mesocosm Film/Trial 5/9-12-20/9-12 AM 02.MTS,7233.380,25.0,Male,Inactive,,,,,,START
4007.461,D:/Pipefish Mesocosm Film/Trial 5/9-12-20/9-12 AM 02.MTS,7233.380,25.0,Female,Inactive,,,,,,STOP
4007.650,D:/Pipefish Mesocosm Film/Trial 5/9-12-20/9-12 AM 02.MTS,7233.380,25.0,Male,Inactive,,,,,,STOP
4008.411,D:/Pipefish Mesocosm Film/Trial 5/9-12-20/9-12 AM 02.MTS,7233.380,25.0,,Stop,,,,,,POINT
4069.737,D:/Pipefish Mesocosm Film/Trial 5/9-12-20/9-12 AM 02.MTS,7233.380,25.0,,Start,,,,,,POINT
4070.409,D:/Pipefish Mesocosm Film/Trial 5/9-12-20/9-12 AM 02.MTS,7233.380,25.0,Male,Wiggle,Courtship,Active wiggle,Female,3,,START
4071.452,D:/Pipefish Mesocosm Film/Trial 5/9-12-20/9-12 AM 02.MTS,7233.380,25.0,Female,Inactive,,,,,,START
4072.591,D:/Pipefish Mesocosm Film/Trial 5/9-12-20/9-12 AM 02.MTS,7233.380,25.0,Male,Wiggle,Courtship,Active wiggle,Female,3,,STOP
4072.592,D:/Pipefish Mesocosm Film/Trial 5/9-12-20/9-12 AM 02.MTS,7233.380,25.0,Male,Surrounding,,,,,,START
4104.778,D:/Pipefish Mesocosm Film/Trial 5/9-12-20/9-12 AM 02.MTS,7233.380,25.0,Female,Inactive,,,,,,STOP
4104.779,D:/Pipefish Mesocosm Film/Trial 5/9-12-20/9-12 AM 02.MTS,7233.380,25.0,Female,Swim away,,,,,,START
4107.246,D:/Pipefish Mesocosm Film/Trial 5/9-12-20/9-12 AM 02.MTS,7233.380,25.0,Male,Surrounding,,,,,,STOP
4107.247,D:/Pipefish Mesocosm Film/Trial 5/9-12-20/9-12 AM 02.MTS,7233.380,25.0,Male,Chasing,,,,,,START
4111.045,D:/Pipefish Mesocosm Film/Trial 5/9-12-20/9-12 AM 02.MTS,7233.380,25.0,Female,Swim away,,,,,,STOP
4111.046,D:/Pipefish Mesocosm Film/Trial 5/9-12-20/9-12 AM 02.MTS,7233.380,25.0,Female,Inactive,,,,,,START
4113.322,D:/Pipefish Mesocosm Film/Trial 5/9-12-20/9-12 AM 02.MTS,7233.380,25.0,Male,Chasing,,,,,,STOP
4113.323,D:/Pipefish Mesocosm Film/Trial 5/9-12-20/9-12 AM 02.MTS,7233.380,25.0,Male,Surrounding,,,,,,START
4120.159,D:/Pipefish Mesocosm Film/Trial 5/9-12-20/9-12 AM 02.MTS,7233.380,25.0,Male,Surrounding,,,,,,STOP
4120.160,D:/Pipefish Mesocosm Film/Trial 5/9-12-20/9-12 AM 02.MTS,7233.380,25.0,Male,Inactive,,,,,,START
4138.294,D:/Pipefish Mesocosm Film/Trial 5/9-12-20/9-12 AM 02.MTS,7233.380,25.0,Male,Inactive,,,,,,STOP
4138.388,D:/Pipefish Mesocosm Film/Trial 5/9-12-20/9-12 AM 02.MTS,7233.380,25.0,Female,Inactive,,,,,,STOP
4139.055,D:/Pipefish Mesocosm Film/Trial 5/9-12-20/9-12 AM 02.MTS,7233.380,25.0,,Stop,,,,,,POINT
