Observation id,T505AM_01,,,,,,,,,,
,,,,,,,,,,,
Media file(s),,,,,,,,,,,
,,,,,,,,,,,
Player #1,D:/Pipefish Mesocosm Film/Trial 5/9-12-20/9-12 AM 01.MTS,,,,,,,,,,
Player #1,D:/Pipefish Mesocosm Film/Trial 5/9-12-20/9-12 AM 02.MTS,,,,,,,,,,
Player #1,D:/Pipefish Mesocosm Film/Trial 5/9-12-20/9-12 AM 03.MTS,,,,,,,,,,
,,,,,,,,,,,
Observation date,2021-07-06 09:53:04,,,,,,,,,,
,,,,,,,,,,,
Description,"Videos AM 01, 02 and 03. About 31 courtship events and 8 female-female interactions. For some of interactions individual sexes was hard to tell apart.  ",,,,,,,,,,
,,,,,,,,,,,
Time offset (s),0.0,,,,,,,,,,
,,,,,,,,,,,
independent variables,,,,,,,,,,,
variable,value,,,,,,,,,,
Number in group,,,,,,,,,,,
Time of day,AM,,,,,,,,,,
,,,,,,,,,,,
Time,Media file path,Total length,FPS,Subject,Behavior,Behavioral category,Modifier 1,Modifier 2,Modifier 3,Comment,Status
297.218,D:/Pipefish Mesocosm Film/Trial 5/9-12-20/9-12 AM 01.MTS,7233.380,25.0,,Start,,,,,,POINT
298.071,D:/Pipefish Mesocosm Film/Trial 5/9-12-20/9-12 AM 01.MTS,7233.380,25.0,Second female,Inactive,,,,,,START
300.636,D:/Pipefish Mesocosm Film/Trial 5/9-12-20/9-12 AM 01.MTS,7233.380,25.0,Female,Wiggle,Courtship,Active wiggle,Female,2,,START
305.286,D:/Pipefish Mesocosm Film/Trial 5/9-12-20/9-12 AM 01.MTS,7233.380,25.0,Female,Wiggle,Courtship,Active wiggle,Female,2,,STOP
305.287,D:/Pipefish Mesocosm Film/Trial 5/9-12-20/9-12 AM 01.MTS,7233.380,25.0,Female,Pose,,S pose,Female,Front,,START
308.135,D:/Pipefish Mesocosm Film/Trial 5/9-12-20/9-12 AM 01.MTS,7233.380,25.0,Female,Pose,,S pose,Female,Front,,STOP
308.136,D:/Pipefish Mesocosm Film/Trial 5/9-12-20/9-12 AM 01.MTS,7233.380,25.0,Female,Inactive,,,,,,START
342.886,D:/Pipefish Mesocosm Film/Trial 5/9-12-20/9-12 AM 01.MTS,7233.380,25.0,Female,Inactive,,,,,,STOP
342.983,D:/Pipefish Mesocosm Film/Trial 5/9-12-20/9-12 AM 01.MTS,7233.380,25.0,Second female,Inactive,,,,,,STOP
343.739,D:/Pipefish Mesocosm Film/Trial 5/9-12-20/9-12 AM 01.MTS,7233.380,25.0,,Stop,,,,,,POINT
703.298,D:/Pipefish Mesocosm Film/Trial 5/9-12-20/9-12 AM 01.MTS,7233.380,25.0,,Start,,,,,,POINT
703.581,D:/Pipefish Mesocosm Film/Trial 5/9-12-20/9-12 AM 01.MTS,7233.380,25.0,Female,Pose,,S pose,Male,Front,,START
703.583,D:/Pipefish Mesocosm Film/Trial 5/9-12-20/9-12 AM 01.MTS,7233.380,25.0,Male,Inactive,,,,,,START
707.667,D:/Pipefish Mesocosm Film/Trial 5/9-12-20/9-12 AM 01.MTS,7233.380,25.0,Female,Pose,,S pose,Male,Front,,STOP
707.668,D:/Pipefish Mesocosm Film/Trial 5/9-12-20/9-12 AM 01.MTS,7233.380,25.0,Female,Inactive,,,,,,START
720.291,D:/Pipefish Mesocosm Film/Trial 5/9-12-20/9-12 AM 01.MTS,7233.380,25.0,Female,Inactive,,,,,,STOP
720.957,D:/Pipefish Mesocosm Film/Trial 5/9-12-20/9-12 AM 01.MTS,7233.380,25.0,Male,Inactive,,,,,,STOP
721.054,D:/Pipefish Mesocosm Film/Trial 5/9-12-20/9-12 AM 01.MTS,7233.380,25.0,,Stop,,,,,,POINT
836.218,D:/Pipefish Mesocosm Film/Trial 5/9-12-20/9-12 AM 01.MTS,7233.380,25.0,,Start,,,,,,POINT
836.218,D:/Pipefish Mesocosm Film/Trial 5/9-12-20/9-12 AM 01.MTS,7233.380,25.0,Female,Pose,,S pose,Female,Front,,START
836.218,D:/Pipefish Mesocosm Film/Trial 5/9-12-20/9-12 AM 01.MTS,7233.380,25.0,Second female,Pose,,S pose,Female,Front,,START
847.518,D:/Pipefish Mesocosm Film/Trial 5/9-12-20/9-12 AM 01.MTS,7233.380,25.0,Female,Pose,,S pose,Female,Front,,STOP
847.519,D:/Pipefish Mesocosm Film/Trial 5/9-12-20/9-12 AM 01.MTS,7233.380,25.0,Female,Inactive,,,,,,START
848.089,D:/Pipefish Mesocosm Film/Trial 5/9-12-20/9-12 AM 01.MTS,7233.380,25.0,Second female,Pose,,S pose,Female,Front,,STOP
848.090,D:/Pipefish Mesocosm Film/Trial 5/9-12-20/9-12 AM 01.MTS,7233.380,25.0,Second female,Inactive,,,,,,START
863.280,D:/Pipefish Mesocosm Film/Trial 5/9-12-20/9-12 AM 01.MTS,7233.380,25.0,Second female,Inactive,,,,,,STOP
863.467,D:/Pipefish Mesocosm Film/Trial 5/9-12-20/9-12 AM 01.MTS,7233.380,25.0,Female,Inactive,,,,,,STOP
864.136,D:/Pipefish Mesocosm Film/Trial 5/9-12-20/9-12 AM 01.MTS,7233.380,25.0,,Stop,,,,,,POINT
901.258,D:/Pipefish Mesocosm Film/Trial 5/9-12-20/9-12 AM 01.MTS,7233.380,25.0,,Start,,,,,,POINT
904.677,D:/Pipefish Mesocosm Film/Trial 5/9-12-20/9-12 AM 01.MTS,7233.380,25.0,Female,Pose,,Non-s pose,Female,Front,,START
904.867,D:/Pipefish Mesocosm Film/Trial 5/9-12-20/9-12 AM 01.MTS,7233.380,25.0,Second female,Swim away,,,,,,START
909.136,D:/Pipefish Mesocosm Film/Trial 5/9-12-20/9-12 AM 01.MTS,7233.380,25.0,Female,Pose,,Non-s pose,Female,Front,,STOP
909.137,D:/Pipefish Mesocosm Film/Trial 5/9-12-20/9-12 AM 01.MTS,7233.380,25.0,Female,Swim away,,,,,,START
910.847,D:/Pipefish Mesocosm Film/Trial 5/9-12-20/9-12 AM 01.MTS,7233.380,25.0,Second female,Follow,,,,,,POINT
913.316,D:/Pipefish Mesocosm Film/Trial 5/9-12-20/9-12 AM 01.MTS,7233.380,25.0,Second female,Swim away,,,,,,STOP
913.317,D:/Pipefish Mesocosm Film/Trial 5/9-12-20/9-12 AM 01.MTS,7233.380,25.0,Second female,Inactive,,,,,,START
919.011,D:/Pipefish Mesocosm Film/Trial 5/9-12-20/9-12 AM 01.MTS,7233.380,25.0,Female,Swim away,,,,,,STOP
919.011,D:/Pipefish Mesocosm Film/Trial 5/9-12-20/9-12 AM 01.MTS,7233.380,25.0,Second female,Inactive,,,,,,STOP
919.390,D:/Pipefish Mesocosm Film/Trial 5/9-12-20/9-12 AM 01.MTS,7233.380,25.0,,Stop,,,,,,POINT
970.948,D:/Pipefish Mesocosm Film/Trial 5/9-12-20/9-12 AM 01.MTS,7233.380,25.0,,Start,,,,,,POINT
971.707,D:/Pipefish Mesocosm Film/Trial 5/9-12-20/9-12 AM 01.MTS,7233.380,25.0,Second female,Swim away,,,,,,START
974.079,D:/Pipefish Mesocosm Film/Trial 5/9-12-20/9-12 AM 01.MTS,7233.380,25.0,Female,Pose,,Non-s pose,Female,Front,,START
974.937,D:/Pipefish Mesocosm Film/Trial 5/9-12-20/9-12 AM 01.MTS,7233.380,25.0,Second female,Swim away,,,,,,STOP
974.938,D:/Pipefish Mesocosm Film/Trial 5/9-12-20/9-12 AM 01.MTS,7233.380,25.0,Second female,Pose,,Non-s pose,Female,Front,,START
979.680,D:/Pipefish Mesocosm Film/Trial 5/9-12-20/9-12 AM 01.MTS,7233.380,25.0,Second female,Pose,,Non-s pose,Female,Front,,STOP
979.681,D:/Pipefish Mesocosm Film/Trial 5/9-12-20/9-12 AM 01.MTS,7233.380,25.0,Second female,Inactive,,,,,,START
980.823,D:/Pipefish Mesocosm Film/Trial 5/9-12-20/9-12 AM 01.MTS,7233.380,25.0,Female,Pose,,Non-s pose,Female,Front,,STOP
980.824,D:/Pipefish Mesocosm Film/Trial 5/9-12-20/9-12 AM 01.MTS,7233.380,25.0,Female,Inactive,,,,,,START
984.236,D:/Pipefish Mesocosm Film/Trial 5/9-12-20/9-12 AM 01.MTS,7233.380,25.0,Second female,Inactive,,,,,,STOP
984.237,D:/Pipefish Mesocosm Film/Trial 5/9-12-20/9-12 AM 01.MTS,7233.380,25.0,Second female,Swim away,,,,,,START
989.085,D:/Pipefish Mesocosm Film/Trial 5/9-12-20/9-12 AM 01.MTS,7233.380,25.0,Female,Inactive,,,,,,STOP
989.462,D:/Pipefish Mesocosm Film/Trial 5/9-12-20/9-12 AM 01.MTS,7233.380,25.0,Second female,Swim away,,,,,,STOP
989.558,D:/Pipefish Mesocosm Film/Trial 5/9-12-20/9-12 AM 01.MTS,7233.380,25.0,,Stop,,,,,,POINT
1082.223,D:/Pipefish Mesocosm Film/Trial 5/9-12-20/9-12 AM 01.MTS,7233.380,25.0,,Start,,,,,,POINT
1082.223,D:/Pipefish Mesocosm Film/Trial 5/9-12-20/9-12 AM 01.MTS,7233.380,25.0,Female,Pose,,S pose,Male,Front,,START
1084.125,D:/Pipefish Mesocosm Film/Trial 5/9-12-20/9-12 AM 01.MTS,7233.380,25.0,Male,Inactive,,,,,,START
1091.149,D:/Pipefish Mesocosm Film/Trial 5/9-12-20/9-12 AM 01.MTS,7233.380,25.0,Male,Inactive,,,,,,STOP
1091.150,D:/Pipefish Mesocosm Film/Trial 5/9-12-20/9-12 AM 01.MTS,7233.380,25.0,Male,Wiggle,Courtship,Active wiggle,Female,2,,START
1096.370,D:/Pipefish Mesocosm Film/Trial 5/9-12-20/9-12 AM 01.MTS,7233.380,25.0,Female,Pose,,S pose,Male,Front,,STOP
1096.371,D:/Pipefish Mesocosm Film/Trial 5/9-12-20/9-12 AM 01.MTS,7233.380,25.0,Female,Inactive,,,,,,START
1099.501,D:/Pipefish Mesocosm Film/Trial 5/9-12-20/9-12 AM 01.MTS,7233.380,25.0,Female,Inactive,,,,,,STOP
1099.502,D:/Pipefish Mesocosm Film/Trial 5/9-12-20/9-12 AM 01.MTS,7233.380,25.0,Female,Swim away,,,,,,START
1100.830,D:/Pipefish Mesocosm Film/Trial 5/9-12-20/9-12 AM 01.MTS,7233.380,25.0,Male,Wiggle,Courtship,Active wiggle,Female,2,,STOP
1100.831,D:/Pipefish Mesocosm Film/Trial 5/9-12-20/9-12 AM 01.MTS,7233.380,25.0,Male,Inactive,,,,,,START
1105.769,D:/Pipefish Mesocosm Film/Trial 5/9-12-20/9-12 AM 01.MTS,7233.380,25.0,Female,Swim away,,,,,,STOP
1105.770,D:/Pipefish Mesocosm Film/Trial 5/9-12-20/9-12 AM 01.MTS,7233.380,25.0,Female,Inactive,,,,,,START
1110.421,D:/Pipefish Mesocosm Film/Trial 5/9-12-20/9-12 AM 01.MTS,7233.380,25.0,Female,Inactive,,,,,,STOP
1110.422,D:/Pipefish Mesocosm Film/Trial 5/9-12-20/9-12 AM 01.MTS,7233.380,25.0,Female,Wiggle,Courtship,Active wiggle,Male,2,,START
1117.352,D:/Pipefish Mesocosm Film/Trial 5/9-12-20/9-12 AM 01.MTS,7233.380,25.0,Female,Wiggle,Courtship,Active wiggle,Male,2,,STOP
1117.353,D:/Pipefish Mesocosm Film/Trial 5/9-12-20/9-12 AM 01.MTS,7233.380,25.0,Female,Inactive,,,,,,START
1120.865,D:/Pipefish Mesocosm Film/Trial 5/9-12-20/9-12 AM 01.MTS,7233.380,25.0,Female,Inactive,,,,,,STOP
1120.866,D:/Pipefish Mesocosm Film/Trial 5/9-12-20/9-12 AM 01.MTS,7233.380,25.0,Female,Pose,,Non-s pose,Male,Front,,START
1127.131,D:/Pipefish Mesocosm Film/Trial 5/9-12-20/9-12 AM 01.MTS,7233.380,25.0,Female,Pose,,Non-s pose,Male,Front,,STOP
1127.132,D:/Pipefish Mesocosm Film/Trial 5/9-12-20/9-12 AM 01.MTS,7233.380,25.0,Female,Inactive,,,,,,START
1135.676,D:/Pipefish Mesocosm Film/Trial 5/9-12-20/9-12 AM 01.MTS,7233.380,25.0,Female,Inactive,,,,,,STOP
1135.677,D:/Pipefish Mesocosm Film/Trial 5/9-12-20/9-12 AM 01.MTS,7233.380,25.0,Female,Wiggle,Courtship,Active wiggle,Male,2,,START
1138.715,D:/Pipefish Mesocosm Film/Trial 5/9-12-20/9-12 AM 01.MTS,7233.380,25.0,Female,Wiggle,Courtship,Active wiggle,Male,2,,STOP
1138.716,D:/Pipefish Mesocosm Film/Trial 5/9-12-20/9-12 AM 01.MTS,7233.380,25.0,Female,Inactive,,,,,,START
1142.416,D:/Pipefish Mesocosm Film/Trial 5/9-12-20/9-12 AM 01.MTS,7233.380,25.0,Female,Inactive,,,,,,STOP
1142.417,D:/Pipefish Mesocosm Film/Trial 5/9-12-20/9-12 AM 01.MTS,7233.380,25.0,Female,Wiggle,Courtship,Active wiggle,Male,2,,START
1144.411,D:/Pipefish Mesocosm Film/Trial 5/9-12-20/9-12 AM 01.MTS,7233.380,25.0,Female,Wiggle,Courtship,Active wiggle,Male,2,,STOP
1144.412,D:/Pipefish Mesocosm Film/Trial 5/9-12-20/9-12 AM 01.MTS,7233.380,25.0,Female,Pose,,Non-s pose,Male,Front,,START
1149.728,D:/Pipefish Mesocosm Film/Trial 5/9-12-20/9-12 AM 01.MTS,7233.380,25.0,Female,Pose,,Non-s pose,Male,Front,,STOP
1149.729,D:/Pipefish Mesocosm Film/Trial 5/9-12-20/9-12 AM 01.MTS,7233.380,25.0,Female,Inactive,,,,,,START
1151.820,D:/Pipefish Mesocosm Film/Trial 5/9-12-20/9-12 AM 01.MTS,7233.380,25.0,Male,Inactive,,,,,,STOP
1161.976,D:/Pipefish Mesocosm Film/Trial 5/9-12-20/9-12 AM 01.MTS,7233.380,25.0,Male,Swim away,,,,,,START
1170.237,D:/Pipefish Mesocosm Film/Trial 5/9-12-20/9-12 AM 01.MTS,7233.380,25.0,Female,Inactive,,,,,,STOP
1170.237,D:/Pipefish Mesocosm Film/Trial 5/9-12-20/9-12 AM 01.MTS,7233.380,25.0,Male,Swim away,,,,,,STOP
1170.333,D:/Pipefish Mesocosm Film/Trial 5/9-12-20/9-12 AM 01.MTS,7233.380,25.0,,Stop,,,,,,POINT
1191.221,D:/Pipefish Mesocosm Film/Trial 5/9-12-20/9-12 AM 01.MTS,7233.380,25.0,,Start,,,,,,POINT
1191.221,D:/Pipefish Mesocosm Film/Trial 5/9-12-20/9-12 AM 01.MTS,7233.380,25.0,Male,Wiggle,Courtship,Active wiggle,Female,2,,START
1195.395,D:/Pipefish Mesocosm Film/Trial 5/9-12-20/9-12 AM 01.MTS,7233.380,25.0,Female,Pose,,S pose,Male,Front,,START
1209.257,D:/Pipefish Mesocosm Film/Trial 5/9-12-20/9-12 AM 01.MTS,7233.380,25.0,Female,Pose,,S pose,Male,Front,,STOP
1209.258,D:/Pipefish Mesocosm Film/Trial 5/9-12-20/9-12 AM 01.MTS,7233.380,25.0,Female,Inactive,,,,,,START
1212.200,D:/Pipefish Mesocosm Film/Trial 5/9-12-20/9-12 AM 01.MTS,7233.380,25.0,Male,Wiggle,Courtship,Active wiggle,Female,2,,STOP
1212.201,D:/Pipefish Mesocosm Film/Trial 5/9-12-20/9-12 AM 01.MTS,7233.380,25.0,Male,Inactive,,,,,,START
1222.743,D:/Pipefish Mesocosm Film/Trial 5/9-12-20/9-12 AM 01.MTS,7233.380,25.0,Male,Inactive,,,,,,STOP
1222.744,D:/Pipefish Mesocosm Film/Trial 5/9-12-20/9-12 AM 01.MTS,7233.380,25.0,Male,Wiggle,Courtship,Active wiggle,Female,2,,START
1224.832,D:/Pipefish Mesocosm Film/Trial 5/9-12-20/9-12 AM 01.MTS,7233.380,25.0,Male,Wiggle,Courtship,Active wiggle,Female,2,,STOP
1224.833,D:/Pipefish Mesocosm Film/Trial 5/9-12-20/9-12 AM 01.MTS,7233.380,25.0,Male,Inactive,,,,,,START
1236.508,D:/Pipefish Mesocosm Film/Trial 5/9-12-20/9-12 AM 01.MTS,7233.380,25.0,Male,Inactive,,,,,,STOP
1236.509,D:/Pipefish Mesocosm Film/Trial 5/9-12-20/9-12 AM 01.MTS,7233.380,25.0,Male,Wiggle,Courtship,Active wiggle,Female,2,,START
1236.890,D:/Pipefish Mesocosm Film/Trial 5/9-12-20/9-12 AM 01.MTS,7233.380,25.0,Second female,Join group,,,,,,POINT
1240.497,D:/Pipefish Mesocosm Film/Trial 5/9-12-20/9-12 AM 01.MTS,7233.380,25.0,Male,Wiggle,Courtship,Active wiggle,Female,2,,STOP
1240.498,D:/Pipefish Mesocosm Film/Trial 5/9-12-20/9-12 AM 01.MTS,7233.380,25.0,Male,Inactive,,,,,,START
1245.341,D:/Pipefish Mesocosm Film/Trial 5/9-12-20/9-12 AM 01.MTS,7233.380,25.0,Second female,Pose,,S pose,Male,Front,,START
1251.984,D:/Pipefish Mesocosm Film/Trial 5/9-12-20/9-12 AM 01.MTS,7233.380,25.0,Second female,Pose,,S pose,Male,Front,,STOP
1251.985,D:/Pipefish Mesocosm Film/Trial 5/9-12-20/9-12 AM 01.MTS,7233.380,25.0,Second female,Inactive,,,,,,START
1255.973,D:/Pipefish Mesocosm Film/Trial 5/9-12-20/9-12 AM 01.MTS,7233.380,25.0,Female,Inactive,,,,,,STOP
1255.974,D:/Pipefish Mesocosm Film/Trial 5/9-12-20/9-12 AM 01.MTS,7233.380,25.0,Female,Swim away,,,,,,START
1265.938,D:/Pipefish Mesocosm Film/Trial 5/9-12-20/9-12 AM 01.MTS,7233.380,25.0,Female,Swim away,,,,,,STOP
1265.939,D:/Pipefish Mesocosm Film/Trial 5/9-12-20/9-12 AM 01.MTS,7233.380,25.0,Female,Inactive,,,,,,START
1274.300,D:/Pipefish Mesocosm Film/Trial 5/9-12-20/9-12 AM 01.MTS,7233.380,25.0,Female,Inactive,,,,,,STOP
1274.677,D:/Pipefish Mesocosm Film/Trial 5/9-12-20/9-12 AM 01.MTS,7233.380,25.0,Male,Inactive,,,,,,STOP
1275.055,D:/Pipefish Mesocosm Film/Trial 5/9-12-20/9-12 AM 01.MTS,7233.380,25.0,Second female,Inactive,,,,,,STOP
1275.056,D:/Pipefish Mesocosm Film/Trial 5/9-12-20/9-12 AM 01.MTS,7233.380,25.0,,Stop,,,,,,POINT
1315.787,D:/Pipefish Mesocosm Film/Trial 5/9-12-20/9-12 AM 01.MTS,7233.380,25.0,,Start,,,,,,POINT
1315.787,D:/Pipefish Mesocosm Film/Trial 5/9-12-20/9-12 AM 01.MTS,7233.380,25.0,Female,Swim away,,,,,,START
1315.884,D:/Pipefish Mesocosm Film/Trial 5/9-12-20/9-12 AM 01.MTS,7233.380,25.0,Male,Chasing,,,,,,START
1346.362,D:/Pipefish Mesocosm Film/Trial 5/9-12-20/9-12 AM 01.MTS,7233.380,25.0,Male,Chasing,,,,,,STOP
1346.363,D:/Pipefish Mesocosm Film/Trial 5/9-12-20/9-12 AM 01.MTS,7233.380,25.0,Male,Surrounding,,,,,,START
1367.341,D:/Pipefish Mesocosm Film/Trial 5/9-12-20/9-12 AM 01.MTS,7233.380,25.0,Female,Swim away,,,,,,STOP
1367.342,D:/Pipefish Mesocosm Film/Trial 5/9-12-20/9-12 AM 01.MTS,7233.380,25.0,Female,Inactive,,,,,,START
1383.008,D:/Pipefish Mesocosm Film/Trial 5/9-12-20/9-12 AM 01.MTS,7233.380,25.0,Female,Inactive,,,,,,STOP
1383.009,D:/Pipefish Mesocosm Film/Trial 5/9-12-20/9-12 AM 01.MTS,7233.380,25.0,Female,Swim away,,,,,,START
1384.526,D:/Pipefish Mesocosm Film/Trial 5/9-12-20/9-12 AM 01.MTS,7233.380,25.0,Male,Surrounding,,,,,,STOP
1384.527,D:/Pipefish Mesocosm Film/Trial 5/9-12-20/9-12 AM 01.MTS,7233.380,25.0,Male,Chasing,,,,,,START
1401.902,D:/Pipefish Mesocosm Film/Trial 5/9-12-20/9-12 AM 01.MTS,7233.380,25.0,Male,Chasing,,,,,,STOP
1401.903,D:/Pipefish Mesocosm Film/Trial 5/9-12-20/9-12 AM 01.MTS,7233.380,25.0,Male,Surrounding,,,,,,START
1404.370,D:/Pipefish Mesocosm Film/Trial 5/9-12-20/9-12 AM 01.MTS,7233.380,25.0,Female,Swim away,,,,,,STOP
1404.371,D:/Pipefish Mesocosm Film/Trial 5/9-12-20/9-12 AM 01.MTS,7233.380,25.0,Female,Inactive,,,,,,START
1429.435,D:/Pipefish Mesocosm Film/Trial 5/9-12-20/9-12 AM 01.MTS,7233.380,25.0,Female,Inactive,,,,,,STOP
1429.436,D:/Pipefish Mesocosm Film/Trial 5/9-12-20/9-12 AM 01.MTS,7233.380,25.0,Female,Swim away,,,,,,START
1439.784,D:/Pipefish Mesocosm Film/Trial 5/9-12-20/9-12 AM 01.MTS,7233.380,25.0,Male,Surrounding,,,,,,STOP
1439.785,D:/Pipefish Mesocosm Film/Trial 5/9-12-20/9-12 AM 01.MTS,7233.380,25.0,Male,Chasing,,,,,,START
1459.820,D:/Pipefish Mesocosm Film/Trial 5/9-12-20/9-12 AM 01.MTS,7233.380,25.0,Female,Swim away,,,,,,STOP
1459.821,D:/Pipefish Mesocosm Film/Trial 5/9-12-20/9-12 AM 01.MTS,7233.380,25.0,Female,Inactive,,,,,,START
1462.098,D:/Pipefish Mesocosm Film/Trial 5/9-12-20/9-12 AM 01.MTS,7233.380,25.0,Male,Chasing,,,,,,STOP
1462.099,D:/Pipefish Mesocosm Film/Trial 5/9-12-20/9-12 AM 01.MTS,7233.380,25.0,Male,Inactive,,,,,,START
1493.433,D:/Pipefish Mesocosm Film/Trial 5/9-12-20/9-12 AM 01.MTS,7233.380,25.0,Female,Inactive,,,,,,STOP
1493.526,D:/Pipefish Mesocosm Film/Trial 5/9-12-20/9-12 AM 01.MTS,7233.380,25.0,Male,Inactive,,,,,,STOP
1494.380,D:/Pipefish Mesocosm Film/Trial 5/9-12-20/9-12 AM 01.MTS,7233.380,25.0,,Stop,,,,,,POINT
1677.528,D:/Pipefish Mesocosm Film/Trial 5/9-12-20/9-12 AM 01.MTS,7233.380,25.0,,Start,,,,,,POINT
1678.669,D:/Pipefish Mesocosm Film/Trial 5/9-12-20/9-12 AM 01.MTS,7233.380,25.0,Male,Wiggle,Courtship,Active wiggle,Female,2,,START
1681.708,D:/Pipefish Mesocosm Film/Trial 5/9-12-20/9-12 AM 01.MTS,7233.380,25.0,Female,Pose,,Non-s pose,Male,Front,,START
1685.503,D:/Pipefish Mesocosm Film/Trial 5/9-12-20/9-12 AM 01.MTS,7233.380,25.0,Male,Wiggle,Courtship,Active wiggle,Female,2,,STOP
1685.504,D:/Pipefish Mesocosm Film/Trial 5/9-12-20/9-12 AM 01.MTS,7233.380,25.0,Male,Inactive,,,,,,START
1693.572,D:/Pipefish Mesocosm Film/Trial 5/9-12-20/9-12 AM 01.MTS,7233.380,25.0,Female,Pose,,Non-s pose,Male,Front,,STOP
1693.573,D:/Pipefish Mesocosm Film/Trial 5/9-12-20/9-12 AM 01.MTS,7233.380,25.0,Female,Inactive,,,,,,START
1708.672,D:/Pipefish Mesocosm Film/Trial 5/9-12-20/9-12 AM 01.MTS,7233.380,25.0,Male,Inactive,,,,,,STOP
1708.673,D:/Pipefish Mesocosm Film/Trial 5/9-12-20/9-12 AM 01.MTS,7233.380,25.0,Male,Wiggle,Courtship,Active wiggle,Female,2,,START
1710.666,D:/Pipefish Mesocosm Film/Trial 5/9-12-20/9-12 AM 01.MTS,7233.380,25.0,Male,Wiggle,Courtship,Active wiggle,Female,2,,STOP
1710.667,D:/Pipefish Mesocosm Film/Trial 5/9-12-20/9-12 AM 01.MTS,7233.380,25.0,Male,Inactive,,,,,,START
1724.527,D:/Pipefish Mesocosm Film/Trial 5/9-12-20/9-12 AM 01.MTS,7233.380,25.0,Male,Inactive,,,,,,STOP
1724.528,D:/Pipefish Mesocosm Film/Trial 5/9-12-20/9-12 AM 01.MTS,7233.380,25.0,Male,Wiggle,Courtship,Active wiggle,Female,2,,START
1727.846,D:/Pipefish Mesocosm Film/Trial 5/9-12-20/9-12 AM 01.MTS,7233.380,25.0,Male,Wiggle,Courtship,Active wiggle,Female,2,,STOP
1727.847,D:/Pipefish Mesocosm Film/Trial 5/9-12-20/9-12 AM 01.MTS,7233.380,25.0,Male,Inactive,,,,,,START
1730.698,D:/Pipefish Mesocosm Film/Trial 5/9-12-20/9-12 AM 01.MTS,7233.380,25.0,Male,Inactive,,,,,,STOP
1730.699,D:/Pipefish Mesocosm Film/Trial 5/9-12-20/9-12 AM 01.MTS,7233.380,25.0,Male,Wiggle,Courtship,Active wiggle,Female,2,,START
1734.022,D:/Pipefish Mesocosm Film/Trial 5/9-12-20/9-12 AM 01.MTS,7233.380,25.0,Female,Inactive,,,,,,STOP
1734.023,D:/Pipefish Mesocosm Film/Trial 5/9-12-20/9-12 AM 01.MTS,7233.380,25.0,Female,Pose,,Non-s pose,Male,Front,,START
1734.688,D:/Pipefish Mesocosm Film/Trial 5/9-12-20/9-12 AM 01.MTS,7233.380,25.0,Male,Wiggle,Courtship,Active wiggle,Female,2,,STOP
1734.689,D:/Pipefish Mesocosm Film/Trial 5/9-12-20/9-12 AM 01.MTS,7233.380,25.0,Male,Inactive,,,,,,START
1737.346,D:/Pipefish Mesocosm Film/Trial 5/9-12-20/9-12 AM 01.MTS,7233.380,25.0,Female,Pose,,Non-s pose,Male,Front,,STOP
1737.347,D:/Pipefish Mesocosm Film/Trial 5/9-12-20/9-12 AM 01.MTS,7233.380,25.0,Female,Inactive,,,,,,START
1794.121,D:/Pipefish Mesocosm Film/Trial 5/9-12-20/9-12 AM 01.MTS,7233.380,25.0,Male,Inactive,,,,,,STOP
1794.311,D:/Pipefish Mesocosm Film/Trial 5/9-12-20/9-12 AM 01.MTS,7233.380,25.0,Female,Inactive,,,,,,STOP
1795.260,D:/Pipefish Mesocosm Film/Trial 5/9-12-20/9-12 AM 01.MTS,7233.380,25.0,,Stop,,,,,,POINT
1795.927,D:/Pipefish Mesocosm Film/Trial 5/9-12-20/9-12 AM 01.MTS,7233.380,25.0,,Start,,,,,,POINT
1795.927,D:/Pipefish Mesocosm Film/Trial 5/9-12-20/9-12 AM 01.MTS,7233.380,25.0,Female,Pose,,S pose,Male,Front,,START
1796.873,D:/Pipefish Mesocosm Film/Trial 5/9-12-20/9-12 AM 01.MTS,7233.380,25.0,Male,Wiggle,Courtship,Active wiggle,Female,3,,START
1801.623,D:/Pipefish Mesocosm Film/Trial 5/9-12-20/9-12 AM 01.MTS,7233.380,25.0,Male,Wiggle,Courtship,Active wiggle,Female,3,,STOP
1801.624,D:/Pipefish Mesocosm Film/Trial 5/9-12-20/9-12 AM 01.MTS,7233.380,25.0,Male,Surrounding,,,,,,START
1808.839,D:/Pipefish Mesocosm Film/Trial 5/9-12-20/9-12 AM 01.MTS,7233.380,25.0,Female,Pose,,S pose,Male,Front,,STOP
1808.840,D:/Pipefish Mesocosm Film/Trial 5/9-12-20/9-12 AM 01.MTS,7233.380,25.0,Female,Inactive,,,,,,START
1812.253,D:/Pipefish Mesocosm Film/Trial 5/9-12-20/9-12 AM 01.MTS,7233.380,25.0,Female,Inactive,,,,,,STOP
1812.254,D:/Pipefish Mesocosm Film/Trial 5/9-12-20/9-12 AM 01.MTS,7233.380,25.0,Female,Swim away,,,,,,START
1813.014,D:/Pipefish Mesocosm Film/Trial 5/9-12-20/9-12 AM 01.MTS,7233.380,25.0,Male,Surrounding,,,,,,STOP
1813.015,D:/Pipefish Mesocosm Film/Trial 5/9-12-20/9-12 AM 01.MTS,7233.380,25.0,Male,Chasing,,,,,,START
1823.935,D:/Pipefish Mesocosm Film/Trial 5/9-12-20/9-12 AM 01.MTS,7233.380,25.0,Female,Swim away,,,,,,STOP
1823.936,D:/Pipefish Mesocosm Film/Trial 5/9-12-20/9-12 AM 01.MTS,7233.380,25.0,Female,Inactive,,,,,,START
1828.301,D:/Pipefish Mesocosm Film/Trial 5/9-12-20/9-12 AM 01.MTS,7233.380,25.0,Male,Chasing,,,,,,STOP
1828.302,D:/Pipefish Mesocosm Film/Trial 5/9-12-20/9-12 AM 01.MTS,7233.380,25.0,Male,Surrounding,,,,,,START
1843.398,D:/Pipefish Mesocosm Film/Trial 5/9-12-20/9-12 AM 01.MTS,7233.380,25.0,Female,Inactive,,,,,,STOP
1843.399,D:/Pipefish Mesocosm Film/Trial 5/9-12-20/9-12 AM 01.MTS,7233.380,25.0,Female,Swim away,,,,,,START
1843.968,D:/Pipefish Mesocosm Film/Trial 5/9-12-20/9-12 AM 01.MTS,7233.380,25.0,Male,Surrounding,,,,,,STOP
1843.969,D:/Pipefish Mesocosm Film/Trial 5/9-12-20/9-12 AM 01.MTS,7233.380,25.0,Male,Chasing,,,,,,START
1864.473,D:/Pipefish Mesocosm Film/Trial 5/9-12-20/9-12 AM 01.MTS,7233.380,25.0,Female,Swim away,,,,,,STOP
1864.474,D:/Pipefish Mesocosm Film/Trial 5/9-12-20/9-12 AM 01.MTS,7233.380,25.0,Female,Inactive,,,,,,START
1871.593,D:/Pipefish Mesocosm Film/Trial 5/9-12-20/9-12 AM 01.MTS,7233.380,25.0,Female,Inactive,,,,,,STOP
1871.594,D:/Pipefish Mesocosm Film/Trial 5/9-12-20/9-12 AM 01.MTS,7233.380,25.0,Female,Swim away,,,,,,START
1892.102,D:/Pipefish Mesocosm Film/Trial 5/9-12-20/9-12 AM 01.MTS,7233.380,25.0,Female,Swim away,,,,,,STOP
1892.103,D:/Pipefish Mesocosm Film/Trial 5/9-12-20/9-12 AM 01.MTS,7233.380,25.0,Female,Inactive,,,,,,START
1892.673,D:/Pipefish Mesocosm Film/Trial 5/9-12-20/9-12 AM 01.MTS,7233.380,25.0,Male,Chasing,,,,,,STOP
1892.674,D:/Pipefish Mesocosm Film/Trial 5/9-12-20/9-12 AM 01.MTS,7233.380,25.0,Male,Surrounding,,,,,,START
1897.515,D:/Pipefish Mesocosm Film/Trial 5/9-12-20/9-12 AM 01.MTS,7233.380,25.0,Male,Surrounding,,,,,,STOP
1897.516,D:/Pipefish Mesocosm Film/Trial 5/9-12-20/9-12 AM 01.MTS,7233.380,25.0,Male,Inactive,,,,,,START
1915.601,D:/Pipefish Mesocosm Film/Trial 5/9-12-20/9-12 AM 01.MTS,7233.380,25.0,Male,Inactive,,,,,,STOP
1916.030,D:/Pipefish Mesocosm Film/Trial 5/9-12-20/9-12 AM 01.MTS,7233.380,25.0,Female,Inactive,,,,,,STOP
1916.317,D:/Pipefish Mesocosm Film/Trial 5/9-12-20/9-12 AM 01.MTS,7233.380,25.0,,Stop,,,,,,POINT
1936.632,D:/Pipefish Mesocosm Film/Trial 5/9-12-20/9-12 AM 01.MTS,7233.380,25.0,,Start,,,,,,POINT
1936.632,D:/Pipefish Mesocosm Film/Trial 5/9-12-20/9-12 AM 01.MTS,7233.380,25.0,Male,Wiggle,Courtship,Active wiggle,Female,2,,START
1936.917,D:/Pipefish Mesocosm Film/Trial 5/9-12-20/9-12 AM 01.MTS,7233.380,25.0,Female,Inactive,,,,,,START
1940.144,D:/Pipefish Mesocosm Film/Trial 5/9-12-20/9-12 AM 01.MTS,7233.380,25.0,Male,Wiggle,Courtship,Active wiggle,Female,2,,STOP
1940.145,D:/Pipefish Mesocosm Film/Trial 5/9-12-20/9-12 AM 01.MTS,7233.380,25.0,Male,Inactive,,,,,,START
1940.337,D:/Pipefish Mesocosm Film/Trial 5/9-12-20/9-12 AM 01.MTS,7233.380,25.0,Female,Inactive,,,,,,STOP
1940.338,D:/Pipefish Mesocosm Film/Trial 5/9-12-20/9-12 AM 01.MTS,7233.380,25.0,Female,Swim away,,,,,,START
1946.317,D:/Pipefish Mesocosm Film/Trial 5/9-12-20/9-12 AM 01.MTS,7233.380,25.0,Female,Swim away,,,,,,STOP
1946.318,D:/Pipefish Mesocosm Film/Trial 5/9-12-20/9-12 AM 01.MTS,7233.380,25.0,Female,Inactive,,,,,,START
1961.793,D:/Pipefish Mesocosm Film/Trial 5/9-12-20/9-12 AM 01.MTS,7233.380,25.0,Female,Inactive,,,,,,STOP
1961.793,D:/Pipefish Mesocosm Film/Trial 5/9-12-20/9-12 AM 01.MTS,7233.380,25.0,Male,Inactive,,,,,,STOP
1962.268,D:/Pipefish Mesocosm Film/Trial 5/9-12-20/9-12 AM 01.MTS,7233.380,25.0,,Stop,,,,,,POINT
1969.581,D:/Pipefish Mesocosm Film/Trial 5/9-12-20/9-12 AM 01.MTS,7233.380,25.0,,Start,,,,,,POINT
1971.478,D:/Pipefish Mesocosm Film/Trial 5/9-12-20/9-12 AM 01.MTS,7233.380,25.0,Female,Wiggle,Courtship,Active wiggle,Male,2,,START
1972.807,D:/Pipefish Mesocosm Film/Trial 5/9-12-20/9-12 AM 01.MTS,7233.380,25.0,Male,Inactive,,,,,,START
1976.603,D:/Pipefish Mesocosm Film/Trial 5/9-12-20/9-12 AM 01.MTS,7233.380,25.0,Female,Wiggle,Courtship,Active wiggle,Male,2,,STOP
1976.604,D:/Pipefish Mesocosm Film/Trial 5/9-12-20/9-12 AM 01.MTS,7233.380,25.0,Female,Inactive,,,,,,START
1982.492,D:/Pipefish Mesocosm Film/Trial 5/9-12-20/9-12 AM 01.MTS,7233.380,25.0,Male,Move away,,,,,,POINT
1993.883,D:/Pipefish Mesocosm Film/Trial 5/9-12-20/9-12 AM 01.MTS,7233.380,25.0,Male,Inactive,,,,,,STOP
1993.884,D:/Pipefish Mesocosm Film/Trial 5/9-12-20/9-12 AM 01.MTS,7233.380,25.0,Male,Surrounding,,,,,,START
2002.145,D:/Pipefish Mesocosm Film/Trial 5/9-12-20/9-12 AM 01.MTS,7233.380,25.0,Male,Surrounding,,,,,,STOP
2002.146,D:/Pipefish Mesocosm Film/Trial 5/9-12-20/9-12 AM 01.MTS,7233.380,25.0,Male,Inactive,,,,,,START
2003.667,D:/Pipefish Mesocosm Film/Trial 5/9-12-20/9-12 AM 01.MTS,7233.380,25.0,Female,Inactive,,,,,,STOP
2003.668,D:/Pipefish Mesocosm Film/Trial 5/9-12-20/9-12 AM 01.MTS,7233.380,25.0,Female,Swim away,,,,,,START
2010.121,D:/Pipefish Mesocosm Film/Trial 5/9-12-20/9-12 AM 01.MTS,7233.380,25.0,Female,Swim away,,,,,,STOP
2010.122,D:/Pipefish Mesocosm Film/Trial 5/9-12-20/9-12 AM 01.MTS,7233.380,25.0,Female,Inactive,,,,,,START
2029.399,D:/Pipefish Mesocosm Film/Trial 5/9-12-20/9-12 AM 01.MTS,7233.380,25.0,Male,Inactive,,,,,,STOP
2029.490,D:/Pipefish Mesocosm Film/Trial 5/9-12-20/9-12 AM 01.MTS,7233.380,25.0,Female,Inactive,,,,,,STOP
2029.773,D:/Pipefish Mesocosm Film/Trial 5/9-12-20/9-12 AM 01.MTS,7233.380,25.0,,Stop,,,,,,POINT
2087.502,D:/Pipefish Mesocosm Film/Trial 5/9-12-20/9-12 AM 01.MTS,7233.380,25.0,,Start,,,,,,POINT
2087.502,D:/Pipefish Mesocosm Film/Trial 5/9-12-20/9-12 AM 01.MTS,7233.380,25.0,Female,Pose,,S pose,Male,Front,,START
2087.691,D:/Pipefish Mesocosm Film/Trial 5/9-12-20/9-12 AM 01.MTS,7233.380,25.0,Male,Wiggle,Courtship,Active wiggle,Male,4,,START
2094.052,D:/Pipefish Mesocosm Film/Trial 5/9-12-20/9-12 AM 01.MTS,7233.380,25.0,Female,Pose,,S pose,Male,Front,,STOP
2094.053,D:/Pipefish Mesocosm Film/Trial 5/9-12-20/9-12 AM 01.MTS,7233.380,25.0,Female,Out of sight,,,,,,START
2095.856,D:/Pipefish Mesocosm Film/Trial 5/9-12-20/9-12 AM 01.MTS,7233.380,25.0,Male,Wiggle,Courtship,Active wiggle,Male,4,,STOP
2095.857,D:/Pipefish Mesocosm Film/Trial 5/9-12-20/9-12 AM 01.MTS,7233.380,25.0,Male,Surrounding,,,,,,START
2100.600,D:/Pipefish Mesocosm Film/Trial 5/9-12-20/9-12 AM 01.MTS,7233.380,25.0,Female,Out of sight,,,,,,STOP
2100.601,D:/Pipefish Mesocosm Film/Trial 5/9-12-20/9-12 AM 01.MTS,7233.380,25.0,Female,Inactive,,,,,,START
2127.474,D:/Pipefish Mesocosm Film/Trial 5/9-12-20/9-12 AM 01.MTS,7233.380,25.0,Male,Surrounding,,,,,,STOP
2127.475,D:/Pipefish Mesocosm Film/Trial 5/9-12-20/9-12 AM 01.MTS,7233.380,25.0,Male,Wiggle,Courtship,Active wiggle,Male,2,,START
2129.369,D:/Pipefish Mesocosm Film/Trial 5/9-12-20/9-12 AM 01.MTS,7233.380,25.0,Female,Inactive,,,,,,STOP
2129.370,D:/Pipefish Mesocosm Film/Trial 5/9-12-20/9-12 AM 01.MTS,7233.380,25.0,Female,Pose,,Non-s pose,Male,Front,,START
2131.460,D:/Pipefish Mesocosm Film/Trial 5/9-12-20/9-12 AM 01.MTS,7233.380,25.0,Male,Wiggle,Courtship,Active wiggle,Male,2,,STOP
2131.461,D:/Pipefish Mesocosm Film/Trial 5/9-12-20/9-12 AM 01.MTS,7233.380,25.0,Male,Inactive,,,,,,START
2131.937,D:/Pipefish Mesocosm Film/Trial 5/9-12-20/9-12 AM 01.MTS,7233.380,25.0,Female,Pose,,Non-s pose,Male,Front,,STOP
2131.938,D:/Pipefish Mesocosm Film/Trial 5/9-12-20/9-12 AM 01.MTS,7233.380,25.0,Female,Inactive,,,,,,START
2151.399,D:/Pipefish Mesocosm Film/Trial 5/9-12-20/9-12 AM 01.MTS,7233.380,25.0,Male,Inactive,,,,,,STOP
2151.400,D:/Pipefish Mesocosm Film/Trial 5/9-12-20/9-12 AM 01.MTS,7233.380,25.0,Male,Surrounding,,,,,,START
2158.138,D:/Pipefish Mesocosm Film/Trial 5/9-12-20/9-12 AM 01.MTS,7233.380,25.0,Male,Surrounding,,,,,,STOP
2158.139,D:/Pipefish Mesocosm Film/Trial 5/9-12-20/9-12 AM 01.MTS,7233.380,25.0,Male,Wiggle,Courtship,Subtle wiggle,Male,3,,START
2160.227,D:/Pipefish Mesocosm Film/Trial 5/9-12-20/9-12 AM 01.MTS,7233.380,25.0,Male,Wiggle,Courtship,Subtle wiggle,Male,3,,STOP
2160.228,D:/Pipefish Mesocosm Film/Trial 5/9-12-20/9-12 AM 01.MTS,7233.380,25.0,Male,Surrounding,,,,,,START
2181.399,D:/Pipefish Mesocosm Film/Trial 5/9-12-20/9-12 AM 01.MTS,7233.380,25.0,Male,Surrounding,,,,,,STOP
2181.400,D:/Pipefish Mesocosm Film/Trial 5/9-12-20/9-12 AM 01.MTS,7233.380,25.0,Male,Chasing,,,,,,START
2186.813,D:/Pipefish Mesocosm Film/Trial 5/9-12-20/9-12 AM 01.MTS,7233.380,25.0,Female,Inactive,,,,,,STOP
2191.085,D:/Pipefish Mesocosm Film/Trial 5/9-12-20/9-12 AM 01.MTS,7233.380,25.0,Male,Chasing,,,,,,STOP
2191.086,D:/Pipefish Mesocosm Film/Trial 5/9-12-20/9-12 AM 01.MTS,7233.380,25.0,Male,Surrounding,,,,,,START
2199.916,D:/Pipefish Mesocosm Film/Trial 5/9-12-20/9-12 AM 01.MTS,7233.380,25.0,Male,Follow,,,,,,POINT
2203.619,D:/Pipefish Mesocosm Film/Trial 5/9-12-20/9-12 AM 01.MTS,7233.380,25.0,Male,Surrounding,,,,,,STOP
2203.620,D:/Pipefish Mesocosm Film/Trial 5/9-12-20/9-12 AM 01.MTS,7233.380,25.0,Male,Surrounding,,,,,,START
2307.868,D:/Pipefish Mesocosm Film/Trial 5/9-12-20/9-12 AM 01.MTS,7233.380,25.0,Male,Surrounding,,,,,,STOP
2307.869,D:/Pipefish Mesocosm Film/Trial 5/9-12-20/9-12 AM 01.MTS,7233.380,25.0,Male,Inactive,,,,,,START
2311.286,D:/Pipefish Mesocosm Film/Trial 5/9-12-20/9-12 AM 01.MTS,7233.380,25.0,Male,Inactive,,,,,,STOP
2311.287,D:/Pipefish Mesocosm Film/Trial 5/9-12-20/9-12 AM 01.MTS,7233.380,25.0,Male,Wiggle,Courtship,Active wiggle,Female,2,,START
2314.323,D:/Pipefish Mesocosm Film/Trial 5/9-12-20/9-12 AM 01.MTS,7233.380,25.0,Male,Wiggle,Courtship,Active wiggle,Female,2,,STOP
2314.324,D:/Pipefish Mesocosm Film/Trial 5/9-12-20/9-12 AM 01.MTS,7233.380,25.0,Male,Chasing,,,,,,START
2314.706,D:/Pipefish Mesocosm Film/Trial 5/9-12-20/9-12 AM 01.MTS,7233.380,25.0,Female,Swim away,,,,,,START
2319.264,D:/Pipefish Mesocosm Film/Trial 5/9-12-20/9-12 AM 01.MTS,7233.380,25.0,Male,Chasing,,,,,,STOP
2319.265,D:/Pipefish Mesocosm Film/Trial 5/9-12-20/9-12 AM 01.MTS,7233.380,25.0,Male,Wiggle,Courtship,Subtle wiggle,Female,2,,START
2321.444,D:/Pipefish Mesocosm Film/Trial 5/9-12-20/9-12 AM 01.MTS,7233.380,25.0,Male,Wiggle,Courtship,Subtle wiggle,Female,2,,STOP
2321.445,D:/Pipefish Mesocosm Film/Trial 5/9-12-20/9-12 AM 01.MTS,7233.380,25.0,Male,Surrounding,,,,,,START
2325.053,D:/Pipefish Mesocosm Film/Trial 5/9-12-20/9-12 AM 01.MTS,7233.380,25.0,Male,Surrounding,,,,,,STOP
2325.054,D:/Pipefish Mesocosm Film/Trial 5/9-12-20/9-12 AM 01.MTS,7233.380,25.0,Male,Inactive,,,,,,START
2334.644,D:/Pipefish Mesocosm Film/Trial 5/9-12-20/9-12 AM 01.MTS,7233.380,25.0,Female,Swim away,,,,,,STOP
2334.645,D:/Pipefish Mesocosm Film/Trial 5/9-12-20/9-12 AM 01.MTS,7233.380,25.0,Female,Inactive,,,,,,START
2340.529,D:/Pipefish Mesocosm Film/Trial 5/9-12-20/9-12 AM 01.MTS,7233.380,25.0,Male,Inactive,,,,,,STOP
2340.909,D:/Pipefish Mesocosm Film/Trial 5/9-12-20/9-12 AM 01.MTS,7233.380,25.0,Female,Inactive,,,,,,STOP
2341.763,D:/Pipefish Mesocosm Film/Trial 5/9-12-20/9-12 AM 01.MTS,7233.380,25.0,,Stop,,,,,,POINT
2680.056,D:/Pipefish Mesocosm Film/Trial 5/9-12-20/9-12 AM 01.MTS,7233.380,25.0,,Start,,,,,,POINT
2680.056,D:/Pipefish Mesocosm Film/Trial 5/9-12-20/9-12 AM 01.MTS,7233.380,25.0,Male,Wiggle,Courtship,Active wiggle,Female,3,,START
2681.383,D:/Pipefish Mesocosm Film/Trial 5/9-12-20/9-12 AM 01.MTS,7233.380,25.0,Female,Inactive,,,,,,START
2685.368,D:/Pipefish Mesocosm Film/Trial 5/9-12-20/9-12 AM 01.MTS,7233.380,25.0,Male,Wiggle,Courtship,Active wiggle,Female,3,,STOP
2685.369,D:/Pipefish Mesocosm Film/Trial 5/9-12-20/9-12 AM 01.MTS,7233.380,25.0,Male,Inactive,,,,,,START
2694.484,D:/Pipefish Mesocosm Film/Trial 5/9-12-20/9-12 AM 01.MTS,7233.380,25.0,Male,Inactive,,,,,,STOP
2694.485,D:/Pipefish Mesocosm Film/Trial 5/9-12-20/9-12 AM 01.MTS,7233.380,25.0,Male,Chasing,,,,,,START
2695.056,D:/Pipefish Mesocosm Film/Trial 5/9-12-20/9-12 AM 01.MTS,7233.380,25.0,Female,Inactive,,,,,,STOP
2695.057,D:/Pipefish Mesocosm Film/Trial 5/9-12-20/9-12 AM 01.MTS,7233.380,25.0,Female,Swim away,,,,,,START
2702.173,D:/Pipefish Mesocosm Film/Trial 5/9-12-20/9-12 AM 01.MTS,7233.380,25.0,Female,Swim away,,,,,,STOP
2702.174,D:/Pipefish Mesocosm Film/Trial 5/9-12-20/9-12 AM 01.MTS,7233.380,25.0,Female,Inactive,,,,,,START
2705.406,D:/Pipefish Mesocosm Film/Trial 5/9-12-20/9-12 AM 01.MTS,7233.380,25.0,Male,Chasing,,,,,,STOP
2705.407,D:/Pipefish Mesocosm Film/Trial 5/9-12-20/9-12 AM 01.MTS,7233.380,25.0,Male,Inactive,,,,,,START
2753.162,D:/Pipefish Mesocosm Film/Trial 5/9-12-20/9-12 AM 01.MTS,7233.380,25.0,Female,Inactive,,,,,,STOP
2753.448,D:/Pipefish Mesocosm Film/Trial 5/9-12-20/9-12 AM 01.MTS,7233.380,25.0,Male,Inactive,,,,,,STOP
2754.302,D:/Pipefish Mesocosm Film/Trial 5/9-12-20/9-12 AM 01.MTS,7233.380,25.0,,Stop,,,,,,POINT
2841.938,D:/Pipefish Mesocosm Film/Trial 5/9-12-20/9-12 AM 01.MTS,7233.380,25.0,,Start,,,,,,POINT
2841.938,D:/Pipefish Mesocosm Film/Trial 5/9-12-20/9-12 AM 01.MTS,7233.380,25.0,Female,Pose,,S pose,Female,Front,,START
2842.411,D:/Pipefish Mesocosm Film/Trial 5/9-12-20/9-12 AM 01.MTS,7233.380,25.0,Second female,Inactive,,,,,,START
2845.162,D:/Pipefish Mesocosm Film/Trial 5/9-12-20/9-12 AM 01.MTS,7233.380,25.0,Female,Pose,,S pose,Female,Front,,STOP
2845.163,D:/Pipefish Mesocosm Film/Trial 5/9-12-20/9-12 AM 01.MTS,7233.380,25.0,Female,Inactive,,,,,,START
2858.911,D:/Pipefish Mesocosm Film/Trial 5/9-12-20/9-12 AM 02.MTS,7233.380,25.0,Female,Inactive,,,,,,STOP
2858.911,D:/Pipefish Mesocosm Film/Trial 5/9-12-20/9-12 AM 02.MTS,7233.380,25.0,Second female,Inactive,,,,,,STOP
2859.958,D:/Pipefish Mesocosm Film/Trial 5/9-12-20/9-12 AM 02.MTS,7233.380,25.0,,Stop,,,,,,POINT
2876.664,D:/Pipefish Mesocosm Film/Trial 5/9-12-20/9-12 AM 02.MTS,7233.380,25.0,,Start,,,,,,POINT
2876.664,D:/Pipefish Mesocosm Film/Trial 5/9-12-20/9-12 AM 02.MTS,7233.380,25.0,Male,Wiggle,Courtship,Active wiggle,Male,2,,START
2878.942,D:/Pipefish Mesocosm Film/Trial 5/9-12-20/9-12 AM 02.MTS,7233.380,25.0,Male,Wiggle,Courtship,Active wiggle,Male,2,,STOP
2878.943,D:/Pipefish Mesocosm Film/Trial 5/9-12-20/9-12 AM 02.MTS,7233.380,25.0,Male,Inactive,,,,,,START
2881.603,D:/Pipefish Mesocosm Film/Trial 5/9-12-20/9-12 AM 02.MTS,7233.380,25.0,Female,Pose,,S pose,Male,Front,,START
2883.216,D:/Pipefish Mesocosm Film/Trial 5/9-12-20/9-12 AM 02.MTS,7233.380,25.0,Male,Inactive,,,,,,STOP
2883.217,D:/Pipefish Mesocosm Film/Trial 5/9-12-20/9-12 AM 02.MTS,7233.380,25.0,Male,Wiggle,Courtship,Active wiggle,Female,2,,START
2888.341,D:/Pipefish Mesocosm Film/Trial 5/9-12-20/9-12 AM 02.MTS,7233.380,25.0,Male,Wiggle,Courtship,Active wiggle,Female,2,,STOP
2888.342,D:/Pipefish Mesocosm Film/Trial 5/9-12-20/9-12 AM 02.MTS,7233.380,25.0,Male,Inactive,,,,,,START
2893.657,D:/Pipefish Mesocosm Film/Trial 5/9-12-20/9-12 AM 02.MTS,7233.380,25.0,Female,Pose,,S pose,Male,Front,,STOP
2893.658,D:/Pipefish Mesocosm Film/Trial 5/9-12-20/9-12 AM 02.MTS,7233.380,25.0,Female,Inactive,,,,,,START
2910.466,D:/Pipefish Mesocosm Film/Trial 5/9-12-20/9-12 AM 02.MTS,7233.380,25.0,Male,Inactive,,,,,,STOP
2911.321,D:/Pipefish Mesocosm Film/Trial 5/9-12-20/9-12 AM 02.MTS,7233.380,25.0,Female,Inactive,,,,,,STOP
2912.365,D:/Pipefish Mesocosm Film/Trial 5/9-12-20/9-12 AM 02.MTS,7233.380,25.0,,Stop,,,,,,POINT
3062.566,D:/Pipefish Mesocosm Film/Trial 5/9-12-20/9-12 AM 02.MTS,7233.380,25.0,,Start,,,,,,POINT
3062.566,D:/Pipefish Mesocosm Film/Trial 5/9-12-20/9-12 AM 02.MTS,7233.380,25.0,Male,Wiggle,Courtship,Active wiggle,Female,2,,START
3065.226,D:/Pipefish Mesocosm Film/Trial 5/9-12-20/9-12 AM 02.MTS,7233.380,25.0,Female,Inactive,,,,,,START
3065.793,D:/Pipefish Mesocosm Film/Trial 5/9-12-20/9-12 AM 02.MTS,7233.380,25.0,Male,Wiggle,Courtship,Active wiggle,Female,2,,STOP
3065.794,D:/Pipefish Mesocosm Film/Trial 5/9-12-20/9-12 AM 02.MTS,7233.380,25.0,Male,Inactive,,,,,,START
3075.669,D:/Pipefish Mesocosm Film/Trial 5/9-12-20/9-12 AM 02.MTS,7233.380,25.0,Male,Inactive,,,,,,STOP
3075.670,D:/Pipefish Mesocosm Film/Trial 5/9-12-20/9-12 AM 02.MTS,7233.380,25.0,Male,Wiggle,Courtship,Active wiggle,Female,3,,START
3078.517,D:/Pipefish Mesocosm Film/Trial 5/9-12-20/9-12 AM 02.MTS,7233.380,25.0,Male,Wiggle,Courtship,Active wiggle,Female,3,,STOP
3078.518,D:/Pipefish Mesocosm Film/Trial 5/9-12-20/9-12 AM 02.MTS,7233.380,25.0,Male,Inactive,,,,,,START
3080.321,D:/Pipefish Mesocosm Film/Trial 5/9-12-20/9-12 AM 02.MTS,7233.380,25.0,Male,Inactive,,,,,,STOP
3080.322,D:/Pipefish Mesocosm Film/Trial 5/9-12-20/9-12 AM 02.MTS,7233.380,25.0,Male,Wiggle,Courtship,Active wiggle,Female,2,,START
3083.074,D:/Pipefish Mesocosm Film/Trial 5/9-12-20/9-12 AM 02.MTS,7233.380,25.0,Female,Inactive,,,,,,STOP
3083.075,D:/Pipefish Mesocosm Film/Trial 5/9-12-20/9-12 AM 02.MTS,7233.380,25.0,Female,Pose,,S pose,Male,Front,,START
3088.106,D:/Pipefish Mesocosm Film/Trial 5/9-12-20/9-12 AM 02.MTS,7233.380,25.0,Male,Wiggle,Courtship,Active wiggle,Female,2,,STOP
3088.107,D:/Pipefish Mesocosm Film/Trial 5/9-12-20/9-12 AM 02.MTS,7233.380,25.0,Male,Inactive,,,,,,START
3089.152,D:/Pipefish Mesocosm Film/Trial 5/9-12-20/9-12 AM 02.MTS,7233.380,25.0,Female,Pose,,S pose,Male,Front,,STOP
3089.153,D:/Pipefish Mesocosm Film/Trial 5/9-12-20/9-12 AM 02.MTS,7233.380,25.0,Female,Wiggle,Courtship,Active wiggle,Male,2,,START
3090.007,D:/Pipefish Mesocosm Film/Trial 5/9-12-20/9-12 AM 02.MTS,7233.380,25.0,Male,Inactive,,,,,,STOP
3090.008,D:/Pipefish Mesocosm Film/Trial 5/9-12-20/9-12 AM 02.MTS,7233.380,25.0,Male,Wiggle,Courtship,Active wiggle,Female,2,,START
3091.620,D:/Pipefish Mesocosm Film/Trial 5/9-12-20/9-12 AM 02.MTS,7233.380,25.0,Female,Wiggle,Courtship,Active wiggle,Male,2,,STOP
3091.621,D:/Pipefish Mesocosm Film/Trial 5/9-12-20/9-12 AM 02.MTS,7233.380,25.0,Female,Inactive,,,,,,START
3093.905,D:/Pipefish Mesocosm Film/Trial 5/9-12-20/9-12 AM 02.MTS,7233.380,25.0,Male,Wiggle,Courtship,Active wiggle,Female,2,,STOP
3093.906,D:/Pipefish Mesocosm Film/Trial 5/9-12-20/9-12 AM 02.MTS,7233.380,25.0,Male,Inactive,,,,,,START
3133.491,D:/Pipefish Mesocosm Film/Trial 5/9-12-20/9-12 AM 02.MTS,7233.380,25.0,Female,Inactive,,,,,,STOP
3133.491,D:/Pipefish Mesocosm Film/Trial 5/9-12-20/9-12 AM 02.MTS,7233.380,25.0,Male,Inactive,,,,,,STOP
3133.492,D:/Pipefish Mesocosm Film/Trial 5/9-12-20/9-12 AM 02.MTS,7233.380,25.0,,Stop,,,,,,POINT
3135.488,D:/Pipefish Mesocosm Film/Trial 5/9-12-20/9-12 AM 02.MTS,7233.380,25.0,,Start,,,,,,POINT
3136.343,D:/Pipefish Mesocosm Film/Trial 5/9-12-20/9-12 AM 02.MTS,7233.380,25.0,Female,Pose,,S pose,Male,Front,,START
3136.720,D:/Pipefish Mesocosm Film/Trial 5/9-12-20/9-12 AM 02.MTS,7233.380,25.0,Male,Wiggle,Courtship,Active wiggle,Female,4,,START
3139.189,D:/Pipefish Mesocosm Film/Trial 5/9-12-20/9-12 AM 02.MTS,7233.380,25.0,Male,Wiggle,Courtship,Active wiggle,Female,4,,STOP
3139.190,D:/Pipefish Mesocosm Film/Trial 5/9-12-20/9-12 AM 02.MTS,7233.380,25.0,Male,Surrounding,,,,,,START
3140.514,D:/Pipefish Mesocosm Film/Trial 5/9-12-20/9-12 AM 02.MTS,7233.380,25.0,Female,Pose,,S pose,Male,Front,,STOP
3140.515,D:/Pipefish Mesocosm Film/Trial 5/9-12-20/9-12 AM 02.MTS,7233.380,25.0,Female,Inactive,,,,,,START
3149.633,D:/Pipefish Mesocosm Film/Trial 5/9-12-20/9-12 AM 02.MTS,7233.380,25.0,Male,Surrounding,,,,,,STOP
3149.634,D:/Pipefish Mesocosm Film/Trial 5/9-12-20/9-12 AM 02.MTS,7233.380,25.0,Male,Inactive,,,,,,START
3155.706,D:/Pipefish Mesocosm Film/Trial 5/9-12-20/9-12 AM 02.MTS,7233.380,25.0,Male,Inactive,,,,,,STOP
3155.707,D:/Pipefish Mesocosm Film/Trial 5/9-12-20/9-12 AM 02.MTS,7233.380,25.0,Male,Wiggle,Courtship,Active wiggle,Female,3,,START
3156.560,D:/Pipefish Mesocosm Film/Trial 5/9-12-20/9-12 AM 02.MTS,7233.380,25.0,Female,Inactive,,,,,,STOP
3156.561,D:/Pipefish Mesocosm Film/Trial 5/9-12-20/9-12 AM 02.MTS,7233.380,25.0,Female,Pose,,S pose,Male,Front,,START
3160.265,D:/Pipefish Mesocosm Film/Trial 5/9-12-20/9-12 AM 02.MTS,7233.380,25.0,Male,Wiggle,Courtship,Active wiggle,Female,3,,STOP
3160.266,D:/Pipefish Mesocosm Film/Trial 5/9-12-20/9-12 AM 02.MTS,7233.380,25.0,Male,Inactive,,,,,,START
3164.347,D:/Pipefish Mesocosm Film/Trial 5/9-12-20/9-12 AM 02.MTS,7233.380,25.0,Male,Inactive,,,,,,STOP
3164.348,D:/Pipefish Mesocosm Film/Trial 5/9-12-20/9-12 AM 02.MTS,7233.380,25.0,Male,Wiggle,Courtship,Active wiggle,Female,3,,START
3167.006,D:/Pipefish Mesocosm Film/Trial 5/9-12-20/9-12 AM 02.MTS,7233.380,25.0,Female,Pose,,S pose,Male,Front,,STOP
3167.007,D:/Pipefish Mesocosm Film/Trial 5/9-12-20/9-12 AM 02.MTS,7233.380,25.0,Female,Out of sight,,,,,,START
3170.137,D:/Pipefish Mesocosm Film/Trial 5/9-12-20/9-12 AM 02.MTS,7233.380,25.0,Female,Out of sight,,,,,,STOP
3170.138,D:/Pipefish Mesocosm Film/Trial 5/9-12-20/9-12 AM 02.MTS,7233.380,25.0,Female,Inactive,,,,,,START
3170.614,D:/Pipefish Mesocosm Film/Trial 5/9-12-20/9-12 AM 02.MTS,7233.380,25.0,Male,Wiggle,Courtship,Active wiggle,Female,3,,STOP
3170.615,D:/Pipefish Mesocosm Film/Trial 5/9-12-20/9-12 AM 02.MTS,7233.380,25.0,Male,Inactive,,,,,,START
3177.829,D:/Pipefish Mesocosm Film/Trial 5/9-12-20/9-12 AM 02.MTS,7233.380,25.0,Male,Inactive,,,,,,STOP
3177.830,D:/Pipefish Mesocosm Film/Trial 5/9-12-20/9-12 AM 02.MTS,7233.380,25.0,Male,Wiggle,Courtship,Active wiggle,Female,3,,START
3179.917,D:/Pipefish Mesocosm Film/Trial 5/9-12-20/9-12 AM 02.MTS,7233.380,25.0,Male,Wiggle,Courtship,Active wiggle,Female,3,,STOP
3179.918,D:/Pipefish Mesocosm Film/Trial 5/9-12-20/9-12 AM 02.MTS,7233.380,25.0,Male,Inactive,,,,,,START
3182.101,D:/Pipefish Mesocosm Film/Trial 5/9-12-20/9-12 AM 02.MTS,7233.380,25.0,Female,Inactive,,,,,,STOP
3182.102,D:/Pipefish Mesocosm Film/Trial 5/9-12-20/9-12 AM 02.MTS,7233.380,25.0,Female,Pose,,S pose,Male,Front,,START
3186.756,D:/Pipefish Mesocosm Film/Trial 5/9-12-20/9-12 AM 02.MTS,7233.380,25.0,Female,Pose,,S pose,Male,Front,,STOP
3186.757,D:/Pipefish Mesocosm Film/Trial 5/9-12-20/9-12 AM 02.MTS,7233.380,25.0,Female,Wiggle,Courtship,Active wiggle,Male,2,,START
3191.597,D:/Pipefish Mesocosm Film/Trial 5/9-12-20/9-12 AM 02.MTS,7233.380,25.0,Female,Wiggle,Courtship,Active wiggle,Male,2,,STOP
3191.598,D:/Pipefish Mesocosm Film/Trial 5/9-12-20/9-12 AM 02.MTS,7233.380,25.0,Female,Inactive,,,,,,START
3268.975,D:/Pipefish Mesocosm Film/Trial 5/9-12-20/9-12 AM 02.MTS,7233.380,25.0,Female,Inactive,,,,,,STOP
3268.975,D:/Pipefish Mesocosm Film/Trial 5/9-12-20/9-12 AM 02.MTS,7233.380,25.0,Male,Inactive,,,,,,STOP
3268.977,D:/Pipefish Mesocosm Film/Trial 5/9-12-20/9-12 AM 02.MTS,7233.380,25.0,,Stop,,,,,,POINT
3406.940,D:/Pipefish Mesocosm Film/Trial 5/9-12-20/9-12 AM 02.MTS,7233.380,25.0,,Start,,,,,,POINT
3406.940,D:/Pipefish Mesocosm Film/Trial 5/9-12-20/9-12 AM 02.MTS,7233.380,25.0,Female,Wiggle,Courtship,Active wiggle,Male,2,,START
3409.024,D:/Pipefish Mesocosm Film/Trial 5/9-12-20/9-12 AM 02.MTS,7233.380,25.0,Male,Inactive,,,,,,START
3415.856,D:/Pipefish Mesocosm Film/Trial 5/9-12-20/9-12 AM 02.MTS,7233.380,25.0,Female,Wiggle,Courtship,Active wiggle,Male,2,,STOP
3415.857,D:/Pipefish Mesocosm Film/Trial 5/9-12-20/9-12 AM 02.MTS,7233.380,25.0,Female,Inactive,,,,,,START
3419.083,D:/Pipefish Mesocosm Film/Trial 5/9-12-20/9-12 AM 02.MTS,7233.380,25.0,Male,Inactive,,,,,,STOP
3419.084,D:/Pipefish Mesocosm Film/Trial 5/9-12-20/9-12 AM 02.MTS,7233.380,25.0,Male,Wiggle,Courtship,Active wiggle,Female,2,,START
3422.980,D:/Pipefish Mesocosm Film/Trial 5/9-12-20/9-12 AM 02.MTS,7233.380,25.0,Male,Wiggle,Courtship,Active wiggle,Female,2,,STOP
3422.981,D:/Pipefish Mesocosm Film/Trial 5/9-12-20/9-12 AM 02.MTS,7233.380,25.0,Male,Inactive,,,,,,START
3424.401,D:/Pipefish Mesocosm Film/Trial 5/9-12-20/9-12 AM 02.MTS,7233.380,25.0,Female,Inactive,,,,,,STOP
3424.402,D:/Pipefish Mesocosm Film/Trial 5/9-12-20/9-12 AM 02.MTS,7233.380,25.0,Female,Swim away,,,,,,START
3441.593,D:/Pipefish Mesocosm Film/Trial 5/9-12-20/9-12 AM 02.MTS,7233.380,25.0,Female,Swim away,,,,,,STOP
3441.594,D:/Pipefish Mesocosm Film/Trial 5/9-12-20/9-12 AM 02.MTS,7233.380,25.0,Female,Inactive,,,,,,START
3442.918,D:/Pipefish Mesocosm Film/Trial 5/9-12-20/9-12 AM 02.MTS,7233.380,25.0,Male,Inactive,,,,,,STOP
3447.948,D:/Pipefish Mesocosm Film/Trial 5/9-12-20/9-12 AM 02.MTS,7233.380,25.0,Female,Inactive,,,,,,STOP
3447.949,D:/Pipefish Mesocosm Film/Trial 5/9-12-20/9-12 AM 02.MTS,7233.380,25.0,,Stop,,,,,,POINT
3448.235,D:/Pipefish Mesocosm Film/Trial 5/9-12-20/9-12 AM 02.MTS,7233.380,25.0,,Start,,,,,"Second group 
",POINT
3448.992,D:/Pipefish Mesocosm Film/Trial 5/9-12-20/9-12 AM 02.MTS,7233.380,25.0,Male,Surrounding,,,,,,START
3453.552,D:/Pipefish Mesocosm Film/Trial 5/9-12-20/9-12 AM 02.MTS,7233.380,25.0,Female,Inactive,,,,,,START
3477.855,D:/Pipefish Mesocosm Film/Trial 5/9-12-20/9-12 AM 02.MTS,7233.380,25.0,Male,Surrounding,,,,,,STOP
3477.856,D:/Pipefish Mesocosm Film/Trial 5/9-12-20/9-12 AM 02.MTS,7233.380,25.0,Male,Inactive,,,,,,START
3515.928,D:/Pipefish Mesocosm Film/Trial 5/9-12-20/9-12 AM 02.MTS,7233.380,25.0,Female,Inactive,,,,,,STOP
3515.928,D:/Pipefish Mesocosm Film/Trial 5/9-12-20/9-12 AM 02.MTS,7233.380,25.0,Male,Inactive,,,,,,STOP
3516.690,D:/Pipefish Mesocosm Film/Trial 5/9-12-20/9-12 AM 02.MTS,7233.380,25.0,,Stop,,,,,,POINT
3861.722,D:/Pipefish Mesocosm Film/Trial 5/9-12-20/9-12 AM 02.MTS,7233.380,25.0,,Start,,,,,,POINT
3861.722,D:/Pipefish Mesocosm Film/Trial 5/9-12-20/9-12 AM 02.MTS,7233.380,25.0,Male,Wiggle,Courtship,Active wiggle,Female,3,,START
3866.559,D:/Pipefish Mesocosm Film/Trial 5/9-12-20/9-12 AM 02.MTS,7233.380,25.0,Male,Wiggle,Courtship,Active wiggle,Female,3,,STOP
3866.560,D:/Pipefish Mesocosm Film/Trial 5/9-12-20/9-12 AM 02.MTS,7233.380,25.0,Male,Inactive,,,,,,START
3866.564,D:/Pipefish Mesocosm Film/Trial 5/9-12-20/9-12 AM 02.MTS,7233.380,25.0,Female,Inactive,,,,,,START
3870.645,D:/Pipefish Mesocosm Film/Trial 5/9-12-20/9-12 AM 02.MTS,7233.380,25.0,Male,Inactive,,,,,,STOP
3870.646,D:/Pipefish Mesocosm Film/Trial 5/9-12-20/9-12 AM 02.MTS,7233.380,25.0,Male,Wiggle,Courtship,Active wiggle,Female,3,,START
3873.490,D:/Pipefish Mesocosm Film/Trial 5/9-12-20/9-12 AM 02.MTS,7233.380,25.0,Male,Wiggle,Courtship,Active wiggle,Female,3,,STOP
3873.491,D:/Pipefish Mesocosm Film/Trial 5/9-12-20/9-12 AM 02.MTS,7233.380,25.0,Male,Inactive,,,,,,START
3873.777,D:/Pipefish Mesocosm Film/Trial 5/9-12-20/9-12 AM 02.MTS,7233.380,25.0,Female,Inactive,,,,,,STOP
3873.778,D:/Pipefish Mesocosm Film/Trial 5/9-12-20/9-12 AM 02.MTS,7233.380,25.0,Female,Pose,,S pose,Male,Front,,START
3889.825,D:/Pipefish Mesocosm Film/Trial 5/9-12-20/9-12 AM 02.MTS,7233.380,25.0,Female,Pose,,S pose,Male,Front,,STOP
3889.826,D:/Pipefish Mesocosm Film/Trial 5/9-12-20/9-12 AM 02.MTS,7233.380,25.0,Female,Inactive,,,,,,START
3913.085,D:/Pipefish Mesocosm Film/Trial 5/9-12-20/9-12 AM 02.MTS,7233.380,25.0,Male,Inactive,,,,,,STOP
3913.086,D:/Pipefish Mesocosm Film/Trial 5/9-12-20/9-12 AM 02.MTS,7233.380,25.0,Male,Wiggle,Courtship,Active wiggle,Female,2,,START
3915.745,D:/Pipefish Mesocosm Film/Trial 5/9-12-20/9-12 AM 02.MTS,7233.380,25.0,Female,Inactive,,,,,,STOP
3915.746,D:/Pipefish Mesocosm Film/Trial 5/9-12-20/9-12 AM 02.MTS,7233.380,25.0,Female,Pose,,S pose,Male,Front,,START
3925.711,D:/Pipefish Mesocosm Film/Trial 5/9-12-20/9-12 AM 02.MTS,7233.380,25.0,Male,Wiggle,Courtship,Active wiggle,Female,2,,STOP
3925.712,D:/Pipefish Mesocosm Film/Trial 5/9-12-20/9-12 AM 02.MTS,7233.380,25.0,Male,Inactive,,,,,,START
3929.323,D:/Pipefish Mesocosm Film/Trial 5/9-12-20/9-12 AM 02.MTS,7233.380,25.0,Female,Pose,,S pose,Male,Front,,STOP
3929.324,D:/Pipefish Mesocosm Film/Trial 5/9-12-20/9-12 AM 02.MTS,7233.380,25.0,Female,Inactive,,,,,,START
3959.226,D:/Pipefish Mesocosm Film/Trial 5/9-12-20/9-12 AM 02.MTS,7233.380,25.0,Female,Inactive,,,,,,STOP
3959.227,D:/Pipefish Mesocosm Film/Trial 5/9-12-20/9-12 AM 02.MTS,7233.380,25.0,Female,Pose,,Non-s pose,Male,Front,,START
3960.462,D:/Pipefish Mesocosm Film/Trial 5/9-12-20/9-12 AM 02.MTS,7233.380,25.0,Male,Inactive,,,,,,STOP
3960.463,D:/Pipefish Mesocosm Film/Trial 5/9-12-20/9-12 AM 02.MTS,7233.380,25.0,Male,Surrounding,,,,,,START
3963.311,D:/Pipefish Mesocosm Film/Trial 5/9-12-20/9-12 AM 02.MTS,7233.380,25.0,Female,Pose,,Non-s pose,Male,Front,,STOP
3963.312,D:/Pipefish Mesocosm Film/Trial 5/9-12-20/9-12 AM 02.MTS,7233.380,25.0,Female,Inactive,,,,,,START
3966.917,D:/Pipefish Mesocosm Film/Trial 5/9-12-20/9-12 AM 02.MTS,7233.380,25.0,Male,Surrounding,,,,,,STOP
3966.918,D:/Pipefish Mesocosm Film/Trial 5/9-12-20/9-12 AM 02.MTS,7233.380,25.0,Male,Inactive,,,,,,START
3968.340,D:/Pipefish Mesocosm Film/Trial 5/9-12-20/9-12 AM 02.MTS,7233.380,25.0,Male,Inactive,,,,,,STOP
3968.341,D:/Pipefish Mesocosm Film/Trial 5/9-12-20/9-12 AM 02.MTS,7233.380,25.0,Male,Wiggle,Courtship,Subtle wiggle,Female,3,,START
3977.172,D:/Pipefish Mesocosm Film/Trial 5/9-12-20/9-12 AM 02.MTS,7233.380,25.0,Male,Wiggle,Courtship,Subtle wiggle,Female,3,,STOP
3977.173,D:/Pipefish Mesocosm Film/Trial 5/9-12-20/9-12 AM 02.MTS,7233.380,25.0,Male,Inactive,,,,,,START
4053.223,D:/Pipefish Mesocosm Film/Trial 5/9-12-20/9-12 AM 02.MTS,7233.380,25.0,Male,Inactive,,,,,,STOP
4053.224,D:/Pipefish Mesocosm Film/Trial 5/9-12-20/9-12 AM 02.MTS,7233.380,25.0,Male,Wiggle,Courtship,Active wiggle,Female,3,,START
4058.924,D:/Pipefish Mesocosm Film/Trial 5/9-12-20/9-12 AM 02.MTS,7233.380,25.0,Female,Move away,,,,,,POINT
4059.488,D:/Pipefish Mesocosm Film/Trial 5/9-12-20/9-12 AM 02.MTS,7233.380,25.0,Male,Wiggle,Courtship,Active wiggle,Female,3,,STOP
4059.489,D:/Pipefish Mesocosm Film/Trial 5/9-12-20/9-12 AM 02.MTS,7233.380,25.0,Male,Inactive,,,,,,START
4082.277,D:/Pipefish Mesocosm Film/Trial 5/9-12-20/9-12 AM 02.MTS,7233.380,25.0,Female,Inactive,,,,,,STOP
4082.278,D:/Pipefish Mesocosm Film/Trial 5/9-12-20/9-12 AM 02.MTS,7233.380,25.0,Female,Swim away,,,,,,START
4082.659,D:/Pipefish Mesocosm Film/Trial 5/9-12-20/9-12 AM 02.MTS,7233.380,25.0,Male,Inactive,,,,,,STOP
4082.660,D:/Pipefish Mesocosm Film/Trial 5/9-12-20/9-12 AM 02.MTS,7233.380,25.0,Male,Chasing,,,,,,START
4097.655,D:/Pipefish Mesocosm Film/Trial 5/9-12-20/9-12 AM 02.MTS,7233.380,25.0,Female,Swim away,,,,,,STOP
4097.656,D:/Pipefish Mesocosm Film/Trial 5/9-12-20/9-12 AM 02.MTS,7233.380,25.0,Female,Inactive,,,,,,START
4098.035,D:/Pipefish Mesocosm Film/Trial 5/9-12-20/9-12 AM 02.MTS,7233.380,25.0,Male,Chasing,,,,,,STOP
4098.036,D:/Pipefish Mesocosm Film/Trial 5/9-12-20/9-12 AM 02.MTS,7233.380,25.0,Male,Inactive,,,,,,START
4141.903,D:/Pipefish Mesocosm Film/Trial 5/9-12-20/9-12 AM 02.MTS,7233.380,25.0,Female,Inactive,,,,,,STOP
4142.759,D:/Pipefish Mesocosm Film/Trial 5/9-12-20/9-12 AM 02.MTS,7233.380,25.0,Male,Inactive,,,,,,STOP
4143.613,D:/Pipefish Mesocosm Film/Trial 5/9-12-20/9-12 AM 02.MTS,7233.380,25.0,,Stop,,,,,,POINT
4160.704,D:/Pipefish Mesocosm Film/Trial 5/9-12-20/9-12 AM 02.MTS,7233.380,25.0,,Start,,,,,,POINT
4160.704,D:/Pipefish Mesocosm Film/Trial 5/9-12-20/9-12 AM 02.MTS,7233.380,25.0,Female,Pose,,S pose,Male,Front,,START
4162.318,D:/Pipefish Mesocosm Film/Trial 5/9-12-20/9-12 AM 02.MTS,7233.380,25.0,Male,Wiggle,Courtship,Active wiggle,Female,2,,START
4178.172,D:/Pipefish Mesocosm Film/Trial 5/9-12-20/9-12 AM 02.MTS,7233.380,25.0,Female,Pose,,S pose,Male,Front,,STOP
4178.173,D:/Pipefish Mesocosm Film/Trial 5/9-12-20/9-12 AM 02.MTS,7233.380,25.0,Female,Inactive,,,,,,START
4181.019,D:/Pipefish Mesocosm Film/Trial 5/9-12-20/9-12 AM 02.MTS,7233.380,25.0,Male,Wiggle,Courtship,Active wiggle,Female,2,,STOP
4181.020,D:/Pipefish Mesocosm Film/Trial 5/9-12-20/9-12 AM 02.MTS,7233.380,25.0,Male,Inactive,,,,,,START
4188.043,D:/Pipefish Mesocosm Film/Trial 5/9-12-20/9-12 AM 02.MTS,7233.380,25.0,Female,Inactive,,,,,,STOP
4188.044,D:/Pipefish Mesocosm Film/Trial 5/9-12-20/9-12 AM 02.MTS,7233.380,25.0,Female,Swim away,,,,,,START
4190.135,D:/Pipefish Mesocosm Film/Trial 5/9-12-20/9-12 AM 02.MTS,7233.380,25.0,Male,Follow,,,,,,POINT
4192.796,D:/Pipefish Mesocosm Film/Trial 5/9-12-20/9-12 AM 02.MTS,7233.380,25.0,Female,Swim away,,,,,,STOP
4192.797,D:/Pipefish Mesocosm Film/Trial 5/9-12-20/9-12 AM 02.MTS,7233.380,25.0,Female,Inactive,,,,,,START
4219.474,D:/Pipefish Mesocosm Film/Trial 5/9-12-20/9-12 AM 02.MTS,7233.380,25.0,Male,Inactive,,,,,,STOP
4219.571,D:/Pipefish Mesocosm Film/Trial 5/9-12-20/9-12 AM 02.MTS,7233.380,25.0,Female,Inactive,,,,,,STOP
4220.232,D:/Pipefish Mesocosm Film/Trial 5/9-12-20/9-12 AM 02.MTS,7233.380,25.0,,Stop,,,,,,POINT
4297.236,D:/Pipefish Mesocosm Film/Trial 5/9-12-20/9-12 AM 02.MTS,7233.380,25.0,,Start,,,,,,POINT
4297.236,D:/Pipefish Mesocosm Film/Trial 5/9-12-20/9-12 AM 02.MTS,7233.380,25.0,Female,Pose,,S pose,Male,Front,,START
4305.021,D:/Pipefish Mesocosm Film/Trial 5/9-12-20/9-12 AM 02.MTS,7233.380,25.0,Male,Wiggle,Courtship,Active wiggle,Female,3,,START
4305.592,D:/Pipefish Mesocosm Film/Trial 5/9-12-20/9-12 AM 02.MTS,7233.380,25.0,Female,Pose,,S pose,Male,Front,,STOP
4305.593,D:/Pipefish Mesocosm Film/Trial 5/9-12-20/9-12 AM 02.MTS,7233.380,25.0,Female,Swim away,,,,,,START
4309.288,D:/Pipefish Mesocosm Film/Trial 5/9-12-20/9-12 AM 02.MTS,7233.380,25.0,Male,Wiggle,Courtship,Active wiggle,Female,3,,STOP
4309.289,D:/Pipefish Mesocosm Film/Trial 5/9-12-20/9-12 AM 02.MTS,7233.380,25.0,Male,Inactive,,,,,,START
4322.108,D:/Pipefish Mesocosm Film/Trial 5/9-12-20/9-12 AM 02.MTS,7233.380,25.0,Female,Swim away,,,,,,STOP
4322.109,D:/Pipefish Mesocosm Film/Trial 5/9-12-20/9-12 AM 02.MTS,7233.380,25.0,Female,Inactive,,,,,,START
4328.183,D:/Pipefish Mesocosm Film/Trial 5/9-12-20/9-12 AM 02.MTS,7233.380,25.0,Female,Inactive,,,,,,STOP
4328.184,D:/Pipefish Mesocosm Film/Trial 5/9-12-20/9-12 AM 02.MTS,7233.380,25.0,Female,Pose,,S pose,Male,Front,,START
4330.178,D:/Pipefish Mesocosm Film/Trial 5/9-12-20/9-12 AM 02.MTS,7233.380,25.0,Male,Inactive,,,,,,STOP
4330.179,D:/Pipefish Mesocosm Film/Trial 5/9-12-20/9-12 AM 02.MTS,7233.380,25.0,Male,Wiggle,Courtship,Active wiggle,Female,4,,START
4333.407,D:/Pipefish Mesocosm Film/Trial 5/9-12-20/9-12 AM 02.MTS,7233.380,25.0,Male,Wiggle,Courtship,Active wiggle,Female,4,,STOP
4333.408,D:/Pipefish Mesocosm Film/Trial 5/9-12-20/9-12 AM 02.MTS,7233.380,25.0,Male,Inactive,,,,,,START
4333.499,D:/Pipefish Mesocosm Film/Trial 5/9-12-20/9-12 AM 02.MTS,7233.380,25.0,Female,Pose,,S pose,Male,Front,,STOP
4333.500,D:/Pipefish Mesocosm Film/Trial 5/9-12-20/9-12 AM 02.MTS,7233.380,25.0,Female,Inactive,,,,,,START
4406.423,D:/Pipefish Mesocosm Film/Trial 5/9-12-20/9-12 AM 02.MTS,7233.380,25.0,Male,Inactive,,,,,,STOP
4406.514,D:/Pipefish Mesocosm Film/Trial 5/9-12-20/9-12 AM 02.MTS,7233.380,25.0,Female,Inactive,,,,,,STOP
4407.180,D:/Pipefish Mesocosm Film/Trial 5/9-12-20/9-12 AM 02.MTS,7233.380,25.0,,Stop,,,,,,POINT
4471.934,D:/Pipefish Mesocosm Film/Trial 5/9-12-20/9-12 AM 02.MTS,7233.380,25.0,,Start,,,,,,POINT
4471.934,D:/Pipefish Mesocosm Film/Trial 5/9-12-20/9-12 AM 02.MTS,7233.380,25.0,Female,Pose,,S pose,Male,Front,,START
4475.541,D:/Pipefish Mesocosm Film/Trial 5/9-12-20/9-12 AM 02.MTS,7233.380,25.0,Male,Wiggle,Courtship,Active wiggle,Female,2,,START
4479.622,D:/Pipefish Mesocosm Film/Trial 5/9-12-20/9-12 AM 02.MTS,7233.380,25.0,Male,Wiggle,Courtship,Active wiggle,Female,2,,STOP
4479.623,D:/Pipefish Mesocosm Film/Trial 5/9-12-20/9-12 AM 02.MTS,7233.380,25.0,Male,Inactive,,,,,,START
4480.382,D:/Pipefish Mesocosm Film/Trial 5/9-12-20/9-12 AM 02.MTS,7233.380,25.0,Female,Pose,,S pose,Male,Front,,STOP
4480.383,D:/Pipefish Mesocosm Film/Trial 5/9-12-20/9-12 AM 02.MTS,7233.380,25.0,Female,Inactive,,,,,,START
4482.280,D:/Pipefish Mesocosm Film/Trial 5/9-12-20/9-12 AM 02.MTS,7233.380,25.0,Male,Inactive,,,,,,STOP
4482.281,D:/Pipefish Mesocosm Film/Trial 5/9-12-20/9-12 AM 02.MTS,7233.380,25.0,Male,Wiggle,Courtship,Active wiggle,Female,2,,START
4486.932,D:/Pipefish Mesocosm Film/Trial 5/9-12-20/9-12 AM 02.MTS,7233.380,25.0,Male,Wiggle,Courtship,Active wiggle,Female,2,,STOP
4486.933,D:/Pipefish Mesocosm Film/Trial 5/9-12-20/9-12 AM 02.MTS,7233.380,25.0,Male,Inactive,,,,,,START
4536.402,D:/Pipefish Mesocosm Film/Trial 5/9-12-20/9-12 AM 02.MTS,7233.380,25.0,Male,Inactive,,,,,,STOP
4536.780,D:/Pipefish Mesocosm Film/Trial 5/9-12-20/9-12 AM 02.MTS,7233.380,25.0,Female,Inactive,,,,,,STOP
4536.875,D:/Pipefish Mesocosm Film/Trial 5/9-12-20/9-12 AM 02.MTS,7233.380,25.0,,Stop,,,,,,POINT
4558.902,D:/Pipefish Mesocosm Film/Trial 5/9-12-20/9-12 AM 02.MTS,7233.380,25.0,,Start,,,,,,POINT
4558.902,D:/Pipefish Mesocosm Film/Trial 5/9-12-20/9-12 AM 02.MTS,7233.380,25.0,Male,Wiggle,Courtship,Active wiggle,Female,2,,START
4561.276,D:/Pipefish Mesocosm Film/Trial 5/9-12-20/9-12 AM 02.MTS,7233.380,25.0,Female,Pose,,S pose,Male,Front,,START
4566.209,D:/Pipefish Mesocosm Film/Trial 5/9-12-20/9-12 AM 02.MTS,7233.380,25.0,Male,Wiggle,Courtship,Active wiggle,Female,2,,STOP
4566.210,D:/Pipefish Mesocosm Film/Trial 5/9-12-20/9-12 AM 02.MTS,7233.380,25.0,Male,Inactive,,,,,,START
4567.159,D:/Pipefish Mesocosm Film/Trial 5/9-12-20/9-12 AM 02.MTS,7233.380,25.0,Female,Pose,,S pose,Male,Front,,STOP
4567.160,D:/Pipefish Mesocosm Film/Trial 5/9-12-20/9-12 AM 02.MTS,7233.380,25.0,Female,Inactive,,,,,,START
4690.160,D:/Pipefish Mesocosm Film/Trial 5/9-12-20/9-12 AM 02.MTS,7233.380,25.0,Female,Inactive,,,,,,STOP
4690.403,D:/Pipefish Mesocosm Film/Trial 5/9-12-20/9-12 AM 02.MTS,7233.380,25.0,Male,Inactive,,,,,,STOP
4690.594,D:/Pipefish Mesocosm Film/Trial 5/9-12-20/9-12 AM 02.MTS,7233.380,25.0,,Stop,,,,,,POINT
4790.570,D:/Pipefish Mesocosm Film/Trial 5/9-12-20/9-12 AM 02.MTS,7233.380,25.0,,Start,,,,,,POINT
4790.570,D:/Pipefish Mesocosm Film/Trial 5/9-12-20/9-12 AM 02.MTS,7233.380,25.0,Female,Wiggle,Courtship,Active wiggle,Male,2,,START
4791.281,D:/Pipefish Mesocosm Film/Trial 5/9-12-20/9-12 AM 02.MTS,7233.380,25.0,Second female,Inactive,,,,,,START
4794.078,D:/Pipefish Mesocosm Film/Trial 5/9-12-20/9-12 AM 02.MTS,7233.380,25.0,Female,Wiggle,Courtship,Active wiggle,Male,2,,STOP
4794.079,D:/Pipefish Mesocosm Film/Trial 5/9-12-20/9-12 AM 02.MTS,7233.380,25.0,Female,Inactive,,,,,,START
4814.869,D:/Pipefish Mesocosm Film/Trial 5/9-12-20/9-12 AM 02.MTS,7233.380,25.0,Second female,Inactive,,,,,,STOP
4814.870,D:/Pipefish Mesocosm Film/Trial 5/9-12-20/9-12 AM 02.MTS,7233.380,25.0,Second female,Pose,,S pose,Male,Front,,START
4817.153,D:/Pipefish Mesocosm Film/Trial 5/9-12-20/9-12 AM 02.MTS,7233.380,25.0,Second female,Pose,,S pose,Male,Front,,STOP
4817.154,D:/Pipefish Mesocosm Film/Trial 5/9-12-20/9-12 AM 02.MTS,7233.380,25.0,Second female,Inactive,,,,,,START
4820.287,D:/Pipefish Mesocosm Film/Trial 5/9-12-20/9-12 AM 02.MTS,7233.380,25.0,Female,Inactive,,,,,,STOP
4820.287,D:/Pipefish Mesocosm Film/Trial 5/9-12-20/9-12 AM 02.MTS,7233.380,25.0,Second female,Inactive,,,,,,STOP
4820.759,D:/Pipefish Mesocosm Film/Trial 5/9-12-20/9-12 AM 02.MTS,7233.380,25.0,,Stop,,,,,,POINT
4956.439,D:/Pipefish Mesocosm Film/Trial 5/9-12-20/9-12 AM 02.MTS,7233.380,25.0,,Start,,,,,,POINT
4956.439,D:/Pipefish Mesocosm Film/Trial 5/9-12-20/9-12 AM 02.MTS,7233.380,25.0,Female,Wiggle,Courtship,Active wiggle,Male,2,,START
4960.139,D:/Pipefish Mesocosm Film/Trial 5/9-12-20/9-12 AM 02.MTS,7233.380,25.0,Male,Inactive,,,,,,START
4965.932,D:/Pipefish Mesocosm Film/Trial 5/9-12-20/9-12 AM 02.MTS,7233.380,25.0,Female,Wiggle,Courtship,Active wiggle,Male,2,,STOP
4965.933,D:/Pipefish Mesocosm Film/Trial 5/9-12-20/9-12 AM 02.MTS,7233.380,25.0,Female,Inactive,,,,,,START
4988.241,D:/Pipefish Mesocosm Film/Trial 5/9-12-20/9-12 AM 02.MTS,7233.380,25.0,Female,Inactive,,,,,,STOP
4988.337,D:/Pipefish Mesocosm Film/Trial 5/9-12-20/9-12 AM 02.MTS,7233.380,25.0,Male,Inactive,,,,,,STOP
4988.910,D:/Pipefish Mesocosm Film/Trial 5/9-12-20/9-12 AM 02.MTS,7233.380,25.0,,Stop,,,,,,POINT
5105.122,D:/Pipefish Mesocosm Film/Trial 5/9-12-20/9-12 AM 02.MTS,7233.380,25.0,,Start,,,,,,POINT
5105.594,D:/Pipefish Mesocosm Film/Trial 5/9-12-20/9-12 AM 02.MTS,7233.380,25.0,Male,Wiggle,Courtship,Active wiggle,Female,2,,START
5107.779,D:/Pipefish Mesocosm Film/Trial 5/9-12-20/9-12 AM 02.MTS,7233.380,25.0,Female,Inactive,,,,,,START
5113.857,D:/Pipefish Mesocosm Film/Trial 5/9-12-20/9-12 AM 02.MTS,7233.380,25.0,Female,Inactive,,,,,,STOP
5113.858,D:/Pipefish Mesocosm Film/Trial 5/9-12-20/9-12 AM 02.MTS,7233.380,25.0,Female,Pose,,S pose,Male,Front,,START
5118.604,D:/Pipefish Mesocosm Film/Trial 5/9-12-20/9-12 AM 02.MTS,7233.380,25.0,Male,Wiggle,Courtship,Active wiggle,Female,2,,STOP
5118.605,D:/Pipefish Mesocosm Film/Trial 5/9-12-20/9-12 AM 02.MTS,7233.380,25.0,Male,Inactive,,,,,,START
5120.025,D:/Pipefish Mesocosm Film/Trial 5/9-12-20/9-12 AM 02.MTS,7233.380,25.0,Female,Pose,,S pose,Male,Front,,STOP
5120.026,D:/Pipefish Mesocosm Film/Trial 5/9-12-20/9-12 AM 02.MTS,7233.380,25.0,Female,Inactive,,,,,,START
5124.014,D:/Pipefish Mesocosm Film/Trial 5/9-12-20/9-12 AM 02.MTS,7233.380,25.0,Female,Move away,,,,,,POINT
5147.847,D:/Pipefish Mesocosm Film/Trial 5/9-12-20/9-12 AM 02.MTS,7233.380,25.0,Male,Inactive,,,,,,STOP
5147.848,D:/Pipefish Mesocosm Film/Trial 5/9-12-20/9-12 AM 02.MTS,7233.380,25.0,Male,Wiggle,Courtship,Active wiggle,Female,3,,START
5149.367,D:/Pipefish Mesocosm Film/Trial 5/9-12-20/9-12 AM 02.MTS,7233.380,25.0,Female,Inactive,,,,,,STOP
5149.368,D:/Pipefish Mesocosm Film/Trial 5/9-12-20/9-12 AM 02.MTS,7233.380,25.0,Female,Pose,,S pose,Male,Front,,START
5154.872,D:/Pipefish Mesocosm Film/Trial 5/9-12-20/9-12 AM 02.MTS,7233.380,25.0,Female,Pose,,S pose,Male,Front,,STOP
5154.873,D:/Pipefish Mesocosm Film/Trial 5/9-12-20/9-12 AM 02.MTS,7233.380,25.0,Female,Inactive,,,,,,START
5156.675,D:/Pipefish Mesocosm Film/Trial 5/9-12-20/9-12 AM 02.MTS,7233.380,25.0,Male,Wiggle,Courtship,Active wiggle,Female,3,,STOP
5156.676,D:/Pipefish Mesocosm Film/Trial 5/9-12-20/9-12 AM 02.MTS,7233.380,25.0,Male,Inactive,,,,,,START
5159.428,D:/Pipefish Mesocosm Film/Trial 5/9-12-20/9-12 AM 02.MTS,7233.380,25.0,Female,Move away,,,,,,POINT
5191.234,D:/Pipefish Mesocosm Film/Trial 5/9-12-20/9-12 AM 02.MTS,7233.380,25.0,Female,Inactive,,,,,,STOP
5191.234,D:/Pipefish Mesocosm Film/Trial 5/9-12-20/9-12 AM 02.MTS,7233.380,25.0,Male,Inactive,,,,,,STOP
5192.661,D:/Pipefish Mesocosm Film/Trial 5/9-12-20/9-12 AM 02.MTS,7233.380,25.0,,Stop,,,,,,POINT
5345.520,D:/Pipefish Mesocosm Film/Trial 5/9-12-20/9-12 AM 02.MTS,7233.380,25.0,,Start,,,,,,POINT
5345.520,D:/Pipefish Mesocosm Film/Trial 5/9-12-20/9-12 AM 02.MTS,7233.380,25.0,Male,Wiggle,Courtship,Active wiggle,Female,2,,START
5348.654,D:/Pipefish Mesocosm Film/Trial 5/9-12-20/9-12 AM 02.MTS,7233.380,25.0,Female,Inactive,,,,,,START
5353.308,D:/Pipefish Mesocosm Film/Trial 5/9-12-20/9-12 AM 02.MTS,7233.380,25.0,Male,Wiggle,Courtship,Active wiggle,Female,2,,STOP
5353.309,D:/Pipefish Mesocosm Film/Trial 5/9-12-20/9-12 AM 02.MTS,7233.380,25.0,Male,Inactive,,,,,,START
5358.432,D:/Pipefish Mesocosm Film/Trial 5/9-12-20/9-12 AM 02.MTS,7233.380,25.0,Female,Move away,,,,,,POINT
5374.957,D:/Pipefish Mesocosm Film/Trial 5/9-12-20/9-12 AM 02.MTS,7233.380,25.0,Female,Inactive,,,,,,STOP
5374.957,D:/Pipefish Mesocosm Film/Trial 5/9-12-20/9-12 AM 02.MTS,7233.380,25.0,Male,Inactive,,,,,,STOP
5377.234,D:/Pipefish Mesocosm Film/Trial 5/9-12-20/9-12 AM 02.MTS,7233.380,25.0,,Stop,,,,,,POINT
5511.960,D:/Pipefish Mesocosm Film/Trial 5/9-12-20/9-12 AM 02.MTS,7233.380,25.0,,Start,,,,,,POINT
5511.960,D:/Pipefish Mesocosm Film/Trial 5/9-12-20/9-12 AM 02.MTS,7233.380,25.0,Female,Wiggle,Courtship,Active wiggle,Male,2,,START
5512.151,D:/Pipefish Mesocosm Film/Trial 5/9-12-20/9-12 AM 02.MTS,7233.380,25.0,Male,Inactive,,,,,,START
5520.599,D:/Pipefish Mesocosm Film/Trial 5/9-12-20/9-12 AM 02.MTS,7233.380,25.0,Female,Wiggle,Courtship,Active wiggle,Male,2,,STOP
5520.600,D:/Pipefish Mesocosm Film/Trial 5/9-12-20/9-12 AM 02.MTS,7233.380,25.0,Female,Inactive,,,,,,START
5538.830,D:/Pipefish Mesocosm Film/Trial 5/9-12-20/9-12 AM 02.MTS,7233.380,25.0,Female,Inactive,,,,,,STOP
5538.830,D:/Pipefish Mesocosm Film/Trial 5/9-12-20/9-12 AM 02.MTS,7233.380,25.0,Male,Inactive,,,,,,STOP
5539.305,D:/Pipefish Mesocosm Film/Trial 5/9-12-20/9-12 AM 02.MTS,7233.380,25.0,,Stop,,,,,,POINT
5657.890,D:/Pipefish Mesocosm Film/Trial 5/9-12-20/9-12 AM 02.MTS,7233.380,25.0,,Start,,,,,,POINT
5658.744,D:/Pipefish Mesocosm Film/Trial 5/9-12-20/9-12 AM 02.MTS,7233.380,25.0,Male,Wiggle,Courtship,Active wiggle,Female,3,,START
5659.031,D:/Pipefish Mesocosm Film/Trial 5/9-12-20/9-12 AM 02.MTS,7233.380,25.0,Female,Inactive,,,,,,START
5662.256,D:/Pipefish Mesocosm Film/Trial 5/9-12-20/9-12 AM 02.MTS,7233.380,25.0,Male,Wiggle,Courtship,Active wiggle,Female,3,,STOP
5662.257,D:/Pipefish Mesocosm Film/Trial 5/9-12-20/9-12 AM 02.MTS,7233.380,25.0,Male,Inactive,,,,,,START
5673.744,D:/Pipefish Mesocosm Film/Trial 5/9-12-20/9-12 AM 02.MTS,7233.380,25.0,Male,Inactive,,,,,,STOP
5673.745,D:/Pipefish Mesocosm Film/Trial 5/9-12-20/9-12 AM 02.MTS,7233.380,25.0,Male,Wiggle,Courtship,Active wiggle,Female,2,,START
5674.503,D:/Pipefish Mesocosm Film/Trial 5/9-12-20/9-12 AM 02.MTS,7233.380,25.0,Female,Inactive,,,,,,STOP
5674.504,D:/Pipefish Mesocosm Film/Trial 5/9-12-20/9-12 AM 02.MTS,7233.380,25.0,Female,Pose,,S pose,Male,Front,,START
5677.639,D:/Pipefish Mesocosm Film/Trial 5/9-12-20/9-12 AM 02.MTS,7233.380,25.0,Male,Wiggle,Courtship,Active wiggle,Female,2,,STOP
5677.640,D:/Pipefish Mesocosm Film/Trial 5/9-12-20/9-12 AM 02.MTS,7233.380,25.0,Male,Inactive,,,,,,START
5679.822,D:/Pipefish Mesocosm Film/Trial 5/9-12-20/9-12 AM 02.MTS,7233.380,25.0,Female,Pose,,S pose,Male,Front,,STOP
5679.823,D:/Pipefish Mesocosm Film/Trial 5/9-12-20/9-12 AM 02.MTS,7233.380,25.0,Female,Inactive,,,,,,START
5695.965,D:/Pipefish Mesocosm Film/Trial 5/9-12-20/9-12 AM 02.MTS,7233.380,25.0,Male,Inactive,,,,,,STOP
5695.966,D:/Pipefish Mesocosm Film/Trial 5/9-12-20/9-12 AM 02.MTS,7233.380,25.0,Male,Wiggle,Courtship,Active wiggle,Female,2,,START
5701.378,D:/Pipefish Mesocosm Film/Trial 5/9-12-20/9-12 AM 02.MTS,7233.380,25.0,Male,Wiggle,Courtship,Active wiggle,Female,2,,STOP
5701.379,D:/Pipefish Mesocosm Film/Trial 5/9-12-20/9-12 AM 02.MTS,7233.380,25.0,Male,Inactive,,,,,,START
5728.439,D:/Pipefish Mesocosm Film/Trial 5/9-12-20/9-12 AM 03.MTS,7233.380,25.0,Male,Inactive,,,,,,STOP
5728.440,D:/Pipefish Mesocosm Film/Trial 5/9-12-20/9-12 AM 03.MTS,7233.380,25.0,Male,Wiggle,Courtship,Active wiggle,Female,3,,START
5729.009,D:/Pipefish Mesocosm Film/Trial 5/9-12-20/9-12 AM 03.MTS,7233.380,25.0,Second female,Pose,,S pose,Male,Front,,START
5729.289,D:/Pipefish Mesocosm Film/Trial 5/9-12-20/9-12 AM 03.MTS,7233.380,25.0,Female,Inactive,,,,,,STOP
5729.290,D:/Pipefish Mesocosm Film/Trial 5/9-12-20/9-12 AM 03.MTS,7233.380,25.0,Female,Pose,,S pose,Female,Front,,START
5734.132,D:/Pipefish Mesocosm Film/Trial 5/9-12-20/9-12 AM 03.MTS,7233.380,25.0,Female,Pose,,S pose,Female,Front,,STOP
5734.133,D:/Pipefish Mesocosm Film/Trial 5/9-12-20/9-12 AM 03.MTS,7233.380,25.0,Female,Inactive,,,,,,START
5739.164,D:/Pipefish Mesocosm Film/Trial 5/9-12-20/9-12 AM 03.MTS,7233.380,25.0,Male,Wiggle,Courtship,Active wiggle,Female,3,,STOP
5739.165,D:/Pipefish Mesocosm Film/Trial 5/9-12-20/9-12 AM 03.MTS,7233.380,25.0,Male,Inactive,,,,,,START
5740.590,D:/Pipefish Mesocosm Film/Trial 5/9-12-20/9-12 AM 03.MTS,7233.380,25.0,Second female,Pose,,S pose,Male,Front,,STOP
5740.591,D:/Pipefish Mesocosm Film/Trial 5/9-12-20/9-12 AM 03.MTS,7233.380,25.0,Second female,Inactive,,,,,,START
5747.995,D:/Pipefish Mesocosm Film/Trial 5/9-12-20/9-12 AM 03.MTS,7233.380,25.0,Second female,Inactive,,,,,,STOP
5747.995,D:/Pipefish Mesocosm Film/Trial 5/9-12-20/9-12 AM 03.MTS,7233.380,25.0,Second female,Leave group,,,,,,POINT
5806.479,D:/Pipefish Mesocosm Film/Trial 5/9-12-20/9-12 AM 03.MTS,7233.380,25.0,Male,Inactive,,,,,,STOP
5806.480,D:/Pipefish Mesocosm Film/Trial 5/9-12-20/9-12 AM 03.MTS,7233.380,25.0,Male,Wiggle,Courtship,Active wiggle,Female,3,,START
5808.855,D:/Pipefish Mesocosm Film/Trial 5/9-12-20/9-12 AM 03.MTS,7233.380,25.0,Male,Wiggle,Courtship,Active wiggle,Female,3,,STOP
5808.856,D:/Pipefish Mesocosm Film/Trial 5/9-12-20/9-12 AM 03.MTS,7233.380,25.0,Male,Inactive,,,,,,START
5809.425,D:/Pipefish Mesocosm Film/Trial 5/9-12-20/9-12 AM 03.MTS,7233.380,25.0,Female,Inactive,,,,,,STOP
5809.426,D:/Pipefish Mesocosm Film/Trial 5/9-12-20/9-12 AM 03.MTS,7233.380,25.0,Female,Pose,,S pose,Male,Front,,START
5821.958,D:/Pipefish Mesocosm Film/Trial 5/9-12-20/9-12 AM 03.MTS,7233.380,25.0,Female,Pose,,S pose,Male,Front,,STOP
5821.959,D:/Pipefish Mesocosm Film/Trial 5/9-12-20/9-12 AM 03.MTS,7233.380,25.0,Female,Inactive,,,,,,START
5842.559,D:/Pipefish Mesocosm Film/Trial 5/9-12-20/9-12 AM 03.MTS,7233.380,25.0,Male,Inactive,,,,,,STOP
5842.560,D:/Pipefish Mesocosm Film/Trial 5/9-12-20/9-12 AM 03.MTS,7233.380,25.0,Male,Wiggle,Courtship,Active wiggle,Female,3,,START
5843.982,D:/Pipefish Mesocosm Film/Trial 5/9-12-20/9-12 AM 03.MTS,7233.380,25.0,Male,Wiggle,Courtship,Active wiggle,Female,3,,STOP
5843.983,D:/Pipefish Mesocosm Film/Trial 5/9-12-20/9-12 AM 03.MTS,7233.380,25.0,Male,Inactive,,,,,,START
5867.624,D:/Pipefish Mesocosm Film/Trial 5/9-12-20/9-12 AM 03.MTS,7233.380,25.0,Male,Inactive,,,,,,STOP
5867.625,D:/Pipefish Mesocosm Film/Trial 5/9-12-20/9-12 AM 03.MTS,7233.380,25.0,Male,Wiggle,Courtship,Active wiggle,Female,2,,START
5871.232,D:/Pipefish Mesocosm Film/Trial 5/9-12-20/9-12 AM 03.MTS,7233.380,25.0,Female,Inactive,,,,,,STOP
5871.233,D:/Pipefish Mesocosm Film/Trial 5/9-12-20/9-12 AM 03.MTS,7233.380,25.0,Female,Pose,,S pose,Male,Front,,START
5875.791,D:/Pipefish Mesocosm Film/Trial 5/9-12-20/9-12 AM 03.MTS,7233.380,25.0,Male,Wiggle,Courtship,Active wiggle,Female,2,,STOP
5875.792,D:/Pipefish Mesocosm Film/Trial 5/9-12-20/9-12 AM 03.MTS,7233.380,25.0,Male,Inactive,,,,,,START
5875.980,D:/Pipefish Mesocosm Film/Trial 5/9-12-20/9-12 AM 03.MTS,7233.380,25.0,Female,Pose,,S pose,Male,Front,,STOP
5875.981,D:/Pipefish Mesocosm Film/Trial 5/9-12-20/9-12 AM 03.MTS,7233.380,25.0,Female,Inactive,,,,,,START
5891.648,D:/Pipefish Mesocosm Film/Trial 5/9-12-20/9-12 AM 03.MTS,7233.380,25.0,Female,Inactive,,,,,,STOP
5891.649,D:/Pipefish Mesocosm Film/Trial 5/9-12-20/9-12 AM 03.MTS,7233.380,25.0,Second female,Pose,,S pose,Male,Front,,START
5896.773,D:/Pipefish Mesocosm Film/Trial 5/9-12-20/9-12 AM 03.MTS,7233.380,25.0,Male,Inactive,,,,,,STOP
5896.774,D:/Pipefish Mesocosm Film/Trial 5/9-12-20/9-12 AM 03.MTS,7233.380,25.0,Male,Wiggle,Courtship,Active wiggle,Female,4,,START
5900.667,D:/Pipefish Mesocosm Film/Trial 5/9-12-20/9-12 AM 03.MTS,7233.380,25.0,Second female,Pose,,S pose,Male,Front,,STOP
5900.668,D:/Pipefish Mesocosm Film/Trial 5/9-12-20/9-12 AM 03.MTS,7233.380,25.0,Second female,Inactive,,,,,,START
5900.763,D:/Pipefish Mesocosm Film/Trial 5/9-12-20/9-12 AM 03.MTS,7233.380,25.0,Male,Wiggle,Courtship,Active wiggle,Female,4,,STOP
5900.764,D:/Pipefish Mesocosm Film/Trial 5/9-12-20/9-12 AM 03.MTS,7233.380,25.0,Male,Inactive,,,,,,START
5961.431,D:/Pipefish Mesocosm Film/Trial 5/9-12-20/9-12 AM 03.MTS,7233.380,25.0,Second female,Inactive,,,,,,STOP
5991.056,D:/Pipefish Mesocosm Film/Trial 5/9-12-20/9-12 AM 03.MTS,7233.380,25.0,Male,Inactive,,,,,,STOP
5991.057,D:/Pipefish Mesocosm Film/Trial 5/9-12-20/9-12 AM 03.MTS,7233.380,25.0,Male,Wiggle,Courtship,Subtle wiggle,Female,4,,START
5995.894,D:/Pipefish Mesocosm Film/Trial 5/9-12-20/9-12 AM 03.MTS,7233.380,25.0,Male,Wiggle,Courtship,Subtle wiggle,Female,4,,STOP
5995.895,D:/Pipefish Mesocosm Film/Trial 5/9-12-20/9-12 AM 03.MTS,7233.380,25.0,Male,Inactive,,,,,,START
5999.601,D:/Pipefish Mesocosm Film/Trial 5/9-12-20/9-12 AM 03.MTS,7233.380,25.0,Male,Inactive,,,,,,STOP
5999.602,D:/Pipefish Mesocosm Film/Trial 5/9-12-20/9-12 AM 03.MTS,7233.380,25.0,Male,Wiggle,Courtship,Active wiggle,Female,2,,START
5999.693,D:/Pipefish Mesocosm Film/Trial 5/9-12-20/9-12 AM 03.MTS,7233.380,25.0,Female,Pose,,S pose,Female,Front,,START
6001.784,D:/Pipefish Mesocosm Film/Trial 5/9-12-20/9-12 AM 03.MTS,7233.380,25.0,Male,Wiggle,Courtship,Active wiggle,Female,2,,STOP
6001.785,D:/Pipefish Mesocosm Film/Trial 5/9-12-20/9-12 AM 03.MTS,7233.380,25.0,Male,Inactive,,,,,,START
6005.392,D:/Pipefish Mesocosm Film/Trial 5/9-12-20/9-12 AM 03.MTS,7233.380,25.0,Male,Inactive,,,,,,STOP
6005.393,D:/Pipefish Mesocosm Film/Trial 5/9-12-20/9-12 AM 03.MTS,7233.380,25.0,Male,Wiggle,Courtship,Active wiggle,Female,3,,START
6007.481,D:/Pipefish Mesocosm Film/Trial 5/9-12-20/9-12 AM 03.MTS,7233.380,25.0,Female,Pose,,S pose,Female,Front,,STOP
6007.482,D:/Pipefish Mesocosm Film/Trial 5/9-12-20/9-12 AM 03.MTS,7233.380,25.0,Female,Inactive,,,,,,START
6010.424,D:/Pipefish Mesocosm Film/Trial 5/9-12-20/9-12 AM 03.MTS,7233.380,25.0,Male,Wiggle,Courtship,Active wiggle,Female,3,,STOP
6010.425,D:/Pipefish Mesocosm Film/Trial 5/9-12-20/9-12 AM 03.MTS,7233.380,25.0,Male,Inactive,,,,,,START
6027.986,D:/Pipefish Mesocosm Film/Trial 5/9-12-20/9-12 AM 03.MTS,7233.380,25.0,Female,Inactive,,,,,,STOP
6027.987,D:/Pipefish Mesocosm Film/Trial 5/9-12-20/9-12 AM 03.MTS,7233.380,25.0,Second female,Wiggle,Courtship,Active wiggle,Male,4,,START
6032.163,D:/Pipefish Mesocosm Film/Trial 5/9-12-20/9-12 AM 03.MTS,7233.380,25.0,Second female,Wiggle,Courtship,Active wiggle,Male,4,,STOP
6032.164,D:/Pipefish Mesocosm Film/Trial 5/9-12-20/9-12 AM 03.MTS,7233.380,25.0,Second female,Inactive,,,,,,START
6063.119,D:/Pipefish Mesocosm Film/Trial 5/9-12-20/9-12 AM 03.MTS,7233.380,25.0,Second female,Inactive,,,,,,STOP
6063.974,D:/Pipefish Mesocosm Film/Trial 5/9-12-20/9-12 AM 03.MTS,7233.380,25.0,Second female,Leave group,,,,,,POINT
6082.774,D:/Pipefish Mesocosm Film/Trial 5/9-12-20/9-12 AM 03.MTS,7233.380,25.0,Male,Inactive,,,,,,STOP
6082.775,D:/Pipefish Mesocosm Film/Trial 5/9-12-20/9-12 AM 03.MTS,7233.380,25.0,Male,Wiggle,Courtship,Active wiggle,Female,3,,START
6085.431,D:/Pipefish Mesocosm Film/Trial 5/9-12-20/9-12 AM 03.MTS,7233.380,25.0,Male,Wiggle,Courtship,Active wiggle,Female,3,,STOP
6085.432,D:/Pipefish Mesocosm Film/Trial 5/9-12-20/9-12 AM 03.MTS,7233.380,25.0,Male,Inactive,,,,,,START
6118.566,D:/Pipefish Mesocosm Film/Trial 5/9-12-20/9-12 AM 03.MTS,7233.380,25.0,Female,Pose,,Non-s pose,Male,Front,,START
6121.032,D:/Pipefish Mesocosm Film/Trial 5/9-12-20/9-12 AM 03.MTS,7233.380,25.0,Female,Pose,,Non-s pose,Male,Front,,STOP
6121.033,D:/Pipefish Mesocosm Film/Trial 5/9-12-20/9-12 AM 03.MTS,7233.380,25.0,Female,Inactive,,,,,,START
6134.326,D:/Pipefish Mesocosm Film/Trial 5/9-12-20/9-12 AM 03.MTS,7233.380,25.0,Male,Inactive,,,,,,STOP
6134.327,D:/Pipefish Mesocosm Film/Trial 5/9-12-20/9-12 AM 03.MTS,7233.380,25.0,Male,Wiggle,Courtship,Active wiggle,Female,2,,START
6137.934,D:/Pipefish Mesocosm Film/Trial 5/9-12-20/9-12 AM 03.MTS,7233.380,25.0,Male,Wiggle,Courtship,Active wiggle,Female,2,,STOP
6137.935,D:/Pipefish Mesocosm Film/Trial 5/9-12-20/9-12 AM 03.MTS,7233.380,25.0,Male,Inactive,,,,,,START
6250.348,D:/Pipefish Mesocosm Film/Trial 5/9-12-20/9-12 AM 03.MTS,7233.380,25.0,Female,Inactive,,,,,,STOP
6250.444,D:/Pipefish Mesocosm Film/Trial 5/9-12-20/9-12 AM 03.MTS,7233.380,25.0,Male,Inactive,,,,,,STOP
6251.679,D:/Pipefish Mesocosm Film/Trial 5/9-12-20/9-12 AM 03.MTS,7233.380,25.0,,Stop,,,,,,POINT
6306.176,D:/Pipefish Mesocosm Film/Trial 5/9-12-20/9-12 AM 03.MTS,7233.380,25.0,,Start,,,,,,POINT
6306.176,D:/Pipefish Mesocosm Film/Trial 5/9-12-20/9-12 AM 03.MTS,7233.380,25.0,Female,Wiggle,Courtship,Subtle wiggle,Female,2,,START
6309.882,D:/Pipefish Mesocosm Film/Trial 5/9-12-20/9-12 AM 03.MTS,7233.380,25.0,Second female,Pose,,S pose,Female,Front,,START
6312.064,D:/Pipefish Mesocosm Film/Trial 5/9-12-20/9-12 AM 03.MTS,7233.380,25.0,Female,Wiggle,Courtship,Subtle wiggle,Female,2,,STOP
6312.065,D:/Pipefish Mesocosm Film/Trial 5/9-12-20/9-12 AM 03.MTS,7233.380,25.0,Female,Pose,,S pose,Female,Front,,START
6313.584,D:/Pipefish Mesocosm Film/Trial 5/9-12-20/9-12 AM 03.MTS,7233.380,25.0,Second female,Pose,,S pose,Female,Front,,STOP
6313.585,D:/Pipefish Mesocosm Film/Trial 5/9-12-20/9-12 AM 03.MTS,7233.380,25.0,Second female,Inactive,,,,,,START
6314.911,D:/Pipefish Mesocosm Film/Trial 5/9-12-20/9-12 AM 03.MTS,7233.380,25.0,Female,Pose,,S pose,Female,Front,,STOP
6314.912,D:/Pipefish Mesocosm Film/Trial 5/9-12-20/9-12 AM 03.MTS,7233.380,25.0,Female,Wiggle,Courtship,Active wiggle,Female,2,,START
6318.333,D:/Pipefish Mesocosm Film/Trial 5/9-12-20/9-12 AM 03.MTS,7233.380,25.0,Female,Wiggle,Courtship,Active wiggle,Female,2,,STOP
6318.334,D:/Pipefish Mesocosm Film/Trial 5/9-12-20/9-12 AM 03.MTS,7233.380,25.0,Female,Out of sight,,,,,,START
6325.924,D:/Pipefish Mesocosm Film/Trial 5/9-12-20/9-12 AM 03.MTS,7233.380,25.0,Female,Out of sight,,,,,,STOP
6325.925,D:/Pipefish Mesocosm Film/Trial 5/9-12-20/9-12 AM 03.MTS,7233.380,25.0,Female,Inactive,,,,,,START
6349.001,D:/Pipefish Mesocosm Film/Trial 5/9-12-20/9-12 AM 03.MTS,7233.380,25.0,Female,Inactive,,,,,,STOP
6349.001,D:/Pipefish Mesocosm Film/Trial 5/9-12-20/9-12 AM 03.MTS,7233.380,25.0,Second female,Inactive,,,,,,STOP
6349.567,D:/Pipefish Mesocosm Film/Trial 5/9-12-20/9-12 AM 03.MTS,7233.380,25.0,,Stop,,,,,,POINT
6418.970,D:/Pipefish Mesocosm Film/Trial 5/9-12-20/9-12 AM 03.MTS,7233.380,25.0,,Start,,,,,,POINT
6418.970,D:/Pipefish Mesocosm Film/Trial 5/9-12-20/9-12 AM 03.MTS,7233.380,25.0,Female,Pose,,S pose,Female,Front,,START
6422.106,D:/Pipefish Mesocosm Film/Trial 5/9-12-20/9-12 AM 03.MTS,7233.380,25.0,Second female,Pose,,S pose,Female,Front,,START
6424.381,D:/Pipefish Mesocosm Film/Trial 5/9-12-20/9-12 AM 03.MTS,7233.380,25.0,Second female,Pose,,S pose,Female,Front,,STOP
6424.382,D:/Pipefish Mesocosm Film/Trial 5/9-12-20/9-12 AM 03.MTS,7233.380,25.0,Second female,Swim away,,,,,,START
6425.143,D:/Pipefish Mesocosm Film/Trial 5/9-12-20/9-12 AM 03.MTS,7233.380,25.0,Female,Pose,,S pose,Female,Front,,STOP
6425.144,D:/Pipefish Mesocosm Film/Trial 5/9-12-20/9-12 AM 03.MTS,7233.380,25.0,Female,Chasing,,,,,,START
6428.244,D:/Pipefish Mesocosm Film/Trial 5/9-12-20/9-12 AM 03.MTS,7233.380,25.0,Female,Chasing,,,,,,STOP
6428.245,D:/Pipefish Mesocosm Film/Trial 5/9-12-20/9-12 AM 03.MTS,7233.380,25.0,Female,Inactive,,,,,,START
6428.563,D:/Pipefish Mesocosm Film/Trial 5/9-12-20/9-12 AM 03.MTS,7233.380,25.0,Second female,Swim away,,,,,,STOP
6428.564,D:/Pipefish Mesocosm Film/Trial 5/9-12-20/9-12 AM 03.MTS,7233.380,25.0,Second female,Inactive,,,,,,START
6448.691,D:/Pipefish Mesocosm Film/Trial 5/9-12-20/9-12 AM 03.MTS,7233.380,25.0,Second female,Inactive,,,,,,STOP
6449.829,D:/Pipefish Mesocosm Film/Trial 5/9-12-20/9-12 AM 03.MTS,7233.380,25.0,Female,Inactive,,,,,,STOP
6454.388,D:/Pipefish Mesocosm Film/Trial 5/9-12-20/9-12 AM 03.MTS,7233.380,25.0,,Stop,,,,,,POINT
6506.517,D:/Pipefish Mesocosm Film/Trial 5/9-12-20/9-12 AM 03.MTS,7233.380,25.0,,Start,,,,,,POINT
6507.937,D:/Pipefish Mesocosm Film/Trial 5/9-12-20/9-12 AM 03.MTS,7233.380,25.0,Male,Inactive,,,,,,START
6509.362,D:/Pipefish Mesocosm Film/Trial 5/9-12-20/9-12 AM 03.MTS,7233.380,25.0,Female,Pose,,S pose,Male,Front,,START
6511.446,D:/Pipefish Mesocosm Film/Trial 5/9-12-20/9-12 AM 03.MTS,7233.380,25.0,Female,Pose,,S pose,Male,Front,,STOP
6511.447,D:/Pipefish Mesocosm Film/Trial 5/9-12-20/9-12 AM 03.MTS,7233.380,25.0,Female,Wiggle,Courtship,Active wiggle,Male,2,,START
6517.903,D:/Pipefish Mesocosm Film/Trial 5/9-12-20/9-12 AM 03.MTS,7233.380,25.0,Female,Wiggle,Courtship,Active wiggle,Male,2,,STOP
6517.904,D:/Pipefish Mesocosm Film/Trial 5/9-12-20/9-12 AM 03.MTS,7233.380,25.0,Female,Inactive,,,,,,START
6562.149,D:/Pipefish Mesocosm Film/Trial 5/9-12-20/9-12 AM 03.MTS,7233.380,25.0,Female,Inactive,,,,,,STOP
6562.908,D:/Pipefish Mesocosm Film/Trial 5/9-12-20/9-12 AM 03.MTS,7233.380,25.0,Male,Inactive,,,,,,STOP
6562.910,D:/Pipefish Mesocosm Film/Trial 5/9-12-20/9-12 AM 03.MTS,7233.380,25.0,,Stop,,,,,,POINT
6720.136,D:/Pipefish Mesocosm Film/Trial 5/9-12-20/9-12 AM 03.MTS,7233.380,25.0,,Start,,,,,,POINT
6720.136,D:/Pipefish Mesocosm Film/Trial 5/9-12-20/9-12 AM 03.MTS,7233.380,25.0,Male,Wiggle,Courtship,Active wiggle,Female,2,,START
6720.902,D:/Pipefish Mesocosm Film/Trial 5/9-12-20/9-12 AM 03.MTS,7233.380,25.0,Female,Pose,,S pose,Male,Front,,START
6725.073,D:/Pipefish Mesocosm Film/Trial 5/9-12-20/9-12 AM 03.MTS,7233.380,25.0,Female,Pose,,S pose,Male,Front,,STOP
6725.074,D:/Pipefish Mesocosm Film/Trial 5/9-12-20/9-12 AM 03.MTS,7233.380,25.0,Female,Wiggle,Courtship,Active wiggle,Male,2,,START
6725.549,D:/Pipefish Mesocosm Film/Trial 5/9-12-20/9-12 AM 03.MTS,7233.380,25.0,Male,Wiggle,Courtship,Active wiggle,Female,2,,STOP
6725.550,D:/Pipefish Mesocosm Film/Trial 5/9-12-20/9-12 AM 03.MTS,7233.380,25.0,Male,Inactive,,,,,,START
6727.923,D:/Pipefish Mesocosm Film/Trial 5/9-12-20/9-12 AM 03.MTS,7233.380,25.0,Female,Wiggle,Courtship,Active wiggle,Male,2,,STOP
6727.924,D:/Pipefish Mesocosm Film/Trial 5/9-12-20/9-12 AM 03.MTS,7233.380,25.0,Female,Inactive,,,,,,START
6736.963,D:/Pipefish Mesocosm Film/Trial 5/9-12-20/9-12 AM 03.MTS,7233.380,25.0,Male,Move away,,,,,,POINT
6740.648,D:/Pipefish Mesocosm Film/Trial 5/9-12-20/9-12 AM 03.MTS,7233.380,25.0,Male,Inactive,,,,,,STOP
6740.649,D:/Pipefish Mesocosm Film/Trial 5/9-12-20/9-12 AM 03.MTS,7233.380,25.0,Male,Wiggle,Courtship,Active wiggle,Female,2,,START
6742.448,D:/Pipefish Mesocosm Film/Trial 5/9-12-20/9-12 AM 03.MTS,7233.380,25.0,Second female,Inactive,,,,,,START
6742.829,D:/Pipefish Mesocosm Film/Trial 5/9-12-20/9-12 AM 03.MTS,7233.380,25.0,Male,Wiggle,Courtship,Active wiggle,Female,2,,STOP
6742.830,D:/Pipefish Mesocosm Film/Trial 5/9-12-20/9-12 AM 03.MTS,7233.380,25.0,Male,Inactive,,,,,,START
6771.405,D:/Pipefish Mesocosm Film/Trial 5/9-12-20/9-12 AM 03.MTS,7233.380,25.0,Female,Inactive,,,,,,STOP
6771.405,D:/Pipefish Mesocosm Film/Trial 5/9-12-20/9-12 AM 03.MTS,7233.380,25.0,Male,Inactive,,,,,,STOP
6771.405,D:/Pipefish Mesocosm Film/Trial 5/9-12-20/9-12 AM 03.MTS,7233.380,25.0,Second female,Inactive,,,,,,STOP
6771.406,D:/Pipefish Mesocosm Film/Trial 5/9-12-20/9-12 AM 03.MTS,7233.380,25.0,,Stop,,,,,,POINT
6771.407,D:/Pipefish Mesocosm Film/Trial 5/9-12-20/9-12 AM 03.MTS,7233.380,25.0,,Start,,,,,,POINT
6771.407,D:/Pipefish Mesocosm Film/Trial 5/9-12-20/9-12 AM 03.MTS,7233.380,25.0,Female,Wiggle,Courtship,Active wiggle,Male,2,,START
6773.876,D:/Pipefish Mesocosm Film/Trial 5/9-12-20/9-12 AM 03.MTS,7233.380,25.0,Male,Inactive,,,,,,START
6774.826,D:/Pipefish Mesocosm Film/Trial 5/9-12-20/9-12 AM 03.MTS,7233.380,25.0,Female,Wiggle,Courtship,Active wiggle,Male,2,,STOP
6774.827,D:/Pipefish Mesocosm Film/Trial 5/9-12-20/9-12 AM 03.MTS,7233.380,25.0,Female,Inactive,,,,,,START
6842.240,D:/Pipefish Mesocosm Film/Trial 5/9-12-20/9-12 AM 03.MTS,7233.380,25.0,Female,Inactive,,,,,,STOP
6842.240,D:/Pipefish Mesocosm Film/Trial 5/9-12-20/9-12 AM 03.MTS,7233.380,25.0,Male,Inactive,,,,,,STOP
6842.807,D:/Pipefish Mesocosm Film/Trial 5/9-12-20/9-12 AM 03.MTS,7233.380,25.0,,Stop,,,,,,POINT
6917.242,D:/Pipefish Mesocosm Film/Trial 5/9-12-20/9-12 AM 03.MTS,7233.380,25.0,,Start,,,,,,POINT
6917.242,D:/Pipefish Mesocosm Film/Trial 5/9-12-20/9-12 AM 03.MTS,7233.380,25.0,Male,Wiggle,Courtship,Active wiggle,Female,2,,START
6920.661,D:/Pipefish Mesocosm Film/Trial 5/9-12-20/9-12 AM 03.MTS,7233.380,25.0,Female,Inactive,,,,,,START
6923.037,D:/Pipefish Mesocosm Film/Trial 5/9-12-20/9-12 AM 03.MTS,7233.380,25.0,Male,Wiggle,Courtship,Active wiggle,Female,2,,STOP
6923.038,D:/Pipefish Mesocosm Film/Trial 5/9-12-20/9-12 AM 03.MTS,7233.380,25.0,Male,Inactive,,,,,,START
6934.525,D:/Pipefish Mesocosm Film/Trial 5/9-12-20/9-12 AM 03.MTS,7233.380,25.0,Female,Inactive,,,,,,STOP
6934.714,D:/Pipefish Mesocosm Film/Trial 5/9-12-20/9-12 AM 03.MTS,7233.380,25.0,Male,Inactive,,,,,,STOP
6935.376,D:/Pipefish Mesocosm Film/Trial 5/9-12-20/9-12 AM 03.MTS,7233.380,25.0,,Stop,,,,,,POINT
6972.024,D:/Pipefish Mesocosm Film/Trial 5/9-12-20/9-12 AM 03.MTS,7233.380,25.0,,Start,,,,,,POINT
6972.026,D:/Pipefish Mesocosm Film/Trial 5/9-12-20/9-12 AM 03.MTS,7233.380,25.0,Male,Wiggle,Courtship,Active wiggle,Female,2,,START
6975.637,D:/Pipefish Mesocosm Film/Trial 5/9-12-20/9-12 AM 03.MTS,7233.380,25.0,Male,Wiggle,Courtship,Active wiggle,Female,2,,STOP
6975.638,D:/Pipefish Mesocosm Film/Trial 5/9-12-20/9-12 AM 03.MTS,7233.380,25.0,Male,Inactive,,,,,,START
6975.727,D:/Pipefish Mesocosm Film/Trial 5/9-12-20/9-12 AM 03.MTS,7233.380,25.0,Female,Wiggle,Courtship,Active wiggle,Male,2,,START
6981.901,D:/Pipefish Mesocosm Film/Trial 5/9-12-20/9-12 AM 03.MTS,7233.380,25.0,Female,Wiggle,Courtship,Active wiggle,Male,2,,STOP
6981.902,D:/Pipefish Mesocosm Film/Trial 5/9-12-20/9-12 AM 03.MTS,7233.380,25.0,Female,Inactive,,,,,,START
6989.495,D:/Pipefish Mesocosm Film/Trial 5/9-12-20/9-12 AM 03.MTS,7233.380,25.0,Female,Inactive,,,,,,STOP
6989.496,D:/Pipefish Mesocosm Film/Trial 5/9-12-20/9-12 AM 03.MTS,7233.380,25.0,Female,Swim away,,,,,,START
6993.483,D:/Pipefish Mesocosm Film/Trial 5/9-12-20/9-12 AM 03.MTS,7233.380,25.0,Female,Swim away,,,,,,STOP
6993.484,D:/Pipefish Mesocosm Film/Trial 5/9-12-20/9-12 AM 03.MTS,7233.380,25.0,Female,Inactive,,,,,,START
7033.360,D:/Pipefish Mesocosm Film/Trial 5/9-12-20/9-12 AM 03.MTS,7233.380,25.0,Female,Inactive,,,,,,STOP
7033.838,D:/Pipefish Mesocosm Film/Trial 5/9-12-20/9-12 AM 03.MTS,7233.380,25.0,Male,Inactive,,,,,,STOP
7034.502,D:/Pipefish Mesocosm Film/Trial 5/9-12-20/9-12 AM 03.MTS,7233.380,25.0,,Stop,,,,,,POINT
7070.202,D:/Pipefish Mesocosm Film/Trial 5/9-12-20/9-12 AM 03.MTS,7233.380,25.0,,Start,,,,,,POINT
7071.149,D:/Pipefish Mesocosm Film/Trial 5/9-12-20/9-12 AM 03.MTS,7233.380,25.0,Male,Wiggle,Courtship,Active wiggle,Female,2,,START
7072.668,D:/Pipefish Mesocosm Film/Trial 5/9-12-20/9-12 AM 03.MTS,7233.380,25.0,Female,Inactive,,,,,,START
7077.798,D:/Pipefish Mesocosm Film/Trial 5/9-12-20/9-12 AM 03.MTS,7233.380,25.0,Male,Wiggle,Courtship,Active wiggle,Female,2,,STOP
7077.799,D:/Pipefish Mesocosm Film/Trial 5/9-12-20/9-12 AM 03.MTS,7233.380,25.0,Male,Inactive,,,,,,START
7078.078,D:/Pipefish Mesocosm Film/Trial 5/9-12-20/9-12 AM 03.MTS,7233.380,25.0,Female,Inactive,,,,,,STOP
7078.079,D:/Pipefish Mesocosm Film/Trial 5/9-12-20/9-12 AM 03.MTS,7233.380,25.0,Female,Pose,,S pose,Male,Front,,START
7079.882,D:/Pipefish Mesocosm Film/Trial 5/9-12-20/9-12 AM 03.MTS,7233.380,25.0,Female,Pose,,S pose,Male,Front,,STOP
7079.883,D:/Pipefish Mesocosm Film/Trial 5/9-12-20/9-12 AM 03.MTS,7233.380,25.0,Female,Wiggle,Courtship,Active wiggle,Male,3,,START
7085.010,D:/Pipefish Mesocosm Film/Trial 5/9-12-20/9-12 AM 03.MTS,7233.380,25.0,Female,Wiggle,Courtship,Active wiggle,Male,3,,STOP
7085.011,D:/Pipefish Mesocosm Film/Trial 5/9-12-20/9-12 AM 03.MTS,7233.380,25.0,Female,Inactive,,,,,,START
7087.099,D:/Pipefish Mesocosm Film/Trial 5/9-12-20/9-12 AM 03.MTS,7233.380,25.0,Female,Move away,,,,,,POINT
7105.520,D:/Pipefish Mesocosm Film/Trial 5/9-12-20/9-12 AM 03.MTS,7233.380,25.0,Male,Inactive,,,,,,STOP
7105.521,D:/Pipefish Mesocosm Film/Trial 5/9-12-20/9-12 AM 03.MTS,7233.380,25.0,Male,Wiggle,Courtship,Subtle wiggle,Female,3,,START
7108.748,D:/Pipefish Mesocosm Film/Trial 5/9-12-20/9-12 AM 03.MTS,7233.380,25.0,Male,Wiggle,Courtship,Subtle wiggle,Female,3,,STOP
7108.749,D:/Pipefish Mesocosm Film/Trial 5/9-12-20/9-12 AM 03.MTS,7233.380,25.0,Male,Inactive,,,,,,START
7115.583,D:/Pipefish Mesocosm Film/Trial 5/9-12-20/9-12 AM 03.MTS,7233.380,25.0,Second female,Touch,,,,,,POINT
7116.248,D:/Pipefish Mesocosm Film/Trial 5/9-12-20/9-12 AM 03.MTS,7233.380,25.0,Female,Move away,,,,,,POINT
7166.281,D:/Pipefish Mesocosm Film/Trial 5/9-12-20/9-12 AM 03.MTS,7233.380,25.0,Male,Inactive,,,,,,STOP
7166.282,D:/Pipefish Mesocosm Film/Trial 5/9-12-20/9-12 AM 03.MTS,7233.380,25.0,Male,Wiggle,Courtship,Active wiggle,Female,3,,START
7169.133,D:/Pipefish Mesocosm Film/Trial 5/9-12-20/9-12 AM 03.MTS,7233.380,25.0,Male,Wiggle,Courtship,Active wiggle,Female,3,,STOP
7169.134,D:/Pipefish Mesocosm Film/Trial 5/9-12-20/9-12 AM 03.MTS,7233.380,25.0,Male,Inactive,,,,,,START
7181.665,D:/Pipefish Mesocosm Film/Trial 5/9-12-20/9-12 AM 03.MTS,7233.380,25.0,Female,Inactive,,,,,,STOP
7181.666,D:/Pipefish Mesocosm Film/Trial 5/9-12-20/9-12 AM 03.MTS,7233.380,25.0,Female,Pose,,S pose,Male,Front,,START
7182.612,D:/Pipefish Mesocosm Film/Trial 5/9-12-20/9-12 AM 03.MTS,7233.380,25.0,Male,Inactive,,,,,,STOP
7182.613,D:/Pipefish Mesocosm Film/Trial 5/9-12-20/9-12 AM 03.MTS,7233.380,25.0,Male,Wiggle,Courtship,Active wiggle,Female,2,,START
7186.698,D:/Pipefish Mesocosm Film/Trial 5/9-12-20/9-12 AM 03.MTS,7233.380,25.0,Male,Wiggle,Courtship,Active wiggle,Female,2,,STOP
7186.699,D:/Pipefish Mesocosm Film/Trial 5/9-12-20/9-12 AM 03.MTS,7233.380,25.0,Male,Inactive,,,,,,START
7188.596,D:/Pipefish Mesocosm Film/Trial 5/9-12-20/9-12 AM 03.MTS,7233.380,25.0,Female,Pose,,S pose,Male,Front,,STOP
7188.597,D:/Pipefish Mesocosm Film/Trial 5/9-12-20/9-12 AM 03.MTS,7233.380,25.0,Female,Inactive,,,,,,START
7191.444,D:/Pipefish Mesocosm Film/Trial 5/9-12-20/9-12 AM 03.MTS,7233.380,25.0,Male,Inactive,,,,,,STOP
7191.445,D:/Pipefish Mesocosm Film/Trial 5/9-12-20/9-12 AM 03.MTS,7233.380,25.0,Male,Surrounding,,,,,,START
7192.204,D:/Pipefish Mesocosm Film/Trial 5/9-12-20/9-12 AM 03.MTS,7233.380,25.0,Female,Inactive,,,,,,STOP
7192.205,D:/Pipefish Mesocosm Film/Trial 5/9-12-20/9-12 AM 03.MTS,7233.380,25.0,Female,Swim away,,,,,,START
7194.671,D:/Pipefish Mesocosm Film/Trial 5/9-12-20/9-12 AM 03.MTS,7233.380,25.0,Female,Swim away,,,,,,STOP
7194.672,D:/Pipefish Mesocosm Film/Trial 5/9-12-20/9-12 AM 03.MTS,7233.380,25.0,Female,Inactive,,,,,,START
7201.602,D:/Pipefish Mesocosm Film/Trial 5/9-12-20/9-12 AM 03.MTS,7233.380,25.0,Female,Inactive,,,,,,STOP
7201.603,D:/Pipefish Mesocosm Film/Trial 5/9-12-20/9-12 AM 03.MTS,7233.380,25.0,Female,Swim away,,,,,,START
7206.161,D:/Pipefish Mesocosm Film/Trial 5/9-12-20/9-12 AM 03.MTS,7233.380,25.0,Female,Swim away,,,,,,STOP
7206.162,D:/Pipefish Mesocosm Film/Trial 5/9-12-20/9-12 AM 03.MTS,7233.380,25.0,Female,Inactive,,,,,,START
7206.633,D:/Pipefish Mesocosm Film/Trial 5/9-12-20/9-12 AM 03.MTS,7233.380,25.0,Male,Surrounding,,,,,,STOP
7206.634,D:/Pipefish Mesocosm Film/Trial 5/9-12-20/9-12 AM 03.MTS,7233.380,25.0,Male,Inactive,,,,,,START
7227.238,D:/Pipefish Mesocosm Film/Trial 5/9-12-20/9-12 AM 03.MTS,7233.380,25.0,Female,Inactive,,,,,,STOP
7227.239,D:/Pipefish Mesocosm Film/Trial 5/9-12-20/9-12 AM 03.MTS,7233.380,25.0,Female,Pose,,S pose,Male,Front,,START
7232.630,D:/Pipefish Mesocosm Film/Trial 5/9-12-20/9-12 AM 03.MTS,7233.380,25.0,Female,Pose,,S pose,Male,Front,,STOP
7232.631,D:/Pipefish Mesocosm Film/Trial 5/9-12-20/9-12 AM 03.MTS,7233.380,25.0,Female,Inactive,,,,,,START
7233.369,D:/Pipefish Mesocosm Film/Trial 5/9-12-20/9-12 AM 03.MTS,7233.380,25.0,Female,Inactive,,,,,,STOP
7233.369,D:/Pipefish Mesocosm Film/Trial 5/9-12-20/9-12 AM 03.MTS,7233.380,25.0,Male,Inactive,,,,,,STOP
7233.370,D:/Pipefish Mesocosm Film/Trial 5/9-12-20/9-12 AM 03.MTS,7233.380,25.0,,Stop,,,,,,POINT
