Observation id,T506N_01,,,,,,,,,,
,,,,,,,,,,,
Media file(s),,,,,,,,,,,
,,,,,,,,,,,
Player #1,D:/Pipefish Mesocosm Film/Trial 5/10-12-20/10-12 Noon 01.MTS,,,,,,,,,,
,,,,,,,,,,,
Observation date,2022-01-27 15:23:50,,,,,,,,,,
,,,,,,,,,,,
Description,,,,,,,,,,,
,,,,,,,,,,,
Time offset (s),0.0,,,,,,,,,,
,,,,,,,,,,,
independent variables,,,,,,,,,,,
variable,value,,,,,,,,,,
Number in group,,,,,,,,,,,
Time of day,,,,,,,,,,,
,,,,,,,,,,,
Time,Media file path,Total length,FPS,Subject,Behavior,Behavioral category,Modifier 1,Modifier 2,Modifier 3,Comment,Status
68.970,D:/Pipefish Mesocosm Film/Trial 5/10-12-20/10-12 Noon 01.MTS,2853.140,25.0,,Start,,,,,,POINT
68.970,D:/Pipefish Mesocosm Film/Trial 5/10-12-20/10-12 Noon 01.MTS,2853.140,25.0,Female,Pose,,S pose,Male,Front,,START
69.825,D:/Pipefish Mesocosm Film/Trial 5/10-12-20/10-12 Noon 01.MTS,2853.140,25.0,Male,Inactive,,,,,,START
72.482,D:/Pipefish Mesocosm Film/Trial 5/10-12-20/10-12 Noon 01.MTS,2853.140,25.0,Female,Pose,,S pose,Male,Front,,STOP
72.483,D:/Pipefish Mesocosm Film/Trial 5/10-12-20/10-12 Noon 01.MTS,2853.140,25.0,Female,Inactive,,,,,,START
80.269,D:/Pipefish Mesocosm Film/Trial 5/10-12-20/10-12 Noon 01.MTS,2853.140,25.0,Male,Inactive,,,,,,STOP
80.270,D:/Pipefish Mesocosm Film/Trial 5/10-12-20/10-12 Noon 01.MTS,2853.140,25.0,Male,Wiggle,Courtship,Subtle wiggle,Female,3,,START
82.167,D:/Pipefish Mesocosm Film/Trial 5/10-12-20/10-12 Noon 01.MTS,2853.140,25.0,Male,Wiggle,Courtship,Subtle wiggle,Female,3,,STOP
82.168,D:/Pipefish Mesocosm Film/Trial 5/10-12-20/10-12 Noon 01.MTS,2853.140,25.0,Male,Inactive,,,,,,START
132.108,D:/Pipefish Mesocosm Film/Trial 5/10-12-20/10-12 Noon 01.MTS,2853.140,25.0,Female,Inactive,,,,,,STOP
132.109,D:/Pipefish Mesocosm Film/Trial 5/10-12-20/10-12 Noon 01.MTS,2853.140,25.0,Female,Pose,,Non-s pose,Male,Front,,START
135.240,D:/Pipefish Mesocosm Film/Trial 5/10-12-20/10-12 Noon 01.MTS,2853.140,25.0,Female,Pose,,Non-s pose,Male,Front,,STOP
135.241,D:/Pipefish Mesocosm Film/Trial 5/10-12-20/10-12 Noon 01.MTS,2853.140,25.0,Female,Inactive,,,,,,START
200.470,D:/Pipefish Mesocosm Film/Trial 5/10-12-20/10-12 Noon 01.MTS,2853.140,25.0,Female,Inactive,,,,,,STOP
200.470,D:/Pipefish Mesocosm Film/Trial 5/10-12-20/10-12 Noon 01.MTS,2853.140,25.0,Male,Inactive,,,,,,STOP
200.754,D:/Pipefish Mesocosm Film/Trial 5/10-12-20/10-12 Noon 01.MTS,2853.140,25.0,,Stop,,,,,,POINT
