Observation id,T506AM_03,,,,,,,,,,
,,,,,,,,,,,
Media file(s),,,,,,,,,,,
,,,,,,,,,,,
Player #1,D:/Pipefish Mesocosm Film/Trial 5/10-12-20/10-12 AM 01.MTS,,,,,,,,,,
Player #1,D:/Pipefish Mesocosm Film/Trial 5/10-12-20/10-12 AM 02.MTS,,,,,,,,,,
Player #1,D:/Pipefish Mesocosm Film/Trial 5/10-12-20/10-12 AM 03.MTS,,,,,,,,,,
,,,,,,,,,,,
Observation date,2021-07-14 08:56:38,,,,,,,,,,
,,,,,,,,,,,
Description,"Videos T506 AM 01, 02 and 03 extras groups ",,,,,,,,,,
,,,,,,,,,,,
Time offset (s),0.0,,,,,,,,,,
,,,,,,,,,,,
independent variables,,,,,,,,,,,
variable,value,,,,,,,,,,
Number in group,,,,,,,,,,,
Time of day,AM,,,,,,,,,,
,,,,,,,,,,,
Time,Media file path,Total length,FPS,Subject,Behavior,Behavioral category,Modifier 1,Modifier 2,Modifier 3,Comment,Status
842.490,D:/Pipefish Mesocosm Film/Trial 5/10-12-20/10-12 AM 01.MTS,7228.100,25.0,,Start,,,,,,POINT
842.491,D:/Pipefish Mesocosm Film/Trial 5/10-12-20/10-12 AM 01.MTS,7228.100,25.0,Second female,Pose,,S pose,Female,Front,,START
842.587,D:/Pipefish Mesocosm Film/Trial 5/10-12-20/10-12 AM 01.MTS,7228.100,25.0,Female,Pose,,S pose,Female,Front,,START
844.768,D:/Pipefish Mesocosm Film/Trial 5/10-12-20/10-12 AM 01.MTS,7228.100,25.0,Second female,Pose,,S pose,Female,Front,,STOP
844.769,D:/Pipefish Mesocosm Film/Trial 5/10-12-20/10-12 AM 01.MTS,7228.100,25.0,Second female,Inactive,,,,,,START
847.142,D:/Pipefish Mesocosm Film/Trial 5/10-12-20/10-12 AM 01.MTS,7228.100,25.0,Female,Pose,,S pose,Female,Front,,STOP
847.143,D:/Pipefish Mesocosm Film/Trial 5/10-12-20/10-12 AM 01.MTS,7228.100,25.0,Female,Inactive,,,,,,START
847.143,D:/Pipefish Mesocosm Film/Trial 5/10-12-20/10-12 AM 01.MTS,7228.100,25.0,Second female,Inactive,,,,,,STOP
851.184,D:/Pipefish Mesocosm Film/Trial 5/10-12-20/10-12 AM 01.MTS,7228.100,25.0,Female,Inactive,,,,,,STOP
851.186,D:/Pipefish Mesocosm Film/Trial 5/10-12-20/10-12 AM 01.MTS,7228.100,25.0,,Stop,,,,,,POINT
1247.240,D:/Pipefish Mesocosm Film/Trial 5/10-12-20/10-12 AM 01.MTS,7228.100,25.0,,Start,,,,,,POINT
1248.380,D:/Pipefish Mesocosm Film/Trial 5/10-12-20/10-12 AM 01.MTS,7228.100,25.0,Female,Pose,,S pose,Female,Front,,START
1248.570,D:/Pipefish Mesocosm Film/Trial 5/10-12-20/10-12 AM 01.MTS,7228.100,25.0,Second female,Pose,,S pose,Female,Front,,START
1258.539,D:/Pipefish Mesocosm Film/Trial 5/10-12-20/10-12 AM 01.MTS,7228.100,25.0,Female,Pose,,S pose,Female,Front,,STOP
1258.540,D:/Pipefish Mesocosm Film/Trial 5/10-12-20/10-12 AM 01.MTS,7228.100,25.0,Female,Inactive,,,,,,START
1258.634,D:/Pipefish Mesocosm Film/Trial 5/10-12-20/10-12 AM 01.MTS,7228.100,25.0,Second female,Pose,,S pose,Female,Front,,STOP
1258.635,D:/Pipefish Mesocosm Film/Trial 5/10-12-20/10-12 AM 01.MTS,7228.100,25.0,Second female,Inactive,,,,,,START
1274.396,D:/Pipefish Mesocosm Film/Trial 5/10-12-20/10-12 AM 01.MTS,7228.100,25.0,Second female,Inactive,,,,,,STOP
1274.490,D:/Pipefish Mesocosm Film/Trial 5/10-12-20/10-12 AM 01.MTS,7228.100,25.0,Female,Inactive,,,,,,STOP
1275.631,D:/Pipefish Mesocosm Film/Trial 5/10-12-20/10-12 AM 01.MTS,7228.100,25.0,,Stop,,,,,,POINT
1818.715,D:/Pipefish Mesocosm Film/Trial 5/10-12-20/10-12 AM 01.MTS,7228.100,25.0,,Start,,,,,,POINT
1822.419,D:/Pipefish Mesocosm Film/Trial 5/10-12-20/10-12 AM 01.MTS,7228.100,25.0,Female,Inactive,,,,,,START
1822.419,D:/Pipefish Mesocosm Film/Trial 5/10-12-20/10-12 AM 01.MTS,7228.100,25.0,Male,Wiggle,Courtship,Active wiggle,Female,2,,START
1824.412,D:/Pipefish Mesocosm Film/Trial 5/10-12-20/10-12 AM 01.MTS,7228.100,25.0,Male,Wiggle,Courtship,Active wiggle,Female,2,,STOP
1824.413,D:/Pipefish Mesocosm Film/Trial 5/10-12-20/10-12 AM 01.MTS,7228.100,25.0,Female,Inactive,,,,,,STOP
1824.413,D:/Pipefish Mesocosm Film/Trial 5/10-12-20/10-12 AM 01.MTS,7228.100,25.0,Male,Inactive,,,,,,START
1824.414,D:/Pipefish Mesocosm Film/Trial 5/10-12-20/10-12 AM 01.MTS,7228.100,25.0,Female,Pose,,S pose,Male,Front,,START
1832.956,D:/Pipefish Mesocosm Film/Trial 5/10-12-20/10-12 AM 01.MTS,7228.100,25.0,Female,Pose,,S pose,Male,Front,,STOP
1832.957,D:/Pipefish Mesocosm Film/Trial 5/10-12-20/10-12 AM 01.MTS,7228.100,25.0,Female,Inactive,,,,,,START
1848.053,D:/Pipefish Mesocosm Film/Trial 5/10-12-20/10-12 AM 01.MTS,7228.100,25.0,Female,Inactive,,,,,,STOP
1848.623,D:/Pipefish Mesocosm Film/Trial 5/10-12-20/10-12 AM 01.MTS,7228.100,25.0,Male,Inactive,,,,,,STOP
1850.618,D:/Pipefish Mesocosm Film/Trial 5/10-12-20/10-12 AM 01.MTS,7228.100,25.0,,Stop,,,,,,POINT
3648.147,D:/Pipefish Mesocosm Film/Trial 5/10-12-20/10-12 AM 02.MTS,7228.100,25.0,,Start,,,,,,POINT
3648.147,D:/Pipefish Mesocosm Film/Trial 5/10-12-20/10-12 AM 02.MTS,7228.100,25.0,Male,Wiggle,Courtship,Active wiggle,Female,2,,START
3648.432,D:/Pipefish Mesocosm Film/Trial 5/10-12-20/10-12 AM 02.MTS,7228.100,25.0,Female,Inactive,,,,,,START
3654.694,D:/Pipefish Mesocosm Film/Trial 5/10-12-20/10-12 AM 02.MTS,7228.100,25.0,Male,Wiggle,Courtship,Active wiggle,Female,2,,STOP
3654.695,D:/Pipefish Mesocosm Film/Trial 5/10-12-20/10-12 AM 02.MTS,7228.100,25.0,Male,Inactive,,,,,,START
3694.288,D:/Pipefish Mesocosm Film/Trial 5/10-12-20/10-12 AM 02.MTS,7228.100,25.0,Female,Inactive,,,,,,STOP
3694.858,D:/Pipefish Mesocosm Film/Trial 5/10-12-20/10-12 AM 02.MTS,7228.100,25.0,Male,Inactive,,,,,,STOP
3695.523,D:/Pipefish Mesocosm Film/Trial 5/10-12-20/10-12 AM 02.MTS,7228.100,25.0,,Stop,,,,,,POINT
3782.618,D:/Pipefish Mesocosm Film/Trial 5/10-12-20/10-12 AM 02.MTS,7228.100,25.0,,Start,,,,,,POINT
3782.873,D:/Pipefish Mesocosm Film/Trial 5/10-12-20/10-12 AM 02.MTS,7228.100,25.0,Female,Inactive,,,,,,START
3783.538,D:/Pipefish Mesocosm Film/Trial 5/10-12-20/10-12 AM 02.MTS,7228.100,25.0,Male,Wiggle,Courtship,Active wiggle,Female,2,,START
3786.005,D:/Pipefish Mesocosm Film/Trial 5/10-12-20/10-12 AM 02.MTS,7228.100,25.0,Male,Wiggle,Courtship,Active wiggle,Female,2,,STOP
3786.006,D:/Pipefish Mesocosm Film/Trial 5/10-12-20/10-12 AM 02.MTS,7228.100,25.0,Male,Inactive,,,,,,START
3788.283,D:/Pipefish Mesocosm Film/Trial 5/10-12-20/10-12 AM 02.MTS,7228.100,25.0,Female,Inactive,,,,,,STOP
3788.284,D:/Pipefish Mesocosm Film/Trial 5/10-12-20/10-12 AM 02.MTS,7228.100,25.0,Female,Swim away,,,,,,START
3794.104,D:/Pipefish Mesocosm Film/Trial 5/10-12-20/10-12 AM 02.MTS,7228.100,25.0,Male,Inactive,,,,,,STOP
3794.551,D:/Pipefish Mesocosm Film/Trial 5/10-12-20/10-12 AM 02.MTS,7228.100,25.0,Female,Swim away,,,,,,STOP
3794.835,D:/Pipefish Mesocosm Film/Trial 5/10-12-20/10-12 AM 02.MTS,7228.100,25.0,,Stop,,,,,,POINT
