Observation id,T507N_01,,,,,,,,,,
,,,,,,,,,,,
Media file(s),,,,,,,,,,,
,,,,,,,,,,,
Player #1,D:/Pipefish Mesocosm Film/Trial 5/11-12-20/11-12 Noon 01.MTS,,,,,,,,,,
,,,,,,,,,,,
Observation date,2021-06-28 14:40:33,,,,,,,,,,
,,,,,,,,,,,
Description,Video T507 Noon 01. 7 female-female interaction events and 4 courtship events. ,,,,,,,,,,
,,,,,,,,,,,
Time offset (s),0.0,,,,,,,,,,
,,,,,,,,,,,
independent variables,,,,,,,,,,,
variable,value,,,,,,,,,,
Number in group,,,,,,,,,,,
Time of day,Noon,,,,,,,,,,
,,,,,,,,,,,
Time,Media file path,Total length,FPS,Subject,Behavior,Behavioral category,Modifier 1,Modifier 2,Modifier 3,Comment,Status
2.700,D:/Pipefish Mesocosm Film/Trial 5/11-12-20/11-12 Noon 01.MTS,2850.740,25.0,,Start,,,,,,POINT
3.557,D:/Pipefish Mesocosm Film/Trial 5/11-12-20/11-12 Noon 01.MTS,2850.740,25.0,Female,Inactive,,,,,,START
4.124,D:/Pipefish Mesocosm Film/Trial 5/11-12-20/11-12 Noon 01.MTS,2850.740,25.0,Male,Wiggle,Courtship,Active wiggle,Female,2,,START
11.812,D:/Pipefish Mesocosm Film/Trial 5/11-12-20/11-12 Noon 01.MTS,2850.740,25.0,Male,Wiggle,Courtship,Active wiggle,Female,2,,STOP
11.813,D:/Pipefish Mesocosm Film/Trial 5/11-12-20/11-12 Noon 01.MTS,2850.740,25.0,Male,Chasing,,,,,,START
11.814,D:/Pipefish Mesocosm Film/Trial 5/11-12-20/11-12 Noon 01.MTS,2850.740,25.0,Female,Inactive,,,,,,STOP
11.815,D:/Pipefish Mesocosm Film/Trial 5/11-12-20/11-12 Noon 01.MTS,2850.740,25.0,Female,Swim away,,,,,,START
19.883,D:/Pipefish Mesocosm Film/Trial 5/11-12-20/11-12 Noon 01.MTS,2850.740,25.0,Male,Chasing,,,,,,STOP
19.884,D:/Pipefish Mesocosm Film/Trial 5/11-12-20/11-12 Noon 01.MTS,2850.740,25.0,Male,Inactive,,,,,,START
23.207,D:/Pipefish Mesocosm Film/Trial 5/11-12-20/11-12 Noon 01.MTS,2850.740,25.0,Male,Follow,,,,,,POINT
25.866,D:/Pipefish Mesocosm Film/Trial 5/11-12-20/11-12 Noon 01.MTS,2850.740,25.0,Male,Inactive,,,,,,STOP
25.867,D:/Pipefish Mesocosm Film/Trial 5/11-12-20/11-12 Noon 01.MTS,2850.740,25.0,Male,Chasing,,,,,,START
46.754,D:/Pipefish Mesocosm Film/Trial 5/11-12-20/11-12 Noon 01.MTS,2850.740,25.0,Male,Chasing,,,,,,STOP
46.755,D:/Pipefish Mesocosm Film/Trial 5/11-12-20/11-12 Noon 01.MTS,2850.740,25.0,Male,Inactive,,,,,,START
51.499,D:/Pipefish Mesocosm Film/Trial 5/11-12-20/11-12 Noon 01.MTS,2850.740,25.0,Female,Swim away,,,,,,STOP
51.500,D:/Pipefish Mesocosm Film/Trial 5/11-12-20/11-12 Noon 01.MTS,2850.740,25.0,Female,Inactive,,,,,,START
85.396,D:/Pipefish Mesocosm Film/Trial 5/11-12-20/11-12 Noon 01.MTS,2850.740,25.0,Female,Inactive,,,,,,STOP
129.831,D:/Pipefish Mesocosm Film/Trial 5/11-12-20/11-12 Noon 01.MTS,2850.740,25.0,Male,Inactive,,,,,,STOP
130.687,D:/Pipefish Mesocosm Film/Trial 5/11-12-20/11-12 Noon 01.MTS,2850.740,25.0,,Stop,,,,,,POINT
175.310,D:/Pipefish Mesocosm Film/Trial 5/11-12-20/11-12 Noon 01.MTS,2850.740,25.0,,Start,,,,,,POINT
177.588,D:/Pipefish Mesocosm Film/Trial 5/11-12-20/11-12 Noon 01.MTS,2850.740,25.0,Female,Pose,,S pose,Male,Front,,START
177.588,D:/Pipefish Mesocosm Film/Trial 5/11-12-20/11-12 Noon 01.MTS,2850.740,25.0,Male,Inactive,,,,,,START
187.652,D:/Pipefish Mesocosm Film/Trial 5/11-12-20/11-12 Noon 01.MTS,2850.740,25.0,Female,Pose,,S pose,Male,Front,,STOP
187.654,D:/Pipefish Mesocosm Film/Trial 5/11-12-20/11-12 Noon 01.MTS,2850.740,25.0,Female,Inactive,,,,,,START
195.248,D:/Pipefish Mesocosm Film/Trial 5/11-12-20/11-12 Noon 01.MTS,2850.740,25.0,Female,Inactive,,,,,,STOP
195.248,D:/Pipefish Mesocosm Film/Trial 5/11-12-20/11-12 Noon 01.MTS,2850.740,25.0,Male,Inactive,,,,,,STOP
195.914,D:/Pipefish Mesocosm Film/Trial 5/11-12-20/11-12 Noon 01.MTS,2850.740,25.0,,Stop,,,,,,POINT
276.521,D:/Pipefish Mesocosm Film/Trial 5/11-12-20/11-12 Noon 01.MTS,2850.740,25.0,,Start,,,,,,POINT
277.185,D:/Pipefish Mesocosm Film/Trial 5/11-12-20/11-12 Noon 01.MTS,2850.740,25.0,Male,Wiggle,Courtship,Active wiggle,Female,2,,START
278.514,D:/Pipefish Mesocosm Film/Trial 5/11-12-20/11-12 Noon 01.MTS,2850.740,25.0,Female,Inactive,,,,,,START
283.355,D:/Pipefish Mesocosm Film/Trial 5/11-12-20/11-12 Noon 01.MTS,2850.740,25.0,Male,Wiggle,Courtship,Active wiggle,Female,2,,STOP
283.356,D:/Pipefish Mesocosm Film/Trial 5/11-12-20/11-12 Noon 01.MTS,2850.740,25.0,Male,Inactive,,,,,,START
289.432,D:/Pipefish Mesocosm Film/Trial 5/11-12-20/11-12 Noon 01.MTS,2850.740,25.0,Male,Move away,,,,,,POINT
290.193,D:/Pipefish Mesocosm Film/Trial 5/11-12-20/11-12 Noon 01.MTS,2850.740,25.0,Female,Inactive,,,,,,STOP
290.193,D:/Pipefish Mesocosm Film/Trial 5/11-12-20/11-12 Noon 01.MTS,2850.740,25.0,Male,Inactive,,,,,,STOP
297.506,D:/Pipefish Mesocosm Film/Trial 5/11-12-20/11-12 Noon 01.MTS,2850.740,25.0,,Stop,,,,,,POINT
465.652,D:/Pipefish Mesocosm Film/Trial 5/11-12-20/11-12 Noon 01.MTS,2850.740,25.0,,Start,,,,,,POINT
466.220,D:/Pipefish Mesocosm Film/Trial 5/11-12-20/11-12 Noon 01.MTS,2850.740,25.0,Female,Inactive,,,,,,START
472.394,D:/Pipefish Mesocosm Film/Trial 5/11-12-20/11-12 Noon 01.MTS,2850.740,25.0,Male,Wiggle,Courtship,Active wiggle,Female,2,,START
476.758,D:/Pipefish Mesocosm Film/Trial 5/11-12-20/11-12 Noon 01.MTS,2850.740,25.0,Male,Wiggle,Courtship,Active wiggle,Female,2,,STOP
476.759,D:/Pipefish Mesocosm Film/Trial 5/11-12-20/11-12 Noon 01.MTS,2850.740,25.0,Male,Inactive,,,,,,START
490.145,D:/Pipefish Mesocosm Film/Trial 5/11-12-20/11-12 Noon 01.MTS,2850.740,25.0,Female,Inactive,,,,,,STOP
490.146,D:/Pipefish Mesocosm Film/Trial 5/11-12-20/11-12 Noon 01.MTS,2850.740,25.0,Female,Swim away,,,,,,START
495.558,D:/Pipefish Mesocosm Film/Trial 5/11-12-20/11-12 Noon 01.MTS,2850.740,25.0,Female,Swim away,,,,,,STOP
495.559,D:/Pipefish Mesocosm Film/Trial 5/11-12-20/11-12 Noon 01.MTS,2850.740,25.0,Female,Inactive,,,,,,START
502.679,D:/Pipefish Mesocosm Film/Trial 5/11-12-20/11-12 Noon 01.MTS,2850.740,25.0,Female,Move away,,,,,,POINT
503.723,D:/Pipefish Mesocosm Film/Trial 5/11-12-20/11-12 Noon 01.MTS,2850.740,25.0,Male,Move away,,,,,,POINT
525.086,D:/Pipefish Mesocosm Film/Trial 5/11-12-20/11-12 Noon 01.MTS,2850.740,25.0,Male,Inactive,,,,,,STOP
525.181,D:/Pipefish Mesocosm Film/Trial 5/11-12-20/11-12 Noon 01.MTS,2850.740,25.0,Female,Inactive,,,,,,STOP
526.700,D:/Pipefish Mesocosm Film/Trial 5/11-12-20/11-12 Noon 01.MTS,2850.740,25.0,,Stop,,,,,,POINT
708.615,D:/Pipefish Mesocosm Film/Trial 5/11-12-20/11-12 Noon 01.MTS,2850.740,25.0,,Start,,,,,,POINT
709.851,D:/Pipefish Mesocosm Film/Trial 5/11-12-20/11-12 Noon 01.MTS,2850.740,25.0,Female,Wiggle,Courtship,Active wiggle,Female,2,,START
713.363,D:/Pipefish Mesocosm Film/Trial 5/11-12-20/11-12 Noon 01.MTS,2850.740,25.0,Second female,Pose,,S pose,Female,Front,,START
713.933,D:/Pipefish Mesocosm Film/Trial 5/11-12-20/11-12 Noon 01.MTS,2850.740,25.0,Second female,Pose,,S pose,Female,Front,,STOP
713.934,D:/Pipefish Mesocosm Film/Trial 5/11-12-20/11-12 Noon 01.MTS,2850.740,25.0,Second female,Wiggle,Courtship,Active wiggle,Female,2,,START
714.882,D:/Pipefish Mesocosm Film/Trial 5/11-12-20/11-12 Noon 01.MTS,2850.740,25.0,Female,Wiggle,Courtship,Active wiggle,Female,2,,STOP
714.883,D:/Pipefish Mesocosm Film/Trial 5/11-12-20/11-12 Noon 01.MTS,2850.740,25.0,Female,Inactive,,,,,,START
718.867,D:/Pipefish Mesocosm Film/Trial 5/11-12-20/11-12 Noon 01.MTS,2850.740,25.0,Second female,Wiggle,Courtship,Active wiggle,Female,2,,STOP
718.868,D:/Pipefish Mesocosm Film/Trial 5/11-12-20/11-12 Noon 01.MTS,2850.740,25.0,Female,Inactive,,,,,,STOP
718.870,D:/Pipefish Mesocosm Film/Trial 5/11-12-20/11-12 Noon 01.MTS,2850.740,25.0,Female,Pose,,S pose,Female,Front,,START
719.818,D:/Pipefish Mesocosm Film/Trial 5/11-12-20/11-12 Noon 01.MTS,2850.740,25.0,Second female,Wiggle,Courtship,Active wiggle,Female,2,,START
722.382,D:/Pipefish Mesocosm Film/Trial 5/11-12-20/11-12 Noon 01.MTS,2850.740,25.0,Second female,Wiggle,Courtship,Active wiggle,Female,2,,STOP
722.383,D:/Pipefish Mesocosm Film/Trial 5/11-12-20/11-12 Noon 01.MTS,2850.740,25.0,Second female,Inactive,,,,,,START
722.573,D:/Pipefish Mesocosm Film/Trial 5/11-12-20/11-12 Noon 01.MTS,2850.740,25.0,Female,Pose,,S pose,Female,Front,,STOP
722.574,D:/Pipefish Mesocosm Film/Trial 5/11-12-20/11-12 Noon 01.MTS,2850.740,25.0,Female,Inactive,,,,,,START
740.517,D:/Pipefish Mesocosm Film/Trial 5/11-12-20/11-12 Noon 01.MTS,2850.740,25.0,Female,Move away,,,,,,POINT
742.513,D:/Pipefish Mesocosm Film/Trial 5/11-12-20/11-12 Noon 01.MTS,2850.740,25.0,Female,Inactive,,,,,,STOP
743.173,D:/Pipefish Mesocosm Film/Trial 5/11-12-20/11-12 Noon 01.MTS,2850.740,25.0,Second female,Inactive,,,,,,STOP
743.175,D:/Pipefish Mesocosm Film/Trial 5/11-12-20/11-12 Noon 01.MTS,2850.740,25.0,,Stop,,,,,,POINT
785.807,D:/Pipefish Mesocosm Film/Trial 5/11-12-20/11-12 Noon 01.MTS,2850.740,25.0,,Start,,,,,,POINT
786.375,D:/Pipefish Mesocosm Film/Trial 5/11-12-20/11-12 Noon 01.MTS,2850.740,25.0,Female,Wiggle,Courtship,Active wiggle,Female,2,,START
786.376,D:/Pipefish Mesocosm Film/Trial 5/11-12-20/11-12 Noon 01.MTS,2850.740,25.0,Second female,Inactive,,,,,,START
791.407,D:/Pipefish Mesocosm Film/Trial 5/11-12-20/11-12 Noon 01.MTS,2850.740,25.0,Female,Wiggle,Courtship,Active wiggle,Female,2,,STOP
791.408,D:/Pipefish Mesocosm Film/Trial 5/11-12-20/11-12 Noon 01.MTS,2850.740,25.0,Female,Inactive,,,,,,START
803.181,D:/Pipefish Mesocosm Film/Trial 5/11-12-20/11-12 Noon 01.MTS,2850.740,25.0,Second female,Move away,,,,,,POINT
804.417,D:/Pipefish Mesocosm Film/Trial 5/11-12-20/11-12 Noon 01.MTS,2850.740,25.0,Female,Touch,,,,,,POINT
814.481,D:/Pipefish Mesocosm Film/Trial 5/11-12-20/11-12 Noon 01.MTS,2850.740,25.0,Female,Inactive,,,,,,STOP
814.481,D:/Pipefish Mesocosm Film/Trial 5/11-12-20/11-12 Noon 01.MTS,2850.740,25.0,Second female,Inactive,,,,,,STOP
815.146,D:/Pipefish Mesocosm Film/Trial 5/11-12-20/11-12 Noon 01.MTS,2850.740,25.0,,Stop,,,,,,POINT
895.277,D:/Pipefish Mesocosm Film/Trial 5/11-12-20/11-12 Noon 01.MTS,2850.740,25.0,,Start,,,,,,POINT
897.080,D:/Pipefish Mesocosm Film/Trial 5/11-12-20/11-12 Noon 01.MTS,2850.740,25.0,Female,Wiggle,Courtship,Active wiggle,Female,2,,START
897.840,D:/Pipefish Mesocosm Film/Trial 5/11-12-20/11-12 Noon 01.MTS,2850.740,25.0,Second female,Pose,,S pose,Female,Front,,START
906.860,D:/Pipefish Mesocosm Film/Trial 5/11-12-20/11-12 Noon 01.MTS,2850.740,25.0,Second female,Pose,,S pose,Female,Front,,STOP
906.861,D:/Pipefish Mesocosm Film/Trial 5/11-12-20/11-12 Noon 01.MTS,2850.740,25.0,Second female,Inactive,,,,,,START
907.336,D:/Pipefish Mesocosm Film/Trial 5/11-12-20/11-12 Noon 01.MTS,2850.740,25.0,Female,Wiggle,Courtship,Active wiggle,Female,2,,STOP
907.337,D:/Pipefish Mesocosm Film/Trial 5/11-12-20/11-12 Noon 01.MTS,2850.740,25.0,Female,Pose,,S pose,Female,Front,,START
911.133,D:/Pipefish Mesocosm Film/Trial 5/11-12-20/11-12 Noon 01.MTS,2850.740,25.0,Female,Pose,,S pose,Female,Front,,STOP
911.134,D:/Pipefish Mesocosm Film/Trial 5/11-12-20/11-12 Noon 01.MTS,2850.740,25.0,Female,Inactive,,,,,,START
914.457,D:/Pipefish Mesocosm Film/Trial 5/11-12-20/11-12 Noon 01.MTS,2850.740,25.0,Second female,Follow,,,,,,POINT
917.401,D:/Pipefish Mesocosm Film/Trial 5/11-12-20/11-12 Noon 01.MTS,2850.740,25.0,Second female,Inactive,,,,,,STOP
917.402,D:/Pipefish Mesocosm Film/Trial 5/11-12-20/11-12 Noon 01.MTS,2850.740,25.0,Second female,Pose,,Flash,Female,Front,,START
933.350,D:/Pipefish Mesocosm Film/Trial 5/11-12-20/11-12 Noon 01.MTS,2850.740,25.0,Second female,Pose,,Flash,Female,Front,,STOP
933.351,D:/Pipefish Mesocosm Film/Trial 5/11-12-20/11-12 Noon 01.MTS,2850.740,25.0,Second female,Inactive,,,,,,START
933.636,D:/Pipefish Mesocosm Film/Trial 5/11-12-20/11-12 Noon 01.MTS,2850.740,25.0,Female,Inactive,,,,,,STOP
934.203,D:/Pipefish Mesocosm Film/Trial 5/11-12-20/11-12 Noon 01.MTS,2850.740,25.0,Second female,Inactive,,,,,,STOP
934.204,D:/Pipefish Mesocosm Film/Trial 5/11-12-20/11-12 Noon 01.MTS,2850.740,25.0,,Stop,,,,,,POINT
1032.709,D:/Pipefish Mesocosm Film/Trial 5/11-12-20/11-12 Noon 01.MTS,2850.740,25.0,,Start,,,,,,POINT
1032.856,D:/Pipefish Mesocosm Film/Trial 5/11-12-20/11-12 Noon 01.MTS,2850.740,25.0,Female,Pose,,S pose,Female,Front,,START
1034.847,D:/Pipefish Mesocosm Film/Trial 5/11-12-20/11-12 Noon 01.MTS,2850.740,25.0,Second female,Wiggle,Courtship,Active wiggle,Female,2,,START
1035.415,D:/Pipefish Mesocosm Film/Trial 5/11-12-20/11-12 Noon 01.MTS,2850.740,25.0,Female,Pose,,S pose,Female,Front,,STOP
1035.416,D:/Pipefish Mesocosm Film/Trial 5/11-12-20/11-12 Noon 01.MTS,2850.740,25.0,Female,Inactive,,,,,,START
1038.170,D:/Pipefish Mesocosm Film/Trial 5/11-12-20/11-12 Noon 01.MTS,2850.740,25.0,Female,Inactive,,,,,,STOP
1038.171,D:/Pipefish Mesocosm Film/Trial 5/11-12-20/11-12 Noon 01.MTS,2850.740,25.0,Female,Wiggle,Courtship,Active wiggle,Female,2,,START
1038.738,D:/Pipefish Mesocosm Film/Trial 5/11-12-20/11-12 Noon 01.MTS,2850.740,25.0,Second female,Wiggle,Courtship,Active wiggle,Female,2,,STOP
1038.739,D:/Pipefish Mesocosm Film/Trial 5/11-12-20/11-12 Noon 01.MTS,2850.740,25.0,Second female,Inactive,,,,,,START
1043.465,D:/Pipefish Mesocosm Film/Trial 5/11-12-20/11-12 Noon 01.MTS,2850.740,25.0,Female,Wiggle,Courtship,Active wiggle,Female,2,,STOP
1043.466,D:/Pipefish Mesocosm Film/Trial 5/11-12-20/11-12 Noon 01.MTS,2850.740,25.0,Female,Pose,,S pose,Female,Front,,START
1045.385,D:/Pipefish Mesocosm Film/Trial 5/11-12-20/11-12 Noon 01.MTS,2850.740,25.0,Female,Pose,,S pose,Female,Front,,STOP
1045.386,D:/Pipefish Mesocosm Film/Trial 5/11-12-20/11-12 Noon 01.MTS,2850.740,25.0,Female,Wiggle,Courtship,Active wiggle,Female,2,,START
1048.234,D:/Pipefish Mesocosm Film/Trial 5/11-12-20/11-12 Noon 01.MTS,2850.740,25.0,Female,Wiggle,Courtship,Active wiggle,Female,2,,STOP
1048.235,D:/Pipefish Mesocosm Film/Trial 5/11-12-20/11-12 Noon 01.MTS,2850.740,25.0,Female,Inactive,,,,,,START
1057.634,D:/Pipefish Mesocosm Film/Trial 5/11-12-20/11-12 Noon 01.MTS,2850.740,25.0,Female,Move away,,,,,,POINT
1083.176,D:/Pipefish Mesocosm Film/Trial 5/11-12-20/11-12 Noon 01.MTS,2850.740,25.0,Female,Inactive,,,,,,STOP
1083.556,D:/Pipefish Mesocosm Film/Trial 5/11-12-20/11-12 Noon 01.MTS,2850.740,25.0,Second female,Inactive,,,,,,STOP
1084.125,D:/Pipefish Mesocosm Film/Trial 5/11-12-20/11-12 Noon 01.MTS,2850.740,25.0,,Stop,,,,,,POINT
1200.431,D:/Pipefish Mesocosm Film/Trial 5/11-12-20/11-12 Noon 01.MTS,2850.740,25.0,,Start,,,,,,POINT
1203.089,D:/Pipefish Mesocosm Film/Trial 5/11-12-20/11-12 Noon 01.MTS,2850.740,25.0,Female,Pose,,S pose,Female,Front,,START
1203.849,D:/Pipefish Mesocosm Film/Trial 5/11-12-20/11-12 Noon 01.MTS,2850.740,25.0,Second female,Pose,,S pose,Female,Front,,START
1209.165,D:/Pipefish Mesocosm Film/Trial 5/11-12-20/11-12 Noon 01.MTS,2850.740,25.0,Second female,Pose,,S pose,Female,Front,,STOP
1209.166,D:/Pipefish Mesocosm Film/Trial 5/11-12-20/11-12 Noon 01.MTS,2850.740,25.0,Second female,Inactive,,,,,,START
1212.964,D:/Pipefish Mesocosm Film/Trial 5/11-12-20/11-12 Noon 01.MTS,2850.740,25.0,Female,Pose,,S pose,Female,Front,,STOP
1212.965,D:/Pipefish Mesocosm Film/Trial 5/11-12-20/11-12 Noon 01.MTS,2850.740,25.0,Female,Inactive,,,,,,START
1227.111,D:/Pipefish Mesocosm Film/Trial 5/11-12-20/11-12 Noon 01.MTS,2850.740,25.0,Second female,Inactive,,,,,,STOP
1227.489,D:/Pipefish Mesocosm Film/Trial 5/11-12-20/11-12 Noon 01.MTS,2850.740,25.0,Female,Move away,,,,,,POINT
1230.054,D:/Pipefish Mesocosm Film/Trial 5/11-12-20/11-12 Noon 01.MTS,2850.740,25.0,Female,Inactive,,,,,,STOP
1230.624,D:/Pipefish Mesocosm Film/Trial 5/11-12-20/11-12 Noon 01.MTS,2850.740,25.0,,Stop,,,,,,POINT
1321.295,D:/Pipefish Mesocosm Film/Trial 5/11-12-20/11-12 Noon 01.MTS,2850.740,25.0,,Start,,,,,,POINT
1322.435,D:/Pipefish Mesocosm Film/Trial 5/11-12-20/11-12 Noon 01.MTS,2850.740,25.0,Second female,Inactive,,,,,,START
1329.366,D:/Pipefish Mesocosm Film/Trial 5/11-12-20/11-12 Noon 01.MTS,2850.740,25.0,Female,Wiggle,Courtship,Active wiggle,Female,3,,START
1330.789,D:/Pipefish Mesocosm Film/Trial 5/11-12-20/11-12 Noon 01.MTS,2850.740,25.0,Female,Wiggle,Courtship,Active wiggle,Female,3,,STOP
1330.790,D:/Pipefish Mesocosm Film/Trial 5/11-12-20/11-12 Noon 01.MTS,2850.740,25.0,Female,Inactive,,,,,,START
1331.550,D:/Pipefish Mesocosm Film/Trial 5/11-12-20/11-12 Noon 01.MTS,2850.740,25.0,Second female,Inactive,,,,,,STOP
1331.551,D:/Pipefish Mesocosm Film/Trial 5/11-12-20/11-12 Noon 01.MTS,2850.740,25.0,Second female,Wiggle,Courtship,Active wiggle,Male,3,,START
1333.828,D:/Pipefish Mesocosm Film/Trial 5/11-12-20/11-12 Noon 01.MTS,2850.740,25.0,Second female,Wiggle,Courtship,Active wiggle,Male,3,,STOP
1333.829,D:/Pipefish Mesocosm Film/Trial 5/11-12-20/11-12 Noon 01.MTS,2850.740,25.0,Second female,Pose,,S pose,Male,Front,,START
1338.196,D:/Pipefish Mesocosm Film/Trial 5/11-12-20/11-12 Noon 01.MTS,2850.740,25.0,Second female,Pose,,S pose,Male,Front,,STOP
1338.197,D:/Pipefish Mesocosm Film/Trial 5/11-12-20/11-12 Noon 01.MTS,2850.740,25.0,Second female,Inactive,,,,,,START
1346.360,D:/Pipefish Mesocosm Film/Trial 5/11-12-20/11-12 Noon 01.MTS,2850.740,25.0,Female,Move away,,,,,,POINT
1349.399,D:/Pipefish Mesocosm Film/Trial 5/11-12-20/11-12 Noon 01.MTS,2850.740,25.0,Female,Inactive,,,,,,STOP
1349.685,D:/Pipefish Mesocosm Film/Trial 5/11-12-20/11-12 Noon 01.MTS,2850.740,25.0,Second female,Inactive,,,,,,STOP
1350.254,D:/Pipefish Mesocosm Film/Trial 5/11-12-20/11-12 Noon 01.MTS,2850.740,25.0,,Stop,,,,,,POINT
1811.972,D:/Pipefish Mesocosm Film/Trial 5/11-12-20/11-12 Noon 01.MTS,2850.740,25.0,,Start,,,,,,POINT
1813.205,D:/Pipefish Mesocosm Film/Trial 5/11-12-20/11-12 Noon 01.MTS,2850.740,25.0,Female,Pose,,S pose,Female,Front,,START
1813.396,D:/Pipefish Mesocosm Film/Trial 5/11-12-20/11-12 Noon 01.MTS,2850.740,25.0,Second female,Pose,,S pose,Female,Front,,START
1819.187,D:/Pipefish Mesocosm Film/Trial 5/11-12-20/11-12 Noon 01.MTS,2850.740,25.0,Female,Pose,,S pose,Female,Front,,STOP
1819.188,D:/Pipefish Mesocosm Film/Trial 5/11-12-20/11-12 Noon 01.MTS,2850.740,25.0,Female,Inactive,,,,,,START
1823.840,D:/Pipefish Mesocosm Film/Trial 5/11-12-20/11-12 Noon 01.MTS,2850.740,25.0,Second female,Pose,,S pose,Female,Front,,STOP
1823.841,D:/Pipefish Mesocosm Film/Trial 5/11-12-20/11-12 Noon 01.MTS,2850.740,25.0,Second female,Inactive,,,,,,START
1826.689,D:/Pipefish Mesocosm Film/Trial 5/11-12-20/11-12 Noon 01.MTS,2850.740,25.0,Second female,Move away,,,,,,POINT
1831.056,D:/Pipefish Mesocosm Film/Trial 5/11-12-20/11-12 Noon 01.MTS,2850.740,25.0,Female,Inactive,,,,,,STOP
1831.815,D:/Pipefish Mesocosm Film/Trial 5/11-12-20/11-12 Noon 01.MTS,2850.740,25.0,Second female,Inactive,,,,,,STOP
1831.911,D:/Pipefish Mesocosm Film/Trial 5/11-12-20/11-12 Noon 01.MTS,2850.740,25.0,,Stop,,,,,,POINT
