Observation id,T603N_01,,,,,,,,,,
,,,,,,,,,,,
Media file(s),,,,,,,,,,,
,,,,,,,,,,,
Player #1,D:/Pipefish Mesocosm Film/Trial 6/7-12-20/7-12 Noon 01.MTS,,,,,,,,,,
,,,,,,,,,,,
Observation date,2021-06-18 14:09:09,,,,,,,,,,
,,,,,,,,,,,
Description,,,,,,,,,,,
,,,,,,,,,,,
Time offset (s),0.0,,,,,,,,,,
,,,,,,,,,,,
independent variables,,,,,,,,,,,
variable,value,,,,,,,,,,
Number in group,,,,,,,,,,,
Time of day,,,,,,,,,,,
,,,,,,,,,,,
Time,Media file path,Total length,FPS,Subject,Behavior,Behavioral category,Modifier 1,Modifier 2,Modifier 3,Comment,Status
1777.884,D:/Pipefish Mesocosm Film/Trial 6/7-12-20/7-12 Noon 01.MTS,2839.220,25.0,,Start,,,,,,POINT
1777.886,D:/Pipefish Mesocosm Film/Trial 6/7-12-20/7-12 Noon 01.MTS,2839.220,25.0,Male,Wiggle,Courtship,Active wiggle,Female,3,,START
1779.310,D:/Pipefish Mesocosm Film/Trial 6/7-12-20/7-12 Noon 01.MTS,2839.220,25.0,Female,Inactive,,,,,,START
1780.639,D:/Pipefish Mesocosm Film/Trial 6/7-12-20/7-12 Noon 01.MTS,2839.220,25.0,Male,Wiggle,Courtship,Active wiggle,Female,3,,STOP
1780.640,D:/Pipefish Mesocosm Film/Trial 6/7-12-20/7-12 Noon 01.MTS,2839.220,25.0,Male,Inactive,,,,,,START
1786.336,D:/Pipefish Mesocosm Film/Trial 6/7-12-20/7-12 Noon 01.MTS,2839.220,25.0,Female,Inactive,,,,,,STOP
1786.337,D:/Pipefish Mesocosm Film/Trial 6/7-12-20/7-12 Noon 01.MTS,2839.220,25.0,Female,Wiggle,Courtship,Subtle wiggle,Male,2,,START
1788.331,D:/Pipefish Mesocosm Film/Trial 6/7-12-20/7-12 Noon 01.MTS,2839.220,25.0,Female,Wiggle,Courtship,Subtle wiggle,Male,2,,STOP
1788.332,D:/Pipefish Mesocosm Film/Trial 6/7-12-20/7-12 Noon 01.MTS,2839.220,25.0,Female,Inactive,,,,,,START
1821.089,D:/Pipefish Mesocosm Film/Trial 6/7-12-20/7-12 Noon 01.MTS,2839.220,25.0,Male,Inactive,,,,,,STOP
1821.090,D:/Pipefish Mesocosm Film/Trial 6/7-12-20/7-12 Noon 01.MTS,2839.220,25.0,Male,Wiggle,Courtship,Active wiggle,Female,2,,START
1822.224,D:/Pipefish Mesocosm Film/Trial 6/7-12-20/7-12 Noon 01.MTS,2839.220,25.0,Female,Inactive,,,,,,STOP
1822.225,D:/Pipefish Mesocosm Film/Trial 6/7-12-20/7-12 Noon 01.MTS,2839.220,25.0,Female,Pose,,Non-s pose,Male,Front,,START
1823.554,D:/Pipefish Mesocosm Film/Trial 6/7-12-20/7-12 Noon 01.MTS,2839.220,25.0,Male,Wiggle,Courtship,Active wiggle,Female,2,,STOP
1823.555,D:/Pipefish Mesocosm Film/Trial 6/7-12-20/7-12 Noon 01.MTS,2839.220,25.0,Male,Inactive,,,,,,START
1827.351,D:/Pipefish Mesocosm Film/Trial 6/7-12-20/7-12 Noon 01.MTS,2839.220,25.0,Female,Pose,,Non-s pose,Male,Front,,STOP
1827.352,D:/Pipefish Mesocosm Film/Trial 6/7-12-20/7-12 Noon 01.MTS,2839.220,25.0,Female,Inactive,,,,,,START
1888.121,D:/Pipefish Mesocosm Film/Trial 6/7-12-20/7-12 Noon 01.MTS,2839.220,25.0,Female,Inactive,,,,,,STOP
1888.121,D:/Pipefish Mesocosm Film/Trial 6/7-12-20/7-12 Noon 01.MTS,2839.220,25.0,Male,Inactive,,,,,,STOP
1888.123,D:/Pipefish Mesocosm Film/Trial 6/7-12-20/7-12 Noon 01.MTS,2839.220,25.0,,Stop,,,,,,POINT
