Observation id,T603N_02,,,,,,,,,,
,,,,,,,,,,,
Media file(s),,,,,,,,,,,
,,,,,,,,,,,
Player #1,D:/Pipefish Mesocosm Film/Trial 6/7-12-20/7-12 Noon 01.MTS,,,,,,,,,,
,,,,,,,,,,,
Observation date,2021-06-18 14:45:05,,,,,,,,,,
,,,,,,,,,,,
Description,Second group during same time slot as T603N_01,,,,,,,,,,
,,,,,,,,,,,
Time offset (s),0.0,,,,,,,,,,
,,,,,,,,,,,
independent variables,,,,,,,,,,,
variable,value,,,,,,,,,,
Number in group,,,,,,,,,,,
Time of day,,,,,,,,,,,
,,,,,,,,,,,
Time,Media file path,Total length,FPS,Subject,Behavior,Behavioral category,Modifier 1,Modifier 2,Modifier 3,Comment,Status
1803.047,D:/Pipefish Mesocosm Film/Trial 6/7-12-20/7-12 Noon 01.MTS,2839.220,25.0,,Start,,,,,,POINT
1804.470,D:/Pipefish Mesocosm Film/Trial 6/7-12-20/7-12 Noon 01.MTS,2839.220,25.0,Female,Pose,,Non-s pose,Male,,,START
1804.470,D:/Pipefish Mesocosm Film/Trial 6/7-12-20/7-12 Noon 01.MTS,2839.220,25.0,Male,Inactive,,,,,,START
1810.736,D:/Pipefish Mesocosm Film/Trial 6/7-12-20/7-12 Noon 01.MTS,2839.220,25.0,Female,Pose,,Non-s pose,Male,,,STOP
1810.737,D:/Pipefish Mesocosm Film/Trial 6/7-12-20/7-12 Noon 01.MTS,2839.220,25.0,Female,Inactive,,,,,,START
1814.631,D:/Pipefish Mesocosm Film/Trial 6/7-12-20/7-12 Noon 01.MTS,2839.220,25.0,Female,Inactive,,,,,,STOP
1814.632,D:/Pipefish Mesocosm Film/Trial 6/7-12-20/7-12 Noon 01.MTS,2839.220,25.0,Female,Pose,,S pose,Male,Front,,START
1819.474,D:/Pipefish Mesocosm Film/Trial 6/7-12-20/7-12 Noon 01.MTS,2839.220,25.0,Female,Pose,,S pose,Male,Front,,STOP
1819.475,D:/Pipefish Mesocosm Film/Trial 6/7-12-20/7-12 Noon 01.MTS,2839.220,25.0,Female,Inactive,,,,,,START
1839.695,D:/Pipefish Mesocosm Film/Trial 6/7-12-20/7-12 Noon 01.MTS,2839.220,25.0,Female,Inactive,,,,,,STOP
1839.695,D:/Pipefish Mesocosm Film/Trial 6/7-12-20/7-12 Noon 01.MTS,2839.220,25.0,Male,Inactive,,,,,,STOP
1840.649,D:/Pipefish Mesocosm Film/Trial 6/7-12-20/7-12 Noon 01.MTS,2839.220,25.0,,Stop,,,,,,POINT
