Observation id,T603N_03,,,,,,,,,,
,,,,,,,,,,,
Media file(s),,,,,,,,,,,
,,,,,,,,,,,
Player #1,D:/Pipefish Mesocosm Film/Trial 6/7-12-20/7-12 Noon 02.MTS,,,,,,,,,,
,,,,,,,,,,,
Observation date,2021-06-18 15:01:41,,,,,,,,,,
,,,,,,,,,,,
Description,,,,,,,,,,,
,,,,,,,,,,,
Time offset (s),0.0,,,,,,,,,,
,,,,,,,,,,,
independent variables,,,,,,,,,,,
variable,value,,,,,,,,,,
Number in group,,,,,,,,,,,
Time of day,,,,,,,,,,,
,,,,,,,,,,,
Time,Media file path,Total length,FPS,Subject,Behavior,Behavioral category,Modifier 1,Modifier 2,Modifier 3,Comment,Status
144.812,D:/Pipefish Mesocosm Film/Trial 6/7-12-20/7-12 Noon 02.MTS,791.420,25.0,,Start,,,,,,POINT
150.813,D:/Pipefish Mesocosm Film/Trial 6/7-12-20/7-12 Noon 02.MTS,791.420,25.0,Female,Wiggle,Courtship,Active wiggle,Male,2,,START
153.094,D:/Pipefish Mesocosm Film/Trial 6/7-12-20/7-12 Noon 02.MTS,791.420,25.0,Male,Wiggle,Courtship,Active wiggle,Female,2,,START
153.377,D:/Pipefish Mesocosm Film/Trial 6/7-12-20/7-12 Noon 02.MTS,791.420,25.0,Female,Wiggle,Courtship,Active wiggle,Male,2,,STOP
153.378,D:/Pipefish Mesocosm Film/Trial 6/7-12-20/7-12 Noon 02.MTS,791.420,25.0,Female,Pose,,Non-s pose,Male,Front,,START
157.936,D:/Pipefish Mesocosm Film/Trial 6/7-12-20/7-12 Noon 02.MTS,791.420,25.0,Male,Wiggle,Courtship,Active wiggle,Female,2,,STOP
157.937,D:/Pipefish Mesocosm Film/Trial 6/7-12-20/7-12 Noon 02.MTS,791.420,25.0,Male,Inactive,,,,,,START
158.693,D:/Pipefish Mesocosm Film/Trial 6/7-12-20/7-12 Noon 02.MTS,791.420,25.0,Female,Pose,,Non-s pose,Male,Front,,STOP
158.694,D:/Pipefish Mesocosm Film/Trial 6/7-12-20/7-12 Noon 02.MTS,791.420,25.0,Female,Inactive,,,,,,START
192.588,D:/Pipefish Mesocosm Film/Trial 6/7-12-20/7-12 Noon 02.MTS,791.420,25.0,Male,Inactive,,,,,,STOP
192.589,D:/Pipefish Mesocosm Film/Trial 6/7-12-20/7-12 Noon 02.MTS,791.420,25.0,Male,Wiggle,Courtship,Active wiggle,Female,2,,START
195.534,D:/Pipefish Mesocosm Film/Trial 6/7-12-20/7-12 Noon 02.MTS,791.420,25.0,Male,Wiggle,Courtship,Active wiggle,Female,2,,STOP
195.535,D:/Pipefish Mesocosm Film/Trial 6/7-12-20/7-12 Noon 02.MTS,791.420,25.0,Male,Inactive,,,,,,START
244.619,D:/Pipefish Mesocosm Film/Trial 6/7-12-20/7-12 Noon 02.MTS,791.420,25.0,Male,Inactive,,,,,,STOP
244.620,D:/Pipefish Mesocosm Film/Trial 6/7-12-20/7-12 Noon 02.MTS,791.420,25.0,Male,Wiggle,Courtship,Active wiggle,Female,2,,START
248.891,D:/Pipefish Mesocosm Film/Trial 6/7-12-20/7-12 Noon 02.MTS,791.420,25.0,Female,Inactive,,,,,,STOP
248.892,D:/Pipefish Mesocosm Film/Trial 6/7-12-20/7-12 Noon 02.MTS,791.420,25.0,Female,Pose,,S pose,Male,Front,,START
248.920,D:/Pipefish Mesocosm Film/Trial 6/7-12-20/7-12 Noon 02.MTS,791.420,25.0,Male,Wiggle,Courtship,Active wiggle,Female,2,,STOP
248.921,D:/Pipefish Mesocosm Film/Trial 6/7-12-20/7-12 Noon 02.MTS,791.420,25.0,Male,Inactive,,,,,,START
250.313,D:/Pipefish Mesocosm Film/Trial 6/7-12-20/7-12 Noon 02.MTS,791.420,25.0,Male,Inactive,,,,,,STOP
250.314,D:/Pipefish Mesocosm Film/Trial 6/7-12-20/7-12 Noon 02.MTS,791.420,25.0,Male,Wiggle,Courtship,Active wiggle,Female,2,,START
254.111,D:/Pipefish Mesocosm Film/Trial 6/7-12-20/7-12 Noon 02.MTS,791.420,25.0,Male,Wiggle,Courtship,Active wiggle,Female,2,,STOP
254.112,D:/Pipefish Mesocosm Film/Trial 6/7-12-20/7-12 Noon 02.MTS,791.420,25.0,Male,Inactive,,,,,,START
255.440,D:/Pipefish Mesocosm Film/Trial 6/7-12-20/7-12 Noon 02.MTS,791.420,25.0,Female,Pose,,S pose,Male,Front,,STOP
255.441,D:/Pipefish Mesocosm Film/Trial 6/7-12-20/7-12 Noon 02.MTS,791.420,25.0,Female,Inactive,,,,,,START
317.728,D:/Pipefish Mesocosm Film/Trial 6/7-12-20/7-12 Noon 02.MTS,791.420,25.0,Female,Inactive,,,,,,STOP
317.728,D:/Pipefish Mesocosm Film/Trial 6/7-12-20/7-12 Noon 02.MTS,791.420,25.0,Male,Inactive,,,,,,STOP
317.730,D:/Pipefish Mesocosm Film/Trial 6/7-12-20/7-12 Noon 02.MTS,791.420,25.0,,Stop,,,,,,POINT
327.410,D:/Pipefish Mesocosm Film/Trial 6/7-12-20/7-12 Noon 02.MTS,791.420,25.0,,Start,,,,,,POINT
327.410,D:/Pipefish Mesocosm Film/Trial 6/7-12-20/7-12 Noon 02.MTS,791.420,25.0,Female,Inactive,,,,,,START
327.410,D:/Pipefish Mesocosm Film/Trial 6/7-12-20/7-12 Noon 02.MTS,791.420,25.0,Male,Wiggle,Courtship,Active wiggle,Female,3,,START
329.403,D:/Pipefish Mesocosm Film/Trial 6/7-12-20/7-12 Noon 02.MTS,791.420,25.0,Male,Wiggle,Courtship,Active wiggle,Female,3,,STOP
329.404,D:/Pipefish Mesocosm Film/Trial 6/7-12-20/7-12 Noon 02.MTS,791.420,25.0,Male,Inactive,,,,,,START
331.112,D:/Pipefish Mesocosm Film/Trial 6/7-12-20/7-12 Noon 02.MTS,791.420,25.0,Female,Inactive,,,,,,STOP
331.113,D:/Pipefish Mesocosm Film/Trial 6/7-12-20/7-12 Noon 02.MTS,791.420,25.0,Female,Pose,,S pose,Male,Front,,START
332.848,D:/Pipefish Mesocosm Film/Trial 6/7-12-20/7-12 Noon 02.MTS,791.420,25.0,Male,Inactive,,,,,,STOP
332.849,D:/Pipefish Mesocosm Film/Trial 6/7-12-20/7-12 Noon 02.MTS,791.420,25.0,Male,Wiggle,Courtship,Active wiggle,Female,3,,START
333.390,D:/Pipefish Mesocosm Film/Trial 6/7-12-20/7-12 Noon 02.MTS,791.420,25.0,Female,Pose,,S pose,Male,Front,,STOP
333.391,D:/Pipefish Mesocosm Film/Trial 6/7-12-20/7-12 Noon 02.MTS,791.420,25.0,Female,Inactive,,,,,,START
335.863,D:/Pipefish Mesocosm Film/Trial 6/7-12-20/7-12 Noon 02.MTS,791.420,25.0,Male,Wiggle,Courtship,Active wiggle,Female,3,,STOP
335.864,D:/Pipefish Mesocosm Film/Trial 6/7-12-20/7-12 Noon 02.MTS,791.420,25.0,Male,Inactive,,,,,,START
337.949,D:/Pipefish Mesocosm Film/Trial 6/7-12-20/7-12 Noon 02.MTS,791.420,25.0,Female,Inactive,,,,,,STOP
337.950,D:/Pipefish Mesocosm Film/Trial 6/7-12-20/7-12 Noon 02.MTS,791.420,25.0,Female,Pose,,S pose,Male,Front,,START
339.377,D:/Pipefish Mesocosm Film/Trial 6/7-12-20/7-12 Noon 02.MTS,791.420,25.0,Male,Inactive,,,,,,STOP
339.378,D:/Pipefish Mesocosm Film/Trial 6/7-12-20/7-12 Noon 02.MTS,791.420,25.0,Male,Wiggle,Courtship,Active wiggle,Female,3,,START
340.607,D:/Pipefish Mesocosm Film/Trial 6/7-12-20/7-12 Noon 02.MTS,791.420,25.0,Female,Pose,,S pose,Male,Front,,STOP
340.608,D:/Pipefish Mesocosm Film/Trial 6/7-12-20/7-12 Noon 02.MTS,791.420,25.0,Female,Inactive,,,,,,START
341.586,D:/Pipefish Mesocosm Film/Trial 6/7-12-20/7-12 Noon 02.MTS,791.420,25.0,Male,Wiggle,Courtship,Active wiggle,Female,3,,STOP
341.587,D:/Pipefish Mesocosm Film/Trial 6/7-12-20/7-12 Noon 02.MTS,791.420,25.0,Male,Inactive,,,,,,START
401.752,D:/Pipefish Mesocosm Film/Trial 6/7-12-20/7-12 Noon 02.MTS,791.420,25.0,Female,Inactive,,,,,,STOP
401.752,D:/Pipefish Mesocosm Film/Trial 6/7-12-20/7-12 Noon 02.MTS,791.420,25.0,Male,Inactive,,,,,,STOP
402.322,D:/Pipefish Mesocosm Film/Trial 6/7-12-20/7-12 Noon 02.MTS,791.420,25.0,,Stop,,,,,,POINT
424.256,D:/Pipefish Mesocosm Film/Trial 6/7-12-20/7-12 Noon 02.MTS,791.420,25.0,,Start,,,,,,POINT
424.256,D:/Pipefish Mesocosm Film/Trial 6/7-12-20/7-12 Noon 02.MTS,791.420,25.0,Male,Wiggle,Courtship,Active wiggle,Female,2,,START
424.824,D:/Pipefish Mesocosm Film/Trial 6/7-12-20/7-12 Noon 02.MTS,791.420,25.0,Female,Inactive,,,,,,START
427.102,D:/Pipefish Mesocosm Film/Trial 6/7-12-20/7-12 Noon 02.MTS,791.420,25.0,Male,Wiggle,Courtship,Active wiggle,Female,2,,STOP
427.103,D:/Pipefish Mesocosm Film/Trial 6/7-12-20/7-12 Noon 02.MTS,791.420,25.0,Male,Inactive,,,,,,START
441.628,D:/Pipefish Mesocosm Film/Trial 6/7-12-20/7-12 Noon 02.MTS,791.420,25.0,Male,Inactive,,,,,,STOP
441.629,D:/Pipefish Mesocosm Film/Trial 6/7-12-20/7-12 Noon 02.MTS,791.420,25.0,Male,Wiggle,Courtship,Active wiggle,Female,2,,START
447.800,D:/Pipefish Mesocosm Film/Trial 6/7-12-20/7-12 Noon 02.MTS,791.420,25.0,Male,Wiggle,Courtship,Active wiggle,Female,2,,STOP
447.801,D:/Pipefish Mesocosm Film/Trial 6/7-12-20/7-12 Noon 02.MTS,791.420,25.0,Male,Inactive,,,,,,START
508.567,D:/Pipefish Mesocosm Film/Trial 6/7-12-20/7-12 Noon 02.MTS,791.420,25.0,Female,Inactive,,,,,,STOP
508.567,D:/Pipefish Mesocosm Film/Trial 6/7-12-20/7-12 Noon 02.MTS,791.420,25.0,Male,Inactive,,,,,,STOP
509.136,D:/Pipefish Mesocosm Film/Trial 6/7-12-20/7-12 Noon 02.MTS,791.420,25.0,,Stop,,,,,,POINT
529.073,D:/Pipefish Mesocosm Film/Trial 6/7-12-20/7-12 Noon 02.MTS,791.420,25.0,,Start,,,,,,POINT
529.073,D:/Pipefish Mesocosm Film/Trial 6/7-12-20/7-12 Noon 02.MTS,791.420,25.0,Male,Wiggle,Courtship,Active wiggle,Female,2,,START
529.263,D:/Pipefish Mesocosm Film/Trial 6/7-12-20/7-12 Noon 02.MTS,791.420,25.0,Female,Pose,,S pose,Male,Front,,START
532.301,D:/Pipefish Mesocosm Film/Trial 6/7-12-20/7-12 Noon 02.MTS,791.420,25.0,Male,Wiggle,Courtship,Active wiggle,Female,2,,STOP
532.302,D:/Pipefish Mesocosm Film/Trial 6/7-12-20/7-12 Noon 02.MTS,791.420,25.0,Male,Inactive,,,,,,START
535.815,D:/Pipefish Mesocosm Film/Trial 6/7-12-20/7-12 Noon 02.MTS,791.420,25.0,Female,Pose,,S pose,Male,Front,,STOP
535.816,D:/Pipefish Mesocosm Film/Trial 6/7-12-20/7-12 Noon 02.MTS,791.420,25.0,Female,Wiggle,Courtship,Active wiggle,Female,2,,START
538.948,D:/Pipefish Mesocosm Film/Trial 6/7-12-20/7-12 Noon 02.MTS,791.420,25.0,Female,Wiggle,Courtship,Active wiggle,Female,2,,STOP
538.949,D:/Pipefish Mesocosm Film/Trial 6/7-12-20/7-12 Noon 02.MTS,791.420,25.0,Female,Inactive,,,,,,START
548.538,D:/Pipefish Mesocosm Film/Trial 6/7-12-20/7-12 Noon 02.MTS,791.420,25.0,Male,Inactive,,,,,,STOP
548.539,D:/Pipefish Mesocosm Film/Trial 6/7-12-20/7-12 Noon 02.MTS,791.420,25.0,Male,Wiggle,Courtship,Active wiggle,Female,2,,START
551.484,D:/Pipefish Mesocosm Film/Trial 6/7-12-20/7-12 Noon 02.MTS,791.420,25.0,Male,Wiggle,Courtship,Active wiggle,Female,2,,STOP
551.485,D:/Pipefish Mesocosm Film/Trial 6/7-12-20/7-12 Noon 02.MTS,791.420,25.0,Male,Inactive,,,,,,START
556.036,D:/Pipefish Mesocosm Film/Trial 6/7-12-20/7-12 Noon 02.MTS,791.420,25.0,Male,Inactive,,,,,,STOP
556.037,D:/Pipefish Mesocosm Film/Trial 6/7-12-20/7-12 Noon 02.MTS,791.420,25.0,Male,Wiggle,Courtship,Active wiggle,Female,2,,START
558.126,D:/Pipefish Mesocosm Film/Trial 6/7-12-20/7-12 Noon 02.MTS,791.420,25.0,Male,Wiggle,Courtship,Active wiggle,Female,2,,STOP
558.127,D:/Pipefish Mesocosm Film/Trial 6/7-12-20/7-12 Noon 02.MTS,791.420,25.0,Male,Inactive,,,,,,START
584.616,D:/Pipefish Mesocosm Film/Trial 6/7-12-20/7-12 Noon 02.MTS,791.420,25.0,Male,Inactive,,,,,,STOP
584.617,D:/Pipefish Mesocosm Film/Trial 6/7-12-20/7-12 Noon 02.MTS,791.420,25.0,Male,Wiggle,Courtship,Active wiggle,Female,2,,START
588.036,D:/Pipefish Mesocosm Film/Trial 6/7-12-20/7-12 Noon 02.MTS,791.420,25.0,Male,Wiggle,Courtship,Active wiggle,Female,2,,STOP
588.037,D:/Pipefish Mesocosm Film/Trial 6/7-12-20/7-12 Noon 02.MTS,791.420,25.0,Male,Inactive,,,,,,START
617.371,D:/Pipefish Mesocosm Film/Trial 6/7-12-20/7-12 Noon 02.MTS,791.420,25.0,Male,Inactive,,,,,,STOP
617.372,D:/Pipefish Mesocosm Film/Trial 6/7-12-20/7-12 Noon 02.MTS,791.420,25.0,Male,Wiggle,Courtship,Active wiggle,Female,2,,START
621.645,D:/Pipefish Mesocosm Film/Trial 6/7-12-20/7-12 Noon 02.MTS,791.420,25.0,Male,Wiggle,Courtship,Active wiggle,Female,2,,STOP
621.646,D:/Pipefish Mesocosm Film/Trial 6/7-12-20/7-12 Noon 02.MTS,791.420,25.0,Male,Inactive,,,,,,START
647.753,D:/Pipefish Mesocosm Film/Trial 6/7-12-20/7-12 Noon 02.MTS,791.420,25.0,Male,Inactive,,,,,,STOP
647.754,D:/Pipefish Mesocosm Film/Trial 6/7-12-20/7-12 Noon 02.MTS,791.420,25.0,Male,Wiggle,Courtship,Active wiggle,Female,2,,START
651.457,D:/Pipefish Mesocosm Film/Trial 6/7-12-20/7-12 Noon 02.MTS,791.420,25.0,Male,Wiggle,Courtship,Active wiggle,Female,2,,STOP
651.458,D:/Pipefish Mesocosm Film/Trial 6/7-12-20/7-12 Noon 02.MTS,791.420,25.0,Male,Inactive,,,,,,START
674.530,D:/Pipefish Mesocosm Film/Trial 6/7-12-20/7-12 Noon 02.MTS,791.420,25.0,Male,Inactive,,,,,,STOP
674.531,D:/Pipefish Mesocosm Film/Trial 6/7-12-20/7-12 Noon 02.MTS,791.420,25.0,Male,Wiggle,Courtship,Active wiggle,Female,2,,START
677.187,D:/Pipefish Mesocosm Film/Trial 6/7-12-20/7-12 Noon 02.MTS,791.420,25.0,Male,Wiggle,Courtship,Active wiggle,Female,2,,STOP
677.188,D:/Pipefish Mesocosm Film/Trial 6/7-12-20/7-12 Noon 02.MTS,791.420,25.0,Male,Inactive,,,,,,START
716.209,D:/Pipefish Mesocosm Film/Trial 6/7-12-20/7-12 Noon 02.MTS,791.420,25.0,Male,Inactive,,,,,,STOP
716.210,D:/Pipefish Mesocosm Film/Trial 6/7-12-20/7-12 Noon 02.MTS,791.420,25.0,Male,Wiggle,Courtship,Subtle wiggle,Female,2,,START
718.774,D:/Pipefish Mesocosm Film/Trial 6/7-12-20/7-12 Noon 02.MTS,791.420,25.0,Male,Wiggle,Courtship,Subtle wiggle,Female,2,,STOP
718.775,D:/Pipefish Mesocosm Film/Trial 6/7-12-20/7-12 Noon 02.MTS,791.420,25.0,Male,Inactive,,,,,,START
723.427,D:/Pipefish Mesocosm Film/Trial 6/7-12-20/7-12 Noon 02.MTS,791.420,25.0,Male,Inactive,,,,,,STOP
723.428,D:/Pipefish Mesocosm Film/Trial 6/7-12-20/7-12 Noon 02.MTS,791.420,25.0,Male,Wiggle,Courtship,Active wiggle,Female,2,,START
727.129,D:/Pipefish Mesocosm Film/Trial 6/7-12-20/7-12 Noon 02.MTS,791.420,25.0,Male,Wiggle,Courtship,Active wiggle,Female,2,,STOP
727.130,D:/Pipefish Mesocosm Film/Trial 6/7-12-20/7-12 Noon 02.MTS,791.420,25.0,Male,Inactive,,,,,,START
730.548,D:/Pipefish Mesocosm Film/Trial 6/7-12-20/7-12 Noon 02.MTS,791.420,25.0,Male,Inactive,,,,,,STOP
730.549,D:/Pipefish Mesocosm Film/Trial 6/7-12-20/7-12 Noon 02.MTS,791.420,25.0,Male,Wiggle,Courtship,Active wiggle,Female,2,,START
732.067,D:/Pipefish Mesocosm Film/Trial 6/7-12-20/7-12 Noon 02.MTS,791.420,25.0,Male,Wiggle,Courtship,Active wiggle,Female,2,,STOP
732.068,D:/Pipefish Mesocosm Film/Trial 6/7-12-20/7-12 Noon 02.MTS,791.420,25.0,Male,Inactive,,,,,,START
750.296,D:/Pipefish Mesocosm Film/Trial 6/7-12-20/7-12 Noon 02.MTS,791.420,25.0,Male,Inactive,,,,,,STOP
750.297,D:/Pipefish Mesocosm Film/Trial 6/7-12-20/7-12 Noon 02.MTS,791.420,25.0,Male,Wiggle,Courtship,Active wiggle,Female,2,,START
752.575,D:/Pipefish Mesocosm Film/Trial 6/7-12-20/7-12 Noon 02.MTS,791.420,25.0,Male,Wiggle,Courtship,Active wiggle,Female,2,,STOP
752.576,D:/Pipefish Mesocosm Film/Trial 6/7-12-20/7-12 Noon 02.MTS,791.420,25.0,Male,Inactive,,,,,,START
754.756,D:/Pipefish Mesocosm Film/Trial 6/7-12-20/7-12 Noon 02.MTS,791.420,25.0,Female,Inactive,,,,,,STOP
754.757,D:/Pipefish Mesocosm Film/Trial 6/7-12-20/7-12 Noon 02.MTS,791.420,25.0,Female,Wiggle,Courtship,Subtle wiggle,Male,2,,START
756.230,D:/Pipefish Mesocosm Film/Trial 6/7-12-20/7-12 Noon 02.MTS,791.420,25.0,Female,Wiggle,Courtship,Subtle wiggle,Male,2,,STOP
756.231,D:/Pipefish Mesocosm Film/Trial 6/7-12-20/7-12 Noon 02.MTS,791.420,25.0,Female,Inactive,,,,,,START
766.437,D:/Pipefish Mesocosm Film/Trial 6/7-12-20/7-12 Noon 02.MTS,791.420,25.0,Male,Inactive,,,,,,STOP
766.438,D:/Pipefish Mesocosm Film/Trial 6/7-12-20/7-12 Noon 02.MTS,791.420,25.0,Male,Wiggle,Courtship,Active wiggle,Female,2,,START
770.614,D:/Pipefish Mesocosm Film/Trial 6/7-12-20/7-12 Noon 02.MTS,791.420,25.0,Male,Wiggle,Courtship,Active wiggle,Female,2,,STOP
770.615,D:/Pipefish Mesocosm Film/Trial 6/7-12-20/7-12 Noon 02.MTS,791.420,25.0,Male,Inactive,,,,,,START
790.369,D:/Pipefish Mesocosm Film/Trial 6/7-12-20/7-12 Noon 02.MTS,791.420,25.0,Female,Inactive,,,,,,STOP
790.369,D:/Pipefish Mesocosm Film/Trial 6/7-12-20/7-12 Noon 02.MTS,791.420,25.0,Male,Inactive,,,,,,STOP
790.492,D:/Pipefish Mesocosm Film/Trial 6/7-12-20/7-12 Noon 02.MTS,791.420,25.0,,Stop,,,,,,POINT
