Observation id,T604N_02,,,,,,,,,,
,,,,,,,,,,,
Media file(s),,,,,,,,,,,
,,,,,,,,,,,
Player #1,D:/Pipefish Mesocosm Film/Trial 6/8-12-20/8-12 Noon 01.MTS,,,,,,,,,,
Player #1,D:/Pipefish Mesocosm Film/Trial 6/8-12-20/8-12 Noon 02.MTS,,,,,,,,,,
,,,,,,,,,,,
Observation date,2021-11-02 11:19:04,,,,,,,,,,
,,,,,,,,,,,
Description,,,,,,,,,,,
,,,,,,,,,,,
Time offset (s),0.0,,,,,,,,,,
,,,,,,,,,,,
independent variables,,,,,,,,,,,
variable,value,,,,,,,,,,
Number in group,,,,,,,,,,,
Time of day,,,,,,,,,,,
,,,,,,,,,,,
Time,Media file path,Total length,FPS,Subject,Behavior,Behavioral category,Modifier 1,Modifier 2,Modifier 3,Comment,Status
77.515,D:/Pipefish Mesocosm Film/Trial 6/8-12-20/8-12 Noon 01.MTS,3602.320,25.0,,Start,,,,,,POINT
80.933,D:/Pipefish Mesocosm Film/Trial 6/8-12-20/8-12 Noon 01.MTS,3602.320,25.0,Female,Pose,,S pose,Male,Front,,START
85.114,D:/Pipefish Mesocosm Film/Trial 6/8-12-20/8-12 Noon 01.MTS,3602.320,25.0,Male,Surrounding,,,,,,START
90.521,D:/Pipefish Mesocosm Film/Trial 6/8-12-20/8-12 Noon 01.MTS,3602.320,25.0,Female,Pose,,S pose,Male,Front,,STOP
90.522,D:/Pipefish Mesocosm Film/Trial 6/8-12-20/8-12 Noon 01.MTS,3602.320,25.0,Female,Wiggle,Courtship,Active wiggle,Male,2,,START
94.888,D:/Pipefish Mesocosm Film/Trial 6/8-12-20/8-12 Noon 01.MTS,3602.320,25.0,Male,Surrounding,,,,,,STOP
94.889,D:/Pipefish Mesocosm Film/Trial 6/8-12-20/8-12 Noon 01.MTS,3602.320,25.0,Male,Inactive,,,,,,START
95.743,D:/Pipefish Mesocosm Film/Trial 6/8-12-20/8-12 Noon 01.MTS,3602.320,25.0,Female,Wiggle,Courtship,Active wiggle,Male,2,,STOP
95.744,D:/Pipefish Mesocosm Film/Trial 6/8-12-20/8-12 Noon 01.MTS,3602.320,25.0,Female,Inactive,,,,,,START
99.449,D:/Pipefish Mesocosm Film/Trial 6/8-12-20/8-12 Noon 01.MTS,3602.320,25.0,Male,Inactive,,,,,,STOP
99.450,D:/Pipefish Mesocosm Film/Trial 6/8-12-20/8-12 Noon 01.MTS,3602.320,25.0,Male,Surrounding,,,,,,START
148.630,D:/Pipefish Mesocosm Film/Trial 6/8-12-20/8-12 Noon 01.MTS,3602.320,25.0,Male,Surrounding,,,,,,STOP
148.631,D:/Pipefish Mesocosm Film/Trial 6/8-12-20/8-12 Noon 01.MTS,3602.320,25.0,Male,Wiggle,Courtship,Active wiggle,Female,4,,START
151.096,D:/Pipefish Mesocosm Film/Trial 6/8-12-20/8-12 Noon 01.MTS,3602.320,25.0,Male,Wiggle,Courtship,Active wiggle,Female,4,,STOP
151.097,D:/Pipefish Mesocosm Film/Trial 6/8-12-20/8-12 Noon 01.MTS,3602.320,25.0,Male,Surrounding,,,,,,START
167.331,D:/Pipefish Mesocosm Film/Trial 6/8-12-20/8-12 Noon 01.MTS,3602.320,25.0,Male,Surrounding,,,,,,STOP
167.332,D:/Pipefish Mesocosm Film/Trial 6/8-12-20/8-12 Noon 01.MTS,3602.320,25.0,Male,Inactive,,,,,,START
178.154,D:/Pipefish Mesocosm Film/Trial 6/8-12-20/8-12 Noon 01.MTS,3602.320,25.0,Male,Inactive,,,,,,STOP
178.155,D:/Pipefish Mesocosm Film/Trial 6/8-12-20/8-12 Noon 01.MTS,3602.320,25.0,Male,Wiggle,Courtship,Subtle wiggle,Male,3,,START
179.960,D:/Pipefish Mesocosm Film/Trial 6/8-12-20/8-12 Noon 01.MTS,3602.320,25.0,Male,Wiggle,Courtship,Subtle wiggle,Male,3,,STOP
179.961,D:/Pipefish Mesocosm Film/Trial 6/8-12-20/8-12 Noon 01.MTS,3602.320,25.0,Male,Inactive,,,,,,START
184.517,D:/Pipefish Mesocosm Film/Trial 6/8-12-20/8-12 Noon 01.MTS,3602.320,25.0,Male,Inactive,,,,,,STOP
184.518,D:/Pipefish Mesocosm Film/Trial 6/8-12-20/8-12 Noon 01.MTS,3602.320,25.0,Male,Surrounding,,,,,,START
245.568,D:/Pipefish Mesocosm Film/Trial 6/8-12-20/8-12 Noon 01.MTS,3602.320,25.0,Female,Inactive,,,,,,STOP
245.568,D:/Pipefish Mesocosm Film/Trial 6/8-12-20/8-12 Noon 01.MTS,3602.320,25.0,Male,Surrounding,,,,,,STOP
245.570,D:/Pipefish Mesocosm Film/Trial 6/8-12-20/8-12 Noon 01.MTS,3602.320,25.0,,Stop,,,,,,POINT
342.317,D:/Pipefish Mesocosm Film/Trial 6/8-12-20/8-12 Noon 01.MTS,3602.320,25.0,,Start,,,,,,POINT
342.506,D:/Pipefish Mesocosm Film/Trial 6/8-12-20/8-12 Noon 01.MTS,3602.320,25.0,Female,Pose,,S pose,Male,Front,,START
346.496,D:/Pipefish Mesocosm Film/Trial 6/8-12-20/8-12 Noon 01.MTS,3602.320,25.0,Male,Surrounding,,,,,,START
347.823,D:/Pipefish Mesocosm Film/Trial 6/8-12-20/8-12 Noon 01.MTS,3602.320,25.0,Female,Pose,,S pose,Male,Front,,STOP
347.824,D:/Pipefish Mesocosm Film/Trial 6/8-12-20/8-12 Noon 01.MTS,3602.320,25.0,Female,Inactive,,,,,,START
412.574,D:/Pipefish Mesocosm Film/Trial 6/8-12-20/8-12 Noon 01.MTS,3602.320,25.0,Male,Surrounding,,,,,,STOP
412.575,D:/Pipefish Mesocosm Film/Trial 6/8-12-20/8-12 Noon 01.MTS,3602.320,25.0,Male,Wiggle,Courtship,Active wiggle,Female,3,,START
414.567,D:/Pipefish Mesocosm Film/Trial 6/8-12-20/8-12 Noon 01.MTS,3602.320,25.0,Male,Wiggle,Courtship,Active wiggle,Female,3,,STOP
414.568,D:/Pipefish Mesocosm Film/Trial 6/8-12-20/8-12 Noon 01.MTS,3602.320,25.0,Male,Surrounding,,,,,,START
434.508,D:/Pipefish Mesocosm Film/Trial 6/8-12-20/8-12 Noon 01.MTS,3602.320,25.0,Female,Inactive,,,,,,STOP
434.509,D:/Pipefish Mesocosm Film/Trial 6/8-12-20/8-12 Noon 01.MTS,3602.320,25.0,Female,Pose,,Non-s pose,Male,Front,,START
439.823,D:/Pipefish Mesocosm Film/Trial 6/8-12-20/8-12 Noon 01.MTS,3602.320,25.0,Female,Pose,,Non-s pose,Male,Front,,STOP
439.824,D:/Pipefish Mesocosm Film/Trial 6/8-12-20/8-12 Noon 01.MTS,3602.320,25.0,Female,Inactive,,,,,,START
493.753,D:/Pipefish Mesocosm Film/Trial 6/8-12-20/8-12 Noon 01.MTS,3602.320,25.0,Female,Inactive,,,,,,STOP
493.754,D:/Pipefish Mesocosm Film/Trial 6/8-12-20/8-12 Noon 01.MTS,3602.320,25.0,Female,Pose,,S pose,Male,Front,,START
495.178,D:/Pipefish Mesocosm Film/Trial 6/8-12-20/8-12 Noon 01.MTS,3602.320,25.0,Male,Surrounding,,,,,,STOP
495.179,D:/Pipefish Mesocosm Film/Trial 6/8-12-20/8-12 Noon 01.MTS,3602.320,25.0,Male,Wiggle,Courtship,Active wiggle,Female,4,,START
499.070,D:/Pipefish Mesocosm Film/Trial 6/8-12-20/8-12 Noon 01.MTS,3602.320,25.0,Male,Wiggle,Courtship,Active wiggle,Female,4,,STOP
499.071,D:/Pipefish Mesocosm Film/Trial 6/8-12-20/8-12 Noon 01.MTS,3602.320,25.0,Male,Surrounding,,,,,,START
501.728,D:/Pipefish Mesocosm Film/Trial 6/8-12-20/8-12 Noon 01.MTS,3602.320,25.0,Female,Pose,,S pose,Male,Front,,STOP
501.729,D:/Pipefish Mesocosm Film/Trial 6/8-12-20/8-12 Noon 01.MTS,3602.320,25.0,Female,Inactive,,,,,,START
532.204,D:/Pipefish Mesocosm Film/Trial 6/8-12-20/8-12 Noon 01.MTS,3602.320,25.0,Female,Inactive,,,,,,STOP
532.205,D:/Pipefish Mesocosm Film/Trial 6/8-12-20/8-12 Noon 01.MTS,3602.320,25.0,Female,Pose,,Non-s pose,Male,Front,,START
536.763,D:/Pipefish Mesocosm Film/Trial 6/8-12-20/8-12 Noon 01.MTS,3602.320,25.0,Female,Pose,,Non-s pose,Male,Front,,STOP
536.764,D:/Pipefish Mesocosm Film/Trial 6/8-12-20/8-12 Noon 01.MTS,3602.320,25.0,Female,Inactive,,,,,,START
546.446,D:/Pipefish Mesocosm Film/Trial 6/8-12-20/8-12 Noon 01.MTS,3602.320,25.0,Male,Surrounding,,,,,,STOP
546.447,D:/Pipefish Mesocosm Film/Trial 6/8-12-20/8-12 Noon 01.MTS,3602.320,25.0,Male,Inactive,,,,,,START
550.435,D:/Pipefish Mesocosm Film/Trial 6/8-12-20/8-12 Noon 01.MTS,3602.320,25.0,Male,Inactive,,,,,,STOP
550.436,D:/Pipefish Mesocosm Film/Trial 6/8-12-20/8-12 Noon 01.MTS,3602.320,25.0,Male,Surrounding,,,,,,START
610.348,D:/Pipefish Mesocosm Film/Trial 6/8-12-20/8-12 Noon 01.MTS,3602.320,25.0,Male,Surrounding,,,,,,STOP
610.868,D:/Pipefish Mesocosm Film/Trial 6/8-12-20/8-12 Noon 01.MTS,3602.320,25.0,Female,Inactive,,,,,,STOP
611.167,D:/Pipefish Mesocosm Film/Trial 6/8-12-20/8-12 Noon 01.MTS,3602.320,25.0,,Stop,,,,,,POINT
652.406,D:/Pipefish Mesocosm Film/Trial 6/8-12-20/8-12 Noon 01.MTS,3602.320,25.0,,Start,,,,,,POINT
652.406,D:/Pipefish Mesocosm Film/Trial 6/8-12-20/8-12 Noon 01.MTS,3602.320,25.0,Female,Pose,,Non-s pose,Male,Front,,START
652.692,D:/Pipefish Mesocosm Film/Trial 6/8-12-20/8-12 Noon 01.MTS,3602.320,25.0,Male,Surrounding,,,,,,START
662.281,D:/Pipefish Mesocosm Film/Trial 6/8-12-20/8-12 Noon 01.MTS,3602.320,25.0,Female,Pose,,Non-s pose,Male,Front,,STOP
662.283,D:/Pipefish Mesocosm Film/Trial 6/8-12-20/8-12 Noon 01.MTS,3602.320,25.0,Female,Inactive,,,,,,START
669.685,D:/Pipefish Mesocosm Film/Trial 6/8-12-20/8-12 Noon 01.MTS,3602.320,25.0,Female,Inactive,,,,,,STOP
669.686,D:/Pipefish Mesocosm Film/Trial 6/8-12-20/8-12 Noon 01.MTS,3602.320,25.0,Female,Pose,,S pose,Male,Front,,START
672.062,D:/Pipefish Mesocosm Film/Trial 6/8-12-20/8-12 Noon 01.MTS,3602.320,25.0,Female,Pose,,S pose,Male,Front,,STOP
672.063,D:/Pipefish Mesocosm Film/Trial 6/8-12-20/8-12 Noon 01.MTS,3602.320,25.0,Female,Inactive,,,,,,START
693.898,D:/Pipefish Mesocosm Film/Trial 6/8-12-20/8-12 Noon 01.MTS,3602.320,25.0,Male,Surrounding,,,,,,STOP
693.899,D:/Pipefish Mesocosm Film/Trial 6/8-12-20/8-12 Noon 01.MTS,3602.320,25.0,Male,Wiggle,Courtship,Active wiggle,Female,3,,START
696.840,D:/Pipefish Mesocosm Film/Trial 6/8-12-20/8-12 Noon 01.MTS,3602.320,25.0,Female,Inactive,,,,,,STOP
696.841,D:/Pipefish Mesocosm Film/Trial 6/8-12-20/8-12 Noon 01.MTS,3602.320,25.0,Female,Pose,,Non-s pose,Male,Front,,START
699.024,D:/Pipefish Mesocosm Film/Trial 6/8-12-20/8-12 Noon 01.MTS,3602.320,25.0,Female,Pose,,Non-s pose,Male,Front,,STOP
699.025,D:/Pipefish Mesocosm Film/Trial 6/8-12-20/8-12 Noon 01.MTS,3602.320,25.0,Female,Inactive,,,,,,START
699.117,D:/Pipefish Mesocosm Film/Trial 6/8-12-20/8-12 Noon 01.MTS,3602.320,25.0,Male,Wiggle,Courtship,Active wiggle,Female,3,,STOP
699.118,D:/Pipefish Mesocosm Film/Trial 6/8-12-20/8-12 Noon 01.MTS,3602.320,25.0,Male,Surrounding,,,,,,START
700.828,D:/Pipefish Mesocosm Film/Trial 6/8-12-20/8-12 Noon 01.MTS,3602.320,25.0,Male,Surrounding,,,,,,STOP
700.829,D:/Pipefish Mesocosm Film/Trial 6/8-12-20/8-12 Noon 01.MTS,3602.320,25.0,Male,Wiggle,Courtship,Active wiggle,Female,2,,START
701.301,D:/Pipefish Mesocosm Film/Trial 6/8-12-20/8-12 Noon 01.MTS,3602.320,25.0,Female,Inactive,,,,,,STOP
701.302,D:/Pipefish Mesocosm Film/Trial 6/8-12-20/8-12 Noon 01.MTS,3602.320,25.0,Female,Pose,,Non-s pose,Male,Front,,START
704.056,D:/Pipefish Mesocosm Film/Trial 6/8-12-20/8-12 Noon 01.MTS,3602.320,25.0,Female,Pose,,Non-s pose,Male,Front,,STOP
704.057,D:/Pipefish Mesocosm Film/Trial 6/8-12-20/8-12 Noon 01.MTS,3602.320,25.0,Female,Inactive,,,,,,START
704.910,D:/Pipefish Mesocosm Film/Trial 6/8-12-20/8-12 Noon 01.MTS,3602.320,25.0,Male,Wiggle,Courtship,Active wiggle,Female,2,,STOP
704.911,D:/Pipefish Mesocosm Film/Trial 6/8-12-20/8-12 Noon 01.MTS,3602.320,25.0,Male,Inactive,,,,,,START
717.159,D:/Pipefish Mesocosm Film/Trial 6/8-12-20/8-12 Noon 01.MTS,3602.320,25.0,Male,Inactive,,,,,,STOP
717.160,D:/Pipefish Mesocosm Film/Trial 6/8-12-20/8-12 Noon 01.MTS,3602.320,25.0,Male,Surrounding,,,,,,START
818.275,D:/Pipefish Mesocosm Film/Trial 6/8-12-20/8-12 Noon 01.MTS,3602.320,25.0,Male,Surrounding,,,,,,STOP
818.276,D:/Pipefish Mesocosm Film/Trial 6/8-12-20/8-12 Noon 01.MTS,3602.320,25.0,Male,Wiggle,Courtship,Active wiggle,Female,2,,START
822.738,D:/Pipefish Mesocosm Film/Trial 6/8-12-20/8-12 Noon 01.MTS,3602.320,25.0,Male,Wiggle,Courtship,Active wiggle,Female,2,,STOP
822.739,D:/Pipefish Mesocosm Film/Trial 6/8-12-20/8-12 Noon 01.MTS,3602.320,25.0,Male,Surrounding,,,,,,START
830.808,D:/Pipefish Mesocosm Film/Trial 6/8-12-20/8-12 Noon 01.MTS,3602.320,25.0,Male,Surrounding,,,,,,STOP
830.809,D:/Pipefish Mesocosm Film/Trial 6/8-12-20/8-12 Noon 01.MTS,3602.320,25.0,Male,Wiggle,Courtship,Active wiggle,Female,3,,START
834.796,D:/Pipefish Mesocosm Film/Trial 6/8-12-20/8-12 Noon 01.MTS,3602.320,25.0,Male,Wiggle,Courtship,Active wiggle,Female,3,,STOP
834.797,D:/Pipefish Mesocosm Film/Trial 6/8-12-20/8-12 Noon 01.MTS,3602.320,25.0,Male,Surrounding,,,,,,START
839.827,D:/Pipefish Mesocosm Film/Trial 6/8-12-20/8-12 Noon 01.MTS,3602.320,25.0,Female,Inactive,,,,,,STOP
839.828,D:/Pipefish Mesocosm Film/Trial 6/8-12-20/8-12 Noon 01.MTS,3602.320,25.0,Female,Pose,,Non-s pose,Male,Front,,START
846.284,D:/Pipefish Mesocosm Film/Trial 6/8-12-20/8-12 Noon 01.MTS,3602.320,25.0,Female,Pose,,Non-s pose,Male,Front,,STOP
846.285,D:/Pipefish Mesocosm Film/Trial 6/8-12-20/8-12 Noon 01.MTS,3602.320,25.0,Female,Inactive,,,,,,START
951.391,D:/Pipefish Mesocosm Film/Trial 6/8-12-20/8-12 Noon 01.MTS,3602.320,25.0,Female,Inactive,,,,,,STOP
951.392,D:/Pipefish Mesocosm Film/Trial 6/8-12-20/8-12 Noon 01.MTS,3602.320,25.0,Female,Pose,,S pose,Male,Front,,START
960.407,D:/Pipefish Mesocosm Film/Trial 6/8-12-20/8-12 Noon 01.MTS,3602.320,25.0,Female,Pose,,S pose,Male,Front,,STOP
960.408,D:/Pipefish Mesocosm Film/Trial 6/8-12-20/8-12 Noon 01.MTS,3602.320,25.0,Female,Inactive,,,,,,START
994.302,D:/Pipefish Mesocosm Film/Trial 6/8-12-20/8-12 Noon 01.MTS,3602.320,25.0,Male,Surrounding,,,,,,STOP
994.303,D:/Pipefish Mesocosm Film/Trial 6/8-12-20/8-12 Noon 01.MTS,3602.320,25.0,Male,Wiggle,Courtship,Subtle wiggle,Female,3,,START
996.108,D:/Pipefish Mesocosm Film/Trial 6/8-12-20/8-12 Noon 01.MTS,3602.320,25.0,Male,Wiggle,Courtship,Subtle wiggle,Female,3,,STOP
996.109,D:/Pipefish Mesocosm Film/Trial 6/8-12-20/8-12 Noon 01.MTS,3602.320,25.0,Male,Surrounding,,,,,,START
1057.730,D:/Pipefish Mesocosm Film/Trial 6/8-12-20/8-12 Noon 01.MTS,3602.320,25.0,Female,Inactive,,,,,,STOP
1057.730,D:/Pipefish Mesocosm Film/Trial 6/8-12-20/8-12 Noon 01.MTS,3602.320,25.0,Male,Surrounding,,,,,,STOP
1057.732,D:/Pipefish Mesocosm Film/Trial 6/8-12-20/8-12 Noon 01.MTS,3602.320,25.0,,Stop,,,,,,POINT
1160.174,D:/Pipefish Mesocosm Film/Trial 6/8-12-20/8-12 Noon 01.MTS,3602.320,25.0,,Start,,,,,,POINT
1160.459,D:/Pipefish Mesocosm Film/Trial 6/8-12-20/8-12 Noon 01.MTS,3602.320,25.0,Male,Wiggle,Courtship,Active wiggle,Female,2,,START
1163.116,D:/Pipefish Mesocosm Film/Trial 6/8-12-20/8-12 Noon 01.MTS,3602.320,25.0,Male,Wiggle,Courtship,Active wiggle,Female,2,,STOP
1163.117,D:/Pipefish Mesocosm Film/Trial 6/8-12-20/8-12 Noon 01.MTS,3602.320,25.0,Male,Surrounding,,,,,,START
1167.199,D:/Pipefish Mesocosm Film/Trial 6/8-12-20/8-12 Noon 01.MTS,3602.320,25.0,Female,Inactive,,,,,,START
1167.293,D:/Pipefish Mesocosm Film/Trial 6/8-12-20/8-12 Noon 01.MTS,3602.320,25.0,Male,Surrounding,,,,,,STOP
1167.294,D:/Pipefish Mesocosm Film/Trial 6/8-12-20/8-12 Noon 01.MTS,3602.320,25.0,Male,Wiggle,Courtship,Active wiggle,Female,3,,START
1170.426,D:/Pipefish Mesocosm Film/Trial 6/8-12-20/8-12 Noon 01.MTS,3602.320,25.0,Male,Wiggle,Courtship,Active wiggle,Female,3,,STOP
1170.427,D:/Pipefish Mesocosm Film/Trial 6/8-12-20/8-12 Noon 01.MTS,3602.320,25.0,Male,Surrounding,,,,,,START
1231.383,D:/Pipefish Mesocosm Film/Trial 6/8-12-20/8-12 Noon 01.MTS,3602.320,25.0,Female,Inactive,,,,,,STOP
1231.383,D:/Pipefish Mesocosm Film/Trial 6/8-12-20/8-12 Noon 01.MTS,3602.320,25.0,Male,Surrounding,,,,,,STOP
1231.385,D:/Pipefish Mesocosm Film/Trial 6/8-12-20/8-12 Noon 01.MTS,3602.320,25.0,,Stop,,,,,,POINT
1807.793,D:/Pipefish Mesocosm Film/Trial 6/8-12-20/8-12 Noon 01.MTS,3602.320,25.0,,Start,,,,,,POINT
1807.793,D:/Pipefish Mesocosm Film/Trial 6/8-12-20/8-12 Noon 01.MTS,3602.320,25.0,Male,Wiggle,Courtship,Active wiggle,Female,2,,START
1809.124,D:/Pipefish Mesocosm Film/Trial 6/8-12-20/8-12 Noon 01.MTS,3602.320,25.0,Female,Inactive,,,,,,START
1811.496,D:/Pipefish Mesocosm Film/Trial 6/8-12-20/8-12 Noon 01.MTS,3602.320,25.0,Male,Wiggle,Courtship,Active wiggle,Female,2,,STOP
1811.497,D:/Pipefish Mesocosm Film/Trial 6/8-12-20/8-12 Noon 01.MTS,3602.320,25.0,Male,Inactive,,,,,,START
1820.230,D:/Pipefish Mesocosm Film/Trial 6/8-12-20/8-12 Noon 01.MTS,3602.320,25.0,Female,Inactive,,,,,,STOP
1820.231,D:/Pipefish Mesocosm Film/Trial 6/8-12-20/8-12 Noon 01.MTS,3602.320,25.0,Female,Pose,,S pose,Male,Front,,START
1820.326,D:/Pipefish Mesocosm Film/Trial 6/8-12-20/8-12 Noon 01.MTS,3602.320,25.0,Male,Inactive,,,,,,STOP
1820.327,D:/Pipefish Mesocosm Film/Trial 6/8-12-20/8-12 Noon 01.MTS,3602.320,25.0,Male,Wiggle,Courtship,Active wiggle,Female,2,,START
1825.548,D:/Pipefish Mesocosm Film/Trial 6/8-12-20/8-12 Noon 01.MTS,3602.320,25.0,Female,Pose,,S pose,Male,Front,,STOP
1825.549,D:/Pipefish Mesocosm Film/Trial 6/8-12-20/8-12 Noon 01.MTS,3602.320,25.0,Female,Wiggle,Courtship,Active wiggle,Male,2,,START
1827.542,D:/Pipefish Mesocosm Film/Trial 6/8-12-20/8-12 Noon 01.MTS,3602.320,25.0,Female,Wiggle,Courtship,Active wiggle,Male,2,,STOP
1827.543,D:/Pipefish Mesocosm Film/Trial 6/8-12-20/8-12 Noon 01.MTS,3602.320,25.0,Female,Inactive,,,,,,START
1838.933,D:/Pipefish Mesocosm Film/Trial 6/8-12-20/8-12 Noon 01.MTS,3602.320,25.0,Male,Wiggle,Courtship,Active wiggle,Female,2,,STOP
1838.934,D:/Pipefish Mesocosm Film/Trial 6/8-12-20/8-12 Noon 01.MTS,3602.320,25.0,Male,Surrounding,,,,,,START
1899.511,D:/Pipefish Mesocosm Film/Trial 6/8-12-20/8-12 Noon 01.MTS,3602.320,25.0,Female,Inactive,,,,,,STOP
1899.511,D:/Pipefish Mesocosm Film/Trial 6/8-12-20/8-12 Noon 01.MTS,3602.320,25.0,Male,Surrounding,,,,,,STOP
1900.024,D:/Pipefish Mesocosm Film/Trial 6/8-12-20/8-12 Noon 01.MTS,3602.320,25.0,,Stop,,,,,,POINT
1983.917,D:/Pipefish Mesocosm Film/Trial 6/8-12-20/8-12 Noon 01.MTS,3602.320,25.0,,Start,,,,,,POINT
1983.917,D:/Pipefish Mesocosm Film/Trial 6/8-12-20/8-12 Noon 01.MTS,3602.320,25.0,Male,Wiggle,Courtship,Active wiggle,Female,3,,START
1984.582,D:/Pipefish Mesocosm Film/Trial 6/8-12-20/8-12 Noon 01.MTS,3602.320,25.0,Female,Inactive,,,,,,START
1987.998,D:/Pipefish Mesocosm Film/Trial 6/8-12-20/8-12 Noon 01.MTS,3602.320,25.0,Male,Wiggle,Courtship,Active wiggle,Female,3,,STOP
1987.999,D:/Pipefish Mesocosm Film/Trial 6/8-12-20/8-12 Noon 01.MTS,3602.320,25.0,Male,Surrounding,,,,,,START
2048.195,D:/Pipefish Mesocosm Film/Trial 6/8-12-20/8-12 Noon 01.MTS,3602.320,25.0,Female,Inactive,,,,,,STOP
2048.195,D:/Pipefish Mesocosm Film/Trial 6/8-12-20/8-12 Noon 01.MTS,3602.320,25.0,Male,Surrounding,,,,,,STOP
2048.197,D:/Pipefish Mesocosm Film/Trial 6/8-12-20/8-12 Noon 01.MTS,3602.320,25.0,,Stop,,,,,,POINT
2333.790,D:/Pipefish Mesocosm Film/Trial 6/8-12-20/8-12 Noon 01.MTS,3602.320,25.0,,Start,,,,,,POINT
2333.790,D:/Pipefish Mesocosm Film/Trial 6/8-12-20/8-12 Noon 01.MTS,3602.320,25.0,Female,Inactive,,,,,,START
2333.790,D:/Pipefish Mesocosm Film/Trial 6/8-12-20/8-12 Noon 01.MTS,3602.320,25.0,Male,Wiggle,Courtship,Active wiggle,Female,2,,START
2336.585,D:/Pipefish Mesocosm Film/Trial 6/8-12-20/8-12 Noon 01.MTS,3602.320,25.0,Male,Wiggle,Courtship,Active wiggle,Female,2,,STOP
2336.586,D:/Pipefish Mesocosm Film/Trial 6/8-12-20/8-12 Noon 01.MTS,3602.320,25.0,Male,Inactive,,,,,,START
2339.390,D:/Pipefish Mesocosm Film/Trial 6/8-12-20/8-12 Noon 01.MTS,3602.320,25.0,Male,Inactive,,,,,,STOP
2339.391,D:/Pipefish Mesocosm Film/Trial 6/8-12-20/8-12 Noon 01.MTS,3602.320,25.0,Male,Surrounding,,,,,,START
2346.225,D:/Pipefish Mesocosm Film/Trial 6/8-12-20/8-12 Noon 01.MTS,3602.320,25.0,Male,Surrounding,,,,,,STOP
2346.226,D:/Pipefish Mesocosm Film/Trial 6/8-12-20/8-12 Noon 01.MTS,3602.320,25.0,Male,Inactive,,,,,,START
2354.772,D:/Pipefish Mesocosm Film/Trial 6/8-12-20/8-12 Noon 01.MTS,3602.320,25.0,Male,Inactive,,,,,,STOP
2354.772,D:/Pipefish Mesocosm Film/Trial 6/8-12-20/8-12 Noon 01.MTS,3602.320,25.0,Male,Wiggle,Courtship,Active wiggle,Female,3,,START
2358.853,D:/Pipefish Mesocosm Film/Trial 6/8-12-20/8-12 Noon 01.MTS,3602.320,25.0,Male,Wiggle,Courtship,Active wiggle,Female,3,,STOP
2358.854,D:/Pipefish Mesocosm Film/Trial 6/8-12-20/8-12 Noon 01.MTS,3602.320,25.0,Male,Surrounding,,,,,,START
2374.519,D:/Pipefish Mesocosm Film/Trial 6/8-12-20/8-12 Noon 01.MTS,3602.320,25.0,Male,Surrounding,,,,,,STOP
2374.520,D:/Pipefish Mesocosm Film/Trial 6/8-12-20/8-12 Noon 01.MTS,3602.320,25.0,Male,Wiggle,Courtship,Active wiggle,Female,2,,START
2377.462,D:/Pipefish Mesocosm Film/Trial 6/8-12-20/8-12 Noon 01.MTS,3602.320,25.0,Male,Wiggle,Courtship,Active wiggle,Female,2,,STOP
2377.463,D:/Pipefish Mesocosm Film/Trial 6/8-12-20/8-12 Noon 01.MTS,3602.320,25.0,Male,Surrounding,,,,,,START
2400.155,D:/Pipefish Mesocosm Film/Trial 6/8-12-20/8-12 Noon 01.MTS,3602.320,25.0,Male,Surrounding,,,,,,STOP
2400.156,D:/Pipefish Mesocosm Film/Trial 6/8-12-20/8-12 Noon 01.MTS,3602.320,25.0,Male,Wiggle,Courtship,Active wiggle,Female,3,,START
2404.997,D:/Pipefish Mesocosm Film/Trial 6/8-12-20/8-12 Noon 01.MTS,3602.320,25.0,Male,Wiggle,Courtship,Active wiggle,Female,3,,STOP
2404.998,D:/Pipefish Mesocosm Film/Trial 6/8-12-20/8-12 Noon 01.MTS,3602.320,25.0,Male,Surrounding,,,,,,START
2418.763,D:/Pipefish Mesocosm Film/Trial 6/8-12-20/8-12 Noon 01.MTS,3602.320,25.0,Female,Inactive,,,,,,STOP
2418.764,D:/Pipefish Mesocosm Film/Trial 6/8-12-20/8-12 Noon 01.MTS,3602.320,25.0,Female,Wiggle,Courtship,Active wiggle,Male,3,,START
2421.708,D:/Pipefish Mesocosm Film/Trial 6/8-12-20/8-12 Noon 01.MTS,3602.320,25.0,Female,Wiggle,Courtship,Active wiggle,Male,3,,STOP
2421.709,D:/Pipefish Mesocosm Film/Trial 6/8-12-20/8-12 Noon 01.MTS,3602.320,25.0,Female,Inactive,,,,,,START
2424.365,D:/Pipefish Mesocosm Film/Trial 6/8-12-20/8-12 Noon 01.MTS,3602.320,25.0,Female,Inactive,,,,,,STOP
2424.366,D:/Pipefish Mesocosm Film/Trial 6/8-12-20/8-12 Noon 01.MTS,3602.320,25.0,Female,Wiggle,Courtship,Active wiggle,Male,2,,START
2426.455,D:/Pipefish Mesocosm Film/Trial 6/8-12-20/8-12 Noon 01.MTS,3602.320,25.0,Female,Wiggle,Courtship,Active wiggle,Male,2,,STOP
2426.456,D:/Pipefish Mesocosm Film/Trial 6/8-12-20/8-12 Noon 01.MTS,3602.320,25.0,Female,Inactive,,,,,,START
2487.598,D:/Pipefish Mesocosm Film/Trial 6/8-12-20/8-12 Noon 01.MTS,3602.320,25.0,Female,Inactive,,,,,,STOP
2487.598,D:/Pipefish Mesocosm Film/Trial 6/8-12-20/8-12 Noon 01.MTS,3602.320,25.0,Male,Surrounding,,,,,,STOP
2488.175,D:/Pipefish Mesocosm Film/Trial 6/8-12-20/8-12 Noon 01.MTS,3602.320,25.0,,Stop,,,,,,POINT
2537.825,D:/Pipefish Mesocosm Film/Trial 6/8-12-20/8-12 Noon 01.MTS,3602.320,25.0,,Start,,,,,,POINT
2537.825,D:/Pipefish Mesocosm Film/Trial 6/8-12-20/8-12 Noon 01.MTS,3602.320,25.0,Female,Pose,,S pose,Male,Front,,START
2538.111,D:/Pipefish Mesocosm Film/Trial 6/8-12-20/8-12 Noon 01.MTS,3602.320,25.0,Male,Wiggle,Courtship,Active wiggle,Female,4,,START
2542.098,D:/Pipefish Mesocosm Film/Trial 6/8-12-20/8-12 Noon 01.MTS,3602.320,25.0,Female,Pose,,S pose,Male,Front,,STOP
2542.099,D:/Pipefish Mesocosm Film/Trial 6/8-12-20/8-12 Noon 01.MTS,3602.320,25.0,Female,Inactive,,,,,,START
2543.048,D:/Pipefish Mesocosm Film/Trial 6/8-12-20/8-12 Noon 01.MTS,3602.320,25.0,Male,Wiggle,Courtship,Active wiggle,Female,4,,STOP
2543.049,D:/Pipefish Mesocosm Film/Trial 6/8-12-20/8-12 Noon 01.MTS,3602.320,25.0,Male,Surrounding,,,,,,START
2607.326,D:/Pipefish Mesocosm Film/Trial 6/8-12-20/8-12 Noon 01.MTS,3602.320,25.0,Female,Inactive,,,,,,STOP
2607.326,D:/Pipefish Mesocosm Film/Trial 6/8-12-20/8-12 Noon 01.MTS,3602.320,25.0,Male,Surrounding,,,,,,STOP
2608.084,D:/Pipefish Mesocosm Film/Trial 6/8-12-20/8-12 Noon 01.MTS,3602.320,25.0,,Stop,,,,,,POINT
2614.353,D:/Pipefish Mesocosm Film/Trial 6/8-12-20/8-12 Noon 01.MTS,3602.320,25.0,,Start,,,,,,POINT
2614.353,D:/Pipefish Mesocosm Film/Trial 6/8-12-20/8-12 Noon 01.MTS,3602.320,25.0,Male,Wiggle,Courtship,Active wiggle,Female,3,,START
2614.636,D:/Pipefish Mesocosm Film/Trial 6/8-12-20/8-12 Noon 01.MTS,3602.320,25.0,Female,Inactive,,,,,,START
2619.952,D:/Pipefish Mesocosm Film/Trial 6/8-12-20/8-12 Noon 01.MTS,3602.320,25.0,Male,Wiggle,Courtship,Active wiggle,Female,3,,STOP
2619.953,D:/Pipefish Mesocosm Film/Trial 6/8-12-20/8-12 Noon 01.MTS,3602.320,25.0,Male,Surrounding,,,,,,START
2744.425,D:/Pipefish Mesocosm Film/Trial 6/8-12-20/8-12 Noon 01.MTS,3602.320,25.0,Female,Inactive,,,,,,STOP
2744.426,D:/Pipefish Mesocosm Film/Trial 6/8-12-20/8-12 Noon 01.MTS,3602.320,25.0,Female,Pose,,Non-s pose,Male,Front,,START
2754.964,D:/Pipefish Mesocosm Film/Trial 6/8-12-20/8-12 Noon 01.MTS,3602.320,25.0,Female,Pose,,Non-s pose,Male,Front,,STOP
2754.965,D:/Pipefish Mesocosm Film/Trial 6/8-12-20/8-12 Noon 01.MTS,3602.320,25.0,Female,Inactive,,,,,,START
2756.578,D:/Pipefish Mesocosm Film/Trial 6/8-12-20/8-12 Noon 01.MTS,3602.320,25.0,Male,Surrounding,,,,,,STOP
2756.579,D:/Pipefish Mesocosm Film/Trial 6/8-12-20/8-12 Noon 01.MTS,3602.320,25.0,Male,Wiggle,Courtship,Active wiggle,Female,2,,START
2761.043,D:/Pipefish Mesocosm Film/Trial 6/8-12-20/8-12 Noon 01.MTS,3602.320,25.0,Male,Wiggle,Courtship,Active wiggle,Female,2,,STOP
2761.044,D:/Pipefish Mesocosm Film/Trial 6/8-12-20/8-12 Noon 01.MTS,3602.320,25.0,Male,Surrounding,,,,,,START
2819.874,D:/Pipefish Mesocosm Film/Trial 6/8-12-20/8-12 Noon 01.MTS,3602.320,25.0,Male,Surrounding,,,,,,STOP
2819.875,D:/Pipefish Mesocosm Film/Trial 6/8-12-20/8-12 Noon 01.MTS,3602.320,25.0,Male,Wiggle,Courtship,Active wiggle,Female,2,,START
2828.039,D:/Pipefish Mesocosm Film/Trial 6/8-12-20/8-12 Noon 02.MTS,3602.320,25.0,Male,Wiggle,Courtship,Active wiggle,Female,2,,STOP
2828.040,D:/Pipefish Mesocosm Film/Trial 6/8-12-20/8-12 Noon 02.MTS,3602.320,25.0,Male,Surrounding,,,,,,START
2888.618,D:/Pipefish Mesocosm Film/Trial 6/8-12-20/8-12 Noon 02.MTS,3602.320,25.0,Female,Inactive,,,,,,STOP
2888.618,D:/Pipefish Mesocosm Film/Trial 6/8-12-20/8-12 Noon 02.MTS,3602.320,25.0,Male,Surrounding,,,,,,STOP
2888.620,D:/Pipefish Mesocosm Film/Trial 6/8-12-20/8-12 Noon 02.MTS,3602.320,25.0,,Stop,,,,,,POINT
3174.307,D:/Pipefish Mesocosm Film/Trial 6/8-12-20/8-12 Noon 02.MTS,3602.320,25.0,,Start,,,,,,POINT
3174.496,D:/Pipefish Mesocosm Film/Trial 6/8-12-20/8-12 Noon 02.MTS,3602.320,25.0,Male,Wiggle,Courtship,Active wiggle,Female,2,,START
3177.819,D:/Pipefish Mesocosm Film/Trial 6/8-12-20/8-12 Noon 02.MTS,3602.320,25.0,Female,Inactive,,,,,,START
3184.940,D:/Pipefish Mesocosm Film/Trial 6/8-12-20/8-12 Noon 02.MTS,3602.320,25.0,Male,Wiggle,Courtship,Active wiggle,Female,2,,STOP
3184.941,D:/Pipefish Mesocosm Film/Trial 6/8-12-20/8-12 Noon 02.MTS,3602.320,25.0,Male,Surrounding,,,,,,START
3188.737,D:/Pipefish Mesocosm Film/Trial 6/8-12-20/8-12 Noon 02.MTS,3602.320,25.0,Female,Inactive,,,,,,STOP
3188.738,D:/Pipefish Mesocosm Film/Trial 6/8-12-20/8-12 Noon 02.MTS,3602.320,25.0,Female,Wiggle,Courtship,Active wiggle,Female,2,,START
3197.661,D:/Pipefish Mesocosm Film/Trial 6/8-12-20/8-12 Noon 02.MTS,3602.320,25.0,Female,Wiggle,Courtship,Active wiggle,Female,2,,STOP
3197.662,D:/Pipefish Mesocosm Film/Trial 6/8-12-20/8-12 Noon 02.MTS,3602.320,25.0,Female,Inactive,,,,,,START
3208.580,D:/Pipefish Mesocosm Film/Trial 6/8-12-20/8-12 Noon 02.MTS,3602.320,25.0,Male,Surrounding,,,,,,STOP
3208.581,D:/Pipefish Mesocosm Film/Trial 6/8-12-20/8-12 Noon 02.MTS,3602.320,25.0,Male,Inactive,,,,,,START
3248.742,D:/Pipefish Mesocosm Film/Trial 6/8-12-20/8-12 Noon 02.MTS,3602.320,25.0,Female,Inactive,,,,,,STOP
3248.742,D:/Pipefish Mesocosm Film/Trial 6/8-12-20/8-12 Noon 02.MTS,3602.320,25.0,Male,Inactive,,,,,,STOP
3249.691,D:/Pipefish Mesocosm Film/Trial 6/8-12-20/8-12 Noon 02.MTS,3602.320,25.0,,Stop,,,,,,POINT
3298.401,D:/Pipefish Mesocosm Film/Trial 6/8-12-20/8-12 Noon 02.MTS,3602.320,25.0,,Start,,,,,,POINT
3298.779,D:/Pipefish Mesocosm Film/Trial 6/8-12-20/8-12 Noon 02.MTS,3602.320,25.0,Female,Pose,,S pose,Male,Front,,START
3298.970,D:/Pipefish Mesocosm Film/Trial 6/8-12-20/8-12 Noon 02.MTS,3602.320,25.0,Male,Surrounding,,,,,,START
3305.044,D:/Pipefish Mesocosm Film/Trial 6/8-12-20/8-12 Noon 02.MTS,3602.320,25.0,Female,Pose,,S pose,Male,Front,,STOP
3305.045,D:/Pipefish Mesocosm Film/Trial 6/8-12-20/8-12 Noon 02.MTS,3602.320,25.0,Female,Inactive,,,,,,START
3365.811,D:/Pipefish Mesocosm Film/Trial 6/8-12-20/8-12 Noon 02.MTS,3602.320,25.0,Female,Inactive,,,,,,STOP
3365.811,D:/Pipefish Mesocosm Film/Trial 6/8-12-20/8-12 Noon 02.MTS,3602.320,25.0,Male,Surrounding,,,,,,STOP
3365.906,D:/Pipefish Mesocosm Film/Trial 6/8-12-20/8-12 Noon 02.MTS,3602.320,25.0,,Stop,,,,,,POINT
3427.621,D:/Pipefish Mesocosm Film/Trial 6/8-12-20/8-12 Noon 02.MTS,3602.320,25.0,,Start,,,,,,POINT
3427.621,D:/Pipefish Mesocosm Film/Trial 6/8-12-20/8-12 Noon 02.MTS,3602.320,25.0,Female,Pose,,S pose,Male,Front,,START
3429.327,D:/Pipefish Mesocosm Film/Trial 6/8-12-20/8-12 Noon 02.MTS,3602.320,25.0,Male,Surrounding,,,,,,START
3431.987,D:/Pipefish Mesocosm Film/Trial 6/8-12-20/8-12 Noon 02.MTS,3602.320,25.0,Female,Pose,,S pose,Male,Front,,STOP
3431.988,D:/Pipefish Mesocosm Film/Trial 6/8-12-20/8-12 Noon 02.MTS,3602.320,25.0,Female,Inactive,,,,,,START
3492.181,D:/Pipefish Mesocosm Film/Trial 6/8-12-20/8-12 Noon 02.MTS,3602.320,25.0,Female,Inactive,,,,,,STOP
3492.181,D:/Pipefish Mesocosm Film/Trial 6/8-12-20/8-12 Noon 02.MTS,3602.320,25.0,Male,Surrounding,,,,,,STOP
3492.761,D:/Pipefish Mesocosm Film/Trial 6/8-12-20/8-12 Noon 02.MTS,3602.320,25.0,,Stop,,,,,,POINT
3544.591,D:/Pipefish Mesocosm Film/Trial 6/8-12-20/8-12 Noon 02.MTS,3602.320,25.0,,Start,,,,,,POINT
3544.591,D:/Pipefish Mesocosm Film/Trial 6/8-12-20/8-12 Noon 02.MTS,3602.320,25.0,Female,Pose,,S pose,Male,Front,,START
3545.256,D:/Pipefish Mesocosm Film/Trial 6/8-12-20/8-12 Noon 02.MTS,3602.320,25.0,Male,Wiggle,Courtship,Active wiggle,Female,3,,START
3547.533,D:/Pipefish Mesocosm Film/Trial 6/8-12-20/8-12 Noon 02.MTS,3602.320,25.0,Male,Wiggle,Courtship,Active wiggle,Female,3,,STOP
3547.534,D:/Pipefish Mesocosm Film/Trial 6/8-12-20/8-12 Noon 02.MTS,3602.320,25.0,Male,Surrounding,,,,,,START
3547.651,D:/Pipefish Mesocosm Film/Trial 6/8-12-20/8-12 Noon 02.MTS,3602.320,25.0,Female,Pose,,S pose,Male,Front,,STOP
3547.652,D:/Pipefish Mesocosm Film/Trial 6/8-12-20/8-12 Noon 02.MTS,3602.320,25.0,Female,Inactive,,,,,,START
3551.523,D:/Pipefish Mesocosm Film/Trial 6/8-12-20/8-12 Noon 02.MTS,3602.320,25.0,Male,Surrounding,,,,,,STOP
3551.524,D:/Pipefish Mesocosm Film/Trial 6/8-12-20/8-12 Noon 02.MTS,3602.320,25.0,Male,Wiggle,Courtship,Active wiggle,Female,3,,START
3554.655,D:/Pipefish Mesocosm Film/Trial 6/8-12-20/8-12 Noon 02.MTS,3602.320,25.0,Male,Wiggle,Courtship,Active wiggle,Female,3,,STOP
3554.656,D:/Pipefish Mesocosm Film/Trial 6/8-12-20/8-12 Noon 02.MTS,3602.320,25.0,Male,Surrounding,,,,,,START
3555.037,D:/Pipefish Mesocosm Film/Trial 6/8-12-20/8-12 Noon 02.MTS,3602.320,25.0,Female,Inactive,,,,,,STOP
3555.038,D:/Pipefish Mesocosm Film/Trial 6/8-12-20/8-12 Noon 02.MTS,3602.320,25.0,Female,Pose,,S pose,Male,Front,,START
3564.720,D:/Pipefish Mesocosm Film/Trial 6/8-12-20/8-12 Noon 02.MTS,3602.320,25.0,Male,Surrounding,,,,,,STOP
3564.721,D:/Pipefish Mesocosm Film/Trial 6/8-12-20/8-12 Noon 02.MTS,3602.320,25.0,Male,Wiggle,Courtship,Active wiggle,Female,2,,START
3565.859,D:/Pipefish Mesocosm Film/Trial 6/8-12-20/8-12 Noon 02.MTS,3602.320,25.0,Female,Pose,,S pose,Male,Front,,STOP
3565.860,D:/Pipefish Mesocosm Film/Trial 6/8-12-20/8-12 Noon 02.MTS,3602.320,25.0,Female,Inactive,,,,,,START
3568.233,D:/Pipefish Mesocosm Film/Trial 6/8-12-20/8-12 Noon 02.MTS,3602.320,25.0,Male,Wiggle,Courtship,Active wiggle,Female,2,,STOP
3568.234,D:/Pipefish Mesocosm Film/Trial 6/8-12-20/8-12 Noon 02.MTS,3602.320,25.0,Male,Surrounding,,,,,,START
3575.069,D:/Pipefish Mesocosm Film/Trial 6/8-12-20/8-12 Noon 02.MTS,3602.320,25.0,Female,Inactive,,,,,,STOP
3575.070,D:/Pipefish Mesocosm Film/Trial 6/8-12-20/8-12 Noon 02.MTS,3602.320,25.0,Female,Wiggle,Courtship,Active wiggle,Male,3,,START
3577.915,D:/Pipefish Mesocosm Film/Trial 6/8-12-20/8-12 Noon 02.MTS,3602.320,25.0,Female,Wiggle,Courtship,Active wiggle,Male,3,,STOP
3577.916,D:/Pipefish Mesocosm Film/Trial 6/8-12-20/8-12 Noon 02.MTS,3602.320,25.0,Female,Pose,,S pose,Male,Front,,START
3583.992,D:/Pipefish Mesocosm Film/Trial 6/8-12-20/8-12 Noon 02.MTS,3602.320,25.0,Female,Pose,,S pose,Male,Front,,STOP
3583.993,D:/Pipefish Mesocosm Film/Trial 6/8-12-20/8-12 Noon 02.MTS,3602.320,25.0,Female,Inactive,,,,,,START
3602.278,D:/Pipefish Mesocosm Film/Trial 6/8-12-20/8-12 Noon 02.MTS,3602.320,25.0,Female,Inactive,,,,,,STOP
3602.278,D:/Pipefish Mesocosm Film/Trial 6/8-12-20/8-12 Noon 02.MTS,3602.320,25.0,Male,Surrounding,,,,,,STOP
3602.280,D:/Pipefish Mesocosm Film/Trial 6/8-12-20/8-12 Noon 02.MTS,3602.320,25.0,,Stop,,,,,,POINT
