Observation id,T604N_01,,,,,,,,,,
,,,,,,,,,,,
Media file(s),,,,,,,,,,,
,,,,,,,,,,,
Player #1,D:/Pipefish Mesocosm Film/Trial 6/8-12-20/8-12 Noon 01.MTS,,,,,,,,,,
,,,,,,,,,,,
Observation date,2022-02-18 11:22:32,,,,,,,,,,
,,,,,,,,,,,
Description,,,,,,,,,,,
,,,,,,,,,,,
Time offset (s),0.0,,,,,,,,,,
,,,,,,,,,,,
independent variables,,,,,,,,,,,
variable,value,,,,,,,,,,
Number in group,,,,,,,,,,,
Time of day,,,,,,,,,,,
,,,,,,,,,,,
Time,Media file path,Total length,FPS,Subject,Behavior,Behavioral category,Modifier 1,Modifier 2,Modifier 3,Comment,Status
2314.611,D:/Pipefish Mesocosm Film/Trial 6/8-12-20/8-12 Noon 01.MTS,2820.500,25.0,,Start,,,,,,POINT
2314.799,D:/Pipefish Mesocosm Film/Trial 6/8-12-20/8-12 Noon 01.MTS,2820.500,25.0,Female,Pose,,S pose,Male,Front,,START
2314.799,D:/Pipefish Mesocosm Film/Trial 6/8-12-20/8-12 Noon 01.MTS,2820.500,25.0,Male,Inactive,,,,,,START
2321.254,D:/Pipefish Mesocosm Film/Trial 6/8-12-20/8-12 Noon 01.MTS,2820.500,25.0,Female,Pose,,S pose,Male,Front,,STOP
2321.255,D:/Pipefish Mesocosm Film/Trial 6/8-12-20/8-12 Noon 01.MTS,2820.500,25.0,Female,Inactive,,,,,,START
2340.056,D:/Pipefish Mesocosm Film/Trial 6/8-12-20/8-12 Noon 01.MTS,2820.500,25.0,Female,Inactive,,,,,,STOP
2340.056,D:/Pipefish Mesocosm Film/Trial 6/8-12-20/8-12 Noon 01.MTS,2820.500,25.0,Male,Inactive,,,,,,STOP
2340.150,D:/Pipefish Mesocosm Film/Trial 6/8-12-20/8-12 Noon 01.MTS,2820.500,25.0,,Stop,,,,,,POINT
