Observation id,T604AM_01,,,,,,,,,,
,,,,,,,,,,,
Media file(s),,,,,,,,,,,
,,,,,,,,,,,
Player #1,D:/Pipefish Mesocosm Film/Trial 6/8-12-20/8-12 AM 01.MTS,,,,,,,,,,
,,,,,,,,,,,
Observation date,2022-07-18 15:51:18,,,,,,,,,,
,,,,,,,,,,,
Description,First 30 min of video ,,,,,,,,,,
,,,,,,,,,,,
Time offset (s),0.0,,,,,,,,,,
,,,,,,,,,,,
independent variables,,,,,,,,,,,
variable,value,,,,,,,,,,
Number in group,,,,,,,,,,,
Time of day,,,,,,,,,,,
,,,,,,,,,,,
Time,Media file path,Total length,FPS,Subject,Behavior,Behavioral category,Modifier 1,Modifier 2,Modifier 3,Comment,Status
6.877,D:/Pipefish Mesocosm Film/Trial 6/8-12-20/8-12 AM 01.MTS,2857.460,25.0,,Start,,,,,,POINT
6.877,D:/Pipefish Mesocosm Film/Trial 6/8-12-20/8-12 AM 01.MTS,2857.460,25.0,Female,Pose,,S pose,Male,Front,,START
7.637,D:/Pipefish Mesocosm Film/Trial 6/8-12-20/8-12 AM 01.MTS,2857.460,25.0,Male,Wiggle,Courtship,Active wiggle,Female,3,,START
9.913,D:/Pipefish Mesocosm Film/Trial 6/8-12-20/8-12 AM 01.MTS,2857.460,25.0,Male,Wiggle,Courtship,Active wiggle,Female,3,,STOP
9.914,D:/Pipefish Mesocosm Film/Trial 6/8-12-20/8-12 AM 01.MTS,2857.460,25.0,Male,Inactive,,,,,,START
12.003,D:/Pipefish Mesocosm Film/Trial 6/8-12-20/8-12 AM 01.MTS,2857.460,25.0,Female,Pose,,S pose,Male,Front,,STOP
12.004,D:/Pipefish Mesocosm Film/Trial 6/8-12-20/8-12 AM 01.MTS,2857.460,25.0,Female,Inactive,,,,,,START
54.445,D:/Pipefish Mesocosm Film/Trial 6/8-12-20/8-12 AM 01.MTS,2857.460,25.0,Female,Inactive,,,,,,STOP
54.446,D:/Pipefish Mesocosm Film/Trial 6/8-12-20/8-12 AM 01.MTS,2857.460,25.0,Female,Pose,,S pose,Male,Front,,START
61.435,D:/Pipefish Mesocosm Film/Trial 6/8-12-20/8-12 AM 01.MTS,2857.460,25.0,Female,Pose,,S pose,Male,Front,,STOP
61.436,D:/Pipefish Mesocosm Film/Trial 6/8-12-20/8-12 AM 01.MTS,2857.460,25.0,Female,Inactive,,,,,,START
77.041,D:/Pipefish Mesocosm Film/Trial 6/8-12-20/8-12 AM 01.MTS,2857.460,25.0,Male,Inactive,,,,,,STOP
77.042,D:/Pipefish Mesocosm Film/Trial 6/8-12-20/8-12 AM 01.MTS,2857.460,25.0,Male,Wiggle,Courtship,Active wiggle,Female,3,,START
81.789,D:/Pipefish Mesocosm Film/Trial 6/8-12-20/8-12 AM 01.MTS,2857.460,25.0,Male,Wiggle,Courtship,Active wiggle,Female,3,,STOP
81.790,D:/Pipefish Mesocosm Film/Trial 6/8-12-20/8-12 AM 01.MTS,2857.460,25.0,Male,Inactive,,,,,,START
95.365,D:/Pipefish Mesocosm Film/Trial 6/8-12-20/8-12 AM 01.MTS,2857.460,25.0,Female,Inactive,,,,,,STOP
95.366,D:/Pipefish Mesocosm Film/Trial 6/8-12-20/8-12 AM 01.MTS,2857.460,25.0,Female,Pose,,S pose,Male,Front,,START
96.030,D:/Pipefish Mesocosm Film/Trial 6/8-12-20/8-12 AM 01.MTS,2857.460,25.0,Male,Inactive,,,,,,STOP
96.031,D:/Pipefish Mesocosm Film/Trial 6/8-12-20/8-12 AM 01.MTS,2857.460,25.0,Male,Wiggle,Courtship,Active wiggle,Female,2,,START
97.738,D:/Pipefish Mesocosm Film/Trial 6/8-12-20/8-12 AM 01.MTS,2857.460,25.0,Male,Wiggle,Courtship,Active wiggle,Female,2,,STOP
97.739,D:/Pipefish Mesocosm Film/Trial 6/8-12-20/8-12 AM 01.MTS,2857.460,25.0,Male,Inactive,,,,,,START
98.311,D:/Pipefish Mesocosm Film/Trial 6/8-12-20/8-12 AM 01.MTS,2857.460,25.0,Female,Pose,,S pose,Male,Front,,STOP
98.312,D:/Pipefish Mesocosm Film/Trial 6/8-12-20/8-12 AM 01.MTS,2857.460,25.0,Female,Inactive,,,,,,START
108.847,D:/Pipefish Mesocosm Film/Trial 6/8-12-20/8-12 AM 01.MTS,2857.460,25.0,Male,Inactive,,,,,,STOP
108.848,D:/Pipefish Mesocosm Film/Trial 6/8-12-20/8-12 AM 01.MTS,2857.460,25.0,Male,Wiggle,Courtship,Active wiggle,Female,2,,START
114.448,D:/Pipefish Mesocosm Film/Trial 6/8-12-20/8-12 AM 01.MTS,2857.460,25.0,Male,Wiggle,Courtship,Active wiggle,Female,2,,STOP
114.449,D:/Pipefish Mesocosm Film/Trial 6/8-12-20/8-12 AM 01.MTS,2857.460,25.0,Male,Inactive,,,,,,START
120.430,D:/Pipefish Mesocosm Film/Trial 6/8-12-20/8-12 AM 01.MTS,2857.460,25.0,Male,Inactive,,,,,,STOP
120.431,D:/Pipefish Mesocosm Film/Trial 6/8-12-20/8-12 AM 01.MTS,2857.460,25.0,Male,Wiggle,Courtship,Active wiggle,Female,2,,START
122.330,D:/Pipefish Mesocosm Film/Trial 6/8-12-20/8-12 AM 01.MTS,2857.460,25.0,Male,Wiggle,Courtship,Active wiggle,Female,2,,STOP
122.331,D:/Pipefish Mesocosm Film/Trial 6/8-12-20/8-12 AM 01.MTS,2857.460,25.0,Male,Inactive,,,,,,START
125.181,D:/Pipefish Mesocosm Film/Trial 6/8-12-20/8-12 AM 01.MTS,2857.460,25.0,Female,Inactive,,,,,,STOP
125.182,D:/Pipefish Mesocosm Film/Trial 6/8-12-20/8-12 AM 01.MTS,2857.460,25.0,Female,Pose,,S pose,Male,Front,,START
126.697,D:/Pipefish Mesocosm Film/Trial 6/8-12-20/8-12 AM 01.MTS,2857.460,25.0,Male,Inactive,,,,,,STOP
126.698,D:/Pipefish Mesocosm Film/Trial 6/8-12-20/8-12 AM 01.MTS,2857.460,25.0,Male,Wiggle,Courtship,Active wiggle,Female,3,,START
128.027,D:/Pipefish Mesocosm Film/Trial 6/8-12-20/8-12 AM 01.MTS,2857.460,25.0,Male,Wiggle,Courtship,Active wiggle,Female,3,,STOP
128.028,D:/Pipefish Mesocosm Film/Trial 6/8-12-20/8-12 AM 01.MTS,2857.460,25.0,Male,Inactive,,,,,,START
130.808,D:/Pipefish Mesocosm Film/Trial 6/8-12-20/8-12 AM 01.MTS,2857.460,25.0,Female,Pose,,S pose,Male,Front,,STOP
130.809,D:/Pipefish Mesocosm Film/Trial 6/8-12-20/8-12 AM 01.MTS,2857.460,25.0,Female,Inactive,,,,,,START
170.850,D:/Pipefish Mesocosm Film/Trial 6/8-12-20/8-12 AM 01.MTS,2857.460,25.0,Female,Inactive,,,,,,STOP
170.851,D:/Pipefish Mesocosm Film/Trial 6/8-12-20/8-12 AM 01.MTS,2857.460,25.0,Female,Pose,,S pose,Male,Front,,START
171.700,D:/Pipefish Mesocosm Film/Trial 6/8-12-20/8-12 AM 01.MTS,2857.460,25.0,Male,Inactive,,,,,,STOP
171.701,D:/Pipefish Mesocosm Film/Trial 6/8-12-20/8-12 AM 01.MTS,2857.460,25.0,Male,Wiggle,Courtship,Active wiggle,Female,2,,START
173.314,D:/Pipefish Mesocosm Film/Trial 6/8-12-20/8-12 AM 01.MTS,2857.460,25.0,Male,Wiggle,Courtship,Active wiggle,Female,2,,STOP
173.315,D:/Pipefish Mesocosm Film/Trial 6/8-12-20/8-12 AM 01.MTS,2857.460,25.0,Male,Inactive,,,,,,START
173.599,D:/Pipefish Mesocosm Film/Trial 6/8-12-20/8-12 AM 01.MTS,2857.460,25.0,Female,Pose,,S pose,Male,Front,,STOP
173.600,D:/Pipefish Mesocosm Film/Trial 6/8-12-20/8-12 AM 01.MTS,2857.460,25.0,Female,Inactive,,,,,,START
178.755,D:/Pipefish Mesocosm Film/Trial 6/8-12-20/8-12 AM 01.MTS,2857.460,25.0,Female,Inactive,,,,,,STOP
178.756,D:/Pipefish Mesocosm Film/Trial 6/8-12-20/8-12 AM 01.MTS,2857.460,25.0,Female,Pose,,S pose,Male,Front,,START
189.858,D:/Pipefish Mesocosm Film/Trial 6/8-12-20/8-12 AM 01.MTS,2857.460,25.0,Female,Pose,,S pose,Male,Front,,STOP
189.859,D:/Pipefish Mesocosm Film/Trial 6/8-12-20/8-12 AM 01.MTS,2857.460,25.0,Female,Inactive,,,,,,START
198.666,D:/Pipefish Mesocosm Film/Trial 6/8-12-20/8-12 AM 01.MTS,2857.460,25.0,Female,Inactive,,,,,,STOP
198.667,D:/Pipefish Mesocosm Film/Trial 6/8-12-20/8-12 AM 01.MTS,2857.460,25.0,Female,Pose,,S pose,Male,Front,,START
201.038,D:/Pipefish Mesocosm Film/Trial 6/8-12-20/8-12 AM 01.MTS,2857.460,25.0,Female,Pose,,S pose,Male,Front,,STOP
201.039,D:/Pipefish Mesocosm Film/Trial 6/8-12-20/8-12 AM 01.MTS,2857.460,25.0,Female,Inactive,,,,,,START
201.321,D:/Pipefish Mesocosm Film/Trial 6/8-12-20/8-12 AM 01.MTS,2857.460,25.0,Male,Inactive,,,,,,STOP
201.322,D:/Pipefish Mesocosm Film/Trial 6/8-12-20/8-12 AM 01.MTS,2857.460,25.0,Male,Wiggle,Courtship,Active wiggle,Female,3,,START
203.030,D:/Pipefish Mesocosm Film/Trial 6/8-12-20/8-12 AM 01.MTS,2857.460,25.0,Male,Wiggle,Courtship,Active wiggle,Female,3,,STOP
203.031,D:/Pipefish Mesocosm Film/Trial 6/8-12-20/8-12 AM 01.MTS,2857.460,25.0,Male,Inactive,,,,,,START
205.786,D:/Pipefish Mesocosm Film/Trial 6/8-12-20/8-12 AM 01.MTS,2857.460,25.0,Female,Inactive,,,,,,STOP
205.787,D:/Pipefish Mesocosm Film/Trial 6/8-12-20/8-12 AM 01.MTS,2857.460,25.0,Female,Pose,,S pose,Male,Front,,START
209.262,D:/Pipefish Mesocosm Film/Trial 6/8-12-20/8-12 AM 01.MTS,2857.460,25.0,Female,Pose,,S pose,Male,Front,,STOP
209.263,D:/Pipefish Mesocosm Film/Trial 6/8-12-20/8-12 AM 01.MTS,2857.460,25.0,Female,Inactive,,,,,,START
223.917,D:/Pipefish Mesocosm Film/Trial 6/8-12-20/8-12 AM 01.MTS,2857.460,25.0,Male,Inactive,,,,,,STOP
223.918,D:/Pipefish Mesocosm Film/Trial 6/8-12-20/8-12 AM 01.MTS,2857.460,25.0,Male,Wiggle,Courtship,Active wiggle,Female,3,,START
226.006,D:/Pipefish Mesocosm Film/Trial 6/8-12-20/8-12 AM 01.MTS,2857.460,25.0,Male,Wiggle,Courtship,Active wiggle,Female,3,,STOP
226.007,D:/Pipefish Mesocosm Film/Trial 6/8-12-20/8-12 AM 01.MTS,2857.460,25.0,Male,Inactive,,,,,,START
228.766,D:/Pipefish Mesocosm Film/Trial 6/8-12-20/8-12 AM 01.MTS,2857.460,25.0,Female,Inactive,,,,,,STOP
228.767,D:/Pipefish Mesocosm Film/Trial 6/8-12-20/8-12 AM 01.MTS,2857.460,25.0,Female,Pose,,Non-s pose,Male,Front,,START
229.804,D:/Pipefish Mesocosm Film/Trial 6/8-12-20/8-12 AM 01.MTS,2857.460,25.0,Male,Inactive,,,,,,STOP
229.805,D:/Pipefish Mesocosm Film/Trial 6/8-12-20/8-12 AM 01.MTS,2857.460,25.0,Male,Wiggle,Courtship,Active wiggle,Female,3,,START
233.982,D:/Pipefish Mesocosm Film/Trial 6/8-12-20/8-12 AM 01.MTS,2857.460,25.0,Male,Wiggle,Courtship,Active wiggle,Female,3,,STOP
233.983,D:/Pipefish Mesocosm Film/Trial 6/8-12-20/8-12 AM 01.MTS,2857.460,25.0,Male,Inactive,,,,,,START
234.456,D:/Pipefish Mesocosm Film/Trial 6/8-12-20/8-12 AM 01.MTS,2857.460,25.0,Female,Pose,,Non-s pose,Male,Front,,STOP
234.457,D:/Pipefish Mesocosm Film/Trial 6/8-12-20/8-12 AM 01.MTS,2857.460,25.0,Female,Inactive,,,,,,START
254.586,D:/Pipefish Mesocosm Film/Trial 6/8-12-20/8-12 AM 01.MTS,2857.460,25.0,Male,Inactive,,,,,,STOP
254.587,D:/Pipefish Mesocosm Film/Trial 6/8-12-20/8-12 AM 01.MTS,2857.460,25.0,Male,Wiggle,Courtship,Active wiggle,Female,2,,START
258.953,D:/Pipefish Mesocosm Film/Trial 6/8-12-20/8-12 AM 01.MTS,2857.460,25.0,Male,Wiggle,Courtship,Active wiggle,Female,2,,STOP
258.954,D:/Pipefish Mesocosm Film/Trial 6/8-12-20/8-12 AM 01.MTS,2857.460,25.0,Male,Inactive,,,,,,START
272.911,D:/Pipefish Mesocosm Film/Trial 6/8-12-20/8-12 AM 01.MTS,2857.460,25.0,Female,Inactive,,,,,,STOP
272.912,D:/Pipefish Mesocosm Film/Trial 6/8-12-20/8-12 AM 01.MTS,2857.460,25.0,Female,Pose,,S pose,Male,Front,,START
274.999,D:/Pipefish Mesocosm Film/Trial 6/8-12-20/8-12 AM 01.MTS,2857.460,25.0,Male,Inactive,,,,,,STOP
275.000,D:/Pipefish Mesocosm Film/Trial 6/8-12-20/8-12 AM 01.MTS,2857.460,25.0,Male,Wiggle,Courtship,Active wiggle,Female,3,,START
278.106,D:/Pipefish Mesocosm Film/Trial 6/8-12-20/8-12 AM 01.MTS,2857.460,25.0,Female,Pose,,S pose,Male,Front,,STOP
278.107,D:/Pipefish Mesocosm Film/Trial 6/8-12-20/8-12 AM 01.MTS,2857.460,25.0,Female,Inactive,,,,,,START
279.460,D:/Pipefish Mesocosm Film/Trial 6/8-12-20/8-12 AM 01.MTS,2857.460,25.0,Male,Wiggle,Courtship,Active wiggle,Female,3,,STOP
279.461,D:/Pipefish Mesocosm Film/Trial 6/8-12-20/8-12 AM 01.MTS,2857.460,25.0,Male,Inactive,,,,,,START
338.427,D:/Pipefish Mesocosm Film/Trial 6/8-12-20/8-12 AM 01.MTS,2857.460,25.0,Female,Inactive,,,,,,STOP
340.131,D:/Pipefish Mesocosm Film/Trial 6/8-12-20/8-12 AM 01.MTS,2857.460,25.0,Male,Inactive,,,,,,STOP
340.416,D:/Pipefish Mesocosm Film/Trial 6/8-12-20/8-12 AM 01.MTS,2857.460,25.0,,Stop,,,,,,POINT
341.746,D:/Pipefish Mesocosm Film/Trial 6/8-12-20/8-12 AM 01.MTS,2857.460,25.0,,Start,,,,,,POINT
341.746,D:/Pipefish Mesocosm Film/Trial 6/8-12-20/8-12 AM 01.MTS,2857.460,25.0,Male,Wiggle,Courtship,Active wiggle,Female,3,,START
342.604,D:/Pipefish Mesocosm Film/Trial 6/8-12-20/8-12 AM 01.MTS,2857.460,25.0,Female,Inactive,,,,,,START
344.118,D:/Pipefish Mesocosm Film/Trial 6/8-12-20/8-12 AM 01.MTS,2857.460,25.0,Male,Wiggle,Courtship,Active wiggle,Female,3,,STOP
344.119,D:/Pipefish Mesocosm Film/Trial 6/8-12-20/8-12 AM 01.MTS,2857.460,25.0,Male,Inactive,,,,,,START
346.685,D:/Pipefish Mesocosm Film/Trial 6/8-12-20/8-12 AM 01.MTS,2857.460,25.0,Male,Inactive,,,,,,STOP
346.686,D:/Pipefish Mesocosm Film/Trial 6/8-12-20/8-12 AM 01.MTS,2857.460,25.0,Male,Wiggle,Courtship,Active wiggle,Female,3,,START
349.816,D:/Pipefish Mesocosm Film/Trial 6/8-12-20/8-12 AM 01.MTS,2857.460,25.0,Male,Wiggle,Courtship,Active wiggle,Female,3,,STOP
349.817,D:/Pipefish Mesocosm Film/Trial 6/8-12-20/8-12 AM 01.MTS,2857.460,25.0,Male,Inactive,,,,,,START
353.332,D:/Pipefish Mesocosm Film/Trial 6/8-12-20/8-12 AM 01.MTS,2857.460,25.0,Female,Inactive,,,,,,STOP
353.333,D:/Pipefish Mesocosm Film/Trial 6/8-12-20/8-12 AM 01.MTS,2857.460,25.0,Female,Pose,,Non-s pose,Male,Front,,START
356.561,D:/Pipefish Mesocosm Film/Trial 6/8-12-20/8-12 AM 01.MTS,2857.460,25.0,Female,Pose,,Non-s pose,Male,Front,,STOP
356.562,D:/Pipefish Mesocosm Film/Trial 6/8-12-20/8-12 AM 01.MTS,2857.460,25.0,Female,Inactive,,,,,,START
358.457,D:/Pipefish Mesocosm Film/Trial 6/8-12-20/8-12 AM 01.MTS,2857.460,25.0,Male,Inactive,,,,,,STOP
358.458,D:/Pipefish Mesocosm Film/Trial 6/8-12-20/8-12 AM 01.MTS,2857.460,25.0,Male,Wiggle,Courtship,Active wiggle,Female,3,,START
358.767,D:/Pipefish Mesocosm Film/Trial 6/8-12-20/8-12 AM 01.MTS,2857.460,25.0,Female,Inactive,,,,,,STOP
358.768,D:/Pipefish Mesocosm Film/Trial 6/8-12-20/8-12 AM 01.MTS,2857.460,25.0,Female,Pose,,S pose,Male,Front,,START
363.678,D:/Pipefish Mesocosm Film/Trial 6/8-12-20/8-12 AM 01.MTS,2857.460,25.0,Female,Pose,,S pose,Male,Front,,STOP
363.679,D:/Pipefish Mesocosm Film/Trial 6/8-12-20/8-12 AM 01.MTS,2857.460,25.0,Female,Inactive,,,,,,START
363.773,D:/Pipefish Mesocosm Film/Trial 6/8-12-20/8-12 AM 01.MTS,2857.460,25.0,Male,Wiggle,Courtship,Active wiggle,Female,3,,STOP
363.774,D:/Pipefish Mesocosm Film/Trial 6/8-12-20/8-12 AM 01.MTS,2857.460,25.0,Male,Inactive,,,,,,START
387.413,D:/Pipefish Mesocosm Film/Trial 6/8-12-20/8-12 AM 01.MTS,2857.460,25.0,Male,Inactive,,,,,,STOP
387.414,D:/Pipefish Mesocosm Film/Trial 6/8-12-20/8-12 AM 01.MTS,2857.460,25.0,Male,Wiggle,Courtship,Active wiggle,Female,2,,START
391.021,D:/Pipefish Mesocosm Film/Trial 6/8-12-20/8-12 AM 01.MTS,2857.460,25.0,Male,Wiggle,Courtship,Active wiggle,Female,2,,STOP
391.022,D:/Pipefish Mesocosm Film/Trial 6/8-12-20/8-12 AM 01.MTS,2857.460,25.0,Male,Inactive,,,,,,START
392.445,D:/Pipefish Mesocosm Film/Trial 6/8-12-20/8-12 AM 01.MTS,2857.460,25.0,Male,Inactive,,,,,,STOP
392.446,D:/Pipefish Mesocosm Film/Trial 6/8-12-20/8-12 AM 01.MTS,2857.460,25.0,Male,Wiggle,Courtship,Active wiggle,Female,3,,START
394.439,D:/Pipefish Mesocosm Film/Trial 6/8-12-20/8-12 AM 01.MTS,2857.460,25.0,Male,Wiggle,Courtship,Active wiggle,Female,3,,STOP
394.440,D:/Pipefish Mesocosm Film/Trial 6/8-12-20/8-12 AM 01.MTS,2857.460,25.0,Male,Inactive,,,,,,START
411.338,D:/Pipefish Mesocosm Film/Trial 6/8-12-20/8-12 AM 01.MTS,2857.460,25.0,Male,Inactive,,,,,,STOP
411.339,D:/Pipefish Mesocosm Film/Trial 6/8-12-20/8-12 AM 01.MTS,2857.460,25.0,Male,Wiggle,Courtship,Active wiggle,Female,4,,START
412.861,D:/Pipefish Mesocosm Film/Trial 6/8-12-20/8-12 AM 01.MTS,2857.460,25.0,Male,Wiggle,Courtship,Active wiggle,Female,4,,STOP
412.862,D:/Pipefish Mesocosm Film/Trial 6/8-12-20/8-12 AM 01.MTS,2857.460,25.0,Male,Inactive,,,,,,START
442.103,D:/Pipefish Mesocosm Film/Trial 6/8-12-20/8-12 AM 01.MTS,2857.460,25.0,Male,Inactive,,,,,,STOP
442.104,D:/Pipefish Mesocosm Film/Trial 6/8-12-20/8-12 AM 01.MTS,2857.460,25.0,Male,Wiggle,Courtship,Active wiggle,Female,None,,START
446.185,D:/Pipefish Mesocosm Film/Trial 6/8-12-20/8-12 AM 01.MTS,2857.460,25.0,Male,Wiggle,Courtship,Active wiggle,Female,None,,STOP
446.186,D:/Pipefish Mesocosm Film/Trial 6/8-12-20/8-12 AM 01.MTS,2857.460,25.0,Male,Inactive,,,,,,START
462.518,D:/Pipefish Mesocosm Film/Trial 6/8-12-20/8-12 AM 01.MTS,2857.460,25.0,Female,Inactive,,,,,,STOP
462.519,D:/Pipefish Mesocosm Film/Trial 6/8-12-20/8-12 AM 01.MTS,2857.460,25.0,Female,Pose,,Non-s pose,Male,Front,,START
464.918,D:/Pipefish Mesocosm Film/Trial 6/8-12-20/8-12 AM 01.MTS,2857.460,25.0,Female,Pose,,Non-s pose,Male,Front,,STOP
464.919,D:/Pipefish Mesocosm Film/Trial 6/8-12-20/8-12 AM 01.MTS,2857.460,25.0,Female,Inactive,,,,,,START
483.687,D:/Pipefish Mesocosm Film/Trial 6/8-12-20/8-12 AM 01.MTS,2857.460,25.0,Male,Inactive,,,,,,STOP
483.688,D:/Pipefish Mesocosm Film/Trial 6/8-12-20/8-12 AM 01.MTS,2857.460,25.0,Male,Wiggle,Courtship,Active wiggle,Female,4,,START
486.632,D:/Pipefish Mesocosm Film/Trial 6/8-12-20/8-12 AM 01.MTS,2857.460,25.0,Male,Wiggle,Courtship,Active wiggle,Female,4,,STOP
486.633,D:/Pipefish Mesocosm Film/Trial 6/8-12-20/8-12 AM 01.MTS,2857.460,25.0,Female,Inactive,,,,,,STOP
486.633,D:/Pipefish Mesocosm Film/Trial 6/8-12-20/8-12 AM 01.MTS,2857.460,25.0,Male,Inactive,,,,,,START
486.634,D:/Pipefish Mesocosm Film/Trial 6/8-12-20/8-12 AM 01.MTS,2857.460,25.0,Female,Pose,,S pose,Male,Front,,START
492.959,D:/Pipefish Mesocosm Film/Trial 6/8-12-20/8-12 AM 01.MTS,2857.460,25.0,Female,Pose,,S pose,Male,Front,,STOP
492.960,D:/Pipefish Mesocosm Film/Trial 6/8-12-20/8-12 AM 01.MTS,2857.460,25.0,Female,Inactive,,,,,,START
534.011,D:/Pipefish Mesocosm Film/Trial 6/8-12-20/8-12 AM 01.MTS,2857.460,25.0,Female,Inactive,,,,,,STOP
534.012,D:/Pipefish Mesocosm Film/Trial 6/8-12-20/8-12 AM 01.MTS,2857.460,25.0,Female,Pose,,S pose,Male,Front,,START
537.110,D:/Pipefish Mesocosm Film/Trial 6/8-12-20/8-12 AM 01.MTS,2857.460,25.0,Female,Pose,,S pose,Male,Front,,STOP
537.111,D:/Pipefish Mesocosm Film/Trial 6/8-12-20/8-12 AM 01.MTS,2857.460,25.0,Female,Inactive,,,,,,START
537.142,D:/Pipefish Mesocosm Film/Trial 6/8-12-20/8-12 AM 01.MTS,2857.460,25.0,Male,Inactive,,,,,,STOP
537.143,D:/Pipefish Mesocosm Film/Trial 6/8-12-20/8-12 AM 01.MTS,2857.460,25.0,Male,Wiggle,Courtship,Active wiggle,Female,3,,START
541.319,D:/Pipefish Mesocosm Film/Trial 6/8-12-20/8-12 AM 01.MTS,2857.460,25.0,Male,Wiggle,Courtship,Active wiggle,Female,3,,STOP
541.320,D:/Pipefish Mesocosm Film/Trial 6/8-12-20/8-12 AM 01.MTS,2857.460,25.0,Male,Inactive,,,,,,START
551.544,D:/Pipefish Mesocosm Film/Trial 6/8-12-20/8-12 AM 01.MTS,2857.460,25.0,Female,Inactive,,,,,,STOP
551.545,D:/Pipefish Mesocosm Film/Trial 6/8-12-20/8-12 AM 01.MTS,2857.460,25.0,Female,Pose,,S pose,Male,Front,,START
552.713,D:/Pipefish Mesocosm Film/Trial 6/8-12-20/8-12 AM 01.MTS,2857.460,25.0,Male,Inactive,,,,,,STOP
552.714,D:/Pipefish Mesocosm Film/Trial 6/8-12-20/8-12 AM 01.MTS,2857.460,25.0,Male,Wiggle,Courtship,Active wiggle,Female,3,,START
554.388,D:/Pipefish Mesocosm Film/Trial 6/8-12-20/8-12 AM 01.MTS,2857.460,25.0,Female,Pose,,S pose,Male,Front,,STOP
554.389,D:/Pipefish Mesocosm Film/Trial 6/8-12-20/8-12 AM 01.MTS,2857.460,25.0,Female,Inactive,,,,,,START
555.180,D:/Pipefish Mesocosm Film/Trial 6/8-12-20/8-12 AM 01.MTS,2857.460,25.0,Male,Wiggle,Courtship,Active wiggle,Female,3,,STOP
555.181,D:/Pipefish Mesocosm Film/Trial 6/8-12-20/8-12 AM 01.MTS,2857.460,25.0,Male,Inactive,,,,,,START
569.424,D:/Pipefish Mesocosm Film/Trial 6/8-12-20/8-12 AM 01.MTS,2857.460,25.0,Male,Inactive,,,,,,STOP
569.425,D:/Pipefish Mesocosm Film/Trial 6/8-12-20/8-12 AM 01.MTS,2857.460,25.0,Male,Wiggle,Courtship,Active wiggle,Female,3,,START
573.410,D:/Pipefish Mesocosm Film/Trial 6/8-12-20/8-12 AM 01.MTS,2857.460,25.0,Male,Wiggle,Courtship,Active wiggle,Female,3,,STOP
573.411,D:/Pipefish Mesocosm Film/Trial 6/8-12-20/8-12 AM 01.MTS,2857.460,25.0,Male,Inactive,,,,,,START
595.061,D:/Pipefish Mesocosm Film/Trial 6/8-12-20/8-12 AM 01.MTS,2857.460,25.0,Male,Inactive,,,,,,STOP
595.062,D:/Pipefish Mesocosm Film/Trial 6/8-12-20/8-12 AM 01.MTS,2857.460,25.0,Male,Wiggle,Courtship,Active wiggle,Female,3,,START
599.710,D:/Pipefish Mesocosm Film/Trial 6/8-12-20/8-12 AM 01.MTS,2857.460,25.0,Male,Wiggle,Courtship,Active wiggle,Female,3,,STOP
599.711,D:/Pipefish Mesocosm Film/Trial 6/8-12-20/8-12 AM 01.MTS,2857.460,25.0,Male,Inactive,,,,,,START
601.166,D:/Pipefish Mesocosm Film/Trial 6/8-12-20/8-12 AM 01.MTS,2857.460,25.0,Female,Inactive,,,,,,STOP
601.167,D:/Pipefish Mesocosm Film/Trial 6/8-12-20/8-12 AM 01.MTS,2857.460,25.0,Female,Pose,,S pose,Male,Front,,START
603.227,D:/Pipefish Mesocosm Film/Trial 6/8-12-20/8-12 AM 01.MTS,2857.460,25.0,Female,Pose,,S pose,Male,Front,,STOP
603.228,D:/Pipefish Mesocosm Film/Trial 6/8-12-20/8-12 AM 01.MTS,2857.460,25.0,Female,Inactive,,,,,,START
604.839,D:/Pipefish Mesocosm Film/Trial 6/8-12-20/8-12 AM 01.MTS,2857.460,25.0,Male,Inactive,,,,,,STOP
604.840,D:/Pipefish Mesocosm Film/Trial 6/8-12-20/8-12 AM 01.MTS,2857.460,25.0,Male,Wiggle,Courtship,Active wiggle,Female,3,,START
608.541,D:/Pipefish Mesocosm Film/Trial 6/8-12-20/8-12 AM 01.MTS,2857.460,25.0,Male,Wiggle,Courtship,Active wiggle,Female,3,,STOP
608.542,D:/Pipefish Mesocosm Film/Trial 6/8-12-20/8-12 AM 01.MTS,2857.460,25.0,Male,Inactive,,,,,,START
611.388,D:/Pipefish Mesocosm Film/Trial 6/8-12-20/8-12 AM 01.MTS,2857.460,25.0,Male,Inactive,,,,,,STOP
611.389,D:/Pipefish Mesocosm Film/Trial 6/8-12-20/8-12 AM 01.MTS,2857.460,25.0,Male,Wiggle,Courtship,Active wiggle,Female,3,,START
613.763,D:/Pipefish Mesocosm Film/Trial 6/8-12-20/8-12 AM 01.MTS,2857.460,25.0,Male,Wiggle,Courtship,Active wiggle,Female,3,,STOP
613.764,D:/Pipefish Mesocosm Film/Trial 6/8-12-20/8-12 AM 01.MTS,2857.460,25.0,Male,Inactive,,,,,,START
623.641,D:/Pipefish Mesocosm Film/Trial 6/8-12-20/8-12 AM 01.MTS,2857.460,25.0,Female,Inactive,,,,,,STOP
623.642,D:/Pipefish Mesocosm Film/Trial 6/8-12-20/8-12 AM 01.MTS,2857.460,25.0,Female,Pose,,S pose,Male,Front,,START
628.197,D:/Pipefish Mesocosm Film/Trial 6/8-12-20/8-12 AM 01.MTS,2857.460,25.0,Female,Pose,,S pose,Male,Front,,STOP
628.198,D:/Pipefish Mesocosm Film/Trial 6/8-12-20/8-12 AM 01.MTS,2857.460,25.0,Female,Inactive,,,,,,START
641.582,D:/Pipefish Mesocosm Film/Trial 6/8-12-20/8-12 AM 01.MTS,2857.460,25.0,Male,Inactive,,,,,,STOP
641.583,D:/Pipefish Mesocosm Film/Trial 6/8-12-20/8-12 AM 01.MTS,2857.460,25.0,Male,Wiggle,Courtship,Active wiggle,Female,None,,START
647.183,D:/Pipefish Mesocosm Film/Trial 6/8-12-20/8-12 AM 01.MTS,2857.460,25.0,Male,Wiggle,Courtship,Active wiggle,Female,None,,STOP
647.184,D:/Pipefish Mesocosm Film/Trial 6/8-12-20/8-12 AM 01.MTS,2857.460,25.0,Male,Inactive,,,,,,START
647.373,D:/Pipefish Mesocosm Film/Trial 6/8-12-20/8-12 AM 01.MTS,2857.460,25.0,Female,Inactive,,,,,,STOP
647.374,D:/Pipefish Mesocosm Film/Trial 6/8-12-20/8-12 AM 01.MTS,2857.460,25.0,Female,Pose,,S pose,Male,Front,,START
649.462,D:/Pipefish Mesocosm Film/Trial 6/8-12-20/8-12 AM 01.MTS,2857.460,25.0,Male,Inactive,,,,,,STOP
649.463,D:/Pipefish Mesocosm Film/Trial 6/8-12-20/8-12 AM 01.MTS,2857.460,25.0,Male,Wiggle,Courtship,Active wiggle,Female,3,,START
649.845,D:/Pipefish Mesocosm Film/Trial 6/8-12-20/8-12 AM 01.MTS,2857.460,25.0,Female,Pose,,S pose,Male,Front,,STOP
649.846,D:/Pipefish Mesocosm Film/Trial 6/8-12-20/8-12 AM 01.MTS,2857.460,25.0,Female,Inactive,,,,,,START
653.545,D:/Pipefish Mesocosm Film/Trial 6/8-12-20/8-12 AM 01.MTS,2857.460,25.0,Male,Wiggle,Courtship,Active wiggle,Female,3,,STOP
653.546,D:/Pipefish Mesocosm Film/Trial 6/8-12-20/8-12 AM 01.MTS,2857.460,25.0,Male,Inactive,,,,,,START
663.232,D:/Pipefish Mesocosm Film/Trial 6/8-12-20/8-12 AM 01.MTS,2857.460,25.0,Female,Inactive,,,,,,STOP
663.233,D:/Pipefish Mesocosm Film/Trial 6/8-12-20/8-12 AM 01.MTS,2857.460,25.0,Female,Pose,,S pose,Male,Front,,START
666.009,D:/Pipefish Mesocosm Film/Trial 6/8-12-20/8-12 AM 01.MTS,2857.460,25.0,Female,Pose,,S pose,Male,Front,,STOP
666.010,D:/Pipefish Mesocosm Film/Trial 6/8-12-20/8-12 AM 01.MTS,2857.460,25.0,Female,Inactive,,,,,,START
667.218,D:/Pipefish Mesocosm Film/Trial 6/8-12-20/8-12 AM 01.MTS,2857.460,25.0,Male,Inactive,,,,,,STOP
667.219,D:/Pipefish Mesocosm Film/Trial 6/8-12-20/8-12 AM 01.MTS,2857.460,25.0,Male,Wiggle,Courtship,Active wiggle,Female,2,,START
671.774,D:/Pipefish Mesocosm Film/Trial 6/8-12-20/8-12 AM 01.MTS,2857.460,25.0,Male,Wiggle,Courtship,Active wiggle,Female,2,,STOP
671.775,D:/Pipefish Mesocosm Film/Trial 6/8-12-20/8-12 AM 01.MTS,2857.460,25.0,Male,Inactive,,,,,,START
681.745,D:/Pipefish Mesocosm Film/Trial 6/8-12-20/8-12 AM 01.MTS,2857.460,25.0,Male,Inactive,,,,,,STOP
681.746,D:/Pipefish Mesocosm Film/Trial 6/8-12-20/8-12 AM 01.MTS,2857.460,25.0,Male,Wiggle,Courtship,Active wiggle,Female,3,,START
684.685,D:/Pipefish Mesocosm Film/Trial 6/8-12-20/8-12 AM 01.MTS,2857.460,25.0,Male,Wiggle,Courtship,Active wiggle,Female,3,,STOP
684.686,D:/Pipefish Mesocosm Film/Trial 6/8-12-20/8-12 AM 01.MTS,2857.460,25.0,Male,Inactive,,,,,,START
730.164,D:/Pipefish Mesocosm Film/Trial 6/8-12-20/8-12 AM 01.MTS,2857.460,25.0,Male,Inactive,,,,,,STOP
730.165,D:/Pipefish Mesocosm Film/Trial 6/8-12-20/8-12 AM 01.MTS,2857.460,25.0,Male,Wiggle,Courtship,Active wiggle,Female,2,,START
732.540,D:/Pipefish Mesocosm Film/Trial 6/8-12-20/8-12 AM 01.MTS,2857.460,25.0,Male,Wiggle,Courtship,Active wiggle,Female,2,,STOP
732.541,D:/Pipefish Mesocosm Film/Trial 6/8-12-20/8-12 AM 01.MTS,2857.460,25.0,Male,Inactive,,,,,,START
744.786,D:/Pipefish Mesocosm Film/Trial 6/8-12-20/8-12 AM 01.MTS,2857.460,25.0,Male,Inactive,,,,,,STOP
744.787,D:/Pipefish Mesocosm Film/Trial 6/8-12-20/8-12 AM 01.MTS,2857.460,25.0,Male,Wiggle,Courtship,Active wiggle,Female,3,,START
746.020,D:/Pipefish Mesocosm Film/Trial 6/8-12-20/8-12 AM 01.MTS,2857.460,25.0,Second female,Pose,,S pose,Male,Front,,START
752.192,D:/Pipefish Mesocosm Film/Trial 6/8-12-20/8-12 AM 01.MTS,2857.460,25.0,Male,Wiggle,Courtship,Active wiggle,Female,3,,STOP
752.193,D:/Pipefish Mesocosm Film/Trial 6/8-12-20/8-12 AM 01.MTS,2857.460,25.0,Male,Inactive,,,,,,START
754.470,D:/Pipefish Mesocosm Film/Trial 6/8-12-20/8-12 AM 01.MTS,2857.460,25.0,Second female,Pose,,S pose,Male,Front,,STOP
754.471,D:/Pipefish Mesocosm Film/Trial 6/8-12-20/8-12 AM 01.MTS,2857.460,25.0,Second female,Inactive,,,,,,START
756.845,D:/Pipefish Mesocosm Film/Trial 6/8-12-20/8-12 AM 01.MTS,2857.460,25.0,Female,Inactive,,,,,,STOP
756.846,D:/Pipefish Mesocosm Film/Trial 6/8-12-20/8-12 AM 01.MTS,2857.460,25.0,Female,Pose,,S pose,Male,Front,,START
758.175,D:/Pipefish Mesocosm Film/Trial 6/8-12-20/8-12 AM 01.MTS,2857.460,25.0,Male,Inactive,,,,,,STOP
758.176,D:/Pipefish Mesocosm Film/Trial 6/8-12-20/8-12 AM 01.MTS,2857.460,25.0,Male,Wiggle,Courtship,Active wiggle,Female,3,,START
759.692,D:/Pipefish Mesocosm Film/Trial 6/8-12-20/8-12 AM 01.MTS,2857.460,25.0,Male,Wiggle,Courtship,Active wiggle,Female,3,,STOP
759.693,D:/Pipefish Mesocosm Film/Trial 6/8-12-20/8-12 AM 01.MTS,2857.460,25.0,Male,Inactive,,,,,,START
760.643,D:/Pipefish Mesocosm Film/Trial 6/8-12-20/8-12 AM 01.MTS,2857.460,25.0,Female,Pose,,S pose,Male,Front,,STOP
760.644,D:/Pipefish Mesocosm Film/Trial 6/8-12-20/8-12 AM 01.MTS,2857.460,25.0,Female,Inactive,,,,,,START
768.333,D:/Pipefish Mesocosm Film/Trial 6/8-12-20/8-12 AM 01.MTS,2857.460,25.0,Male,Inactive,,,,,,STOP
768.334,D:/Pipefish Mesocosm Film/Trial 6/8-12-20/8-12 AM 01.MTS,2857.460,25.0,Male,Wiggle,Courtship,Active wiggle,Female,2,,START
770.801,D:/Pipefish Mesocosm Film/Trial 6/8-12-20/8-12 AM 01.MTS,2857.460,25.0,Male,Wiggle,Courtship,Active wiggle,Female,2,,STOP
770.802,D:/Pipefish Mesocosm Film/Trial 6/8-12-20/8-12 AM 01.MTS,2857.460,25.0,Male,Inactive,,,,,,START
778.588,D:/Pipefish Mesocosm Film/Trial 6/8-12-20/8-12 AM 01.MTS,2857.460,25.0,Female,Inactive,,,,,,STOP
778.589,D:/Pipefish Mesocosm Film/Trial 6/8-12-20/8-12 AM 01.MTS,2857.460,25.0,Female,Pose,,Non-s pose,Male,Front,,START
780.201,D:/Pipefish Mesocosm Film/Trial 6/8-12-20/8-12 AM 01.MTS,2857.460,25.0,Female,Pose,,Non-s pose,Male,Front,,STOP
780.202,D:/Pipefish Mesocosm Film/Trial 6/8-12-20/8-12 AM 01.MTS,2857.460,25.0,Female,Inactive,,,,,,START
784.283,D:/Pipefish Mesocosm Film/Trial 6/8-12-20/8-12 AM 01.MTS,2857.460,25.0,Male,Inactive,,,,,,STOP
784.284,D:/Pipefish Mesocosm Film/Trial 6/8-12-20/8-12 AM 01.MTS,2857.460,25.0,Male,Wiggle,Courtship,Active wiggle,Female,3,,START
786.184,D:/Pipefish Mesocosm Film/Trial 6/8-12-20/8-12 AM 01.MTS,2857.460,25.0,Male,Wiggle,Courtship,Active wiggle,Female,3,,STOP
786.185,D:/Pipefish Mesocosm Film/Trial 6/8-12-20/8-12 AM 01.MTS,2857.460,25.0,Male,Inactive,,,,,,START
869.642,D:/Pipefish Mesocosm Film/Trial 6/8-12-20/8-12 AM 01.MTS,2857.460,25.0,Female,Inactive,,,,,,STOP
869.642,D:/Pipefish Mesocosm Film/Trial 6/8-12-20/8-12 AM 01.MTS,2857.460,25.0,Male,Inactive,,,,,,STOP
869.642,D:/Pipefish Mesocosm Film/Trial 6/8-12-20/8-12 AM 01.MTS,2857.460,25.0,Second female,Inactive,,,,,,STOP
870.211,D:/Pipefish Mesocosm Film/Trial 6/8-12-20/8-12 AM 01.MTS,2857.460,25.0,,Stop,,,,,,POINT
896.700,D:/Pipefish Mesocosm Film/Trial 6/8-12-20/8-12 AM 01.MTS,2857.460,25.0,,Start,,,,,,POINT
896.700,D:/Pipefish Mesocosm Film/Trial 6/8-12-20/8-12 AM 01.MTS,2857.460,25.0,Male,Wiggle,Courtship,Active wiggle,Female,3,,START
897.838,D:/Pipefish Mesocosm Film/Trial 6/8-12-20/8-12 AM 01.MTS,2857.460,25.0,Female,Inactive,,,,,,START
898.883,D:/Pipefish Mesocosm Film/Trial 6/8-12-20/8-12 AM 01.MTS,2857.460,25.0,Male,Wiggle,Courtship,Active wiggle,Female,3,,STOP
898.884,D:/Pipefish Mesocosm Film/Trial 6/8-12-20/8-12 AM 01.MTS,2857.460,25.0,Male,Inactive,,,,,,START
930.975,D:/Pipefish Mesocosm Film/Trial 6/8-12-20/8-12 AM 01.MTS,2857.460,25.0,Female,Inactive,,,,,,STOP
930.976,D:/Pipefish Mesocosm Film/Trial 6/8-12-20/8-12 AM 01.MTS,2857.460,25.0,Female,Pose,,S pose,Male,Front,,START
931.957,D:/Pipefish Mesocosm Film/Trial 6/8-12-20/8-12 AM 01.MTS,2857.460,25.0,Male,Inactive,,,,,,STOP
932.779,D:/Pipefish Mesocosm Film/Trial 6/8-12-20/8-12 AM 01.MTS,2857.460,25.0,Male,Wiggle,Courtship,Active wiggle,Female,3,,START
932.967,D:/Pipefish Mesocosm Film/Trial 6/8-12-20/8-12 AM 01.MTS,2857.460,25.0,Female,Pose,,S pose,Male,Front,,STOP
932.968,D:/Pipefish Mesocosm Film/Trial 6/8-12-20/8-12 AM 01.MTS,2857.460,25.0,Female,Inactive,,,,,,START
934.866,D:/Pipefish Mesocosm Film/Trial 6/8-12-20/8-12 AM 01.MTS,2857.460,25.0,Male,Wiggle,Courtship,Active wiggle,Female,3,,STOP
934.867,D:/Pipefish Mesocosm Film/Trial 6/8-12-20/8-12 AM 01.MTS,2857.460,25.0,Male,Inactive,,,,,,START
1000.031,D:/Pipefish Mesocosm Film/Trial 6/8-12-20/8-12 AM 01.MTS,2857.460,25.0,Female,Inactive,,,,,,STOP
1000.031,D:/Pipefish Mesocosm Film/Trial 6/8-12-20/8-12 AM 01.MTS,2857.460,25.0,Male,Inactive,,,,,,STOP
1000.571,D:/Pipefish Mesocosm Film/Trial 6/8-12-20/8-12 AM 01.MTS,2857.460,25.0,,Stop,,,,,,POINT
1024.400,D:/Pipefish Mesocosm Film/Trial 6/8-12-20/8-12 AM 01.MTS,2857.460,25.0,,Start,,,,,,POINT
1025.825,D:/Pipefish Mesocosm Film/Trial 6/8-12-20/8-12 AM 01.MTS,2857.460,25.0,Female,Inactive,,,,,,START
1025.922,D:/Pipefish Mesocosm Film/Trial 6/8-12-20/8-12 AM 01.MTS,2857.460,25.0,Male,Wiggle,Courtship,Subtle wiggle,Female,3,,START
1029.720,D:/Pipefish Mesocosm Film/Trial 6/8-12-20/8-12 AM 01.MTS,2857.460,25.0,Male,Wiggle,Courtship,Subtle wiggle,Female,3,,STOP
1029.721,D:/Pipefish Mesocosm Film/Trial 6/8-12-20/8-12 AM 01.MTS,2857.460,25.0,Male,Inactive,,,,,,START
1030.665,D:/Pipefish Mesocosm Film/Trial 6/8-12-20/8-12 AM 01.MTS,2857.460,25.0,Female,Inactive,,,,,,STOP
1030.666,D:/Pipefish Mesocosm Film/Trial 6/8-12-20/8-12 AM 01.MTS,2857.460,25.0,Female,Pose,,Non-s pose,Male,Front,,START
1034.083,D:/Pipefish Mesocosm Film/Trial 6/8-12-20/8-12 AM 01.MTS,2857.460,25.0,Female,Pose,,Non-s pose,Male,Front,,STOP
1034.084,D:/Pipefish Mesocosm Film/Trial 6/8-12-20/8-12 AM 01.MTS,2857.460,25.0,Female,Inactive,,,,,,START
1056.870,D:/Pipefish Mesocosm Film/Trial 6/8-12-20/8-12 AM 01.MTS,2857.460,25.0,Female,Inactive,,,,,,STOP
1056.871,D:/Pipefish Mesocosm Film/Trial 6/8-12-20/8-12 AM 01.MTS,2857.460,25.0,Female,Pose,,Non-s pose,Male,Front,,START
1058.867,D:/Pipefish Mesocosm Film/Trial 6/8-12-20/8-12 AM 01.MTS,2857.460,25.0,Male,Inactive,,,,,,STOP
1058.868,D:/Pipefish Mesocosm Film/Trial 6/8-12-20/8-12 AM 01.MTS,2857.460,25.0,Male,Wiggle,Courtship,Active wiggle,Female,3,,START
1061.239,D:/Pipefish Mesocosm Film/Trial 6/8-12-20/8-12 AM 01.MTS,2857.460,25.0,Female,Pose,,Non-s pose,Male,Front,,STOP
1061.240,D:/Pipefish Mesocosm Film/Trial 6/8-12-20/8-12 AM 01.MTS,2857.460,25.0,Female,Inactive,,,,,,START
1062.567,D:/Pipefish Mesocosm Film/Trial 6/8-12-20/8-12 AM 01.MTS,2857.460,25.0,Male,Wiggle,Courtship,Active wiggle,Female,3,,STOP
1062.568,D:/Pipefish Mesocosm Film/Trial 6/8-12-20/8-12 AM 01.MTS,2857.460,25.0,Male,Inactive,,,,,,START
1068.359,D:/Pipefish Mesocosm Film/Trial 6/8-12-20/8-12 AM 01.MTS,2857.460,25.0,Female,Inactive,,,,,,STOP
1068.360,D:/Pipefish Mesocosm Film/Trial 6/8-12-20/8-12 AM 01.MTS,2857.460,25.0,Female,Pose,,S pose,Male,Front,,START
1078.139,D:/Pipefish Mesocosm Film/Trial 6/8-12-20/8-12 AM 01.MTS,2857.460,25.0,Female,Pose,,S pose,Male,Front,,STOP
1078.140,D:/Pipefish Mesocosm Film/Trial 6/8-12-20/8-12 AM 01.MTS,2857.460,25.0,Female,Inactive,,,,,,START
1078.427,D:/Pipefish Mesocosm Film/Trial 6/8-12-20/8-12 AM 01.MTS,2857.460,25.0,Male,Inactive,,,,,,STOP
1078.428,D:/Pipefish Mesocosm Film/Trial 6/8-12-20/8-12 AM 01.MTS,2857.460,25.0,Male,Wiggle,Courtship,Active wiggle,Female,2,,START
1082.981,D:/Pipefish Mesocosm Film/Trial 6/8-12-20/8-12 AM 01.MTS,2857.460,25.0,Male,Wiggle,Courtship,Active wiggle,Female,2,,STOP
1082.982,D:/Pipefish Mesocosm Film/Trial 6/8-12-20/8-12 AM 01.MTS,2857.460,25.0,Male,Inactive,,,,,,START
1114.313,D:/Pipefish Mesocosm Film/Trial 6/8-12-20/8-12 AM 01.MTS,2857.460,25.0,Female,Inactive,,,,,,STOP
1114.314,D:/Pipefish Mesocosm Film/Trial 6/8-12-20/8-12 AM 01.MTS,2857.460,25.0,Female,Pose,,S pose,Male,Front,,START
1115.832,D:/Pipefish Mesocosm Film/Trial 6/8-12-20/8-12 AM 01.MTS,2857.460,25.0,Male,Inactive,,,,,,STOP
1115.833,D:/Pipefish Mesocosm Film/Trial 6/8-12-20/8-12 AM 01.MTS,2857.460,25.0,Male,Wiggle,Courtship,Active wiggle,Female,3,,START
1116.023,D:/Pipefish Mesocosm Film/Trial 6/8-12-20/8-12 AM 01.MTS,2857.460,25.0,Female,Pose,,S pose,Male,Front,,STOP
1116.024,D:/Pipefish Mesocosm Film/Trial 6/8-12-20/8-12 AM 01.MTS,2857.460,25.0,Female,Inactive,,,,,,START
1118.016,D:/Pipefish Mesocosm Film/Trial 6/8-12-20/8-12 AM 01.MTS,2857.460,25.0,Female,Inactive,,,,,,STOP
1118.017,D:/Pipefish Mesocosm Film/Trial 6/8-12-20/8-12 AM 01.MTS,2857.460,25.0,Female,Pose,,S pose,Male,Front,,START
1119.633,D:/Pipefish Mesocosm Film/Trial 6/8-12-20/8-12 AM 01.MTS,2857.460,25.0,Female,Pose,,S pose,Male,Front,,STOP
1119.634,D:/Pipefish Mesocosm Film/Trial 6/8-12-20/8-12 AM 01.MTS,2857.460,25.0,Female,Inactive,,,,,,START
1127.730,D:/Pipefish Mesocosm Film/Trial 6/8-12-20/8-12 AM 01.MTS,2857.460,25.0,Male,Wiggle,Courtship,Active wiggle,Female,3,,STOP
1127.731,D:/Pipefish Mesocosm Film/Trial 6/8-12-20/8-12 AM 01.MTS,2857.460,25.0,Male,Inactive,,,,,,START
1144.056,D:/Pipefish Mesocosm Film/Trial 6/8-12-20/8-12 AM 01.MTS,2857.460,25.0,Male,Inactive,,,,,,STOP
1144.057,D:/Pipefish Mesocosm Film/Trial 6/8-12-20/8-12 AM 01.MTS,2857.460,25.0,Male,Wiggle,Courtship,Active wiggle,Female,3,,START
1148.873,D:/Pipefish Mesocosm Film/Trial 6/8-12-20/8-12 AM 01.MTS,2857.460,25.0,Male,Wiggle,Courtship,Active wiggle,Female,3,,STOP
1148.874,D:/Pipefish Mesocosm Film/Trial 6/8-12-20/8-12 AM 01.MTS,2857.460,25.0,Male,Inactive,,,,,,START
1150.963,D:/Pipefish Mesocosm Film/Trial 6/8-12-20/8-12 AM 01.MTS,2857.460,25.0,Male,Inactive,,,,,,STOP
1150.964,D:/Pipefish Mesocosm Film/Trial 6/8-12-20/8-12 AM 01.MTS,2857.460,25.0,Male,Wiggle,Courtship,Active wiggle,Female,3,,START
1155.804,D:/Pipefish Mesocosm Film/Trial 6/8-12-20/8-12 AM 01.MTS,2857.460,25.0,Male,Wiggle,Courtship,Active wiggle,Female,3,,STOP
1155.805,D:/Pipefish Mesocosm Film/Trial 6/8-12-20/8-12 AM 01.MTS,2857.460,25.0,Male,Inactive,,,,,,START
1173.464,D:/Pipefish Mesocosm Film/Trial 6/8-12-20/8-12 AM 01.MTS,2857.460,25.0,Male,Inactive,,,,,,STOP
1173.465,D:/Pipefish Mesocosm Film/Trial 6/8-12-20/8-12 AM 01.MTS,2857.460,25.0,Male,Wiggle,Courtship,Active wiggle,Female,2,,START
1177.925,D:/Pipefish Mesocosm Film/Trial 6/8-12-20/8-12 AM 01.MTS,2857.460,25.0,Male,Wiggle,Courtship,Active wiggle,Female,2,,STOP
1177.926,D:/Pipefish Mesocosm Film/Trial 6/8-12-20/8-12 AM 01.MTS,2857.460,25.0,Male,Inactive,,,,,,START
1242.394,D:/Pipefish Mesocosm Film/Trial 6/8-12-20/8-12 AM 01.MTS,2857.460,25.0,Female,Inactive,,,,,,STOP
1242.394,D:/Pipefish Mesocosm Film/Trial 6/8-12-20/8-12 AM 01.MTS,2857.460,25.0,Male,Inactive,,,,,,STOP
1242.796,D:/Pipefish Mesocosm Film/Trial 6/8-12-20/8-12 AM 01.MTS,2857.460,25.0,,Stop,,,,,,POINT
1493.904,D:/Pipefish Mesocosm Film/Trial 6/8-12-20/8-12 AM 01.MTS,2857.460,25.0,,Start,,,,,,POINT
1494.474,D:/Pipefish Mesocosm Film/Trial 6/8-12-20/8-12 AM 01.MTS,2857.460,25.0,Male,Wiggle,Courtship,Active wiggle,Female,3,,START
1495.328,D:/Pipefish Mesocosm Film/Trial 6/8-12-20/8-12 AM 01.MTS,2857.460,25.0,Female,Inactive,,,,,,START
1500.362,D:/Pipefish Mesocosm Film/Trial 6/8-12-20/8-12 AM 01.MTS,2857.460,25.0,Male,Wiggle,Courtship,Active wiggle,Female,3,,STOP
1500.363,D:/Pipefish Mesocosm Film/Trial 6/8-12-20/8-12 AM 01.MTS,2857.460,25.0,Male,Inactive,,,,,,START
1558.086,D:/Pipefish Mesocosm Film/Trial 6/8-12-20/8-12 AM 01.MTS,2857.460,25.0,Male,Inactive,,,,,,STOP
1558.087,D:/Pipefish Mesocosm Film/Trial 6/8-12-20/8-12 AM 01.MTS,2857.460,25.0,Male,Wiggle,Courtship,Active wiggle,Female,3,,START
1559.798,D:/Pipefish Mesocosm Film/Trial 6/8-12-20/8-12 AM 01.MTS,2857.460,25.0,Male,Wiggle,Courtship,Active wiggle,Female,3,,STOP
1559.799,D:/Pipefish Mesocosm Film/Trial 6/8-12-20/8-12 AM 01.MTS,2857.460,25.0,Male,Inactive,,,,,,START
1620.087,D:/Pipefish Mesocosm Film/Trial 6/8-12-20/8-12 AM 01.MTS,2857.460,25.0,Female,Inactive,,,,,,STOP
1620.087,D:/Pipefish Mesocosm Film/Trial 6/8-12-20/8-12 AM 01.MTS,2857.460,25.0,Male,Inactive,,,,,,STOP
1620.373,D:/Pipefish Mesocosm Film/Trial 6/8-12-20/8-12 AM 01.MTS,2857.460,25.0,,Stop,,,,,,POINT
