Observation id,T606AM_01,,,,,,,,,,
,,,,,,,,,,,
Media file(s),,,,,,,,,,,
,,,,,,,,,,,
Player #1,D:/Pipefish Mesocosm Film/Trial 6/10-12-20/10-12 AM 01.MTS,,,,,,,,,,
Player #1,D:/Pipefish Mesocosm Film/Trial 6/10-12-20/10-12 AM 02.MTS,,,,,,,,,,
Player #1,D:/Pipefish Mesocosm Film/Trial 6/10-12-20/10-12 AM 03.MTS,,,,,,,,,,
,,,,,,,,,,,
Observation date,2021-07-20 15:33:04,,,,,,,,,,
,,,,,,,,,,,
Description,"videos T606 AM 01, 02 and 03. ",,,,,,,,,,
,,,,,,,,,,,
Time offset (s),0.0,,,,,,,,,,
,,,,,,,,,,,
independent variables,,,,,,,,,,,
variable,value,,,,,,,,,,
Number in group,,,,,,,,,,,
Time of day,,,,,,,,,,,
,,,,,,,,,,,
Time,Media file path,Total length,FPS,Subject,Behavior,Behavioral category,Modifier 1,Modifier 2,Modifier 3,Comment,Status
237.879,D:/Pipefish Mesocosm Film/Trial 6/10-12-20/10-12 AM 01.MTS,7202.180,25.0,,Start,,,,,,POINT
237.879,D:/Pipefish Mesocosm Film/Trial 6/10-12-20/10-12 AM 01.MTS,7202.180,25.0,Female,Pose,,S pose,Male,Front,,START
239.209,D:/Pipefish Mesocosm Film/Trial 6/10-12-20/10-12 AM 01.MTS,7202.180,25.0,Male,Inactive,,,,,,START
242.248,D:/Pipefish Mesocosm Film/Trial 6/10-12-20/10-12 AM 01.MTS,7202.180,25.0,Female,Pose,,S pose,Male,Front,,STOP
242.249,D:/Pipefish Mesocosm Film/Trial 6/10-12-20/10-12 AM 01.MTS,7202.180,25.0,Female,Inactive,,,,,,START
304.814,D:/Pipefish Mesocosm Film/Trial 6/10-12-20/10-12 AM 01.MTS,7202.180,25.0,Female,Inactive,,,,,,STOP
304.814,D:/Pipefish Mesocosm Film/Trial 6/10-12-20/10-12 AM 01.MTS,7202.180,25.0,Male,Inactive,,,,,,STOP
305.386,D:/Pipefish Mesocosm Film/Trial 6/10-12-20/10-12 AM 01.MTS,7202.180,25.0,,Stop,,,,,,POINT
594.112,D:/Pipefish Mesocosm Film/Trial 6/10-12-20/10-12 AM 01.MTS,7202.180,25.0,,Start,,,,,,POINT
594.112,D:/Pipefish Mesocosm Film/Trial 6/10-12-20/10-12 AM 01.MTS,7202.180,25.0,Female,Pose,,S pose,Male,Front,,START
594.209,D:/Pipefish Mesocosm Film/Trial 6/10-12-20/10-12 AM 01.MTS,7202.180,25.0,Male,Inactive,,,,,,START
599.050,D:/Pipefish Mesocosm Film/Trial 6/10-12-20/10-12 AM 01.MTS,7202.180,25.0,Female,Pose,,S pose,Male,Front,,STOP
599.051,D:/Pipefish Mesocosm Film/Trial 6/10-12-20/10-12 AM 01.MTS,7202.180,25.0,Female,Inactive,,,,,,START
660.197,D:/Pipefish Mesocosm Film/Trial 6/10-12-20/10-12 AM 01.MTS,7202.180,25.0,Female,Inactive,,,,,,STOP
660.197,D:/Pipefish Mesocosm Film/Trial 6/10-12-20/10-12 AM 01.MTS,7202.180,25.0,Male,Inactive,,,,,,STOP
662.382,D:/Pipefish Mesocosm Film/Trial 6/10-12-20/10-12 AM 01.MTS,7202.180,25.0,,Stop,,,,,,POINT
891.293,D:/Pipefish Mesocosm Film/Trial 6/10-12-20/10-12 AM 01.MTS,7202.180,25.0,,Start,,,,,,POINT
891.484,D:/Pipefish Mesocosm Film/Trial 6/10-12-20/10-12 AM 01.MTS,7202.180,25.0,Male,Inactive,,,,,,START
892.908,D:/Pipefish Mesocosm Film/Trial 6/10-12-20/10-12 AM 01.MTS,7202.180,25.0,Female,Pose,,S pose,Male,Front,,START
895.186,D:/Pipefish Mesocosm Film/Trial 6/10-12-20/10-12 AM 01.MTS,7202.180,25.0,Male,Inactive,,,,,,STOP
895.187,D:/Pipefish Mesocosm Film/Trial 6/10-12-20/10-12 AM 01.MTS,7202.180,25.0,Male,Wiggle,Courtship,Subtle wiggle,Female,2,,START
898.789,D:/Pipefish Mesocosm Film/Trial 6/10-12-20/10-12 AM 01.MTS,7202.180,25.0,Male,Wiggle,Courtship,Subtle wiggle,Female,2,,STOP
898.790,D:/Pipefish Mesocosm Film/Trial 6/10-12-20/10-12 AM 01.MTS,7202.180,25.0,Male,Inactive,,,,,,START
902.494,D:/Pipefish Mesocosm Film/Trial 6/10-12-20/10-12 AM 01.MTS,7202.180,25.0,Female,Pose,,S pose,Male,Front,,STOP
902.495,D:/Pipefish Mesocosm Film/Trial 6/10-12-20/10-12 AM 01.MTS,7202.180,25.0,Female,Inactive,,,,,,START
916.450,D:/Pipefish Mesocosm Film/Trial 6/10-12-20/10-12 AM 01.MTS,7202.180,25.0,Male,Inactive,,,,,,STOP
916.451,D:/Pipefish Mesocosm Film/Trial 6/10-12-20/10-12 AM 01.MTS,7202.180,25.0,Male,Swim away,,,,,,START
921.577,D:/Pipefish Mesocosm Film/Trial 6/10-12-20/10-12 AM 01.MTS,7202.180,25.0,Male,Swim away,,,,,,STOP
921.866,D:/Pipefish Mesocosm Film/Trial 6/10-12-20/10-12 AM 01.MTS,7202.180,25.0,Female,Inactive,,,,,,STOP
923.296,D:/Pipefish Mesocosm Film/Trial 6/10-12-20/10-12 AM 01.MTS,7202.180,25.0,,Stop,,,,,,POINT
1013.582,D:/Pipefish Mesocosm Film/Trial 6/10-12-20/10-12 AM 01.MTS,7202.180,25.0,,Start,,,,,,POINT
1013.677,D:/Pipefish Mesocosm Film/Trial 6/10-12-20/10-12 AM 01.MTS,7202.180,25.0,Female,Pose,,S pose,Male,Front,,START
1013.864,D:/Pipefish Mesocosm Film/Trial 6/10-12-20/10-12 AM 01.MTS,7202.180,25.0,Male,Inactive,,,,,,START
1016.332,D:/Pipefish Mesocosm Film/Trial 6/10-12-20/10-12 AM 01.MTS,7202.180,25.0,Male,Inactive,,,,,,STOP
1016.333,D:/Pipefish Mesocosm Film/Trial 6/10-12-20/10-12 AM 01.MTS,7202.180,25.0,Male,Wiggle,Courtship,Active wiggle,Female,2,,START
1018.895,D:/Pipefish Mesocosm Film/Trial 6/10-12-20/10-12 AM 01.MTS,7202.180,25.0,Male,Wiggle,Courtship,Active wiggle,Female,2,,STOP
1018.896,D:/Pipefish Mesocosm Film/Trial 6/10-12-20/10-12 AM 01.MTS,7202.180,25.0,Male,Inactive,,,,,,START
1021.555,D:/Pipefish Mesocosm Film/Trial 6/10-12-20/10-12 AM 01.MTS,7202.180,25.0,Female,Pose,,S pose,Male,Front,,STOP
1021.556,D:/Pipefish Mesocosm Film/Trial 6/10-12-20/10-12 AM 01.MTS,7202.180,25.0,Female,Inactive,,,,,,START
1087.637,D:/Pipefish Mesocosm Film/Trial 6/10-12-20/10-12 AM 01.MTS,7202.180,25.0,Female,Inactive,,,,,,STOP
1087.637,D:/Pipefish Mesocosm Film/Trial 6/10-12-20/10-12 AM 01.MTS,7202.180,25.0,Male,Inactive,,,,,,STOP
1089.155,D:/Pipefish Mesocosm Film/Trial 6/10-12-20/10-12 AM 01.MTS,7202.180,25.0,,Stop,,,,,,POINT
1105.775,D:/Pipefish Mesocosm Film/Trial 6/10-12-20/10-12 AM 01.MTS,7202.180,25.0,,Start,,,,,,POINT
1105.775,D:/Pipefish Mesocosm Film/Trial 6/10-12-20/10-12 AM 01.MTS,7202.180,25.0,Male,Wiggle,Courtship,Active wiggle,Female,2,,START
1106.440,D:/Pipefish Mesocosm Film/Trial 6/10-12-20/10-12 AM 01.MTS,7202.180,25.0,Female,Inactive,,,,,,START
1112.606,D:/Pipefish Mesocosm Film/Trial 6/10-12-20/10-12 AM 01.MTS,7202.180,25.0,Male,Wiggle,Courtship,Active wiggle,Female,2,,STOP
1112.607,D:/Pipefish Mesocosm Film/Trial 6/10-12-20/10-12 AM 01.MTS,7202.180,25.0,Male,Inactive,,,,,,START
1161.091,D:/Pipefish Mesocosm Film/Trial 6/10-12-20/10-12 AM 01.MTS,7202.180,25.0,Female,Inactive,,,,,,STOP
1161.092,D:/Pipefish Mesocosm Film/Trial 6/10-12-20/10-12 AM 01.MTS,7202.180,25.0,Female,Pose,,S pose,Male,Front,,START
1166.828,D:/Pipefish Mesocosm Film/Trial 6/10-12-20/10-12 AM 01.MTS,7202.180,25.0,Male,Inactive,,,,,,STOP
1166.829,D:/Pipefish Mesocosm Film/Trial 6/10-12-20/10-12 AM 01.MTS,7202.180,25.0,Male,Wiggle,Courtship,Subtle wiggle,Female,2,,START
1171.853,D:/Pipefish Mesocosm Film/Trial 6/10-12-20/10-12 AM 01.MTS,7202.180,25.0,Male,Wiggle,Courtship,Subtle wiggle,Female,2,,STOP
1171.854,D:/Pipefish Mesocosm Film/Trial 6/10-12-20/10-12 AM 01.MTS,7202.180,25.0,Male,Inactive,,,,,,START
1174.576,D:/Pipefish Mesocosm Film/Trial 6/10-12-20/10-12 AM 01.MTS,7202.180,25.0,Female,Pose,,S pose,Male,Front,,STOP
1174.577,D:/Pipefish Mesocosm Film/Trial 6/10-12-20/10-12 AM 01.MTS,7202.180,25.0,Female,Inactive,,,,,,START
1234.233,D:/Pipefish Mesocosm Film/Trial 6/10-12-20/10-12 AM 01.MTS,7202.180,25.0,Female,Inactive,,,,,,STOP
1234.233,D:/Pipefish Mesocosm Film/Trial 6/10-12-20/10-12 AM 01.MTS,7202.180,25.0,Male,Inactive,,,,,,STOP
1234.234,D:/Pipefish Mesocosm Film/Trial 6/10-12-20/10-12 AM 01.MTS,7202.180,25.0,,Stop,,,,,,POINT
1234.235,D:/Pipefish Mesocosm Film/Trial 6/10-12-20/10-12 AM 01.MTS,7202.180,25.0,,Start,,,,,,POINT
1234.236,D:/Pipefish Mesocosm Film/Trial 6/10-12-20/10-12 AM 01.MTS,7202.180,25.0,Male,Wiggle,Courtship,Active wiggle,Female,2,,START
1235.375,D:/Pipefish Mesocosm Film/Trial 6/10-12-20/10-12 AM 01.MTS,7202.180,25.0,Female,Inactive,,,,,,START
1237.838,D:/Pipefish Mesocosm Film/Trial 6/10-12-20/10-12 AM 01.MTS,7202.180,25.0,Male,Wiggle,Courtship,Active wiggle,Female,2,,STOP
1237.839,D:/Pipefish Mesocosm Film/Trial 6/10-12-20/10-12 AM 01.MTS,7202.180,25.0,Male,Inactive,,,,,,START
1276.104,D:/Pipefish Mesocosm Film/Trial 6/10-12-20/10-12 AM 01.MTS,7202.180,25.0,Male,Inactive,,,,,,STOP
1276.105,D:/Pipefish Mesocosm Film/Trial 6/10-12-20/10-12 AM 01.MTS,7202.180,25.0,Male,Wiggle,Courtship,Active wiggle,Female,2,,START
1280.755,D:/Pipefish Mesocosm Film/Trial 6/10-12-20/10-12 AM 01.MTS,7202.180,25.0,Male,Wiggle,Courtship,Active wiggle,Female,2,,STOP
1280.756,D:/Pipefish Mesocosm Film/Trial 6/10-12-20/10-12 AM 01.MTS,7202.180,25.0,Male,Inactive,,,,,,START
1341.825,D:/Pipefish Mesocosm Film/Trial 6/10-12-20/10-12 AM 01.MTS,7202.180,25.0,Female,Inactive,,,,,,STOP
1341.825,D:/Pipefish Mesocosm Film/Trial 6/10-12-20/10-12 AM 01.MTS,7202.180,25.0,Male,Inactive,,,,,,STOP
1341.827,D:/Pipefish Mesocosm Film/Trial 6/10-12-20/10-12 AM 01.MTS,7202.180,25.0,,Stop,,,,,,POINT
1447.292,D:/Pipefish Mesocosm Film/Trial 6/10-12-20/10-12 AM 01.MTS,7202.180,25.0,,Start,,,,,,POINT
1447.292,D:/Pipefish Mesocosm Film/Trial 6/10-12-20/10-12 AM 01.MTS,7202.180,25.0,Female,Wiggle,Courtship,Active wiggle,Male,3,,START
1448.430,D:/Pipefish Mesocosm Film/Trial 6/10-12-20/10-12 AM 01.MTS,7202.180,25.0,Male,Surrounding,,,,,,START
1452.034,D:/Pipefish Mesocosm Film/Trial 6/10-12-20/10-12 AM 01.MTS,7202.180,25.0,Male,Surrounding,,,,,,STOP
1452.035,D:/Pipefish Mesocosm Film/Trial 6/10-12-20/10-12 AM 01.MTS,7202.180,25.0,Male,Wiggle,Courtship,Subtle wiggle,Female,3,,START
1452.041,D:/Pipefish Mesocosm Film/Trial 6/10-12-20/10-12 AM 01.MTS,7202.180,25.0,Female,Wiggle,Courtship,Active wiggle,Male,3,,STOP
1452.042,D:/Pipefish Mesocosm Film/Trial 6/10-12-20/10-12 AM 01.MTS,7202.180,25.0,Female,Pose,,S pose,Male,Front,,START
1457.924,D:/Pipefish Mesocosm Film/Trial 6/10-12-20/10-12 AM 01.MTS,7202.180,25.0,Male,Wiggle,Courtship,Subtle wiggle,Female,3,,STOP
1457.925,D:/Pipefish Mesocosm Film/Trial 6/10-12-20/10-12 AM 01.MTS,7202.180,25.0,Male,Inactive,,,,,,START
1459.063,D:/Pipefish Mesocosm Film/Trial 6/10-12-20/10-12 AM 01.MTS,7202.180,25.0,Female,Pose,,S pose,Male,Front,,STOP
1459.064,D:/Pipefish Mesocosm Film/Trial 6/10-12-20/10-12 AM 01.MTS,7202.180,25.0,Female,Inactive,,,,,,START
1473.879,D:/Pipefish Mesocosm Film/Trial 6/10-12-20/10-12 AM 01.MTS,7202.180,25.0,Female,Inactive,,,,,,STOP
1473.880,D:/Pipefish Mesocosm Film/Trial 6/10-12-20/10-12 AM 01.MTS,7202.180,25.0,Female,Wiggle,Courtship,Active wiggle,Male,4,,START
1475.964,D:/Pipefish Mesocosm Film/Trial 6/10-12-20/10-12 AM 01.MTS,7202.180,25.0,Female,Wiggle,Courtship,Active wiggle,Male,4,,STOP
1475.965,D:/Pipefish Mesocosm Film/Trial 6/10-12-20/10-12 AM 01.MTS,7202.180,25.0,Female,Inactive,,,,,,START
1554.389,D:/Pipefish Mesocosm Film/Trial 6/10-12-20/10-12 AM 01.MTS,7202.180,25.0,Female,Inactive,,,,,,STOP
1554.390,D:/Pipefish Mesocosm Film/Trial 6/10-12-20/10-12 AM 01.MTS,7202.180,25.0,Female,Pose,,S pose,Male,Front,,START
1554.862,D:/Pipefish Mesocosm Film/Trial 6/10-12-20/10-12 AM 01.MTS,7202.180,25.0,Male,Inactive,,,,,,STOP
1554.863,D:/Pipefish Mesocosm Film/Trial 6/10-12-20/10-12 AM 01.MTS,7202.180,25.0,Male,Wiggle,Courtship,Active wiggle,Female,3,,START
1558.183,D:/Pipefish Mesocosm Film/Trial 6/10-12-20/10-12 AM 01.MTS,7202.180,25.0,Female,Pose,,S pose,Male,Front,,STOP
1558.184,D:/Pipefish Mesocosm Film/Trial 6/10-12-20/10-12 AM 01.MTS,7202.180,25.0,Female,Inactive,,,,,,START
1559.706,D:/Pipefish Mesocosm Film/Trial 6/10-12-20/10-12 AM 01.MTS,7202.180,25.0,Male,Wiggle,Courtship,Active wiggle,Female,3,,STOP
1559.707,D:/Pipefish Mesocosm Film/Trial 6/10-12-20/10-12 AM 01.MTS,7202.180,25.0,Male,Inactive,,,,,,START
1578.505,D:/Pipefish Mesocosm Film/Trial 6/10-12-20/10-12 AM 01.MTS,7202.180,25.0,Male,Wiggle,Courtship,Active wiggle,Female,2,,START
1580.499,D:/Pipefish Mesocosm Film/Trial 6/10-12-20/10-12 AM 01.MTS,7202.180,25.0,Male,Inactive,,,,,,STOP
1581.259,D:/Pipefish Mesocosm Film/Trial 6/10-12-20/10-12 AM 01.MTS,7202.180,25.0,Male,Wiggle,Courtship,Active wiggle,Female,2,,STOP
1581.261,D:/Pipefish Mesocosm Film/Trial 6/10-12-20/10-12 AM 01.MTS,7202.180,25.0,Male,Inactive,,,,,,START
1622.273,D:/Pipefish Mesocosm Film/Trial 6/10-12-20/10-12 AM 01.MTS,7202.180,25.0,Female,Inactive,,,,,,STOP
1622.274,D:/Pipefish Mesocosm Film/Trial 6/10-12-20/10-12 AM 01.MTS,7202.180,25.0,Female,Pose,,Non-s pose,Male,Front,,START
1624.741,D:/Pipefish Mesocosm Film/Trial 6/10-12-20/10-12 AM 01.MTS,7202.180,25.0,Male,Inactive,,,,,,STOP
1624.742,D:/Pipefish Mesocosm Film/Trial 6/10-12-20/10-12 AM 01.MTS,7202.180,25.0,Male,Wiggle,Courtship,Active wiggle,Female,3,,START
1627.020,D:/Pipefish Mesocosm Film/Trial 6/10-12-20/10-12 AM 01.MTS,7202.180,25.0,Male,Wiggle,Courtship,Active wiggle,Female,3,,STOP
1627.021,D:/Pipefish Mesocosm Film/Trial 6/10-12-20/10-12 AM 01.MTS,7202.180,25.0,Male,Inactive,,,,,,START
1628.159,D:/Pipefish Mesocosm Film/Trial 6/10-12-20/10-12 AM 01.MTS,7202.180,25.0,Female,Pose,,Non-s pose,Male,Front,,STOP
1628.160,D:/Pipefish Mesocosm Film/Trial 6/10-12-20/10-12 AM 01.MTS,7202.180,25.0,Female,Inactive,,,,,,START
1663.478,D:/Pipefish Mesocosm Film/Trial 6/10-12-20/10-12 AM 01.MTS,7202.180,25.0,Male,Inactive,,,,,,STOP
1663.479,D:/Pipefish Mesocosm Film/Trial 6/10-12-20/10-12 AM 01.MTS,7202.180,25.0,Male,Wiggle,Courtship,Active wiggle,Female,3,,START
1666.896,D:/Pipefish Mesocosm Film/Trial 6/10-12-20/10-12 AM 01.MTS,7202.180,25.0,Male,Wiggle,Courtship,Active wiggle,Female,3,,STOP
1666.897,D:/Pipefish Mesocosm Film/Trial 6/10-12-20/10-12 AM 01.MTS,7202.180,25.0,Male,Inactive,,,,,,START
1700.507,D:/Pipefish Mesocosm Film/Trial 6/10-12-20/10-12 AM 01.MTS,7202.180,25.0,Male,Inactive,,,,,,STOP
1700.508,D:/Pipefish Mesocosm Film/Trial 6/10-12-20/10-12 AM 01.MTS,7202.180,25.0,Male,Wiggle,Courtship,Active wiggle,Female,2,,START
1704.304,D:/Pipefish Mesocosm Film/Trial 6/10-12-20/10-12 AM 01.MTS,7202.180,25.0,Male,Wiggle,Courtship,Active wiggle,Female,2,,STOP
1704.305,D:/Pipefish Mesocosm Film/Trial 6/10-12-20/10-12 AM 01.MTS,7202.180,25.0,Male,Inactive,,,,,,START
1767.731,D:/Pipefish Mesocosm Film/Trial 6/10-12-20/10-12 AM 01.MTS,7202.180,25.0,Female,Inactive,,,,,,STOP
1767.731,D:/Pipefish Mesocosm Film/Trial 6/10-12-20/10-12 AM 01.MTS,7202.180,25.0,Male,Inactive,,,,,,STOP
1767.733,D:/Pipefish Mesocosm Film/Trial 6/10-12-20/10-12 AM 01.MTS,7202.180,25.0,,Stop,,,,,,POINT
1870.269,D:/Pipefish Mesocosm Film/Trial 6/10-12-20/10-12 AM 01.MTS,7202.180,25.0,,Start,,,,,,POINT
1870.269,D:/Pipefish Mesocosm Film/Trial 6/10-12-20/10-12 AM 01.MTS,7202.180,25.0,Male,Wiggle,Courtship,Active wiggle,Female,2,,START
1872.074,D:/Pipefish Mesocosm Film/Trial 6/10-12-20/10-12 AM 01.MTS,7202.180,25.0,Female,Inactive,,,,,,START
1874.637,D:/Pipefish Mesocosm Film/Trial 6/10-12-20/10-12 AM 01.MTS,7202.180,25.0,Female,Inactive,,,,,,STOP
1874.638,D:/Pipefish Mesocosm Film/Trial 6/10-12-20/10-12 AM 01.MTS,7202.180,25.0,Female,Pose,,S pose,Male,Front,,START
1875.204,D:/Pipefish Mesocosm Film/Trial 6/10-12-20/10-12 AM 01.MTS,7202.180,25.0,Male,Wiggle,Courtship,Active wiggle,Female,2,,STOP
1875.205,D:/Pipefish Mesocosm Film/Trial 6/10-12-20/10-12 AM 01.MTS,7202.180,25.0,Male,Inactive,,,,,,START
1876.344,D:/Pipefish Mesocosm Film/Trial 6/10-12-20/10-12 AM 01.MTS,7202.180,25.0,Male,Inactive,,,,,,STOP
1876.345,D:/Pipefish Mesocosm Film/Trial 6/10-12-20/10-12 AM 01.MTS,7202.180,25.0,Male,Wiggle,Courtship,Active wiggle,Female,3,,START
1877.961,D:/Pipefish Mesocosm Film/Trial 6/10-12-20/10-12 AM 01.MTS,7202.180,25.0,Female,Pose,,S pose,Male,Front,,STOP
1877.962,D:/Pipefish Mesocosm Film/Trial 6/10-12-20/10-12 AM 01.MTS,7202.180,25.0,Female,Inactive,,,,,,START
1879.859,D:/Pipefish Mesocosm Film/Trial 6/10-12-20/10-12 AM 01.MTS,7202.180,25.0,Male,Wiggle,Courtship,Active wiggle,Female,3,,STOP
1879.860,D:/Pipefish Mesocosm Film/Trial 6/10-12-20/10-12 AM 01.MTS,7202.180,25.0,Male,Inactive,,,,,,START
1880.431,D:/Pipefish Mesocosm Film/Trial 6/10-12-20/10-12 AM 01.MTS,7202.180,25.0,Female,Inactive,,,,,,STOP
1880.432,D:/Pipefish Mesocosm Film/Trial 6/10-12-20/10-12 AM 01.MTS,7202.180,25.0,Female,Pose,,S pose,Male,Front,,START
1883.849,D:/Pipefish Mesocosm Film/Trial 6/10-12-20/10-12 AM 01.MTS,7202.180,25.0,Female,Pose,,S pose,Male,Front,,STOP
1883.850,D:/Pipefish Mesocosm Film/Trial 6/10-12-20/10-12 AM 01.MTS,7202.180,25.0,Female,Inactive,,,,,,START
1946.038,D:/Pipefish Mesocosm Film/Trial 6/10-12-20/10-12 AM 01.MTS,7202.180,25.0,Male,Inactive,,,,,,STOP
1946.039,D:/Pipefish Mesocosm Film/Trial 6/10-12-20/10-12 AM 01.MTS,7202.180,25.0,Male,Wiggle,Courtship,Active wiggle,Female,3,,START
1946.891,D:/Pipefish Mesocosm Film/Trial 6/10-12-20/10-12 AM 01.MTS,7202.180,25.0,Female,Inactive,,,,,,STOP
1946.892,D:/Pipefish Mesocosm Film/Trial 6/10-12-20/10-12 AM 01.MTS,7202.180,25.0,Female,Pose,,Non-s pose,Male,Front,,START
1954.769,D:/Pipefish Mesocosm Film/Trial 6/10-12-20/10-12 AM 01.MTS,7202.180,25.0,Female,Pose,,Non-s pose,Male,Front,,STOP
1954.770,D:/Pipefish Mesocosm Film/Trial 6/10-12-20/10-12 AM 01.MTS,7202.180,25.0,Female,Inactive,,,,,,START
1954.961,D:/Pipefish Mesocosm Film/Trial 6/10-12-20/10-12 AM 01.MTS,7202.180,25.0,Male,Wiggle,Courtship,Active wiggle,Female,3,,STOP
1954.962,D:/Pipefish Mesocosm Film/Trial 6/10-12-20/10-12 AM 01.MTS,7202.180,25.0,Male,Inactive,,,,,,START
1996.450,D:/Pipefish Mesocosm Film/Trial 6/10-12-20/10-12 AM 01.MTS,7202.180,25.0,Male,Inactive,,,,,,STOP
1996.451,D:/Pipefish Mesocosm Film/Trial 6/10-12-20/10-12 AM 01.MTS,7202.180,25.0,Male,Wiggle,Courtship,Active wiggle,Female,2,,START
1999.586,D:/Pipefish Mesocosm Film/Trial 6/10-12-20/10-12 AM 01.MTS,7202.180,25.0,Male,Wiggle,Courtship,Active wiggle,Female,2,,STOP
1999.587,D:/Pipefish Mesocosm Film/Trial 6/10-12-20/10-12 AM 01.MTS,7202.180,25.0,Male,Inactive,,,,,,START
2000.345,D:/Pipefish Mesocosm Film/Trial 6/10-12-20/10-12 AM 01.MTS,7202.180,25.0,Female,Inactive,,,,,,STOP
2000.346,D:/Pipefish Mesocosm Film/Trial 6/10-12-20/10-12 AM 01.MTS,7202.180,25.0,Female,Pose,,S pose,Male,Front,,START
2002.432,D:/Pipefish Mesocosm Film/Trial 6/10-12-20/10-12 AM 01.MTS,7202.180,25.0,Male,Inactive,,,,,,STOP
2002.433,D:/Pipefish Mesocosm Film/Trial 6/10-12-20/10-12 AM 01.MTS,7202.180,25.0,Male,Wiggle,Courtship,Active wiggle,Female,3,,START
2005.379,D:/Pipefish Mesocosm Film/Trial 6/10-12-20/10-12 AM 01.MTS,7202.180,25.0,Female,Pose,,S pose,Male,Front,,STOP
2005.380,D:/Pipefish Mesocosm Film/Trial 6/10-12-20/10-12 AM 01.MTS,7202.180,25.0,Female,Inactive,,,,,,START
2005.565,D:/Pipefish Mesocosm Film/Trial 6/10-12-20/10-12 AM 01.MTS,7202.180,25.0,Male,Wiggle,Courtship,Active wiggle,Female,3,,STOP
2005.566,D:/Pipefish Mesocosm Film/Trial 6/10-12-20/10-12 AM 01.MTS,7202.180,25.0,Male,Inactive,,,,,,START
2030.062,D:/Pipefish Mesocosm Film/Trial 6/10-12-20/10-12 AM 01.MTS,7202.180,25.0,Male,Inactive,,,,,,STOP
2030.063,D:/Pipefish Mesocosm Film/Trial 6/10-12-20/10-12 AM 01.MTS,7202.180,25.0,Male,Wiggle,Courtship,Active wiggle,Female,3,,START
2033.861,D:/Pipefish Mesocosm Film/Trial 6/10-12-20/10-12 AM 01.MTS,7202.180,25.0,Male,Wiggle,Courtship,Active wiggle,Female,3,,STOP
2033.862,D:/Pipefish Mesocosm Film/Trial 6/10-12-20/10-12 AM 01.MTS,7202.180,25.0,Male,Inactive,,,,,,START
2075.923,D:/Pipefish Mesocosm Film/Trial 6/10-12-20/10-12 AM 01.MTS,7202.180,25.0,Male,Inactive,,,,,,STOP
2075.924,D:/Pipefish Mesocosm Film/Trial 6/10-12-20/10-12 AM 01.MTS,7202.180,25.0,Male,Wiggle,Courtship,Active wiggle,Female,3,,START
2079.722,D:/Pipefish Mesocosm Film/Trial 6/10-12-20/10-12 AM 01.MTS,7202.180,25.0,Male,Wiggle,Courtship,Active wiggle,Female,3,,STOP
2079.723,D:/Pipefish Mesocosm Film/Trial 6/10-12-20/10-12 AM 01.MTS,7202.180,25.0,Male,Inactive,,,,,,START
2083.706,D:/Pipefish Mesocosm Film/Trial 6/10-12-20/10-12 AM 01.MTS,7202.180,25.0,Female,Inactive,,,,,,STOP
2083.707,D:/Pipefish Mesocosm Film/Trial 6/10-12-20/10-12 AM 01.MTS,7202.180,25.0,Female,Pose,,Non-s pose,Male,Front,,START
2084.278,D:/Pipefish Mesocosm Film/Trial 6/10-12-20/10-12 AM 01.MTS,7202.180,25.0,Male,Inactive,,,,,,STOP
2084.279,D:/Pipefish Mesocosm Film/Trial 6/10-12-20/10-12 AM 01.MTS,7202.180,25.0,Male,Wiggle,Courtship,Active wiggle,Female,3,,START
2085.223,D:/Pipefish Mesocosm Film/Trial 6/10-12-20/10-12 AM 01.MTS,7202.180,25.0,Female,Pose,,Non-s pose,Male,Front,,STOP
2085.224,D:/Pipefish Mesocosm Film/Trial 6/10-12-20/10-12 AM 01.MTS,7202.180,25.0,Female,Inactive,,,,,,START
2087.123,D:/Pipefish Mesocosm Film/Trial 6/10-12-20/10-12 AM 01.MTS,7202.180,25.0,Male,Wiggle,Courtship,Active wiggle,Female,3,,STOP
2087.124,D:/Pipefish Mesocosm Film/Trial 6/10-12-20/10-12 AM 01.MTS,7202.180,25.0,Male,Inactive,,,,,,START
2088.737,D:/Pipefish Mesocosm Film/Trial 6/10-12-20/10-12 AM 01.MTS,7202.180,25.0,Female,Inactive,,,,,,STOP
2088.738,D:/Pipefish Mesocosm Film/Trial 6/10-12-20/10-12 AM 01.MTS,7202.180,25.0,Female,Pose,,S pose,Male,Front,,START
2089.971,D:/Pipefish Mesocosm Film/Trial 6/10-12-20/10-12 AM 01.MTS,7202.180,25.0,Male,Inactive,,,,,,STOP
2089.972,D:/Pipefish Mesocosm Film/Trial 6/10-12-20/10-12 AM 01.MTS,7202.180,25.0,Male,Wiggle,Courtship,Active wiggle,Female,3,,START
2090.447,D:/Pipefish Mesocosm Film/Trial 6/10-12-20/10-12 AM 01.MTS,7202.180,25.0,Female,Pose,,S pose,Male,Front,,STOP
2090.448,D:/Pipefish Mesocosm Film/Trial 6/10-12-20/10-12 AM 01.MTS,7202.180,25.0,Female,Inactive,,,,,,START
2092.155,D:/Pipefish Mesocosm Film/Trial 6/10-12-20/10-12 AM 01.MTS,7202.180,25.0,Male,Wiggle,Courtship,Active wiggle,Female,3,,STOP
2092.156,D:/Pipefish Mesocosm Film/Trial 6/10-12-20/10-12 AM 01.MTS,7202.180,25.0,Male,Inactive,,,,,,START
2092.725,D:/Pipefish Mesocosm Film/Trial 6/10-12-20/10-12 AM 01.MTS,7202.180,25.0,Female,Inactive,,,,,,STOP
2092.726,D:/Pipefish Mesocosm Film/Trial 6/10-12-20/10-12 AM 01.MTS,7202.180,25.0,Female,Pose,,Non-s pose,Male,Front,,START
2095.005,D:/Pipefish Mesocosm Film/Trial 6/10-12-20/10-12 AM 01.MTS,7202.180,25.0,Male,Inactive,,,,,,STOP
2095.006,D:/Pipefish Mesocosm Film/Trial 6/10-12-20/10-12 AM 01.MTS,7202.180,25.0,Male,Wiggle,Courtship,Active wiggle,Female,3,,START
2102.504,D:/Pipefish Mesocosm Film/Trial 6/10-12-20/10-12 AM 01.MTS,7202.180,25.0,Female,Pose,,Non-s pose,Male,Front,,STOP
2102.505,D:/Pipefish Mesocosm Film/Trial 6/10-12-20/10-12 AM 01.MTS,7202.180,25.0,Female,Inactive,,,,,,START
2102.884,D:/Pipefish Mesocosm Film/Trial 6/10-12-20/10-12 AM 01.MTS,7202.180,25.0,Male,Wiggle,Courtship,Active wiggle,Female,3,,STOP
2102.885,D:/Pipefish Mesocosm Film/Trial 6/10-12-20/10-12 AM 01.MTS,7202.180,25.0,Male,Inactive,,,,,,START
2124.534,D:/Pipefish Mesocosm Film/Trial 6/10-12-20/10-12 AM 01.MTS,7202.180,25.0,Male,Inactive,,,,,,STOP
2124.535,D:/Pipefish Mesocosm Film/Trial 6/10-12-20/10-12 AM 01.MTS,7202.180,25.0,Male,Wiggle,Courtship,Active wiggle,Female,3,,START
2127.664,D:/Pipefish Mesocosm Film/Trial 6/10-12-20/10-12 AM 01.MTS,7202.180,25.0,Female,Inactive,,,,,,STOP
2127.665,D:/Pipefish Mesocosm Film/Trial 6/10-12-20/10-12 AM 01.MTS,7202.180,25.0,Female,Pose,,S pose,Male,Front,,START
2129.185,D:/Pipefish Mesocosm Film/Trial 6/10-12-20/10-12 AM 01.MTS,7202.180,25.0,Female,Pose,,S pose,Male,Front,,STOP
2129.186,D:/Pipefish Mesocosm Film/Trial 6/10-12-20/10-12 AM 01.MTS,7202.180,25.0,Female,Inactive,,,,,,START
2130.892,D:/Pipefish Mesocosm Film/Trial 6/10-12-20/10-12 AM 01.MTS,7202.180,25.0,Female,Inactive,,,,,,STOP
2130.893,D:/Pipefish Mesocosm Film/Trial 6/10-12-20/10-12 AM 01.MTS,7202.180,25.0,Female,Pose,,S pose,Male,Front,,START
2131.943,D:/Pipefish Mesocosm Film/Trial 6/10-12-20/10-12 AM 01.MTS,7202.180,25.0,Male,Wiggle,Courtship,Active wiggle,Female,3,,STOP
2131.944,D:/Pipefish Mesocosm Film/Trial 6/10-12-20/10-12 AM 01.MTS,7202.180,25.0,Male,Inactive,,,,,,START
2133.268,D:/Pipefish Mesocosm Film/Trial 6/10-12-20/10-12 AM 01.MTS,7202.180,25.0,Female,Pose,,S pose,Male,Front,,STOP
2133.269,D:/Pipefish Mesocosm Film/Trial 6/10-12-20/10-12 AM 01.MTS,7202.180,25.0,Female,Inactive,,,,,,START
2182.259,D:/Pipefish Mesocosm Film/Trial 6/10-12-20/10-12 AM 01.MTS,7202.180,25.0,Male,Inactive,,,,,,STOP
2182.260,D:/Pipefish Mesocosm Film/Trial 6/10-12-20/10-12 AM 01.MTS,7202.180,25.0,Male,Wiggle,Courtship,Active wiggle,Female,4,,START
2186.815,D:/Pipefish Mesocosm Film/Trial 6/10-12-20/10-12 AM 01.MTS,7202.180,25.0,Male,Wiggle,Courtship,Active wiggle,Female,4,,STOP
2186.816,D:/Pipefish Mesocosm Film/Trial 6/10-12-20/10-12 AM 01.MTS,7202.180,25.0,Male,Inactive,,,,,,START
2240.555,D:/Pipefish Mesocosm Film/Trial 6/10-12-20/10-12 AM 01.MTS,7202.180,25.0,Female,Inactive,,,,,,STOP
2240.556,D:/Pipefish Mesocosm Film/Trial 6/10-12-20/10-12 AM 01.MTS,7202.180,25.0,Female,Pose,,S pose,Male,Front,,START
2242.167,D:/Pipefish Mesocosm Film/Trial 6/10-12-20/10-12 AM 01.MTS,7202.180,25.0,Female,Pose,,S pose,Male,Front,,STOP
2242.168,D:/Pipefish Mesocosm Film/Trial 6/10-12-20/10-12 AM 01.MTS,7202.180,25.0,Female,Inactive,,,,,,START
2245.872,D:/Pipefish Mesocosm Film/Trial 6/10-12-20/10-12 AM 01.MTS,7202.180,25.0,Female,Inactive,,,,,,STOP
2245.873,D:/Pipefish Mesocosm Film/Trial 6/10-12-20/10-12 AM 01.MTS,7202.180,25.0,Female,Pose,,S pose,Male,Front,,START
2249.004,D:/Pipefish Mesocosm Film/Trial 6/10-12-20/10-12 AM 01.MTS,7202.180,25.0,Female,Pose,,S pose,Male,Front,,STOP
2249.005,D:/Pipefish Mesocosm Film/Trial 6/10-12-20/10-12 AM 01.MTS,7202.180,25.0,Female,Inactive,,,,,,START
2289.641,D:/Pipefish Mesocosm Film/Trial 6/10-12-20/10-12 AM 01.MTS,7202.180,25.0,Male,Inactive,,,,,,STOP
2289.642,D:/Pipefish Mesocosm Film/Trial 6/10-12-20/10-12 AM 01.MTS,7202.180,25.0,Male,Wiggle,Courtship,Active wiggle,Female,4,,START
2291.446,D:/Pipefish Mesocosm Film/Trial 6/10-12-20/10-12 AM 01.MTS,7202.180,25.0,Male,Wiggle,Courtship,Active wiggle,Female,4,,STOP
2291.447,D:/Pipefish Mesocosm Film/Trial 6/10-12-20/10-12 AM 01.MTS,7202.180,25.0,Male,Inactive,,,,,,START
2351.927,D:/Pipefish Mesocosm Film/Trial 6/10-12-20/10-12 AM 01.MTS,7202.180,25.0,Female,Inactive,,,,,,STOP
2351.927,D:/Pipefish Mesocosm Film/Trial 6/10-12-20/10-12 AM 01.MTS,7202.180,25.0,Male,Inactive,,,,,,STOP
2351.929,D:/Pipefish Mesocosm Film/Trial 6/10-12-20/10-12 AM 01.MTS,7202.180,25.0,,Stop,,,,,,POINT
2468.426,D:/Pipefish Mesocosm Film/Trial 6/10-12-20/10-12 AM 01.MTS,7202.180,25.0,,Start,,,,,,POINT
2468.426,D:/Pipefish Mesocosm Film/Trial 6/10-12-20/10-12 AM 01.MTS,7202.180,25.0,Male,Wiggle,Courtship,Active wiggle,Female,3,,START
2471.080,D:/Pipefish Mesocosm Film/Trial 6/10-12-20/10-12 AM 01.MTS,7202.180,25.0,Male,Wiggle,Courtship,Active wiggle,Female,3,,STOP
2471.081,D:/Pipefish Mesocosm Film/Trial 6/10-12-20/10-12 AM 01.MTS,7202.180,25.0,Male,Inactive,,,,,,START
2472.602,D:/Pipefish Mesocosm Film/Trial 6/10-12-20/10-12 AM 01.MTS,7202.180,25.0,Female,Inactive,,,,,,START
2472.603,D:/Pipefish Mesocosm Film/Trial 6/10-12-20/10-12 AM 01.MTS,7202.180,25.0,Female,Pose,,Non-s pose,Male,Front,,START
2477.065,D:/Pipefish Mesocosm Film/Trial 6/10-12-20/10-12 AM 01.MTS,7202.180,25.0,Female,Pose,,Non-s pose,Male,Front,,STOP
2477.066,D:/Pipefish Mesocosm Film/Trial 6/10-12-20/10-12 AM 01.MTS,7202.180,25.0,Female,Inactive,,,,,,STOP
2501.844,D:/Pipefish Mesocosm Film/Trial 6/10-12-20/10-12 AM 01.MTS,7202.180,25.0,Female,Inactive,,,,,,START
2509.537,D:/Pipefish Mesocosm Film/Trial 6/10-12-20/10-12 AM 01.MTS,7202.180,25.0,Male,Inactive,,,,,,STOP
2509.538,D:/Pipefish Mesocosm Film/Trial 6/10-12-20/10-12 AM 01.MTS,7202.180,25.0,Male,Wiggle,Courtship,Active wiggle,Female,3,,START
2512.097,D:/Pipefish Mesocosm Film/Trial 6/10-12-20/10-12 AM 01.MTS,7202.180,25.0,Male,Wiggle,Courtship,Active wiggle,Female,3,,STOP
2512.098,D:/Pipefish Mesocosm Film/Trial 6/10-12-20/10-12 AM 01.MTS,7202.180,25.0,Male,Inactive,,,,,,START
2513.621,D:/Pipefish Mesocosm Film/Trial 6/10-12-20/10-12 AM 01.MTS,7202.180,25.0,Female,Move away,,,,,,POINT
2542.667,D:/Pipefish Mesocosm Film/Trial 6/10-12-20/10-12 AM 01.MTS,7202.180,25.0,Male,Inactive,,,,,,STOP
2542.668,D:/Pipefish Mesocosm Film/Trial 6/10-12-20/10-12 AM 01.MTS,7202.180,25.0,Male,Wiggle,Courtship,Active wiggle,Female,4,,START
2547.895,D:/Pipefish Mesocosm Film/Trial 6/10-12-20/10-12 AM 01.MTS,7202.180,25.0,Male,Wiggle,Courtship,Active wiggle,Female,4,,STOP
2547.896,D:/Pipefish Mesocosm Film/Trial 6/10-12-20/10-12 AM 01.MTS,7202.180,25.0,Male,Inactive,,,,,,START
2548.555,D:/Pipefish Mesocosm Film/Trial 6/10-12-20/10-12 AM 01.MTS,7202.180,25.0,Female,Inactive,,,,,,STOP
2548.557,D:/Pipefish Mesocosm Film/Trial 6/10-12-20/10-12 AM 01.MTS,7202.180,25.0,Female,Pose,,Non-s pose,Female,Front,,START
2552.734,D:/Pipefish Mesocosm Film/Trial 6/10-12-20/10-12 AM 01.MTS,7202.180,25.0,Male,Inactive,,,,,,STOP
2552.735,D:/Pipefish Mesocosm Film/Trial 6/10-12-20/10-12 AM 01.MTS,7202.180,25.0,Male,Wiggle,Courtship,Active wiggle,Female,2,,START
2554.919,D:/Pipefish Mesocosm Film/Trial 6/10-12-20/10-12 AM 01.MTS,7202.180,25.0,Male,Wiggle,Courtship,Active wiggle,Female,2,,STOP
2554.920,D:/Pipefish Mesocosm Film/Trial 6/10-12-20/10-12 AM 01.MTS,7202.180,25.0,Male,Inactive,,,,,,START
2558.624,D:/Pipefish Mesocosm Film/Trial 6/10-12-20/10-12 AM 01.MTS,7202.180,25.0,Female,Pose,,Non-s pose,Female,Front,,STOP
2558.626,D:/Pipefish Mesocosm Film/Trial 6/10-12-20/10-12 AM 01.MTS,7202.180,25.0,Female,Inactive,,,,,,START
2600.585,D:/Pipefish Mesocosm Film/Trial 6/10-12-20/10-12 AM 01.MTS,7202.180,25.0,Male,Inactive,,,,,,STOP
2600.586,D:/Pipefish Mesocosm Film/Trial 6/10-12-20/10-12 AM 01.MTS,7202.180,25.0,Male,Wiggle,Courtship,Active wiggle,Female,3,,START
2604.200,D:/Pipefish Mesocosm Film/Trial 6/10-12-20/10-12 AM 01.MTS,7202.180,25.0,Male,Wiggle,Courtship,Active wiggle,Female,3,,STOP
2604.201,D:/Pipefish Mesocosm Film/Trial 6/10-12-20/10-12 AM 01.MTS,7202.180,25.0,Male,Inactive,,,,,,START
2664.484,D:/Pipefish Mesocosm Film/Trial 6/10-12-20/10-12 AM 01.MTS,7202.180,25.0,Male,Inactive,,,,,,STOP
2664.485,D:/Pipefish Mesocosm Film/Trial 6/10-12-20/10-12 AM 01.MTS,7202.180,25.0,Male,Wiggle,Courtship,Active wiggle,Female,2,,START
2667.428,D:/Pipefish Mesocosm Film/Trial 6/10-12-20/10-12 AM 01.MTS,7202.180,25.0,Male,Wiggle,Courtship,Active wiggle,Female,2,,STOP
2667.429,D:/Pipefish Mesocosm Film/Trial 6/10-12-20/10-12 AM 01.MTS,7202.180,25.0,Male,Inactive,,,,,,START
2728.006,D:/Pipefish Mesocosm Film/Trial 6/10-12-20/10-12 AM 01.MTS,7202.180,25.0,Female,Inactive,,,,,,STOP
2728.006,D:/Pipefish Mesocosm Film/Trial 6/10-12-20/10-12 AM 01.MTS,7202.180,25.0,Male,Inactive,,,,,,STOP
2728.741,D:/Pipefish Mesocosm Film/Trial 6/10-12-20/10-12 AM 01.MTS,7202.180,25.0,,Stop,,,,,,POINT
2845.452,D:/Pipefish Mesocosm Film/Trial 6/10-12-20/10-12 AM 01.MTS,7202.180,25.0,,Start,,,,,,POINT
2845.452,D:/Pipefish Mesocosm Film/Trial 6/10-12-20/10-12 AM 01.MTS,7202.180,25.0,Male,Wiggle,Courtship,Active wiggle,Female,2,,START
2847.538,D:/Pipefish Mesocosm Film/Trial 6/10-12-20/10-12 AM 01.MTS,7202.180,25.0,Male,Wiggle,Courtship,Active wiggle,Female,2,,STOP
2847.539,D:/Pipefish Mesocosm Film/Trial 6/10-12-20/10-12 AM 01.MTS,7202.180,25.0,Male,Inactive,,,,,,START
2849.062,D:/Pipefish Mesocosm Film/Trial 6/10-12-20/10-12 AM 01.MTS,7202.180,25.0,Female,Inactive,,,,,,START
2861.305,D:/Pipefish Mesocosm Film/Trial 6/10-12-20/10-12 AM 02.MTS,7202.180,25.0,Female,Inactive,,,,,,STOP
2861.306,D:/Pipefish Mesocosm Film/Trial 6/10-12-20/10-12 AM 02.MTS,7202.180,25.0,Female,Pose,,S pose,Male,Front,,START
2865.393,D:/Pipefish Mesocosm Film/Trial 6/10-12-20/10-12 AM 02.MTS,7202.180,25.0,Female,Pose,,S pose,Male,Front,,STOP
2865.394,D:/Pipefish Mesocosm Film/Trial 6/10-12-20/10-12 AM 02.MTS,7202.180,25.0,Female,Inactive,,,,,,START
2926.057,D:/Pipefish Mesocosm Film/Trial 6/10-12-20/10-12 AM 02.MTS,7202.180,25.0,Female,Inactive,,,,,,STOP
2926.057,D:/Pipefish Mesocosm Film/Trial 6/10-12-20/10-12 AM 02.MTS,7202.180,25.0,Male,Inactive,,,,,,STOP
2926.248,D:/Pipefish Mesocosm Film/Trial 6/10-12-20/10-12 AM 02.MTS,7202.180,25.0,,Stop,,,,,,POINT
2972.298,D:/Pipefish Mesocosm Film/Trial 6/10-12-20/10-12 AM 02.MTS,7202.180,25.0,,Start,,,,,,POINT
2972.298,D:/Pipefish Mesocosm Film/Trial 6/10-12-20/10-12 AM 02.MTS,7202.180,25.0,Male,Wiggle,Courtship,Active wiggle,Female,2,,START
2978.188,D:/Pipefish Mesocosm Film/Trial 6/10-12-20/10-12 AM 02.MTS,7202.180,25.0,Female,Pose,,S pose,Male,Front,,START
2978.466,D:/Pipefish Mesocosm Film/Trial 6/10-12-20/10-12 AM 02.MTS,7202.180,25.0,Male,Wiggle,Courtship,Active wiggle,Female,2,,STOP
2978.467,D:/Pipefish Mesocosm Film/Trial 6/10-12-20/10-12 AM 02.MTS,7202.180,25.0,Male,Inactive,,,,,,START
2979.890,D:/Pipefish Mesocosm Film/Trial 6/10-12-20/10-12 AM 02.MTS,7202.180,25.0,Male,Inactive,,,,,,STOP
2979.891,D:/Pipefish Mesocosm Film/Trial 6/10-12-20/10-12 AM 02.MTS,7202.180,25.0,Male,Wiggle,Courtship,Active wiggle,Female,2,,START
2981.409,D:/Pipefish Mesocosm Film/Trial 6/10-12-20/10-12 AM 02.MTS,7202.180,25.0,Female,Pose,,S pose,Male,Front,,STOP
2981.410,D:/Pipefish Mesocosm Film/Trial 6/10-12-20/10-12 AM 02.MTS,7202.180,25.0,Female,Inactive,,,,,,START
2981.694,D:/Pipefish Mesocosm Film/Trial 6/10-12-20/10-12 AM 02.MTS,7202.180,25.0,Male,Wiggle,Courtship,Active wiggle,Female,2,,STOP
2981.695,D:/Pipefish Mesocosm Film/Trial 6/10-12-20/10-12 AM 02.MTS,7202.180,25.0,Male,Inactive,,,,,,START
2983.119,D:/Pipefish Mesocosm Film/Trial 6/10-12-20/10-12 AM 02.MTS,7202.180,25.0,Female,Inactive,,,,,,STOP
2983.120,D:/Pipefish Mesocosm Film/Trial 6/10-12-20/10-12 AM 02.MTS,7202.180,25.0,Female,Pose,,S pose,Male,Front,,START
2986.345,D:/Pipefish Mesocosm Film/Trial 6/10-12-20/10-12 AM 02.MTS,7202.180,25.0,Female,Pose,,S pose,Male,Front,,STOP
2986.346,D:/Pipefish Mesocosm Film/Trial 6/10-12-20/10-12 AM 02.MTS,7202.180,25.0,Female,Inactive,,,,,,START
3019.200,D:/Pipefish Mesocosm Film/Trial 6/10-12-20/10-12 AM 02.MTS,7202.180,25.0,Male,Inactive,,,,,,STOP
3019.201,D:/Pipefish Mesocosm Film/Trial 6/10-12-20/10-12 AM 02.MTS,7202.180,25.0,Male,Wiggle,Courtship,Active wiggle,Female,2,,START
3022.237,D:/Pipefish Mesocosm Film/Trial 6/10-12-20/10-12 AM 02.MTS,7202.180,25.0,Male,Wiggle,Courtship,Active wiggle,Female,2,,STOP
3022.238,D:/Pipefish Mesocosm Film/Trial 6/10-12-20/10-12 AM 02.MTS,7202.180,25.0,Male,Inactive,,,,,,START
3082.720,D:/Pipefish Mesocosm Film/Trial 6/10-12-20/10-12 AM 02.MTS,7202.180,25.0,Female,Inactive,,,,,,STOP
3082.720,D:/Pipefish Mesocosm Film/Trial 6/10-12-20/10-12 AM 02.MTS,7202.180,25.0,Male,Inactive,,,,,,STOP
3083.102,D:/Pipefish Mesocosm Film/Trial 6/10-12-20/10-12 AM 02.MTS,7202.180,25.0,,Stop,,,,,,POINT
3094.203,D:/Pipefish Mesocosm Film/Trial 6/10-12-20/10-12 AM 02.MTS,7202.180,25.0,,Start,,,,,,POINT
3094.203,D:/Pipefish Mesocosm Film/Trial 6/10-12-20/10-12 AM 02.MTS,7202.180,25.0,Male,Wiggle,Courtship,Active wiggle,Female,3,,START
3094.206,D:/Pipefish Mesocosm Film/Trial 6/10-12-20/10-12 AM 02.MTS,7202.180,25.0,Female,Inactive,,,,,,START
3098.008,D:/Pipefish Mesocosm Film/Trial 6/10-12-20/10-12 AM 02.MTS,7202.180,25.0,Male,Wiggle,Courtship,Active wiggle,Female,3,,STOP
3098.009,D:/Pipefish Mesocosm Film/Trial 6/10-12-20/10-12 AM 02.MTS,7202.180,25.0,Male,Inactive,,,,,,START
3099.429,D:/Pipefish Mesocosm Film/Trial 6/10-12-20/10-12 AM 02.MTS,7202.180,25.0,Female,Inactive,,,,,,STOP
3099.430,D:/Pipefish Mesocosm Film/Trial 6/10-12-20/10-12 AM 02.MTS,7202.180,25.0,Female,Pose,,Flash,Male,Front,,START
3101.805,D:/Pipefish Mesocosm Film/Trial 6/10-12-20/10-12 AM 02.MTS,7202.180,25.0,Female,Pose,,Flash,Male,Front,,STOP
3101.806,D:/Pipefish Mesocosm Film/Trial 6/10-12-20/10-12 AM 02.MTS,7202.180,25.0,Female,Inactive,,,,,,START
3145.572,D:/Pipefish Mesocosm Film/Trial 6/10-12-20/10-12 AM 02.MTS,7202.180,25.0,Male,Inactive,,,,,,STOP
3145.573,D:/Pipefish Mesocosm Film/Trial 6/10-12-20/10-12 AM 02.MTS,7202.180,25.0,Male,Wiggle,Courtship,Active wiggle,Female,2,,START
3151.269,D:/Pipefish Mesocosm Film/Trial 6/10-12-20/10-12 AM 02.MTS,7202.180,25.0,Male,Wiggle,Courtship,Active wiggle,Female,2,,STOP
3151.270,D:/Pipefish Mesocosm Film/Trial 6/10-12-20/10-12 AM 02.MTS,7202.180,25.0,Male,Inactive,,,,,,START
3211.617,D:/Pipefish Mesocosm Film/Trial 6/10-12-20/10-12 AM 02.MTS,7202.180,25.0,Female,Inactive,,,,,,STOP
3211.617,D:/Pipefish Mesocosm Film/Trial 6/10-12-20/10-12 AM 02.MTS,7202.180,25.0,Male,Inactive,,,,,,STOP
3212.127,D:/Pipefish Mesocosm Film/Trial 6/10-12-20/10-12 AM 02.MTS,7202.180,25.0,,Stop,,,,,,POINT
3231.780,D:/Pipefish Mesocosm Film/Trial 6/10-12-20/10-12 AM 02.MTS,7202.180,25.0,,Start,,,,,,POINT
3231.780,D:/Pipefish Mesocosm Film/Trial 6/10-12-20/10-12 AM 02.MTS,7202.180,25.0,Male,Wiggle,Courtship,Active wiggle,Female,2,,START
3232.452,D:/Pipefish Mesocosm Film/Trial 6/10-12-20/10-12 AM 02.MTS,7202.180,25.0,Female,Inactive,,,,,,START
3235.961,D:/Pipefish Mesocosm Film/Trial 6/10-12-20/10-12 AM 02.MTS,7202.180,25.0,Male,Wiggle,Courtship,Active wiggle,Female,2,,STOP
3235.962,D:/Pipefish Mesocosm Film/Trial 6/10-12-20/10-12 AM 02.MTS,7202.180,25.0,Male,Inactive,,,,,,START
3264.069,D:/Pipefish Mesocosm Film/Trial 6/10-12-20/10-12 AM 02.MTS,7202.180,25.0,Male,Inactive,,,,,,STOP
3264.070,D:/Pipefish Mesocosm Film/Trial 6/10-12-20/10-12 AM 02.MTS,7202.180,25.0,Male,Wiggle,Courtship,Active wiggle,Female,2,,START
3267.384,D:/Pipefish Mesocosm Film/Trial 6/10-12-20/10-12 AM 02.MTS,7202.180,25.0,Male,Wiggle,Courtship,Active wiggle,Female,2,,STOP
3267.385,D:/Pipefish Mesocosm Film/Trial 6/10-12-20/10-12 AM 02.MTS,7202.180,25.0,Male,Inactive,,,,,,START
3298.531,D:/Pipefish Mesocosm Film/Trial 6/10-12-20/10-12 AM 02.MTS,7202.180,25.0,Male,Inactive,,,,,,STOP
3298.532,D:/Pipefish Mesocosm Film/Trial 6/10-12-20/10-12 AM 02.MTS,7202.180,25.0,Male,Wiggle,Courtship,Active wiggle,Female,4,,START
3303.272,D:/Pipefish Mesocosm Film/Trial 6/10-12-20/10-12 AM 02.MTS,7202.180,25.0,Female,Inactive,,,,,,STOP
3303.273,D:/Pipefish Mesocosm Film/Trial 6/10-12-20/10-12 AM 02.MTS,7202.180,25.0,Female,Pose,,S pose,Male,Front,,START
3303.560,D:/Pipefish Mesocosm Film/Trial 6/10-12-20/10-12 AM 02.MTS,7202.180,25.0,Male,Wiggle,Courtship,Active wiggle,Female,4,,STOP
3303.561,D:/Pipefish Mesocosm Film/Trial 6/10-12-20/10-12 AM 02.MTS,7202.180,25.0,Male,Inactive,,,,,,START
3306.025,D:/Pipefish Mesocosm Film/Trial 6/10-12-20/10-12 AM 02.MTS,7202.180,25.0,Female,Pose,,S pose,Male,Front,,STOP
3306.026,D:/Pipefish Mesocosm Film/Trial 6/10-12-20/10-12 AM 02.MTS,7202.180,25.0,Female,Inactive,,,,,,START
3336.601,D:/Pipefish Mesocosm Film/Trial 6/10-12-20/10-12 AM 02.MTS,7202.180,25.0,Male,Inactive,,,,,,STOP
3336.602,D:/Pipefish Mesocosm Film/Trial 6/10-12-20/10-12 AM 02.MTS,7202.180,25.0,Male,Wiggle,Courtship,Active wiggle,Female,2,,START
3340.684,D:/Pipefish Mesocosm Film/Trial 6/10-12-20/10-12 AM 02.MTS,7202.180,25.0,Male,Wiggle,Courtship,Active wiggle,Female,2,,STOP
3340.685,D:/Pipefish Mesocosm Film/Trial 6/10-12-20/10-12 AM 02.MTS,7202.180,25.0,Male,Inactive,,,,,,START
3402.492,D:/Pipefish Mesocosm Film/Trial 6/10-12-20/10-12 AM 02.MTS,7202.180,25.0,Female,Inactive,,,,,,STOP
3402.492,D:/Pipefish Mesocosm Film/Trial 6/10-12-20/10-12 AM 02.MTS,7202.180,25.0,Male,Inactive,,,,,,STOP
3402.893,D:/Pipefish Mesocosm Film/Trial 6/10-12-20/10-12 AM 02.MTS,7202.180,25.0,,Stop,,,,,,POINT
3477.119,D:/Pipefish Mesocosm Film/Trial 6/10-12-20/10-12 AM 02.MTS,7202.180,25.0,,Start,,,,,,POINT
3477.119,D:/Pipefish Mesocosm Film/Trial 6/10-12-20/10-12 AM 02.MTS,7202.180,25.0,Male,Wiggle,Courtship,Active wiggle,Female,2,,START
3477.403,D:/Pipefish Mesocosm Film/Trial 6/10-12-20/10-12 AM 02.MTS,7202.180,25.0,Female,Inactive,,,,,,START
3481.864,D:/Pipefish Mesocosm Film/Trial 6/10-12-20/10-12 AM 02.MTS,7202.180,25.0,Male,Wiggle,Courtship,Active wiggle,Female,2,,STOP
3481.865,D:/Pipefish Mesocosm Film/Trial 6/10-12-20/10-12 AM 02.MTS,7202.180,25.0,Male,Inactive,,,,,,START
3482.432,D:/Pipefish Mesocosm Film/Trial 6/10-12-20/10-12 AM 02.MTS,7202.180,25.0,Female,Inactive,,,,,,STOP
3482.433,D:/Pipefish Mesocosm Film/Trial 6/10-12-20/10-12 AM 02.MTS,7202.180,25.0,Female,Pose,,Non-s pose,Male,Front,,START
3488.795,D:/Pipefish Mesocosm Film/Trial 6/10-12-20/10-12 AM 02.MTS,7202.180,25.0,Female,Pose,,Non-s pose,Male,Front,,STOP
3488.796,D:/Pipefish Mesocosm Film/Trial 6/10-12-20/10-12 AM 02.MTS,7202.180,25.0,Female,Inactive,,,,,,START
3561.049,D:/Pipefish Mesocosm Film/Trial 6/10-12-20/10-12 AM 02.MTS,7202.180,25.0,Female,Inactive,,,,,,STOP
3561.050,D:/Pipefish Mesocosm Film/Trial 6/10-12-20/10-12 AM 02.MTS,7202.180,25.0,Female,Pose,,S pose,Male,Front,,START
3561.633,D:/Pipefish Mesocosm Film/Trial 6/10-12-20/10-12 AM 02.MTS,7202.180,25.0,Male,Inactive,,,,,,STOP
3561.634,D:/Pipefish Mesocosm Film/Trial 6/10-12-20/10-12 AM 02.MTS,7202.180,25.0,Male,Wiggle,Courtship,Active wiggle,Female,2,,START
3563.612,D:/Pipefish Mesocosm Film/Trial 6/10-12-20/10-12 AM 02.MTS,7202.180,25.0,Female,Pose,,S pose,Male,Front,,STOP
3563.613,D:/Pipefish Mesocosm Film/Trial 6/10-12-20/10-12 AM 02.MTS,7202.180,25.0,Female,Inactive,,,,,,START
3566.841,D:/Pipefish Mesocosm Film/Trial 6/10-12-20/10-12 AM 02.MTS,7202.180,25.0,Male,Wiggle,Courtship,Active wiggle,Female,2,,STOP
3566.842,D:/Pipefish Mesocosm Film/Trial 6/10-12-20/10-12 AM 02.MTS,7202.180,25.0,Male,Inactive,,,,,,START
3571.587,D:/Pipefish Mesocosm Film/Trial 6/10-12-20/10-12 AM 02.MTS,7202.180,25.0,Male,Inactive,,,,,,STOP
3571.588,D:/Pipefish Mesocosm Film/Trial 6/10-12-20/10-12 AM 02.MTS,7202.180,25.0,Male,Wiggle,Courtship,Active wiggle,Female,3,,START
3574.058,D:/Pipefish Mesocosm Film/Trial 6/10-12-20/10-12 AM 02.MTS,7202.180,25.0,Male,Wiggle,Courtship,Active wiggle,Female,3,,STOP
3574.059,D:/Pipefish Mesocosm Film/Trial 6/10-12-20/10-12 AM 02.MTS,7202.180,25.0,Male,Inactive,,,,,,START
3580.797,D:/Pipefish Mesocosm Film/Trial 6/10-12-20/10-12 AM 02.MTS,7202.180,25.0,Female,Inactive,,,,,,STOP
3580.798,D:/Pipefish Mesocosm Film/Trial 6/10-12-20/10-12 AM 02.MTS,7202.180,25.0,Female,Pose,,Non-s pose,Male,Front,,START
3582.699,D:/Pipefish Mesocosm Film/Trial 6/10-12-20/10-12 AM 02.MTS,7202.180,25.0,Female,Pose,,Non-s pose,Male,Front,,STOP
3582.700,D:/Pipefish Mesocosm Film/Trial 6/10-12-20/10-12 AM 02.MTS,7202.180,25.0,Female,Inactive,,,,,,START
3583.838,D:/Pipefish Mesocosm Film/Trial 6/10-12-20/10-12 AM 02.MTS,7202.180,25.0,Female,Inactive,,,,,,STOP
3583.839,D:/Pipefish Mesocosm Film/Trial 6/10-12-20/10-12 AM 02.MTS,7202.180,25.0,Female,Pose,,Non-s pose,Male,Front,,START
3589.533,D:/Pipefish Mesocosm Film/Trial 6/10-12-20/10-12 AM 02.MTS,7202.180,25.0,Female,Pose,,Non-s pose,Male,Front,,STOP
3589.534,D:/Pipefish Mesocosm Film/Trial 6/10-12-20/10-12 AM 02.MTS,7202.180,25.0,Female,Inactive,,,,,,START
3617.729,D:/Pipefish Mesocosm Film/Trial 6/10-12-20/10-12 AM 02.MTS,7202.180,25.0,Male,Inactive,,,,,,STOP
3617.730,D:/Pipefish Mesocosm Film/Trial 6/10-12-20/10-12 AM 02.MTS,7202.180,25.0,Male,Wiggle,Courtship,Active wiggle,Female,2,,START
3623.045,D:/Pipefish Mesocosm Film/Trial 6/10-12-20/10-12 AM 02.MTS,7202.180,25.0,Male,Wiggle,Courtship,Active wiggle,Female,2,,STOP
3623.046,D:/Pipefish Mesocosm Film/Trial 6/10-12-20/10-12 AM 02.MTS,7202.180,25.0,Male,Inactive,,,,,,START
3683.622,D:/Pipefish Mesocosm Film/Trial 6/10-12-20/10-12 AM 02.MTS,7202.180,25.0,Female,Inactive,,,,,,STOP
3683.622,D:/Pipefish Mesocosm Film/Trial 6/10-12-20/10-12 AM 02.MTS,7202.180,25.0,Male,Inactive,,,,,,STOP
3684.006,D:/Pipefish Mesocosm Film/Trial 6/10-12-20/10-12 AM 02.MTS,7202.180,25.0,,Stop,,,,,,POINT
3706.794,D:/Pipefish Mesocosm Film/Trial 6/10-12-20/10-12 AM 02.MTS,7202.180,25.0,,Start,,,,,,POINT
3706.794,D:/Pipefish Mesocosm Film/Trial 6/10-12-20/10-12 AM 02.MTS,7202.180,25.0,Male,Wiggle,Courtship,Active wiggle,Female,2,,START
3708.319,D:/Pipefish Mesocosm Film/Trial 6/10-12-20/10-12 AM 02.MTS,7202.180,25.0,Female,Pose,,Non-s pose,Male,Front,,START
3710.301,D:/Pipefish Mesocosm Film/Trial 6/10-12-20/10-12 AM 02.MTS,7202.180,25.0,Male,Wiggle,Courtship,Active wiggle,Female,2,,STOP
3710.302,D:/Pipefish Mesocosm Film/Trial 6/10-12-20/10-12 AM 02.MTS,7202.180,25.0,Male,Inactive,,,,,,START
3710.303,D:/Pipefish Mesocosm Film/Trial 6/10-12-20/10-12 AM 02.MTS,7202.180,25.0,Female,Pose,,Non-s pose,Male,Front,,STOP
3710.304,D:/Pipefish Mesocosm Film/Trial 6/10-12-20/10-12 AM 02.MTS,7202.180,25.0,Female,Inactive,,,,,,START
3712.295,D:/Pipefish Mesocosm Film/Trial 6/10-12-20/10-12 AM 02.MTS,7202.180,25.0,Female,Inactive,,,,,,STOP
3712.296,D:/Pipefish Mesocosm Film/Trial 6/10-12-20/10-12 AM 02.MTS,7202.180,25.0,Female,Pose,,S pose,Male,Front,,START
3713.722,D:/Pipefish Mesocosm Film/Trial 6/10-12-20/10-12 AM 02.MTS,7202.180,25.0,Male,Inactive,,,,,,STOP
3713.723,D:/Pipefish Mesocosm Film/Trial 6/10-12-20/10-12 AM 02.MTS,7202.180,25.0,Male,Wiggle,Courtship,Active wiggle,Female,2,,START
3715.617,D:/Pipefish Mesocosm Film/Trial 6/10-12-20/10-12 AM 02.MTS,7202.180,25.0,Male,Wiggle,Courtship,Active wiggle,Female,2,,STOP
3715.618,D:/Pipefish Mesocosm Film/Trial 6/10-12-20/10-12 AM 02.MTS,7202.180,25.0,Male,Inactive,,,,,,START
3716.378,D:/Pipefish Mesocosm Film/Trial 6/10-12-20/10-12 AM 02.MTS,7202.180,25.0,Female,Pose,,S pose,Male,Front,,STOP
3716.379,D:/Pipefish Mesocosm Film/Trial 6/10-12-20/10-12 AM 02.MTS,7202.180,25.0,Female,Inactive,,,,,,START
3759.013,D:/Pipefish Mesocosm Film/Trial 6/10-12-20/10-12 AM 02.MTS,7202.180,25.0,Female,Inactive,,,,,,STOP
3759.014,D:/Pipefish Mesocosm Film/Trial 6/10-12-20/10-12 AM 02.MTS,7202.180,25.0,Female,Pose,,Non-s pose,Male,Front,,START
3762.428,D:/Pipefish Mesocosm Film/Trial 6/10-12-20/10-12 AM 02.MTS,7202.180,25.0,Female,Pose,,Non-s pose,Male,Front,,STOP
3762.429,D:/Pipefish Mesocosm Film/Trial 6/10-12-20/10-12 AM 02.MTS,7202.180,25.0,Female,Inactive,,,,,,START
3797.367,D:/Pipefish Mesocosm Film/Trial 6/10-12-20/10-12 AM 02.MTS,7202.180,25.0,Female,Inactive,,,,,,STOP
3797.368,D:/Pipefish Mesocosm Film/Trial 6/10-12-20/10-12 AM 02.MTS,7202.180,25.0,Female,Pose,,S pose,Male,Front,,START
3799.839,D:/Pipefish Mesocosm Film/Trial 6/10-12-20/10-12 AM 02.MTS,7202.180,25.0,Male,Inactive,,,,,,STOP
3799.840,D:/Pipefish Mesocosm Film/Trial 6/10-12-20/10-12 AM 02.MTS,7202.180,25.0,Male,Wiggle,Courtship,Active wiggle,Female,2,,START
3803.064,D:/Pipefish Mesocosm Film/Trial 6/10-12-20/10-12 AM 02.MTS,7202.180,25.0,Female,Pose,,S pose,Male,Front,,STOP
3803.065,D:/Pipefish Mesocosm Film/Trial 6/10-12-20/10-12 AM 02.MTS,7202.180,25.0,Female,Inactive,,,,,,START
3803.635,D:/Pipefish Mesocosm Film/Trial 6/10-12-20/10-12 AM 02.MTS,7202.180,25.0,Male,Wiggle,Courtship,Active wiggle,Female,2,,STOP
3803.636,D:/Pipefish Mesocosm Film/Trial 6/10-12-20/10-12 AM 02.MTS,7202.180,25.0,Male,Inactive,,,,,,START
3816.735,D:/Pipefish Mesocosm Film/Trial 6/10-12-20/10-12 AM 02.MTS,7202.180,25.0,Male,Inactive,,,,,,STOP
3816.736,D:/Pipefish Mesocosm Film/Trial 6/10-12-20/10-12 AM 02.MTS,7202.180,25.0,Male,Wiggle,Courtship,Active wiggle,Female,2,,START
3820.727,D:/Pipefish Mesocosm Film/Trial 6/10-12-20/10-12 AM 02.MTS,7202.180,25.0,Male,Wiggle,Courtship,Active wiggle,Female,2,,STOP
3820.728,D:/Pipefish Mesocosm Film/Trial 6/10-12-20/10-12 AM 02.MTS,7202.180,25.0,Male,Inactive,,,,,,START
3877.502,D:/Pipefish Mesocosm Film/Trial 6/10-12-20/10-12 AM 02.MTS,7202.180,25.0,Male,Inactive,,,,,,STOP
3877.503,D:/Pipefish Mesocosm Film/Trial 6/10-12-20/10-12 AM 02.MTS,7202.180,25.0,Male,Wiggle,Courtship,Active wiggle,Female,2,,START
3879.881,D:/Pipefish Mesocosm Film/Trial 6/10-12-20/10-12 AM 02.MTS,7202.180,25.0,Male,Wiggle,Courtship,Active wiggle,Female,2,,STOP
3879.882,D:/Pipefish Mesocosm Film/Trial 6/10-12-20/10-12 AM 02.MTS,7202.180,25.0,Male,Inactive,,,,,,START
3933.239,D:/Pipefish Mesocosm Film/Trial 6/10-12-20/10-12 AM 02.MTS,7202.180,25.0,Male,Inactive,,,,,,STOP
3933.240,D:/Pipefish Mesocosm Film/Trial 6/10-12-20/10-12 AM 02.MTS,7202.180,25.0,Male,Wiggle,Courtship,Active wiggle,Female,2,,START
3936.557,D:/Pipefish Mesocosm Film/Trial 6/10-12-20/10-12 AM 02.MTS,7202.180,25.0,Male,Wiggle,Courtship,Active wiggle,Female,2,,STOP
3936.558,D:/Pipefish Mesocosm Film/Trial 6/10-12-20/10-12 AM 02.MTS,7202.180,25.0,Male,Inactive,,,,,,START
3980.044,D:/Pipefish Mesocosm Film/Trial 6/10-12-20/10-12 AM 02.MTS,7202.180,25.0,Male,Inactive,,,,,,STOP
3980.045,D:/Pipefish Mesocosm Film/Trial 6/10-12-20/10-12 AM 02.MTS,7202.180,25.0,Male,Wiggle,Courtship,Active wiggle,Female,2,,START
3980.898,D:/Pipefish Mesocosm Film/Trial 6/10-12-20/10-12 AM 02.MTS,7202.180,25.0,Female,Inactive,,,,,,STOP
3980.899,D:/Pipefish Mesocosm Film/Trial 6/10-12-20/10-12 AM 02.MTS,7202.180,25.0,Female,Pose,,Non-s pose,Male,Front,,START
3982.702,D:/Pipefish Mesocosm Film/Trial 6/10-12-20/10-12 AM 02.MTS,7202.180,25.0,Male,Wiggle,Courtship,Active wiggle,Female,2,,STOP
3982.703,D:/Pipefish Mesocosm Film/Trial 6/10-12-20/10-12 AM 02.MTS,7202.180,25.0,Male,Inactive,,,,,,START
3985.175,D:/Pipefish Mesocosm Film/Trial 6/10-12-20/10-12 AM 02.MTS,7202.180,25.0,Female,Pose,,Non-s pose,Male,Front,,STOP
3985.176,D:/Pipefish Mesocosm Film/Trial 6/10-12-20/10-12 AM 02.MTS,7202.180,25.0,Female,Inactive,,,,,,START
3995.645,D:/Pipefish Mesocosm Film/Trial 6/10-12-20/10-12 AM 02.MTS,7202.180,25.0,Male,Inactive,,,,,,STOP
3995.646,D:/Pipefish Mesocosm Film/Trial 6/10-12-20/10-12 AM 02.MTS,7202.180,25.0,Male,Wiggle,Courtship,Active wiggle,Female,2,,START
3997.246,D:/Pipefish Mesocosm Film/Trial 6/10-12-20/10-12 AM 02.MTS,7202.180,25.0,Female,Inactive,,,,,,STOP
3997.247,D:/Pipefish Mesocosm Film/Trial 6/10-12-20/10-12 AM 02.MTS,7202.180,25.0,Female,Pose,,S pose,Male,Front,,START
3997.986,D:/Pipefish Mesocosm Film/Trial 6/10-12-20/10-12 AM 02.MTS,7202.180,25.0,Male,Wiggle,Courtship,Active wiggle,Female,2,,STOP
3997.987,D:/Pipefish Mesocosm Film/Trial 6/10-12-20/10-12 AM 02.MTS,7202.180,25.0,Male,Inactive,,,,,,START
4003.971,D:/Pipefish Mesocosm Film/Trial 6/10-12-20/10-12 AM 02.MTS,7202.180,25.0,Female,Pose,,S pose,Male,Front,,STOP
4003.972,D:/Pipefish Mesocosm Film/Trial 6/10-12-20/10-12 AM 02.MTS,7202.180,25.0,Female,Inactive,,,,,,START
4054.476,D:/Pipefish Mesocosm Film/Trial 6/10-12-20/10-12 AM 02.MTS,7202.180,25.0,Male,Inactive,,,,,,STOP
4054.477,D:/Pipefish Mesocosm Film/Trial 6/10-12-20/10-12 AM 02.MTS,7202.180,25.0,Male,Wiggle,Courtship,Active wiggle,Female,3,,START
4057.043,D:/Pipefish Mesocosm Film/Trial 6/10-12-20/10-12 AM 02.MTS,7202.180,25.0,Male,Wiggle,Courtship,Active wiggle,Female,3,,STOP
4057.044,D:/Pipefish Mesocosm Film/Trial 6/10-12-20/10-12 AM 02.MTS,7202.180,25.0,Male,Inactive,,,,,,START
4064.085,D:/Pipefish Mesocosm Film/Trial 6/10-12-20/10-12 AM 02.MTS,7202.180,25.0,Female,Inactive,,,,,,STOP
4064.086,D:/Pipefish Mesocosm Film/Trial 6/10-12-20/10-12 AM 02.MTS,7202.180,25.0,Female,Pose,,Non-s pose,Male,Front,,START
4068.627,D:/Pipefish Mesocosm Film/Trial 6/10-12-20/10-12 AM 02.MTS,7202.180,25.0,Female,Pose,,Non-s pose,Male,Front,,STOP
4068.628,D:/Pipefish Mesocosm Film/Trial 6/10-12-20/10-12 AM 02.MTS,7202.180,25.0,Female,Inactive,,,,,,START
4069.764,D:/Pipefish Mesocosm Film/Trial 6/10-12-20/10-12 AM 02.MTS,7202.180,25.0,Female,Inactive,,,,,,STOP
4069.765,D:/Pipefish Mesocosm Film/Trial 6/10-12-20/10-12 AM 02.MTS,7202.180,25.0,Female,Pose,,Non-s pose,Male,Front,,START
4074.605,D:/Pipefish Mesocosm Film/Trial 6/10-12-20/10-12 AM 02.MTS,7202.180,25.0,Female,Pose,,Non-s pose,Male,Front,,STOP
4074.606,D:/Pipefish Mesocosm Film/Trial 6/10-12-20/10-12 AM 02.MTS,7202.180,25.0,Female,Inactive,,,,,,START
4122.176,D:/Pipefish Mesocosm Film/Trial 6/10-12-20/10-12 AM 02.MTS,7202.180,25.0,Female,Inactive,,,,,,STOP
4122.177,D:/Pipefish Mesocosm Film/Trial 6/10-12-20/10-12 AM 02.MTS,7202.180,25.0,Female,Pose,,Non-s pose,Male,Front,,START
4123.885,D:/Pipefish Mesocosm Film/Trial 6/10-12-20/10-12 AM 02.MTS,7202.180,25.0,Male,Inactive,,,,,,STOP
4123.886,D:/Pipefish Mesocosm Film/Trial 6/10-12-20/10-12 AM 02.MTS,7202.180,25.0,Male,Wiggle,Courtship,Active wiggle,Female,2,,START
4124.925,D:/Pipefish Mesocosm Film/Trial 6/10-12-20/10-12 AM 02.MTS,7202.180,25.0,Female,Pose,,Non-s pose,Male,Front,,STOP
4124.926,D:/Pipefish Mesocosm Film/Trial 6/10-12-20/10-12 AM 02.MTS,7202.180,25.0,Female,Inactive,,,,,,START
4126.830,D:/Pipefish Mesocosm Film/Trial 6/10-12-20/10-12 AM 02.MTS,7202.180,25.0,Male,Wiggle,Courtship,Active wiggle,Female,2,,STOP
4126.831,D:/Pipefish Mesocosm Film/Trial 6/10-12-20/10-12 AM 02.MTS,7202.180,25.0,Male,Inactive,,,,,,START
4186.642,D:/Pipefish Mesocosm Film/Trial 6/10-12-20/10-12 AM 02.MTS,7202.180,25.0,Female,Inactive,,,,,,STOP
4186.642,D:/Pipefish Mesocosm Film/Trial 6/10-12-20/10-12 AM 02.MTS,7202.180,25.0,Male,Inactive,,,,,,STOP
4187.034,D:/Pipefish Mesocosm Film/Trial 6/10-12-20/10-12 AM 02.MTS,7202.180,25.0,,Stop,,,,,,POINT
4199.361,D:/Pipefish Mesocosm Film/Trial 6/10-12-20/10-12 AM 02.MTS,7202.180,25.0,,Start,,,,,,POINT
4199.361,D:/Pipefish Mesocosm Film/Trial 6/10-12-20/10-12 AM 02.MTS,7202.180,25.0,Male,Wiggle,Courtship,Active wiggle,Female,2,,START
4200.247,D:/Pipefish Mesocosm Film/Trial 6/10-12-20/10-12 AM 02.MTS,7202.180,25.0,Female,Inactive,,,,,,START
4202.302,D:/Pipefish Mesocosm Film/Trial 6/10-12-20/10-12 AM 02.MTS,7202.180,25.0,Male,Wiggle,Courtship,Active wiggle,Female,2,,STOP
4202.303,D:/Pipefish Mesocosm Film/Trial 6/10-12-20/10-12 AM 02.MTS,7202.180,25.0,Male,Inactive,,,,,,START
4203.262,D:/Pipefish Mesocosm Film/Trial 6/10-12-20/10-12 AM 02.MTS,7202.180,25.0,Female,Inactive,,,,,,STOP
4203.263,D:/Pipefish Mesocosm Film/Trial 6/10-12-20/10-12 AM 02.MTS,7202.180,25.0,Female,Pose,,S pose,Male,Front,,START
4205.159,D:/Pipefish Mesocosm Film/Trial 6/10-12-20/10-12 AM 02.MTS,7202.180,25.0,Female,Pose,,S pose,Male,Front,,STOP
4205.160,D:/Pipefish Mesocosm Film/Trial 6/10-12-20/10-12 AM 02.MTS,7202.180,25.0,Female,Inactive,,,,,,START
4267.252,D:/Pipefish Mesocosm Film/Trial 6/10-12-20/10-12 AM 02.MTS,7202.180,25.0,Female,Inactive,,,,,,STOP
4267.252,D:/Pipefish Mesocosm Film/Trial 6/10-12-20/10-12 AM 02.MTS,7202.180,25.0,Male,Inactive,,,,,,STOP
4267.780,D:/Pipefish Mesocosm Film/Trial 6/10-12-20/10-12 AM 02.MTS,7202.180,25.0,,Stop,,,,,,POINT
4283.955,D:/Pipefish Mesocosm Film/Trial 6/10-12-20/10-12 AM 02.MTS,7202.180,25.0,,Start,,,,,,POINT
4283.955,D:/Pipefish Mesocosm Film/Trial 6/10-12-20/10-12 AM 02.MTS,7202.180,25.0,Male,Wiggle,Courtship,Active wiggle,Female,2,,START
4284.248,D:/Pipefish Mesocosm Film/Trial 6/10-12-20/10-12 AM 02.MTS,7202.180,25.0,Female,Inactive,,,,,,START
4287.282,D:/Pipefish Mesocosm Film/Trial 6/10-12-20/10-12 AM 02.MTS,7202.180,25.0,Male,Wiggle,Courtship,Active wiggle,Female,2,,STOP
4287.283,D:/Pipefish Mesocosm Film/Trial 6/10-12-20/10-12 AM 02.MTS,7202.180,25.0,Male,Inactive,,,,,,START
4335.414,D:/Pipefish Mesocosm Film/Trial 6/10-12-20/10-12 AM 02.MTS,7202.180,25.0,Male,Inactive,,,,,,STOP
4335.415,D:/Pipefish Mesocosm Film/Trial 6/10-12-20/10-12 AM 02.MTS,7202.180,25.0,Male,Wiggle,Courtship,Active wiggle,Female,3,,START
4338.073,D:/Pipefish Mesocosm Film/Trial 6/10-12-20/10-12 AM 02.MTS,7202.180,25.0,Male,Wiggle,Courtship,Active wiggle,Female,3,,STOP
4338.074,D:/Pipefish Mesocosm Film/Trial 6/10-12-20/10-12 AM 02.MTS,7202.180,25.0,Male,Inactive,,,,,,START
4399.033,D:/Pipefish Mesocosm Film/Trial 6/10-12-20/10-12 AM 02.MTS,7202.180,25.0,Female,Inactive,,,,,,STOP
4399.033,D:/Pipefish Mesocosm Film/Trial 6/10-12-20/10-12 AM 02.MTS,7202.180,25.0,Male,Inactive,,,,,,STOP
4399.036,D:/Pipefish Mesocosm Film/Trial 6/10-12-20/10-12 AM 02.MTS,7202.180,25.0,,Stop,,,,,,POINT
4425.804,D:/Pipefish Mesocosm Film/Trial 6/10-12-20/10-12 AM 02.MTS,7202.180,25.0,,Start,,,,,,POINT
4425.804,D:/Pipefish Mesocosm Film/Trial 6/10-12-20/10-12 AM 02.MTS,7202.180,25.0,Male,Wiggle,Courtship,Active wiggle,Female,2,,START
4426.662,D:/Pipefish Mesocosm Film/Trial 6/10-12-20/10-12 AM 02.MTS,7202.180,25.0,Female,Inactive,,,,,,START
4429.505,D:/Pipefish Mesocosm Film/Trial 6/10-12-20/10-12 AM 02.MTS,7202.180,25.0,Male,Wiggle,Courtship,Active wiggle,Female,2,,STOP
4429.506,D:/Pipefish Mesocosm Film/Trial 6/10-12-20/10-12 AM 02.MTS,7202.180,25.0,Male,Inactive,,,,,,START
4460.555,D:/Pipefish Mesocosm Film/Trial 6/10-12-20/10-12 AM 02.MTS,7202.180,25.0,Male,Inactive,,,,,,STOP
4460.556,D:/Pipefish Mesocosm Film/Trial 6/10-12-20/10-12 AM 02.MTS,7202.180,25.0,Male,Wiggle,Courtship,Active wiggle,Female,2,,START
4463.306,D:/Pipefish Mesocosm Film/Trial 6/10-12-20/10-12 AM 02.MTS,7202.180,25.0,Male,Wiggle,Courtship,Active wiggle,Female,2,,STOP
4463.307,D:/Pipefish Mesocosm Film/Trial 6/10-12-20/10-12 AM 02.MTS,7202.180,25.0,Male,Inactive,,,,,,START
4506.132,D:/Pipefish Mesocosm Film/Trial 6/10-12-20/10-12 AM 02.MTS,7202.180,25.0,Male,Inactive,,,,,,STOP
4506.133,D:/Pipefish Mesocosm Film/Trial 6/10-12-20/10-12 AM 02.MTS,7202.180,25.0,Male,Wiggle,Courtship,Active wiggle,Female,2,,START
4510.016,D:/Pipefish Mesocosm Film/Trial 6/10-12-20/10-12 AM 02.MTS,7202.180,25.0,Male,Wiggle,Courtship,Active wiggle,Female,2,,STOP
4510.017,D:/Pipefish Mesocosm Film/Trial 6/10-12-20/10-12 AM 02.MTS,7202.180,25.0,Male,Inactive,,,,,,START
4556.448,D:/Pipefish Mesocosm Film/Trial 6/10-12-20/10-12 AM 02.MTS,7202.180,25.0,Male,Inactive,,,,,,STOP
4556.449,D:/Pipefish Mesocosm Film/Trial 6/10-12-20/10-12 AM 02.MTS,7202.180,25.0,Male,Wiggle,Courtship,Active wiggle,Female,2,,START
4559.107,D:/Pipefish Mesocosm Film/Trial 6/10-12-20/10-12 AM 02.MTS,7202.180,25.0,Male,Wiggle,Courtship,Active wiggle,Female,2,,STOP
4559.108,D:/Pipefish Mesocosm Film/Trial 6/10-12-20/10-12 AM 02.MTS,7202.180,25.0,Male,Inactive,,,,,,START
4619.494,D:/Pipefish Mesocosm Film/Trial 6/10-12-20/10-12 AM 02.MTS,7202.180,25.0,Male,Inactive,,,,,,STOP
4619.495,D:/Pipefish Mesocosm Film/Trial 6/10-12-20/10-12 AM 02.MTS,7202.180,25.0,Male,Wiggle,Courtship,Active wiggle,Female,3,,START
4625.470,D:/Pipefish Mesocosm Film/Trial 6/10-12-20/10-12 AM 02.MTS,7202.180,25.0,Male,Wiggle,Courtship,Active wiggle,Female,3,,STOP
4625.471,D:/Pipefish Mesocosm Film/Trial 6/10-12-20/10-12 AM 02.MTS,7202.180,25.0,Male,Inactive,,,,,,START
4659.650,D:/Pipefish Mesocosm Film/Trial 6/10-12-20/10-12 AM 02.MTS,7202.180,25.0,Male,Inactive,,,,,,STOP
4659.651,D:/Pipefish Mesocosm Film/Trial 6/10-12-20/10-12 AM 02.MTS,7202.180,25.0,Male,Wiggle,Courtship,Active wiggle,Female,2,,START
4667.057,D:/Pipefish Mesocosm Film/Trial 6/10-12-20/10-12 AM 02.MTS,7202.180,25.0,Male,Wiggle,Courtship,Active wiggle,Female,2,,STOP
4667.058,D:/Pipefish Mesocosm Film/Trial 6/10-12-20/10-12 AM 02.MTS,7202.180,25.0,Male,Inactive,,,,,,START
4669.428,D:/Pipefish Mesocosm Film/Trial 6/10-12-20/10-12 AM 02.MTS,7202.180,25.0,Female,Inactive,,,,,,STOP
4669.429,D:/Pipefish Mesocosm Film/Trial 6/10-12-20/10-12 AM 02.MTS,7202.180,25.0,Female,Pose,,S pose,Male,Front,,START
4676.274,D:/Pipefish Mesocosm Film/Trial 6/10-12-20/10-12 AM 02.MTS,7202.180,25.0,Female,Pose,,S pose,Male,Front,,STOP
4676.275,D:/Pipefish Mesocosm Film/Trial 6/10-12-20/10-12 AM 02.MTS,7202.180,25.0,Female,Inactive,,,,,,START
4683.674,D:/Pipefish Mesocosm Film/Trial 6/10-12-20/10-12 AM 02.MTS,7202.180,25.0,Male,Inactive,,,,,,STOP
4683.675,D:/Pipefish Mesocosm Film/Trial 6/10-12-20/10-12 AM 02.MTS,7202.180,25.0,Male,Wiggle,Courtship,Active wiggle,Female,2,,START
4685.667,D:/Pipefish Mesocosm Film/Trial 6/10-12-20/10-12 AM 02.MTS,7202.180,25.0,Male,Wiggle,Courtship,Active wiggle,Female,2,,STOP
4685.668,D:/Pipefish Mesocosm Film/Trial 6/10-12-20/10-12 AM 02.MTS,7202.180,25.0,Male,Inactive,,,,,,START
4745.962,D:/Pipefish Mesocosm Film/Trial 6/10-12-20/10-12 AM 02.MTS,7202.180,25.0,Female,Inactive,,,,,,STOP
4745.962,D:/Pipefish Mesocosm Film/Trial 6/10-12-20/10-12 AM 02.MTS,7202.180,25.0,Male,Inactive,,,,,,STOP
4746.479,D:/Pipefish Mesocosm Film/Trial 6/10-12-20/10-12 AM 02.MTS,7202.180,25.0,,Stop,,,,,,POINT
4766.471,D:/Pipefish Mesocosm Film/Trial 6/10-12-20/10-12 AM 02.MTS,7202.180,25.0,,Start,,,,,,POINT
4766.471,D:/Pipefish Mesocosm Film/Trial 6/10-12-20/10-12 AM 02.MTS,7202.180,25.0,Male,Wiggle,Courtship,Active wiggle,Female,2,,START
4766.756,D:/Pipefish Mesocosm Film/Trial 6/10-12-20/10-12 AM 02.MTS,7202.180,25.0,Female,Inactive,,,,,,START
4770.548,D:/Pipefish Mesocosm Film/Trial 6/10-12-20/10-12 AM 02.MTS,7202.180,25.0,Male,Wiggle,Courtship,Active wiggle,Female,2,,STOP
4770.549,D:/Pipefish Mesocosm Film/Trial 6/10-12-20/10-12 AM 02.MTS,7202.180,25.0,Male,Inactive,,,,,,START
4830.939,D:/Pipefish Mesocosm Film/Trial 6/10-12-20/10-12 AM 02.MTS,7202.180,25.0,Female,Inactive,,,,,,STOP
4830.939,D:/Pipefish Mesocosm Film/Trial 6/10-12-20/10-12 AM 02.MTS,7202.180,25.0,Male,Inactive,,,,,,STOP
4831.130,D:/Pipefish Mesocosm Film/Trial 6/10-12-20/10-12 AM 02.MTS,7202.180,25.0,,Stop,,,,,,POINT
4875.658,D:/Pipefish Mesocosm Film/Trial 6/10-12-20/10-12 AM 02.MTS,7202.180,25.0,,Start,,,,,,POINT
4875.658,D:/Pipefish Mesocosm Film/Trial 6/10-12-20/10-12 AM 02.MTS,7202.180,25.0,Female,Inactive,,,,,,START
4875.658,D:/Pipefish Mesocosm Film/Trial 6/10-12-20/10-12 AM 02.MTS,7202.180,25.0,Male,Wiggle,Courtship,Subtle wiggle,Female,3,,START
4880.504,D:/Pipefish Mesocosm Film/Trial 6/10-12-20/10-12 AM 02.MTS,7202.180,25.0,Male,Wiggle,Courtship,Subtle wiggle,Female,3,,STOP
4880.505,D:/Pipefish Mesocosm Film/Trial 6/10-12-20/10-12 AM 02.MTS,7202.180,25.0,Male,Inactive,,,,,,START
4901.958,D:/Pipefish Mesocosm Film/Trial 6/10-12-20/10-12 AM 02.MTS,7202.180,25.0,Male,Inactive,,,,,,STOP
4901.959,D:/Pipefish Mesocosm Film/Trial 6/10-12-20/10-12 AM 02.MTS,7202.180,25.0,Male,Wiggle,Courtship,Active wiggle,Female,4,,START
4904.333,D:/Pipefish Mesocosm Film/Trial 6/10-12-20/10-12 AM 02.MTS,7202.180,25.0,Male,Wiggle,Courtship,Active wiggle,Female,4,,STOP
4904.334,D:/Pipefish Mesocosm Film/Trial 6/10-12-20/10-12 AM 02.MTS,7202.180,25.0,Male,Inactive,,,,,,START
4931.443,D:/Pipefish Mesocosm Film/Trial 6/10-12-20/10-12 AM 02.MTS,7202.180,25.0,Female,Inactive,,,,,,STOP
4931.444,D:/Pipefish Mesocosm Film/Trial 6/10-12-20/10-12 AM 02.MTS,7202.180,25.0,Female,Pose,,S pose,Male,Front,,START
4939.082,D:/Pipefish Mesocosm Film/Trial 6/10-12-20/10-12 AM 02.MTS,7202.180,25.0,Female,Pose,,S pose,Male,Front,,STOP
4939.083,D:/Pipefish Mesocosm Film/Trial 6/10-12-20/10-12 AM 02.MTS,7202.180,25.0,Female,Inactive,,,,,,START
4999.657,D:/Pipefish Mesocosm Film/Trial 6/10-12-20/10-12 AM 02.MTS,7202.180,25.0,Female,Inactive,,,,,,STOP
4999.657,D:/Pipefish Mesocosm Film/Trial 6/10-12-20/10-12 AM 02.MTS,7202.180,25.0,Male,Inactive,,,,,,STOP
5000.278,D:/Pipefish Mesocosm Film/Trial 6/10-12-20/10-12 AM 02.MTS,7202.180,25.0,,Stop,,,,,,POINT
5027.761,D:/Pipefish Mesocosm Film/Trial 6/10-12-20/10-12 AM 02.MTS,7202.180,25.0,,Start,,,,,,POINT
5027.761,D:/Pipefish Mesocosm Film/Trial 6/10-12-20/10-12 AM 02.MTS,7202.180,25.0,Male,Wiggle,Courtship,Active wiggle,Female,2,,START
5028.046,D:/Pipefish Mesocosm Film/Trial 6/10-12-20/10-12 AM 02.MTS,7202.180,25.0,Female,Inactive,,,,,,START
5032.318,D:/Pipefish Mesocosm Film/Trial 6/10-12-20/10-12 AM 02.MTS,7202.180,25.0,Male,Wiggle,Courtship,Active wiggle,Female,2,,STOP
5032.319,D:/Pipefish Mesocosm Film/Trial 6/10-12-20/10-12 AM 02.MTS,7202.180,25.0,Male,Inactive,,,,,,START
5032.320,D:/Pipefish Mesocosm Film/Trial 6/10-12-20/10-12 AM 02.MTS,7202.180,25.0,Female,Inactive,,,,,,STOP
5032.321,D:/Pipefish Mesocosm Film/Trial 6/10-12-20/10-12 AM 02.MTS,7202.180,25.0,Female,Pose,,S pose,Male,Front,,START
5038.203,D:/Pipefish Mesocosm Film/Trial 6/10-12-20/10-12 AM 02.MTS,7202.180,25.0,Female,Pose,,S pose,Male,Front,,STOP
5038.204,D:/Pipefish Mesocosm Film/Trial 6/10-12-20/10-12 AM 02.MTS,7202.180,25.0,Female,Inactive,,,,,,START
5075.425,D:/Pipefish Mesocosm Film/Trial 6/10-12-20/10-12 AM 02.MTS,7202.180,25.0,Male,Inactive,,,,,,STOP
5075.426,D:/Pipefish Mesocosm Film/Trial 6/10-12-20/10-12 AM 02.MTS,7202.180,25.0,Male,Wiggle,Courtship,Active wiggle,Female,2,,START
5080.931,D:/Pipefish Mesocosm Film/Trial 6/10-12-20/10-12 AM 02.MTS,7202.180,25.0,Male,Wiggle,Courtship,Active wiggle,Female,2,,STOP
5080.932,D:/Pipefish Mesocosm Film/Trial 6/10-12-20/10-12 AM 02.MTS,7202.180,25.0,Male,Inactive,,,,,,START
5101.538,D:/Pipefish Mesocosm Film/Trial 6/10-12-20/10-12 AM 02.MTS,7202.180,25.0,Male,Inactive,,,,,,STOP
5101.539,D:/Pipefish Mesocosm Film/Trial 6/10-12-20/10-12 AM 02.MTS,7202.180,25.0,Male,Wiggle,Courtship,Active wiggle,Female,3,,START
5101.818,D:/Pipefish Mesocosm Film/Trial 6/10-12-20/10-12 AM 02.MTS,7202.180,25.0,Female,Inactive,,,,,,STOP
5101.819,D:/Pipefish Mesocosm Film/Trial 6/10-12-20/10-12 AM 02.MTS,7202.180,25.0,Female,Pose,,Flash,Male,Front,,START
5102.772,D:/Pipefish Mesocosm Film/Trial 6/10-12-20/10-12 AM 02.MTS,7202.180,25.0,Female,Pose,,Flash,Male,Front,,STOP
5102.773,D:/Pipefish Mesocosm Film/Trial 6/10-12-20/10-12 AM 02.MTS,7202.180,25.0,Female,Inactive,,,,,,START
5103.716,D:/Pipefish Mesocosm Film/Trial 6/10-12-20/10-12 AM 02.MTS,7202.180,25.0,Male,Wiggle,Courtship,Active wiggle,Female,3,,STOP
5103.717,D:/Pipefish Mesocosm Film/Trial 6/10-12-20/10-12 AM 02.MTS,7202.180,25.0,Male,Inactive,,,,,,START
5139.706,D:/Pipefish Mesocosm Film/Trial 6/10-12-20/10-12 AM 02.MTS,7202.180,25.0,Male,Inactive,,,,,,STOP
5139.707,D:/Pipefish Mesocosm Film/Trial 6/10-12-20/10-12 AM 02.MTS,7202.180,25.0,Male,Wiggle,Courtship,Active wiggle,Female,3,,START
5142.072,D:/Pipefish Mesocosm Film/Trial 6/10-12-20/10-12 AM 02.MTS,7202.180,25.0,Male,Wiggle,Courtship,Active wiggle,Female,3,,STOP
5142.073,D:/Pipefish Mesocosm Film/Trial 6/10-12-20/10-12 AM 02.MTS,7202.180,25.0,Male,Inactive,,,,,,START
5206.352,D:/Pipefish Mesocosm Film/Trial 6/10-12-20/10-12 AM 02.MTS,7202.180,25.0,Female,Inactive,,,,,,STOP
5206.352,D:/Pipefish Mesocosm Film/Trial 6/10-12-20/10-12 AM 02.MTS,7202.180,25.0,Male,Inactive,,,,,,STOP
5206.636,D:/Pipefish Mesocosm Film/Trial 6/10-12-20/10-12 AM 02.MTS,7202.180,25.0,,Stop,,,,,,POINT
5212.813,D:/Pipefish Mesocosm Film/Trial 6/10-12-20/10-12 AM 02.MTS,7202.180,25.0,,Start,,,,,,POINT
5212.813,D:/Pipefish Mesocosm Film/Trial 6/10-12-20/10-12 AM 02.MTS,7202.180,25.0,Female,Inactive,,,,,,START
5212.813,D:/Pipefish Mesocosm Film/Trial 6/10-12-20/10-12 AM 02.MTS,7202.180,25.0,Male,Wiggle,Courtship,Active wiggle,Female,2,,START
5215.848,D:/Pipefish Mesocosm Film/Trial 6/10-12-20/10-12 AM 02.MTS,7202.180,25.0,Male,Wiggle,Courtship,Active wiggle,Female,2,,STOP
5215.849,D:/Pipefish Mesocosm Film/Trial 6/10-12-20/10-12 AM 02.MTS,7202.180,25.0,Male,Inactive,,,,,,START
5240.728,D:/Pipefish Mesocosm Film/Trial 6/10-12-20/10-12 AM 02.MTS,7202.180,25.0,Female,Inactive,,,,,,STOP
5240.729,D:/Pipefish Mesocosm Film/Trial 6/10-12-20/10-12 AM 02.MTS,7202.180,25.0,Female,Wiggle,Courtship,Active wiggle,Male,4,,START
5243.573,D:/Pipefish Mesocosm Film/Trial 6/10-12-20/10-12 AM 02.MTS,7202.180,25.0,Female,Wiggle,Courtship,Active wiggle,Male,4,,STOP
5243.574,D:/Pipefish Mesocosm Film/Trial 6/10-12-20/10-12 AM 02.MTS,7202.180,25.0,Female,Inactive,,,,,,START
5304.911,D:/Pipefish Mesocosm Film/Trial 6/10-12-20/10-12 AM 02.MTS,7202.180,25.0,Male,Inactive,,,,,,STOP
5304.912,D:/Pipefish Mesocosm Film/Trial 6/10-12-20/10-12 AM 02.MTS,7202.180,25.0,Male,Wiggle,Courtship,Active wiggle,Female,3,,START
5308.323,D:/Pipefish Mesocosm Film/Trial 6/10-12-20/10-12 AM 02.MTS,7202.180,25.0,Male,Wiggle,Courtship,Active wiggle,Female,3,,STOP
5308.324,D:/Pipefish Mesocosm Film/Trial 6/10-12-20/10-12 AM 02.MTS,7202.180,25.0,Male,Inactive,,,,,,START
5356.749,D:/Pipefish Mesocosm Film/Trial 6/10-12-20/10-12 AM 02.MTS,7202.180,25.0,Female,Inactive,,,,,,STOP
5356.750,D:/Pipefish Mesocosm Film/Trial 6/10-12-20/10-12 AM 02.MTS,7202.180,25.0,Female,Pose,,Non-s pose,Male,Front,,START
5357.132,D:/Pipefish Mesocosm Film/Trial 6/10-12-20/10-12 AM 02.MTS,7202.180,25.0,Male,Inactive,,,,,,STOP
5357.133,D:/Pipefish Mesocosm Film/Trial 6/10-12-20/10-12 AM 02.MTS,7202.180,25.0,Male,Wiggle,Courtship,Active wiggle,Female,4,,START
5358.741,D:/Pipefish Mesocosm Film/Trial 6/10-12-20/10-12 AM 02.MTS,7202.180,25.0,Female,Pose,,Non-s pose,Male,Front,,STOP
5358.742,D:/Pipefish Mesocosm Film/Trial 6/10-12-20/10-12 AM 02.MTS,7202.180,25.0,Female,Inactive,,,,,,START
5359.216,D:/Pipefish Mesocosm Film/Trial 6/10-12-20/10-12 AM 02.MTS,7202.180,25.0,Male,Wiggle,Courtship,Active wiggle,Female,4,,STOP
5359.217,D:/Pipefish Mesocosm Film/Trial 6/10-12-20/10-12 AM 02.MTS,7202.180,25.0,Male,Surrounding,,,,,,START
5377.348,D:/Pipefish Mesocosm Film/Trial 6/10-12-20/10-12 AM 02.MTS,7202.180,25.0,Male,Surrounding,,,,,,STOP
5377.349,D:/Pipefish Mesocosm Film/Trial 6/10-12-20/10-12 AM 02.MTS,7202.180,25.0,Male,Wiggle,Courtship,Active wiggle,Female,2,,START
5379.531,D:/Pipefish Mesocosm Film/Trial 6/10-12-20/10-12 AM 02.MTS,7202.180,25.0,Male,Wiggle,Courtship,Active wiggle,Female,2,,STOP
5379.532,D:/Pipefish Mesocosm Film/Trial 6/10-12-20/10-12 AM 02.MTS,7202.180,25.0,Male,Inactive,,,,,,START
5380.765,D:/Pipefish Mesocosm Film/Trial 6/10-12-20/10-12 AM 02.MTS,7202.180,25.0,Female,Inactive,,,,,,STOP
5380.766,D:/Pipefish Mesocosm Film/Trial 6/10-12-20/10-12 AM 02.MTS,7202.180,25.0,Female,Pose,,Flash,Male,Front,,START
5383.614,D:/Pipefish Mesocosm Film/Trial 6/10-12-20/10-12 AM 02.MTS,7202.180,25.0,Female,Pose,,Flash,Male,Front,,STOP
5383.615,D:/Pipefish Mesocosm Film/Trial 6/10-12-20/10-12 AM 02.MTS,7202.180,25.0,Female,Inactive,,,,,,START
5444.758,D:/Pipefish Mesocosm Film/Trial 6/10-12-20/10-12 AM 02.MTS,7202.180,25.0,Female,Inactive,,,,,,STOP
5444.758,D:/Pipefish Mesocosm Film/Trial 6/10-12-20/10-12 AM 02.MTS,7202.180,25.0,Male,Inactive,,,,,,STOP
5444.760,D:/Pipefish Mesocosm Film/Trial 6/10-12-20/10-12 AM 02.MTS,7202.180,25.0,,Stop,,,,,,POINT
5556.795,D:/Pipefish Mesocosm Film/Trial 6/10-12-20/10-12 AM 02.MTS,7202.180,25.0,,Start,,,,,,POINT
5557.746,D:/Pipefish Mesocosm Film/Trial 6/10-12-20/10-12 AM 02.MTS,7202.180,25.0,Male,Wiggle,Courtship,Subtle wiggle,Female,3,,START
5558.224,D:/Pipefish Mesocosm Film/Trial 6/10-12-20/10-12 AM 02.MTS,7202.180,25.0,Female,Inactive,,,,,,START
5559.925,D:/Pipefish Mesocosm Film/Trial 6/10-12-20/10-12 AM 02.MTS,7202.180,25.0,Male,Wiggle,Courtship,Subtle wiggle,Female,3,,STOP
5559.926,D:/Pipefish Mesocosm Film/Trial 6/10-12-20/10-12 AM 02.MTS,7202.180,25.0,Male,Inactive,,,,,,START
5578.157,D:/Pipefish Mesocosm Film/Trial 6/10-12-20/10-12 AM 02.MTS,7202.180,25.0,Female,Inactive,,,,,,STOP
5578.158,D:/Pipefish Mesocosm Film/Trial 6/10-12-20/10-12 AM 02.MTS,7202.180,25.0,Female,Pose,,Non-s pose,Male,Front,,START
5580.819,D:/Pipefish Mesocosm Film/Trial 6/10-12-20/10-12 AM 02.MTS,7202.180,25.0,Male,Inactive,,,,,,STOP
5580.820,D:/Pipefish Mesocosm Film/Trial 6/10-12-20/10-12 AM 02.MTS,7202.180,25.0,Male,Wiggle,Courtship,Active wiggle,Female,2,,START
5581.195,D:/Pipefish Mesocosm Film/Trial 6/10-12-20/10-12 AM 02.MTS,7202.180,25.0,Female,Pose,,Non-s pose,Male,Front,,STOP
5581.196,D:/Pipefish Mesocosm Film/Trial 6/10-12-20/10-12 AM 02.MTS,7202.180,25.0,Female,Inactive,,,,,,START
5585.182,D:/Pipefish Mesocosm Film/Trial 6/10-12-20/10-12 AM 02.MTS,7202.180,25.0,Male,Wiggle,Courtship,Active wiggle,Female,2,,STOP
5585.183,D:/Pipefish Mesocosm Film/Trial 6/10-12-20/10-12 AM 02.MTS,7202.180,25.0,Male,Inactive,,,,,,START
5599.429,D:/Pipefish Mesocosm Film/Trial 6/10-12-20/10-12 AM 02.MTS,7202.180,25.0,Male,Inactive,,,,,,STOP
5599.430,D:/Pipefish Mesocosm Film/Trial 6/10-12-20/10-12 AM 02.MTS,7202.180,25.0,Male,Wiggle,Courtship,Subtle wiggle,Female,3,,START
5603.034,D:/Pipefish Mesocosm Film/Trial 6/10-12-20/10-12 AM 02.MTS,7202.180,25.0,Male,Wiggle,Courtship,Subtle wiggle,Female,3,,STOP
5603.035,D:/Pipefish Mesocosm Film/Trial 6/10-12-20/10-12 AM 02.MTS,7202.180,25.0,Male,Inactive,,,,,,START
5630.661,D:/Pipefish Mesocosm Film/Trial 6/10-12-20/10-12 AM 02.MTS,7202.180,25.0,Male,Inactive,,,,,,STOP
5630.662,D:/Pipefish Mesocosm Film/Trial 6/10-12-20/10-12 AM 02.MTS,7202.180,25.0,Male,Wiggle,Courtship,Active wiggle,Female,2,,START
5632.560,D:/Pipefish Mesocosm Film/Trial 6/10-12-20/10-12 AM 02.MTS,7202.180,25.0,Male,Wiggle,Courtship,Active wiggle,Female,2,,STOP
5632.561,D:/Pipefish Mesocosm Film/Trial 6/10-12-20/10-12 AM 02.MTS,7202.180,25.0,Male,Inactive,,,,,,START
5675.113,D:/Pipefish Mesocosm Film/Trial 6/10-12-20/10-12 AM 02.MTS,7202.180,25.0,Female,Inactive,,,,,,STOP
5675.114,D:/Pipefish Mesocosm Film/Trial 6/10-12-20/10-12 AM 02.MTS,7202.180,25.0,Female,Pose,,S pose,Male,Front,,START
5677.278,D:/Pipefish Mesocosm Film/Trial 6/10-12-20/10-12 AM 02.MTS,7202.180,25.0,Female,Pose,,S pose,Male,Front,,STOP
5677.279,D:/Pipefish Mesocosm Film/Trial 6/10-12-20/10-12 AM 02.MTS,7202.180,25.0,Female,Inactive,,,,,,START
5738.368,D:/Pipefish Mesocosm Film/Trial 6/10-12-20/10-12 AM 03.MTS,7202.180,25.0,Male,Inactive,,,,,,STOP
5738.369,D:/Pipefish Mesocosm Film/Trial 6/10-12-20/10-12 AM 03.MTS,7202.180,25.0,Male,Wiggle,Courtship,Active wiggle,Female,2,,START
5741.684,D:/Pipefish Mesocosm Film/Trial 6/10-12-20/10-12 AM 03.MTS,7202.180,25.0,Female,Inactive,,,,,,STOP
5741.685,D:/Pipefish Mesocosm Film/Trial 6/10-12-20/10-12 AM 03.MTS,7202.180,25.0,Female,Pose,,Non-s pose,Male,Front,,START
5742.351,D:/Pipefish Mesocosm Film/Trial 6/10-12-20/10-12 AM 03.MTS,7202.180,25.0,Male,Wiggle,Courtship,Active wiggle,Female,2,,STOP
5742.352,D:/Pipefish Mesocosm Film/Trial 6/10-12-20/10-12 AM 03.MTS,7202.180,25.0,Male,Inactive,,,,,,START
5743.966,D:/Pipefish Mesocosm Film/Trial 6/10-12-20/10-12 AM 03.MTS,7202.180,25.0,Female,Pose,,Non-s pose,Male,Front,,STOP
5743.967,D:/Pipefish Mesocosm Film/Trial 6/10-12-20/10-12 AM 03.MTS,7202.180,25.0,Female,Inactive,,,,,,START
5797.040,D:/Pipefish Mesocosm Film/Trial 6/10-12-20/10-12 AM 03.MTS,7202.180,25.0,Male,Inactive,,,,,,STOP
5797.041,D:/Pipefish Mesocosm Film/Trial 6/10-12-20/10-12 AM 03.MTS,7202.180,25.0,Male,Wiggle,Courtship,Active wiggle,Female,2,,START
5799.887,D:/Pipefish Mesocosm Film/Trial 6/10-12-20/10-12 AM 03.MTS,7202.180,25.0,Male,Wiggle,Courtship,Active wiggle,Female,2,,STOP
5799.888,D:/Pipefish Mesocosm Film/Trial 6/10-12-20/10-12 AM 03.MTS,7202.180,25.0,Male,Inactive,,,,,,START
5829.321,D:/Pipefish Mesocosm Film/Trial 6/10-12-20/10-12 AM 03.MTS,7202.180,25.0,Male,Inactive,,,,,,STOP
5829.322,D:/Pipefish Mesocosm Film/Trial 6/10-12-20/10-12 AM 03.MTS,7202.180,25.0,Male,Wiggle,Courtship,Active wiggle,Female,2,,START
5831.412,D:/Pipefish Mesocosm Film/Trial 6/10-12-20/10-12 AM 03.MTS,7202.180,25.0,Male,Wiggle,Courtship,Active wiggle,Female,2,,STOP
5831.413,D:/Pipefish Mesocosm Film/Trial 6/10-12-20/10-12 AM 03.MTS,7202.180,25.0,Male,Inactive,,,,,,START
5857.614,D:/Pipefish Mesocosm Film/Trial 6/10-12-20/10-12 AM 03.MTS,7202.180,25.0,Male,Inactive,,,,,,STOP
5857.615,D:/Pipefish Mesocosm Film/Trial 6/10-12-20/10-12 AM 03.MTS,7202.180,25.0,Male,Wiggle,Courtship,Active wiggle,Female,2,,START
5858.657,D:/Pipefish Mesocosm Film/Trial 6/10-12-20/10-12 AM 03.MTS,7202.180,25.0,Male,Wiggle,Courtship,Active wiggle,Female,2,,STOP
5858.658,D:/Pipefish Mesocosm Film/Trial 6/10-12-20/10-12 AM 03.MTS,7202.180,25.0,Male,Inactive,,,,,,START
5896.067,D:/Pipefish Mesocosm Film/Trial 6/10-12-20/10-12 AM 03.MTS,7202.180,25.0,Male,Inactive,,,,,,STOP
5896.068,D:/Pipefish Mesocosm Film/Trial 6/10-12-20/10-12 AM 03.MTS,7202.180,25.0,Male,Wiggle,Courtship,Active wiggle,Female,2,,START
5899.297,D:/Pipefish Mesocosm Film/Trial 6/10-12-20/10-12 AM 03.MTS,7202.180,25.0,Male,Wiggle,Courtship,Active wiggle,Female,2,,STOP
5899.298,D:/Pipefish Mesocosm Film/Trial 6/10-12-20/10-12 AM 03.MTS,7202.180,25.0,Male,Inactive,,,,,,START
5950.280,D:/Pipefish Mesocosm Film/Trial 6/10-12-20/10-12 AM 03.MTS,7202.180,25.0,Female,Inactive,,,,,,STOP
5950.281,D:/Pipefish Mesocosm Film/Trial 6/10-12-20/10-12 AM 03.MTS,7202.180,25.0,Female,Wiggle,Courtship,Active wiggle,Male,2,,START
5953.792,D:/Pipefish Mesocosm Film/Trial 6/10-12-20/10-12 AM 03.MTS,7202.180,25.0,Female,Wiggle,Courtship,Active wiggle,Male,2,,STOP
5953.793,D:/Pipefish Mesocosm Film/Trial 6/10-12-20/10-12 AM 03.MTS,7202.180,25.0,Female,Inactive,,,,,,START
5957.782,D:/Pipefish Mesocosm Film/Trial 6/10-12-20/10-12 AM 03.MTS,7202.180,25.0,Male,Inactive,,,,,,STOP
5957.783,D:/Pipefish Mesocosm Film/Trial 6/10-12-20/10-12 AM 03.MTS,7202.180,25.0,Male,Wiggle,Courtship,Active wiggle,Female,3,,START
5961.674,D:/Pipefish Mesocosm Film/Trial 6/10-12-20/10-12 AM 03.MTS,7202.180,25.0,Male,Wiggle,Courtship,Active wiggle,Female,3,,STOP
5961.675,D:/Pipefish Mesocosm Film/Trial 6/10-12-20/10-12 AM 03.MTS,7202.180,25.0,Male,Inactive,,,,,,START
6034.971,D:/Pipefish Mesocosm Film/Trial 6/10-12-20/10-12 AM 03.MTS,7202.180,25.0,Male,Inactive,,,,,,STOP
6034.972,D:/Pipefish Mesocosm Film/Trial 6/10-12-20/10-12 AM 03.MTS,7202.180,25.0,Male,Wiggle,Courtship,Subtle wiggle,Female,2,,START
6036.680,D:/Pipefish Mesocosm Film/Trial 6/10-12-20/10-12 AM 03.MTS,7202.180,25.0,Male,Wiggle,Courtship,Subtle wiggle,Female,2,,STOP
6036.681,D:/Pipefish Mesocosm Film/Trial 6/10-12-20/10-12 AM 03.MTS,7202.180,25.0,Male,Inactive,,,,,,START
6049.407,D:/Pipefish Mesocosm Film/Trial 6/10-12-20/10-12 AM 03.MTS,7202.180,25.0,Male,Inactive,,,,,,STOP
6049.408,D:/Pipefish Mesocosm Film/Trial 6/10-12-20/10-12 AM 03.MTS,7202.180,25.0,Male,Wiggle,Courtship,Active wiggle,Female,2,,START
6051.493,D:/Pipefish Mesocosm Film/Trial 6/10-12-20/10-12 AM 03.MTS,7202.180,25.0,Male,Wiggle,Courtship,Active wiggle,Female,2,,STOP
6051.494,D:/Pipefish Mesocosm Film/Trial 6/10-12-20/10-12 AM 03.MTS,7202.180,25.0,Male,Inactive,,,,,,START
6077.600,D:/Pipefish Mesocosm Film/Trial 6/10-12-20/10-12 AM 03.MTS,7202.180,25.0,Male,Inactive,,,,,,STOP
6077.601,D:/Pipefish Mesocosm Film/Trial 6/10-12-20/10-12 AM 03.MTS,7202.180,25.0,Male,Wiggle,Courtship,Active wiggle,Female,2,,START
6080.258,D:/Pipefish Mesocosm Film/Trial 6/10-12-20/10-12 AM 03.MTS,7202.180,25.0,Male,Wiggle,Courtship,Active wiggle,Female,2,,STOP
6080.259,D:/Pipefish Mesocosm Film/Trial 6/10-12-20/10-12 AM 03.MTS,7202.180,25.0,Male,Inactive,,,,,,START
6095.358,D:/Pipefish Mesocosm Film/Trial 6/10-12-20/10-12 AM 03.MTS,7202.180,25.0,Male,Inactive,,,,,,STOP
6095.359,D:/Pipefish Mesocosm Film/Trial 6/10-12-20/10-12 AM 03.MTS,7202.180,25.0,Male,Wiggle,Courtship,Active wiggle,Female,2,,START
6097.067,D:/Pipefish Mesocosm Film/Trial 6/10-12-20/10-12 AM 03.MTS,7202.180,25.0,Male,Wiggle,Courtship,Active wiggle,Female,2,,STOP
6097.068,D:/Pipefish Mesocosm Film/Trial 6/10-12-20/10-12 AM 03.MTS,7202.180,25.0,Male,Inactive,,,,,,START
6149.283,D:/Pipefish Mesocosm Film/Trial 6/10-12-20/10-12 AM 03.MTS,7202.180,25.0,Female,Inactive,,,,,,STOP
6149.284,D:/Pipefish Mesocosm Film/Trial 6/10-12-20/10-12 AM 03.MTS,7202.180,25.0,Female,Pose,,Non-s pose,Male,Front,,START
6149.400,D:/Pipefish Mesocosm Film/Trial 6/10-12-20/10-12 AM 03.MTS,7202.180,25.0,Male,Inactive,,,,,,STOP
6149.401,D:/Pipefish Mesocosm Film/Trial 6/10-12-20/10-12 AM 03.MTS,7202.180,25.0,Male,Wiggle,Courtship,Active wiggle,Female,2,,START
6152.038,D:/Pipefish Mesocosm Film/Trial 6/10-12-20/10-12 AM 03.MTS,7202.180,25.0,Female,Pose,,Non-s pose,Male,Front,,STOP
6152.039,D:/Pipefish Mesocosm Film/Trial 6/10-12-20/10-12 AM 03.MTS,7202.180,25.0,Female,Inactive,,,,,,START
6154.317,D:/Pipefish Mesocosm Film/Trial 6/10-12-20/10-12 AM 03.MTS,7202.180,25.0,Male,Wiggle,Courtship,Active wiggle,Female,2,,STOP
6154.318,D:/Pipefish Mesocosm Film/Trial 6/10-12-20/10-12 AM 03.MTS,7202.180,25.0,Male,Inactive,,,,,,START
6186.407,D:/Pipefish Mesocosm Film/Trial 6/10-12-20/10-12 AM 03.MTS,7202.180,25.0,Female,Inactive,,,,,,STOP
6186.408,D:/Pipefish Mesocosm Film/Trial 6/10-12-20/10-12 AM 03.MTS,7202.180,25.0,Female,Pose,,Non-s pose,Male,Front,,START
6189.920,D:/Pipefish Mesocosm Film/Trial 6/10-12-20/10-12 AM 03.MTS,7202.180,25.0,Female,Pose,,Non-s pose,Male,Front,,STOP
6189.921,D:/Pipefish Mesocosm Film/Trial 6/10-12-20/10-12 AM 03.MTS,7202.180,25.0,Female,Inactive,,,,,,START
6239.388,D:/Pipefish Mesocosm Film/Trial 6/10-12-20/10-12 AM 03.MTS,7202.180,25.0,Male,Inactive,,,,,,STOP
6239.389,D:/Pipefish Mesocosm Film/Trial 6/10-12-20/10-12 AM 03.MTS,7202.180,25.0,Male,Wiggle,Courtship,Active wiggle,Female,2,,START
6241.192,D:/Pipefish Mesocosm Film/Trial 6/10-12-20/10-12 AM 03.MTS,7202.180,25.0,Male,Wiggle,Courtship,Active wiggle,Female,2,,STOP
6241.193,D:/Pipefish Mesocosm Film/Trial 6/10-12-20/10-12 AM 03.MTS,7202.180,25.0,Male,Inactive,,,,,,START
6301.982,D:/Pipefish Mesocosm Film/Trial 6/10-12-20/10-12 AM 03.MTS,7202.180,25.0,Female,Inactive,,,,,,STOP
6301.982,D:/Pipefish Mesocosm Film/Trial 6/10-12-20/10-12 AM 03.MTS,7202.180,25.0,Male,Inactive,,,,,,STOP
6302.345,D:/Pipefish Mesocosm Film/Trial 6/10-12-20/10-12 AM 03.MTS,7202.180,25.0,,Stop,,,,,,POINT
6316.865,D:/Pipefish Mesocosm Film/Trial 6/10-12-20/10-12 AM 03.MTS,7202.180,25.0,,Start,,,,,,POINT
6316.865,D:/Pipefish Mesocosm Film/Trial 6/10-12-20/10-12 AM 03.MTS,7202.180,25.0,Female,Inactive,,,,,,START
6316.865,D:/Pipefish Mesocosm Film/Trial 6/10-12-20/10-12 AM 03.MTS,7202.180,25.0,Male,Wiggle,Courtship,Active wiggle,Female,2,,START
6321.515,D:/Pipefish Mesocosm Film/Trial 6/10-12-20/10-12 AM 03.MTS,7202.180,25.0,Male,Wiggle,Courtship,Active wiggle,Female,2,,STOP
6321.516,D:/Pipefish Mesocosm Film/Trial 6/10-12-20/10-12 AM 03.MTS,7202.180,25.0,Male,Inactive,,,,,,START
6375.067,D:/Pipefish Mesocosm Film/Trial 6/10-12-20/10-12 AM 03.MTS,7202.180,25.0,Male,Inactive,,,,,,STOP
6375.068,D:/Pipefish Mesocosm Film/Trial 6/10-12-20/10-12 AM 03.MTS,7202.180,25.0,Male,Surrounding,,,,,,START
6404.874,D:/Pipefish Mesocosm Film/Trial 6/10-12-20/10-12 AM 03.MTS,7202.180,25.0,Male,Surrounding,,,,,,STOP
6404.875,D:/Pipefish Mesocosm Film/Trial 6/10-12-20/10-12 AM 03.MTS,7202.180,25.0,Male,Inactive,,,,,,START
6465.073,D:/Pipefish Mesocosm Film/Trial 6/10-12-20/10-12 AM 03.MTS,7202.180,25.0,Female,Inactive,,,,,,STOP
6465.073,D:/Pipefish Mesocosm Film/Trial 6/10-12-20/10-12 AM 03.MTS,7202.180,25.0,Male,Inactive,,,,,,STOP
6465.076,D:/Pipefish Mesocosm Film/Trial 6/10-12-20/10-12 AM 03.MTS,7202.180,25.0,,Stop,,,,,,POINT
6534.669,D:/Pipefish Mesocosm Film/Trial 6/10-12-20/10-12 AM 03.MTS,7202.180,25.0,,Start,,,,,,POINT
6534.669,D:/Pipefish Mesocosm Film/Trial 6/10-12-20/10-12 AM 03.MTS,7202.180,25.0,Male,Wiggle,Courtship,Active wiggle,Female,3,,START
6539.988,D:/Pipefish Mesocosm Film/Trial 6/10-12-20/10-12 AM 03.MTS,7202.180,25.0,Female,Inactive,,,,,,START
6540.268,D:/Pipefish Mesocosm Film/Trial 6/10-12-20/10-12 AM 03.MTS,7202.180,25.0,Male,Wiggle,Courtship,Active wiggle,Female,3,,STOP
6540.269,D:/Pipefish Mesocosm Film/Trial 6/10-12-20/10-12 AM 03.MTS,7202.180,25.0,Male,Inactive,,,,,,START
6560.779,D:/Pipefish Mesocosm Film/Trial 6/10-12-20/10-12 AM 03.MTS,7202.180,25.0,Male,Inactive,,,,,,STOP
6560.780,D:/Pipefish Mesocosm Film/Trial 6/10-12-20/10-12 AM 03.MTS,7202.180,25.0,Male,Wiggle,Courtship,Active wiggle,Female,2,,START
6566.188,D:/Pipefish Mesocosm Film/Trial 6/10-12-20/10-12 AM 03.MTS,7202.180,25.0,Male,Wiggle,Courtship,Active wiggle,Female,2,,STOP
6566.189,D:/Pipefish Mesocosm Film/Trial 6/10-12-20/10-12 AM 03.MTS,7202.180,25.0,Male,Inactive,,,,,,START
6596.290,D:/Pipefish Mesocosm Film/Trial 6/10-12-20/10-12 AM 03.MTS,7202.180,25.0,Male,Inactive,,,,,,STOP
6596.291,D:/Pipefish Mesocosm Film/Trial 6/10-12-20/10-12 AM 03.MTS,7202.180,25.0,Male,Wiggle,Courtship,Active wiggle,Female,2,,START
6599.612,D:/Pipefish Mesocosm Film/Trial 6/10-12-20/10-12 AM 03.MTS,7202.180,25.0,Male,Wiggle,Courtship,Active wiggle,Female,2,,STOP
6599.613,D:/Pipefish Mesocosm Film/Trial 6/10-12-20/10-12 AM 03.MTS,7202.180,25.0,Male,Inactive,,,,,,START
6668.159,D:/Pipefish Mesocosm Film/Trial 6/10-12-20/10-12 AM 03.MTS,7202.180,25.0,Female,Inactive,,,,,,STOP
6668.160,D:/Pipefish Mesocosm Film/Trial 6/10-12-20/10-12 AM 03.MTS,7202.180,25.0,Female,Pose,,Non-s pose,Male,Front,,START
6679.744,D:/Pipefish Mesocosm Film/Trial 6/10-12-20/10-12 AM 03.MTS,7202.180,25.0,Female,Pose,,Non-s pose,Male,Front,,STOP
6679.745,D:/Pipefish Mesocosm Film/Trial 6/10-12-20/10-12 AM 03.MTS,7202.180,25.0,Female,Inactive,,,,,,START
6737.663,D:/Pipefish Mesocosm Film/Trial 6/10-12-20/10-12 AM 03.MTS,7202.180,25.0,Male,Inactive,,,,,,STOP
6737.664,D:/Pipefish Mesocosm Film/Trial 6/10-12-20/10-12 AM 03.MTS,7202.180,25.0,Male,Wiggle,Courtship,Active wiggle,Female,2,,START
6739.943,D:/Pipefish Mesocosm Film/Trial 6/10-12-20/10-12 AM 03.MTS,7202.180,25.0,Male,Wiggle,Courtship,Active wiggle,Female,2,,STOP
6739.944,D:/Pipefish Mesocosm Film/Trial 6/10-12-20/10-12 AM 03.MTS,7202.180,25.0,Male,Inactive,,,,,,START
6744.116,D:/Pipefish Mesocosm Film/Trial 6/10-12-20/10-12 AM 03.MTS,7202.180,25.0,Male,Inactive,,,,,,STOP
6744.117,D:/Pipefish Mesocosm Film/Trial 6/10-12-20/10-12 AM 03.MTS,7202.180,25.0,Male,Wiggle,Courtship,Active wiggle,Female,3,,START
6746.302,D:/Pipefish Mesocosm Film/Trial 6/10-12-20/10-12 AM 03.MTS,7202.180,25.0,Male,Wiggle,Courtship,Active wiggle,Female,3,,STOP
6746.303,D:/Pipefish Mesocosm Film/Trial 6/10-12-20/10-12 AM 03.MTS,7202.180,25.0,Male,Inactive,,,,,,START
6807.349,D:/Pipefish Mesocosm Film/Trial 6/10-12-20/10-12 AM 03.MTS,7202.180,25.0,Female,Inactive,,,,,,STOP
6807.349,D:/Pipefish Mesocosm Film/Trial 6/10-12-20/10-12 AM 03.MTS,7202.180,25.0,Male,Inactive,,,,,,STOP
6807.353,D:/Pipefish Mesocosm Film/Trial 6/10-12-20/10-12 AM 03.MTS,7202.180,25.0,,Stop,,,,,,POINT
6956.033,D:/Pipefish Mesocosm Film/Trial 6/10-12-20/10-12 AM 03.MTS,7202.180,25.0,,Start,,,,,,POINT
6956.033,D:/Pipefish Mesocosm Film/Trial 6/10-12-20/10-12 AM 03.MTS,7202.180,25.0,Male,Wiggle,Courtship,Active wiggle,Female,3,,START
6960.211,D:/Pipefish Mesocosm Film/Trial 6/10-12-20/10-12 AM 03.MTS,7202.180,25.0,Female,Inactive,,,,,,START
6960.211,D:/Pipefish Mesocosm Film/Trial 6/10-12-20/10-12 AM 03.MTS,7202.180,25.0,Male,Wiggle,Courtship,Active wiggle,Female,3,,STOP
6960.212,D:/Pipefish Mesocosm Film/Trial 6/10-12-20/10-12 AM 03.MTS,7202.180,25.0,Male,Inactive,,,,,,START
6985.370,D:/Pipefish Mesocosm Film/Trial 6/10-12-20/10-12 AM 03.MTS,7202.180,25.0,Female,Inactive,,,,,,STOP
6985.371,D:/Pipefish Mesocosm Film/Trial 6/10-12-20/10-12 AM 03.MTS,7202.180,25.0,Female,Pose,,Non-s pose,Male,Front,,START
6989.264,D:/Pipefish Mesocosm Film/Trial 6/10-12-20/10-12 AM 03.MTS,7202.180,25.0,Female,Pose,,Non-s pose,Male,Front,,STOP
6989.266,D:/Pipefish Mesocosm Film/Trial 6/10-12-20/10-12 AM 03.MTS,7202.180,25.0,Female,Inactive,,,,,,START
6989.271,D:/Pipefish Mesocosm Film/Trial 6/10-12-20/10-12 AM 03.MTS,7202.180,25.0,Male,Inactive,,,,,,STOP
6989.272,D:/Pipefish Mesocosm Film/Trial 6/10-12-20/10-12 AM 03.MTS,7202.180,25.0,Male,Wiggle,Courtship,Active wiggle,Female,2,,START
6992.680,D:/Pipefish Mesocosm Film/Trial 6/10-12-20/10-12 AM 03.MTS,7202.180,25.0,Male,Wiggle,Courtship,Active wiggle,Female,2,,STOP
6992.681,D:/Pipefish Mesocosm Film/Trial 6/10-12-20/10-12 AM 03.MTS,7202.180,25.0,Male,Inactive,,,,,,START
7109.370,D:/Pipefish Mesocosm Film/Trial 6/10-12-20/10-12 AM 03.MTS,7202.180,25.0,Male,Inactive,,,,,,STOP
7109.370,D:/Pipefish Mesocosm Film/Trial 6/10-12-20/10-12 AM 03.MTS,7202.180,25.0,Male,Wiggle,Courtship,Active wiggle,Female,2,,START
7113.262,D:/Pipefish Mesocosm Film/Trial 6/10-12-20/10-12 AM 03.MTS,7202.180,25.0,Male,Wiggle,Courtship,Active wiggle,Female,2,,STOP
7202.090,D:/Pipefish Mesocosm Film/Trial 6/10-12-20/10-12 AM 03.MTS,7202.180,25.0,Female,Inactive,,,,,,STOP
7202.092,D:/Pipefish Mesocosm Film/Trial 6/10-12-20/10-12 AM 03.MTS,7202.180,25.0,,Stop,,,,,,POINT
