Observation id,T702AM_01,,,,,,,,,,
,,,,,,,,,,,
Media file(s),,,,,,,,,,,
,,,,,,,,,,,
Player #1,D:/Pipefish Mesocosm Film/Trial 7/9-12-20/9-12 AM 01.MTS,,,,,,,,,,
Player #1,D:/Pipefish Mesocosm Film/Trial 7/9-12-20/9-12 AM 02.MTS,,,,,,,,,,
Player #1,D:/Pipefish Mesocosm Film/Trial 7/9-12-20/9-12 AM 03.MTS,,,,,,,,,,
,,,,,,,,,,,
Observation date,2021-12-14 09:01:23,,,,,,,,,,
,,,,,,,,,,,
Description,,,,,,,,,,,
,,,,,,,,,,,
Time offset (s),0.0,,,,,,,,,,
,,,,,,,,,,,
independent variables,,,,,,,,,,,
variable,value,,,,,,,,,,
Number in group,,,,,,,,,,,
Time of day,,,,,,,,,,,
,,,,,,,,,,,
Time,Media file path,Total length,FPS,Subject,Behavior,Behavioral category,Modifier 1,Modifier 2,Modifier 3,Comment,Status
2.413,D:/Pipefish Mesocosm Film/Trial 7/9-12-20/9-12 AM 01.MTS,7206.980,25.0,,Start,,,,,,POINT
2.698,D:/Pipefish Mesocosm Film/Trial 7/9-12-20/9-12 AM 01.MTS,7206.980,25.0,Female,Pose,,S pose,Male,Front,,START
4.692,D:/Pipefish Mesocosm Film/Trial 7/9-12-20/9-12 AM 01.MTS,7206.980,25.0,Male,Out of sight,,,,,,START
7.539,D:/Pipefish Mesocosm Film/Trial 7/9-12-20/9-12 AM 01.MTS,7206.980,25.0,Male,Out of sight,,,,,,STOP
7.540,D:/Pipefish Mesocosm Film/Trial 7/9-12-20/9-12 AM 01.MTS,7206.980,25.0,Male,Wiggle,Courtship,Active wiggle,Female,2,,START
8.299,D:/Pipefish Mesocosm Film/Trial 7/9-12-20/9-12 AM 01.MTS,7206.980,25.0,Female,Pose,,S pose,Male,Front,,STOP
8.300,D:/Pipefish Mesocosm Film/Trial 7/9-12-20/9-12 AM 01.MTS,7206.980,25.0,Female,Inactive,,,,,,START
17.318,D:/Pipefish Mesocosm Film/Trial 7/9-12-20/9-12 AM 01.MTS,7206.980,25.0,Male,Wiggle,Courtship,Active wiggle,Female,2,,STOP
17.319,D:/Pipefish Mesocosm Film/Trial 7/9-12-20/9-12 AM 01.MTS,7206.980,25.0,Male,Inactive,,,,,,START
38.584,D:/Pipefish Mesocosm Film/Trial 7/9-12-20/9-12 AM 01.MTS,7206.980,25.0,Male,Inactive,,,,,,STOP
38.585,D:/Pipefish Mesocosm Film/Trial 7/9-12-20/9-12 AM 01.MTS,7206.980,25.0,Male,Wiggle,Courtship,Active wiggle,Female,3,,START
41.339,D:/Pipefish Mesocosm Film/Trial 7/9-12-20/9-12 AM 01.MTS,7206.980,25.0,Male,Wiggle,Courtship,Active wiggle,Female,3,,STOP
41.340,D:/Pipefish Mesocosm Film/Trial 7/9-12-20/9-12 AM 01.MTS,7206.980,25.0,Male,Inactive,,,,,,START
80.360,D:/Pipefish Mesocosm Film/Trial 7/9-12-20/9-12 AM 01.MTS,7206.980,25.0,Female,Inactive,,,,,,STOP
80.361,D:/Pipefish Mesocosm Film/Trial 7/9-12-20/9-12 AM 01.MTS,7206.980,25.0,Female,Pose,,S pose,Female,Front,,START
84.063,D:/Pipefish Mesocosm Film/Trial 7/9-12-20/9-12 AM 01.MTS,7206.980,25.0,Female,Pose,,S pose,Female,Front,,STOP
84.064,D:/Pipefish Mesocosm Film/Trial 7/9-12-20/9-12 AM 01.MTS,7206.980,25.0,Female,Wiggle,Courtship,Active wiggle,Male,2,,START
84.064,D:/Pipefish Mesocosm Film/Trial 7/9-12-20/9-12 AM 01.MTS,7206.980,25.0,Male,Inactive,,,,,,STOP
84.065,D:/Pipefish Mesocosm Film/Trial 7/9-12-20/9-12 AM 01.MTS,7206.980,25.0,Male,Out of sight,,,,,,START
85.585,D:/Pipefish Mesocosm Film/Trial 7/9-12-20/9-12 AM 01.MTS,7206.980,25.0,Female,Wiggle,Courtship,Active wiggle,Male,2,,STOP
85.586,D:/Pipefish Mesocosm Film/Trial 7/9-12-20/9-12 AM 01.MTS,7206.980,25.0,Female,Pose,,S pose,Male,Front,,START
88.717,D:/Pipefish Mesocosm Film/Trial 7/9-12-20/9-12 AM 01.MTS,7206.980,25.0,Female,Pose,,S pose,Male,Front,,STOP
88.718,D:/Pipefish Mesocosm Film/Trial 7/9-12-20/9-12 AM 01.MTS,7206.980,25.0,Female,Inactive,,,,,,START
89.475,D:/Pipefish Mesocosm Film/Trial 7/9-12-20/9-12 AM 01.MTS,7206.980,25.0,Male,Out of sight,,,,,,STOP
89.476,D:/Pipefish Mesocosm Film/Trial 7/9-12-20/9-12 AM 01.MTS,7206.980,25.0,Male,Inactive,,,,,,START
93.938,D:/Pipefish Mesocosm Film/Trial 7/9-12-20/9-12 AM 01.MTS,7206.980,25.0,Male,Inactive,,,,,,STOP
93.939,D:/Pipefish Mesocosm Film/Trial 7/9-12-20/9-12 AM 01.MTS,7206.980,25.0,Male,Out of sight,,,,,,START
95.077,D:/Pipefish Mesocosm Film/Trial 7/9-12-20/9-12 AM 01.MTS,7206.980,25.0,Female,Inactive,,,,,,STOP
95.078,D:/Pipefish Mesocosm Film/Trial 7/9-12-20/9-12 AM 01.MTS,7206.980,25.0,Female,Out of sight,,,,,,START
102.579,D:/Pipefish Mesocosm Film/Trial 7/9-12-20/9-12 AM 01.MTS,7206.980,25.0,Female,Out of sight,,,,,,STOP
102.579,D:/Pipefish Mesocosm Film/Trial 7/9-12-20/9-12 AM 01.MTS,7206.980,25.0,Male,Out of sight,,,,,,STOP
103.147,D:/Pipefish Mesocosm Film/Trial 7/9-12-20/9-12 AM 01.MTS,7206.980,25.0,,Stop,,,,,,POINT
238.542,D:/Pipefish Mesocosm Film/Trial 7/9-12-20/9-12 AM 01.MTS,7206.980,25.0,,Start,,,,,,POINT
238.542,D:/Pipefish Mesocosm Film/Trial 7/9-12-20/9-12 AM 01.MTS,7206.980,25.0,Male,Wiggle,Courtship,Active wiggle,Female,2,,START
239.300,D:/Pipefish Mesocosm Film/Trial 7/9-12-20/9-12 AM 01.MTS,7206.980,25.0,Female,Pose,,S pose,Male,Front,,START
241.387,D:/Pipefish Mesocosm Film/Trial 7/9-12-20/9-12 AM 01.MTS,7206.980,25.0,Female,Pose,,S pose,Male,Front,,STOP
241.388,D:/Pipefish Mesocosm Film/Trial 7/9-12-20/9-12 AM 01.MTS,7206.980,25.0,Female,Inactive,,,,,,START
242.338,D:/Pipefish Mesocosm Film/Trial 7/9-12-20/9-12 AM 01.MTS,7206.980,25.0,Male,Wiggle,Courtship,Active wiggle,Female,2,,STOP
242.339,D:/Pipefish Mesocosm Film/Trial 7/9-12-20/9-12 AM 01.MTS,7206.980,25.0,Male,Inactive,,,,,,START
244.805,D:/Pipefish Mesocosm Film/Trial 7/9-12-20/9-12 AM 01.MTS,7206.980,25.0,Female,Inactive,,,,,,STOP
244.806,D:/Pipefish Mesocosm Film/Trial 7/9-12-20/9-12 AM 01.MTS,7206.980,25.0,Female,Out of sight,,,,,,START
249.932,D:/Pipefish Mesocosm Film/Trial 7/9-12-20/9-12 AM 01.MTS,7206.980,25.0,Female,Out of sight,,,,,,STOP
249.933,D:/Pipefish Mesocosm Film/Trial 7/9-12-20/9-12 AM 01.MTS,7206.980,25.0,Female,Inactive,,,,,,START
260.190,D:/Pipefish Mesocosm Film/Trial 7/9-12-20/9-12 AM 01.MTS,7206.980,25.0,Female,Inactive,,,,,,STOP
260.760,D:/Pipefish Mesocosm Film/Trial 7/9-12-20/9-12 AM 01.MTS,7206.980,25.0,Male,Inactive,,,,,,STOP
262.180,D:/Pipefish Mesocosm Film/Trial 7/9-12-20/9-12 AM 01.MTS,7206.980,25.0,,Stop,,,,,,POINT
285.539,D:/Pipefish Mesocosm Film/Trial 7/9-12-20/9-12 AM 01.MTS,7206.980,25.0,,Start,,,,,,POINT
285.539,D:/Pipefish Mesocosm Film/Trial 7/9-12-20/9-12 AM 01.MTS,7206.980,25.0,Male,Wiggle,Courtship,Active wiggle,Female,2,,START
286.204,D:/Pipefish Mesocosm Film/Trial 7/9-12-20/9-12 AM 01.MTS,7206.980,25.0,Female,Pose,,S pose,Male,Front,,START
291.804,D:/Pipefish Mesocosm Film/Trial 7/9-12-20/9-12 AM 01.MTS,7206.980,25.0,Female,Pose,,S pose,Male,Front,,STOP
291.805,D:/Pipefish Mesocosm Film/Trial 7/9-12-20/9-12 AM 01.MTS,7206.980,25.0,Female,Inactive,,,,,,START
293.132,D:/Pipefish Mesocosm Film/Trial 7/9-12-20/9-12 AM 01.MTS,7206.980,25.0,Male,Wiggle,Courtship,Active wiggle,Female,2,,STOP
293.133,D:/Pipefish Mesocosm Film/Trial 7/9-12-20/9-12 AM 01.MTS,7206.980,25.0,Male,Inactive,,,,,,START
303.483,D:/Pipefish Mesocosm Film/Trial 7/9-12-20/9-12 AM 01.MTS,7206.980,25.0,Female,Inactive,,,,,,STOP
303.484,D:/Pipefish Mesocosm Film/Trial 7/9-12-20/9-12 AM 01.MTS,7206.980,25.0,Female,Pose,,S pose,Male,Front,,START
304.242,D:/Pipefish Mesocosm Film/Trial 7/9-12-20/9-12 AM 01.MTS,7206.980,25.0,Male,Inactive,,,,,,STOP
304.243,D:/Pipefish Mesocosm Film/Trial 7/9-12-20/9-12 AM 01.MTS,7206.980,25.0,Male,Wiggle,Courtship,Active wiggle,Female,2,,START
309.559,D:/Pipefish Mesocosm Film/Trial 7/9-12-20/9-12 AM 01.MTS,7206.980,25.0,Female,Pose,,S pose,Male,Front,,STOP
309.560,D:/Pipefish Mesocosm Film/Trial 7/9-12-20/9-12 AM 01.MTS,7206.980,25.0,Female,Inactive,,,,,,START
309.846,D:/Pipefish Mesocosm Film/Trial 7/9-12-20/9-12 AM 01.MTS,7206.980,25.0,Male,Wiggle,Courtship,Active wiggle,Female,2,,STOP
309.847,D:/Pipefish Mesocosm Film/Trial 7/9-12-20/9-12 AM 01.MTS,7206.980,25.0,Male,Inactive,,,,,,START
314.686,D:/Pipefish Mesocosm Film/Trial 7/9-12-20/9-12 AM 01.MTS,7206.980,25.0,Female,Inactive,,,,,,STOP
314.687,D:/Pipefish Mesocosm Film/Trial 7/9-12-20/9-12 AM 01.MTS,7206.980,25.0,Female,Out of sight,,,,,,START
315.919,D:/Pipefish Mesocosm Film/Trial 7/9-12-20/9-12 AM 01.MTS,7206.980,25.0,Male,Inactive,,,,,,STOP
315.920,D:/Pipefish Mesocosm Film/Trial 7/9-12-20/9-12 AM 01.MTS,7206.980,25.0,Male,Out of sight,,,,,,START
329.402,D:/Pipefish Mesocosm Film/Trial 7/9-12-20/9-12 AM 01.MTS,7206.980,25.0,Male,Out of sight,,,,,,STOP
329.497,D:/Pipefish Mesocosm Film/Trial 7/9-12-20/9-12 AM 01.MTS,7206.980,25.0,Female,Out of sight,,,,,,STOP
329.892,D:/Pipefish Mesocosm Film/Trial 7/9-12-20/9-12 AM 01.MTS,7206.980,25.0,,Stop,,,,,,POINT
437.450,D:/Pipefish Mesocosm Film/Trial 7/9-12-20/9-12 AM 01.MTS,7206.980,25.0,,Start,,,,,,POINT
438.209,D:/Pipefish Mesocosm Film/Trial 7/9-12-20/9-12 AM 01.MTS,7206.980,25.0,Female,Pose,,S pose,Male,Front,,START
438.209,D:/Pipefish Mesocosm Film/Trial 7/9-12-20/9-12 AM 01.MTS,7206.980,25.0,Male,Inactive,,,,,,START
443.349,D:/Pipefish Mesocosm Film/Trial 7/9-12-20/9-12 AM 01.MTS,7206.980,25.0,Female,Pose,,S pose,Male,Front,,STOP
443.350,D:/Pipefish Mesocosm Film/Trial 7/9-12-20/9-12 AM 01.MTS,7206.980,25.0,Female,Inactive,,,,,,START
461.282,D:/Pipefish Mesocosm Film/Trial 7/9-12-20/9-12 AM 01.MTS,7206.980,25.0,Female,Inactive,,,,,,STOP
461.282,D:/Pipefish Mesocosm Film/Trial 7/9-12-20/9-12 AM 01.MTS,7206.980,25.0,Male,Inactive,,,,,,STOP
461.661,D:/Pipefish Mesocosm Film/Trial 7/9-12-20/9-12 AM 01.MTS,7206.980,25.0,,Stop,,,,,,POINT
573.507,D:/Pipefish Mesocosm Film/Trial 7/9-12-20/9-12 AM 01.MTS,7206.980,25.0,,Start,,,,,,POINT
573.507,D:/Pipefish Mesocosm Film/Trial 7/9-12-20/9-12 AM 01.MTS,7206.980,25.0,Female,Pose,,S pose,Male,Front,,START
574.741,D:/Pipefish Mesocosm Film/Trial 7/9-12-20/9-12 AM 01.MTS,7206.980,25.0,Male,Out of sight,,,,,,START
583.476,D:/Pipefish Mesocosm Film/Trial 7/9-12-20/9-12 AM 01.MTS,7206.980,25.0,Male,Out of sight,,,,,,STOP
583.477,D:/Pipefish Mesocosm Film/Trial 7/9-12-20/9-12 AM 01.MTS,7206.980,25.0,Male,Inactive,,,,,,START
584.329,D:/Pipefish Mesocosm Film/Trial 7/9-12-20/9-12 AM 01.MTS,7206.980,25.0,Female,Pose,,S pose,Male,Front,,STOP
584.330,D:/Pipefish Mesocosm Film/Trial 7/9-12-20/9-12 AM 01.MTS,7206.980,25.0,Female,Inactive,,,,,,START
644.526,D:/Pipefish Mesocosm Film/Trial 7/9-12-20/9-12 AM 01.MTS,7206.980,25.0,Female,Inactive,,,,,,STOP
644.526,D:/Pipefish Mesocosm Film/Trial 7/9-12-20/9-12 AM 01.MTS,7206.980,25.0,Male,Inactive,,,,,,STOP
645.096,D:/Pipefish Mesocosm Film/Trial 7/9-12-20/9-12 AM 01.MTS,7206.980,25.0,,Stop,,,,,,POINT
841.442,D:/Pipefish Mesocosm Film/Trial 7/9-12-20/9-12 AM 01.MTS,7206.980,25.0,,Start,,,,,,POINT
841.442,D:/Pipefish Mesocosm Film/Trial 7/9-12-20/9-12 AM 01.MTS,7206.980,25.0,Female,Pose,,S pose,Male,Front,,START
842.866,D:/Pipefish Mesocosm Film/Trial 7/9-12-20/9-12 AM 01.MTS,7206.980,25.0,Male,Surrounding,,,,,,START
844.857,D:/Pipefish Mesocosm Film/Trial 7/9-12-20/9-12 AM 01.MTS,7206.980,25.0,Female,Pose,,S pose,Male,Front,,STOP
844.858,D:/Pipefish Mesocosm Film/Trial 7/9-12-20/9-12 AM 01.MTS,7206.980,25.0,Female,Inactive,,,,,,START
868.500,D:/Pipefish Mesocosm Film/Trial 7/9-12-20/9-12 AM 01.MTS,7206.980,25.0,Female,Inactive,,,,,,STOP
868.501,D:/Pipefish Mesocosm Film/Trial 7/9-12-20/9-12 AM 01.MTS,7206.980,25.0,Female,Out of sight,,,,,,START
872.108,D:/Pipefish Mesocosm Film/Trial 7/9-12-20/9-12 AM 01.MTS,7206.980,25.0,Male,Surrounding,,,,,,STOP
872.109,D:/Pipefish Mesocosm Film/Trial 7/9-12-20/9-12 AM 01.MTS,7206.980,25.0,Male,Out of sight,,,,,,START
877.330,D:/Pipefish Mesocosm Film/Trial 7/9-12-20/9-12 AM 01.MTS,7206.980,25.0,Female,Out of sight,,,,,,STOP
877.331,D:/Pipefish Mesocosm Film/Trial 7/9-12-20/9-12 AM 01.MTS,7206.980,25.0,Female,Inactive,,,,,,START
881.319,D:/Pipefish Mesocosm Film/Trial 7/9-12-20/9-12 AM 01.MTS,7206.980,25.0,Male,Out of sight,,,,,,STOP
881.320,D:/Pipefish Mesocosm Film/Trial 7/9-12-20/9-12 AM 01.MTS,7206.980,25.0,Male,Wiggle,Courtship,Active wiggle,Female,2,,START
885.117,D:/Pipefish Mesocosm Film/Trial 7/9-12-20/9-12 AM 01.MTS,7206.980,25.0,Male,Wiggle,Courtship,Active wiggle,Female,2,,STOP
885.118,D:/Pipefish Mesocosm Film/Trial 7/9-12-20/9-12 AM 01.MTS,7206.980,25.0,Male,Inactive,,,,,,START
891.382,D:/Pipefish Mesocosm Film/Trial 7/9-12-20/9-12 AM 01.MTS,7206.980,25.0,Female,Inactive,,,,,,STOP
891.383,D:/Pipefish Mesocosm Film/Trial 7/9-12-20/9-12 AM 01.MTS,7206.980,25.0,Female,Out of sight,,,,,,START
895.653,D:/Pipefish Mesocosm Film/Trial 7/9-12-20/9-12 AM 01.MTS,7206.980,25.0,Female,Out of sight,,,,,,STOP
895.654,D:/Pipefish Mesocosm Film/Trial 7/9-12-20/9-12 AM 01.MTS,7206.980,25.0,Female,Inactive,,,,,,START
900.779,D:/Pipefish Mesocosm Film/Trial 7/9-12-20/9-12 AM 01.MTS,7206.980,25.0,Female,Inactive,,,,,,STOP
900.780,D:/Pipefish Mesocosm Film/Trial 7/9-12-20/9-12 AM 01.MTS,7206.980,25.0,Female,Pose,,S pose,Male,Front,,START
903.438,D:/Pipefish Mesocosm Film/Trial 7/9-12-20/9-12 AM 01.MTS,7206.980,25.0,Female,Pose,,S pose,Male,Front,,STOP
903.439,D:/Pipefish Mesocosm Film/Trial 7/9-12-20/9-12 AM 01.MTS,7206.980,25.0,Female,Inactive,,,,,,START
955.470,D:/Pipefish Mesocosm Film/Trial 7/9-12-20/9-12 AM 01.MTS,7206.980,25.0,Male,Inactive,,,,,,STOP
955.471,D:/Pipefish Mesocosm Film/Trial 7/9-12-20/9-12 AM 01.MTS,7206.980,25.0,Male,Wiggle,Courtship,Active wiggle,Female,2,,START
955.945,D:/Pipefish Mesocosm Film/Trial 7/9-12-20/9-12 AM 01.MTS,7206.980,25.0,Female,Inactive,,,,,,STOP
955.946,D:/Pipefish Mesocosm Film/Trial 7/9-12-20/9-12 AM 01.MTS,7206.980,25.0,Female,Pose,,S pose,Male,Front,,START
958.982,D:/Pipefish Mesocosm Film/Trial 7/9-12-20/9-12 AM 01.MTS,7206.980,25.0,Male,Wiggle,Courtship,Active wiggle,Female,2,,STOP
958.983,D:/Pipefish Mesocosm Film/Trial 7/9-12-20/9-12 AM 01.MTS,7206.980,25.0,Male,Inactive,,,,,,START
960.976,D:/Pipefish Mesocosm Film/Trial 7/9-12-20/9-12 AM 01.MTS,7206.980,25.0,Female,Pose,,S pose,Male,Front,,STOP
960.977,D:/Pipefish Mesocosm Film/Trial 7/9-12-20/9-12 AM 01.MTS,7206.980,25.0,Female,Inactive,,,,,,START
962.972,D:/Pipefish Mesocosm Film/Trial 7/9-12-20/9-12 AM 01.MTS,7206.980,25.0,Female,Inactive,,,,,,STOP
962.973,D:/Pipefish Mesocosm Film/Trial 7/9-12-20/9-12 AM 01.MTS,7206.980,25.0,Female,Pose,,S pose,Male,Front,,START
971.421,D:/Pipefish Mesocosm Film/Trial 7/9-12-20/9-12 AM 01.MTS,7206.980,25.0,Female,Pose,,S pose,Male,Front,,STOP
971.422,D:/Pipefish Mesocosm Film/Trial 7/9-12-20/9-12 AM 01.MTS,7206.980,25.0,Female,Out of sight,,,,,,START
975.124,D:/Pipefish Mesocosm Film/Trial 7/9-12-20/9-12 AM 01.MTS,7206.980,25.0,Male,Inactive,,,,,,STOP
975.125,D:/Pipefish Mesocosm Film/Trial 7/9-12-20/9-12 AM 01.MTS,7206.980,25.0,Male,Out of sight,,,,,,START
989.365,D:/Pipefish Mesocosm Film/Trial 7/9-12-20/9-12 AM 01.MTS,7206.980,25.0,Female,Out of sight,,,,,,STOP
989.365,D:/Pipefish Mesocosm Film/Trial 7/9-12-20/9-12 AM 01.MTS,7206.980,25.0,Male,Out of sight,,,,,,STOP
990.314,D:/Pipefish Mesocosm Film/Trial 7/9-12-20/9-12 AM 01.MTS,7206.980,25.0,,Stop,,,,,,POINT
997.529,D:/Pipefish Mesocosm Film/Trial 7/9-12-20/9-12 AM 01.MTS,7206.980,25.0,,Start,,,,,,POINT
997.531,D:/Pipefish Mesocosm Film/Trial 7/9-12-20/9-12 AM 01.MTS,7206.980,25.0,Male,Wiggle,Courtship,Active wiggle,Female,2,,START
998.196,D:/Pipefish Mesocosm Film/Trial 7/9-12-20/9-12 AM 01.MTS,7206.980,25.0,Female,Inactive,,,,,,START
1001.517,D:/Pipefish Mesocosm Film/Trial 7/9-12-20/9-12 AM 01.MTS,7206.980,25.0,Male,Wiggle,Courtship,Active wiggle,Female,2,,STOP
1001.518,D:/Pipefish Mesocosm Film/Trial 7/9-12-20/9-12 AM 01.MTS,7206.980,25.0,Male,Inactive,,,,,,START
1002.372,D:/Pipefish Mesocosm Film/Trial 7/9-12-20/9-12 AM 01.MTS,7206.980,25.0,Female,Inactive,,,,,,STOP
1002.373,D:/Pipefish Mesocosm Film/Trial 7/9-12-20/9-12 AM 01.MTS,7206.980,25.0,Female,Pose,,S pose,Male,Front,,START
1004.083,D:/Pipefish Mesocosm Film/Trial 7/9-12-20/9-12 AM 01.MTS,7206.980,25.0,Male,Inactive,,,,,,STOP
1004.084,D:/Pipefish Mesocosm Film/Trial 7/9-12-20/9-12 AM 01.MTS,7206.980,25.0,Male,Wiggle,Courtship,Active wiggle,Female,2,,START
1013.100,D:/Pipefish Mesocosm Film/Trial 7/9-12-20/9-12 AM 01.MTS,7206.980,25.0,Male,Wiggle,Courtship,Active wiggle,Female,2,,STOP
1013.101,D:/Pipefish Mesocosm Film/Trial 7/9-12-20/9-12 AM 01.MTS,7206.980,25.0,Male,Inactive,,,,,,START
1018.135,D:/Pipefish Mesocosm Film/Trial 7/9-12-20/9-12 AM 01.MTS,7206.980,25.0,Female,Pose,,S pose,Male,Front,,STOP
1018.136,D:/Pipefish Mesocosm Film/Trial 7/9-12-20/9-12 AM 01.MTS,7206.980,25.0,Female,Inactive,,,,,,START
1033.896,D:/Pipefish Mesocosm Film/Trial 7/9-12-20/9-12 AM 01.MTS,7206.980,25.0,Female,Inactive,,,,,,STOP
1033.896,D:/Pipefish Mesocosm Film/Trial 7/9-12-20/9-12 AM 01.MTS,7206.980,25.0,Male,Inactive,,,,,,STOP
1034.466,D:/Pipefish Mesocosm Film/Trial 7/9-12-20/9-12 AM 01.MTS,7206.980,25.0,,Stop,,,,,,POINT
1047.093,D:/Pipefish Mesocosm Film/Trial 7/9-12-20/9-12 AM 01.MTS,7206.980,25.0,,Start,,,,,,POINT
1047.093,D:/Pipefish Mesocosm Film/Trial 7/9-12-20/9-12 AM 01.MTS,7206.980,25.0,Male,Wiggle,Courtship,Active wiggle,Female,2,,START
1048.040,D:/Pipefish Mesocosm Film/Trial 7/9-12-20/9-12 AM 01.MTS,7206.980,25.0,Female,Inactive,,,,,,START
1050.271,D:/Pipefish Mesocosm Film/Trial 7/9-12-20/9-12 AM 01.MTS,7206.980,25.0,Male,Wiggle,Courtship,Active wiggle,Female,2,,STOP
1050.272,D:/Pipefish Mesocosm Film/Trial 7/9-12-20/9-12 AM 01.MTS,7206.980,25.0,Male,Inactive,,,,,,START
1058.009,D:/Pipefish Mesocosm Film/Trial 7/9-12-20/9-12 AM 01.MTS,7206.980,25.0,Male,Inactive,,,,,,STOP
1058.010,D:/Pipefish Mesocosm Film/Trial 7/9-12-20/9-12 AM 01.MTS,7206.980,25.0,Male,Wiggle,Courtship,Active wiggle,Female,3,,START
1061.713,D:/Pipefish Mesocosm Film/Trial 7/9-12-20/9-12 AM 01.MTS,7206.980,25.0,Male,Wiggle,Courtship,Active wiggle,Female,3,,STOP
1061.714,D:/Pipefish Mesocosm Film/Trial 7/9-12-20/9-12 AM 01.MTS,7206.980,25.0,Male,Inactive,,,,,,START
1062.947,D:/Pipefish Mesocosm Film/Trial 7/9-12-20/9-12 AM 01.MTS,7206.980,25.0,Female,Inactive,,,,,,STOP
1062.948,D:/Pipefish Mesocosm Film/Trial 7/9-12-20/9-12 AM 01.MTS,7206.980,25.0,Female,Out of sight,,,,,,START
1065.984,D:/Pipefish Mesocosm Film/Trial 7/9-12-20/9-12 AM 01.MTS,7206.980,25.0,Male,Inactive,,,,,,STOP
1065.985,D:/Pipefish Mesocosm Film/Trial 7/9-12-20/9-12 AM 01.MTS,7206.980,25.0,Male,Out of sight,,,,,,START
1072.347,D:/Pipefish Mesocosm Film/Trial 7/9-12-20/9-12 AM 01.MTS,7206.980,25.0,Female,Out of sight,,,,,,STOP
1072.348,D:/Pipefish Mesocosm Film/Trial 7/9-12-20/9-12 AM 01.MTS,7206.980,25.0,Female,Inactive,,,,,,START
1073.389,D:/Pipefish Mesocosm Film/Trial 7/9-12-20/9-12 AM 01.MTS,7206.980,25.0,Male,Out of sight,,,,,,STOP
1073.390,D:/Pipefish Mesocosm Film/Trial 7/9-12-20/9-12 AM 01.MTS,7206.980,25.0,Male,Inactive,,,,,,START
1088.012,D:/Pipefish Mesocosm Film/Trial 7/9-12-20/9-12 AM 01.MTS,7206.980,25.0,Female,Inactive,,,,,,STOP
1088.013,D:/Pipefish Mesocosm Film/Trial 7/9-12-20/9-12 AM 01.MTS,7206.980,25.0,Female,Pose,,S pose,Male,Front,,START
1089.722,D:/Pipefish Mesocosm Film/Trial 7/9-12-20/9-12 AM 01.MTS,7206.980,25.0,Male,Inactive,,,,,,STOP
1089.723,D:/Pipefish Mesocosm Film/Trial 7/9-12-20/9-12 AM 01.MTS,7206.980,25.0,Male,Wiggle,Courtship,Active wiggle,Female,2,,START
1100.070,D:/Pipefish Mesocosm Film/Trial 7/9-12-20/9-12 AM 01.MTS,7206.980,25.0,Male,Wiggle,Courtship,Active wiggle,Female,2,,STOP
1100.071,D:/Pipefish Mesocosm Film/Trial 7/9-12-20/9-12 AM 01.MTS,7206.980,25.0,Male,Inactive,,,,,,START
1119.154,D:/Pipefish Mesocosm Film/Trial 7/9-12-20/9-12 AM 01.MTS,7206.980,25.0,Male,Inactive,,,,,,STOP
1119.155,D:/Pipefish Mesocosm Film/Trial 7/9-12-20/9-12 AM 01.MTS,7206.980,25.0,Male,Wiggle,Courtship,Active wiggle,Female,2,,START
1123.712,D:/Pipefish Mesocosm Film/Trial 7/9-12-20/9-12 AM 01.MTS,7206.980,25.0,Male,Wiggle,Courtship,Active wiggle,Female,2,,STOP
1123.713,D:/Pipefish Mesocosm Film/Trial 7/9-12-20/9-12 AM 01.MTS,7206.980,25.0,Male,Inactive,,,,,,START
1126.274,D:/Pipefish Mesocosm Film/Trial 7/9-12-20/9-12 AM 01.MTS,7206.980,25.0,Male,Inactive,,,,,,STOP
1126.275,D:/Pipefish Mesocosm Film/Trial 7/9-12-20/9-12 AM 01.MTS,7206.980,25.0,Male,Wiggle,Courtship,Active wiggle,Female,2,,START
1128.174,D:/Pipefish Mesocosm Film/Trial 7/9-12-20/9-12 AM 01.MTS,7206.980,25.0,Female,Pose,,S pose,Male,Front,,STOP
1128.175,D:/Pipefish Mesocosm Film/Trial 7/9-12-20/9-12 AM 01.MTS,7206.980,25.0,Female,Inactive,,,,,,START
1132.731,D:/Pipefish Mesocosm Film/Trial 7/9-12-20/9-12 AM 01.MTS,7206.980,25.0,Male,Wiggle,Courtship,Active wiggle,Female,2,,STOP
1132.732,D:/Pipefish Mesocosm Film/Trial 7/9-12-20/9-12 AM 01.MTS,7206.980,25.0,Male,Inactive,,,,,,START
1148.492,D:/Pipefish Mesocosm Film/Trial 7/9-12-20/9-12 AM 01.MTS,7206.980,25.0,Female,Inactive,,,,,,STOP
1148.493,D:/Pipefish Mesocosm Film/Trial 7/9-12-20/9-12 AM 01.MTS,7206.980,25.0,Female,Out of sight,,,,,,START
1149.252,D:/Pipefish Mesocosm Film/Trial 7/9-12-20/9-12 AM 01.MTS,7206.980,25.0,Male,Inactive,,,,,,STOP
1149.253,D:/Pipefish Mesocosm Film/Trial 7/9-12-20/9-12 AM 01.MTS,7206.980,25.0,Male,Out of sight,,,,,,START
1153.905,D:/Pipefish Mesocosm Film/Trial 7/9-12-20/9-12 AM 01.MTS,7206.980,25.0,Female,Out of sight,,,,,,STOP
1153.906,D:/Pipefish Mesocosm Film/Trial 7/9-12-20/9-12 AM 01.MTS,7206.980,25.0,Female,Inactive,,,,,,START
1166.057,D:/Pipefish Mesocosm Film/Trial 7/9-12-20/9-12 AM 01.MTS,7206.980,25.0,Male,Out of sight,,,,,,STOP
1166.058,D:/Pipefish Mesocosm Film/Trial 7/9-12-20/9-12 AM 01.MTS,7206.980,25.0,Male,Wiggle,Courtship,Active wiggle,Female,3,,START
1173.369,D:/Pipefish Mesocosm Film/Trial 7/9-12-20/9-12 AM 01.MTS,7206.980,25.0,Male,Wiggle,Courtship,Active wiggle,Female,3,,STOP
1173.370,D:/Pipefish Mesocosm Film/Trial 7/9-12-20/9-12 AM 01.MTS,7206.980,25.0,Male,Inactive,,,,,,START
1181.251,D:/Pipefish Mesocosm Film/Trial 7/9-12-20/9-12 AM 01.MTS,7206.980,25.0,Male,Inactive,,,,,,STOP
1181.252,D:/Pipefish Mesocosm Film/Trial 7/9-12-20/9-12 AM 01.MTS,7206.980,25.0,Male,Wiggle,Courtship,Active wiggle,Female,2,,START
1183.432,D:/Pipefish Mesocosm Film/Trial 7/9-12-20/9-12 AM 01.MTS,7206.980,25.0,Male,Wiggle,Courtship,Active wiggle,Female,2,,STOP
1183.433,D:/Pipefish Mesocosm Film/Trial 7/9-12-20/9-12 AM 01.MTS,7206.980,25.0,Male,Inactive,,,,,,START
1186.755,D:/Pipefish Mesocosm Film/Trial 7/9-12-20/9-12 AM 01.MTS,7206.980,25.0,Male,Inactive,,,,,,STOP
1186.756,D:/Pipefish Mesocosm Film/Trial 7/9-12-20/9-12 AM 01.MTS,7206.980,25.0,Male,Wiggle,Courtship,Active wiggle,Female,2,,START
1188.844,D:/Pipefish Mesocosm Film/Trial 7/9-12-20/9-12 AM 01.MTS,7206.980,25.0,Male,Wiggle,Courtship,Active wiggle,Female,2,,STOP
1188.845,D:/Pipefish Mesocosm Film/Trial 7/9-12-20/9-12 AM 01.MTS,7206.980,25.0,Male,Inactive,,,,,,START
1201.661,D:/Pipefish Mesocosm Film/Trial 7/9-12-20/9-12 AM 01.MTS,7206.980,25.0,Male,Inactive,,,,,,STOP
1201.662,D:/Pipefish Mesocosm Film/Trial 7/9-12-20/9-12 AM 01.MTS,7206.980,25.0,Male,Wiggle,Courtship,Active wiggle,Female,2,,START
1211.537,D:/Pipefish Mesocosm Film/Trial 7/9-12-20/9-12 AM 01.MTS,7206.980,25.0,Male,Wiggle,Courtship,Active wiggle,Female,2,,STOP
1211.538,D:/Pipefish Mesocosm Film/Trial 7/9-12-20/9-12 AM 01.MTS,7206.980,25.0,Male,Inactive,,,,,,START
1216.097,D:/Pipefish Mesocosm Film/Trial 7/9-12-20/9-12 AM 01.MTS,7206.980,25.0,Female,Inactive,,,,,,STOP
1216.098,D:/Pipefish Mesocosm Film/Trial 7/9-12-20/9-12 AM 01.MTS,7206.980,25.0,Female,Out of sight,,,,,,START
1218.847,D:/Pipefish Mesocosm Film/Trial 7/9-12-20/9-12 AM 01.MTS,7206.980,25.0,Male,Inactive,,,,,,STOP
1218.848,D:/Pipefish Mesocosm Film/Trial 7/9-12-20/9-12 AM 01.MTS,7206.980,25.0,Male,Out of sight,,,,,,START
1229.387,D:/Pipefish Mesocosm Film/Trial 7/9-12-20/9-12 AM 01.MTS,7206.980,25.0,Male,Out of sight,,,,,,STOP
1229.956,D:/Pipefish Mesocosm Film/Trial 7/9-12-20/9-12 AM 01.MTS,7206.980,25.0,Female,Out of sight,,,,,,STOP
1230.525,D:/Pipefish Mesocosm Film/Trial 7/9-12-20/9-12 AM 01.MTS,7206.980,25.0,,Stop,,,,,,POINT
1238.121,D:/Pipefish Mesocosm Film/Trial 7/9-12-20/9-12 AM 01.MTS,7206.980,25.0,,Start,,,,,,POINT
1238.121,D:/Pipefish Mesocosm Film/Trial 7/9-12-20/9-12 AM 01.MTS,7206.980,25.0,Male,Wiggle,Courtship,Active wiggle,Female,2,,START
1239.450,D:/Pipefish Mesocosm Film/Trial 7/9-12-20/9-12 AM 01.MTS,7206.980,25.0,Female,Inactive,,,,,,START
1241.348,D:/Pipefish Mesocosm Film/Trial 7/9-12-20/9-12 AM 01.MTS,7206.980,25.0,Female,Inactive,,,,,,STOP
1241.349,D:/Pipefish Mesocosm Film/Trial 7/9-12-20/9-12 AM 01.MTS,7206.980,25.0,Female,Pose,,S pose,Male,Front,,START
1246.760,D:/Pipefish Mesocosm Film/Trial 7/9-12-20/9-12 AM 01.MTS,7206.980,25.0,Female,Pose,,S pose,Male,Front,,STOP
1246.761,D:/Pipefish Mesocosm Film/Trial 7/9-12-20/9-12 AM 01.MTS,7206.980,25.0,Female,Inactive,,,,,,START
1250.559,D:/Pipefish Mesocosm Film/Trial 7/9-12-20/9-12 AM 01.MTS,7206.980,25.0,Male,Wiggle,Courtship,Active wiggle,Female,2,,STOP
1250.560,D:/Pipefish Mesocosm Film/Trial 7/9-12-20/9-12 AM 01.MTS,7206.980,25.0,Male,Inactive,,,,,,START
1267.175,D:/Pipefish Mesocosm Film/Trial 7/9-12-20/9-12 AM 01.MTS,7206.980,25.0,Male,Inactive,,,,,,STOP
1267.176,D:/Pipefish Mesocosm Film/Trial 7/9-12-20/9-12 AM 01.MTS,7206.980,25.0,Male,Wiggle,Courtship,Active wiggle,Female,2,,START
1272.396,D:/Pipefish Mesocosm Film/Trial 7/9-12-20/9-12 AM 01.MTS,7206.980,25.0,Male,Wiggle,Courtship,Active wiggle,Female,2,,STOP
1272.397,D:/Pipefish Mesocosm Film/Trial 7/9-12-20/9-12 AM 01.MTS,7206.980,25.0,Male,Inactive,,,,,,START
1280.658,D:/Pipefish Mesocosm Film/Trial 7/9-12-20/9-12 AM 01.MTS,7206.980,25.0,Male,Inactive,,,,,,STOP
1280.659,D:/Pipefish Mesocosm Film/Trial 7/9-12-20/9-12 AM 01.MTS,7206.980,25.0,Male,Wiggle,Courtship,Active wiggle,Female,2,,START
1283.028,D:/Pipefish Mesocosm Film/Trial 7/9-12-20/9-12 AM 01.MTS,7206.980,25.0,Male,Wiggle,Courtship,Active wiggle,Female,2,,STOP
1283.029,D:/Pipefish Mesocosm Film/Trial 7/9-12-20/9-12 AM 01.MTS,7206.980,25.0,Male,Inactive,,,,,,START
1284.929,D:/Pipefish Mesocosm Film/Trial 7/9-12-20/9-12 AM 01.MTS,7206.980,25.0,Female,Inactive,,,,,,STOP
1284.930,D:/Pipefish Mesocosm Film/Trial 7/9-12-20/9-12 AM 01.MTS,7206.980,25.0,Female,Pose,,S pose,Male,Front,,START
1288.825,D:/Pipefish Mesocosm Film/Trial 7/9-12-20/9-12 AM 01.MTS,7206.980,25.0,Male,Inactive,,,,,,STOP
1288.826,D:/Pipefish Mesocosm Film/Trial 7/9-12-20/9-12 AM 01.MTS,7206.980,25.0,Male,Wiggle,Courtship,Active wiggle,Female,2,,START
1300.309,D:/Pipefish Mesocosm Film/Trial 7/9-12-20/9-12 AM 01.MTS,7206.980,25.0,Male,Wiggle,Courtship,Active wiggle,Female,2,,STOP
1300.310,D:/Pipefish Mesocosm Film/Trial 7/9-12-20/9-12 AM 01.MTS,7206.980,25.0,Male,Inactive,,,,,,START
1309.138,D:/Pipefish Mesocosm Film/Trial 7/9-12-20/9-12 AM 01.MTS,7206.980,25.0,Female,Pose,,S pose,Male,Front,,STOP
1309.139,D:/Pipefish Mesocosm Film/Trial 7/9-12-20/9-12 AM 01.MTS,7206.980,25.0,Female,Inactive,,,,,,START
1311.418,D:/Pipefish Mesocosm Film/Trial 7/9-12-20/9-12 AM 01.MTS,7206.980,25.0,Male,Inactive,,,,,,STOP
1311.419,D:/Pipefish Mesocosm Film/Trial 7/9-12-20/9-12 AM 01.MTS,7206.980,25.0,Male,Wiggle,Courtship,Active wiggle,Female,2,,START
1314.268,D:/Pipefish Mesocosm Film/Trial 7/9-12-20/9-12 AM 01.MTS,7206.980,25.0,Male,Wiggle,Courtship,Active wiggle,Female,2,,STOP
1314.269,D:/Pipefish Mesocosm Film/Trial 7/9-12-20/9-12 AM 01.MTS,7206.980,25.0,Male,Inactive,,,,,,START
1330.218,D:/Pipefish Mesocosm Film/Trial 7/9-12-20/9-12 AM 01.MTS,7206.980,25.0,Male,Inactive,,,,,,STOP
1330.219,D:/Pipefish Mesocosm Film/Trial 7/9-12-20/9-12 AM 01.MTS,7206.980,25.0,Male,Out of sight,,,,,,START
1331.356,D:/Pipefish Mesocosm Film/Trial 7/9-12-20/9-12 AM 01.MTS,7206.980,25.0,Female,Inactive,,,,,,STOP
1331.357,D:/Pipefish Mesocosm Film/Trial 7/9-12-20/9-12 AM 01.MTS,7206.980,25.0,Female,Out of sight,,,,,,START
1341.704,D:/Pipefish Mesocosm Film/Trial 7/9-12-20/9-12 AM 01.MTS,7206.980,25.0,Male,Out of sight,,,,,,STOP
1341.705,D:/Pipefish Mesocosm Film/Trial 7/9-12-20/9-12 AM 01.MTS,7206.980,25.0,Male,Inactive,,,,,,START
1342.275,D:/Pipefish Mesocosm Film/Trial 7/9-12-20/9-12 AM 01.MTS,7206.980,25.0,Female,Out of sight,,,,,,STOP
1342.276,D:/Pipefish Mesocosm Film/Trial 7/9-12-20/9-12 AM 01.MTS,7206.980,25.0,Female,Pose,,S pose,Male,Front,,START
1343.321,D:/Pipefish Mesocosm Film/Trial 7/9-12-20/9-12 AM 01.MTS,7206.980,25.0,Male,Inactive,,,,,,STOP
1343.322,D:/Pipefish Mesocosm Film/Trial 7/9-12-20/9-12 AM 01.MTS,7206.980,25.0,Male,Wiggle,Courtship,Active wiggle,Female,2,,START
1345.503,D:/Pipefish Mesocosm Film/Trial 7/9-12-20/9-12 AM 01.MTS,7206.980,25.0,Female,Pose,,S pose,Male,Front,,STOP
1345.504,D:/Pipefish Mesocosm Film/Trial 7/9-12-20/9-12 AM 01.MTS,7206.980,25.0,Female,Out of sight,,,,,,START
1349.587,D:/Pipefish Mesocosm Film/Trial 7/9-12-20/9-12 AM 01.MTS,7206.980,25.0,Male,Wiggle,Courtship,Active wiggle,Female,2,,STOP
1349.588,D:/Pipefish Mesocosm Film/Trial 7/9-12-20/9-12 AM 01.MTS,7206.980,25.0,Male,Inactive,,,,,,START
1355.189,D:/Pipefish Mesocosm Film/Trial 7/9-12-20/9-12 AM 01.MTS,7206.980,25.0,Male,Inactive,,,,,,STOP
1355.190,D:/Pipefish Mesocosm Film/Trial 7/9-12-20/9-12 AM 01.MTS,7206.980,25.0,Male,Out of sight,,,,,,START
1366.298,D:/Pipefish Mesocosm Film/Trial 7/9-12-20/9-12 AM 01.MTS,7206.980,25.0,Female,Out of sight,,,,,,STOP
1366.298,D:/Pipefish Mesocosm Film/Trial 7/9-12-20/9-12 AM 01.MTS,7206.980,25.0,Male,Out of sight,,,,,,STOP
1366.868,D:/Pipefish Mesocosm Film/Trial 7/9-12-20/9-12 AM 01.MTS,7206.980,25.0,,Stop,,,,,,POINT
