Observation id,T703AM1,,,,,,,,,,
,,,,,,,,,,,
Media file(s),,,,,,,,,,,
,,,,,,,,,,,
Player #1,D:/Pipefish Mesocosm Film/Trial 7/10-12-20/10-12 AM 01.MTS,,,,,,,,,,
,,,,,,,,,,,
Observation date,2021-06-25 10:28:25,,,,,,,,,,
,,,,,,,,,,,
Description,"Video T703 AM01, three short courtship events ",,,,,,,,,,
,,,,,,,,,,,
Time offset (s),0.0,,,,,,,,,,
,,,,,,,,,,,
independent variables,,,,,,,,,,,
variable,value,,,,,,,,,,
Number in group,,,,,,,,,,,
Time of day,,,,,,,,,,,
,,,,,,,,,,,
Time,Media file path,Total length,FPS,Subject,Behavior,Behavioral category,Modifier 1,Modifier 2,Modifier 3,Comment,Status
1551.161,D:/Pipefish Mesocosm Film/Trial 7/10-12-20/10-12 AM 01.MTS,2833.460,25.0,,Start,,,,,,POINT
1551.349,D:/Pipefish Mesocosm Film/Trial 7/10-12-20/10-12 AM 01.MTS,2833.460,25.0,Male,Wiggle,Courtship,Active wiggle,Female,2,,START
1551.445,D:/Pipefish Mesocosm Film/Trial 7/10-12-20/10-12 AM 01.MTS,2833.460,25.0,Female,Inactive,,,,,,START
1555.621,D:/Pipefish Mesocosm Film/Trial 7/10-12-20/10-12 AM 01.MTS,2833.460,25.0,Male,Wiggle,Courtship,Active wiggle,Female,2,,STOP
1555.622,D:/Pipefish Mesocosm Film/Trial 7/10-12-20/10-12 AM 01.MTS,2833.460,25.0,Male,Inactive,,,,,,START
1556.572,D:/Pipefish Mesocosm Film/Trial 7/10-12-20/10-12 AM 01.MTS,2833.460,25.0,Female,Inactive,,,,,,STOP
1556.573,D:/Pipefish Mesocosm Film/Trial 7/10-12-20/10-12 AM 01.MTS,2833.460,25.0,Female,Wiggle,Courtship,Active wiggle,Male,2,,START
1569.959,D:/Pipefish Mesocosm Film/Trial 7/10-12-20/10-12 AM 01.MTS,2833.460,25.0,Female,Wiggle,Courtship,Active wiggle,Male,2,,STOP
1569.960,D:/Pipefish Mesocosm Film/Trial 7/10-12-20/10-12 AM 01.MTS,2833.460,25.0,Female,Inactive,,,,,,START
1601.861,D:/Pipefish Mesocosm Film/Trial 7/10-12-20/10-12 AM 01.MTS,2833.460,25.0,Male,Inactive,,,,,,STOP
1602.430,D:/Pipefish Mesocosm Film/Trial 7/10-12-20/10-12 AM 01.MTS,2833.460,25.0,Female,Inactive,,,,,,STOP
1606.135,D:/Pipefish Mesocosm Film/Trial 7/10-12-20/10-12 AM 01.MTS,2833.460,25.0,,Stop,,,,,,POINT
1798.683,D:/Pipefish Mesocosm Film/Trial 7/10-12-20/10-12 AM 01.MTS,2833.460,25.0,,Start,,,,,,POINT
1798.684,D:/Pipefish Mesocosm Film/Trial 7/10-12-20/10-12 AM 01.MTS,2833.460,25.0,Female,Wiggle,Courtship,Active wiggle,Male,2,,START
1800.107,D:/Pipefish Mesocosm Film/Trial 7/10-12-20/10-12 AM 01.MTS,2833.460,25.0,Male,Inactive,,,,,,START
1805.896,D:/Pipefish Mesocosm Film/Trial 7/10-12-20/10-12 AM 01.MTS,2833.460,25.0,Female,Wiggle,Courtship,Active wiggle,Male,2,,STOP
1805.897,D:/Pipefish Mesocosm Film/Trial 7/10-12-20/10-12 AM 01.MTS,2833.460,25.0,Female,Pose,,Non-s pose,Male,Front,,START
1808.840,D:/Pipefish Mesocosm Film/Trial 7/10-12-20/10-12 AM 01.MTS,2833.460,25.0,Female,Pose,,Non-s pose,Male,Front,,STOP
1808.841,D:/Pipefish Mesocosm Film/Trial 7/10-12-20/10-12 AM 01.MTS,2833.460,25.0,Female,Inactive,,,,,,START
1810.550,D:/Pipefish Mesocosm Film/Trial 7/10-12-20/10-12 AM 01.MTS,2833.460,25.0,Female,Inactive,,,,,,STOP
1810.551,D:/Pipefish Mesocosm Film/Trial 7/10-12-20/10-12 AM 01.MTS,2833.460,25.0,Female,Swim away,,,,,,START
1811.216,D:/Pipefish Mesocosm Film/Trial 7/10-12-20/10-12 AM 01.MTS,2833.460,25.0,Male,Follow,,,,,,POINT
1817.289,D:/Pipefish Mesocosm Film/Trial 7/10-12-20/10-12 AM 01.MTS,2833.460,25.0,Female,Swim away,,,,,,STOP
1817.290,D:/Pipefish Mesocosm Film/Trial 7/10-12-20/10-12 AM 01.MTS,2833.460,25.0,Female,Pose,,S pose,Male,Front,,START
1817.575,D:/Pipefish Mesocosm Film/Trial 7/10-12-20/10-12 AM 01.MTS,2833.460,25.0,Male,Inactive,,,,,,STOP
1817.576,D:/Pipefish Mesocosm Film/Trial 7/10-12-20/10-12 AM 01.MTS,2833.460,25.0,Male,Swim away,,,,,,START
1820.804,D:/Pipefish Mesocosm Film/Trial 7/10-12-20/10-12 AM 01.MTS,2833.460,25.0,Female,Pose,,S pose,Male,Front,,STOP
1820.805,D:/Pipefish Mesocosm Film/Trial 7/10-12-20/10-12 AM 01.MTS,2833.460,25.0,Female,Inactive,,,,,,START
1824.413,D:/Pipefish Mesocosm Film/Trial 7/10-12-20/10-12 AM 01.MTS,2833.460,25.0,Male,Swim away,,,,,,STOP
1824.414,D:/Pipefish Mesocosm Film/Trial 7/10-12-20/10-12 AM 01.MTS,2833.460,25.0,Male,Inactive,,,,,,START
1856.123,D:/Pipefish Mesocosm Film/Trial 7/10-12-20/10-12 AM 01.MTS,2833.460,25.0,Female,Inactive,,,,,,STOP
1856.123,D:/Pipefish Mesocosm Film/Trial 7/10-12-20/10-12 AM 01.MTS,2833.460,25.0,Male,Inactive,,,,,,STOP
1856.125,D:/Pipefish Mesocosm Film/Trial 7/10-12-20/10-12 AM 01.MTS,2833.460,25.0,,Stop,,,,,,POINT
1940.244,D:/Pipefish Mesocosm Film/Trial 7/10-12-20/10-12 AM 01.MTS,2833.460,25.0,,Start,,,,,,POINT
1943.188,D:/Pipefish Mesocosm Film/Trial 7/10-12-20/10-12 AM 01.MTS,2833.460,25.0,Male,Wiggle,Courtship,Active wiggle,Female,2,,START
1943.949,D:/Pipefish Mesocosm Film/Trial 7/10-12-20/10-12 AM 01.MTS,2833.460,25.0,Female,Pose,,S pose,Male,Front,,START
1947.365,D:/Pipefish Mesocosm Film/Trial 7/10-12-20/10-12 AM 01.MTS,2833.460,25.0,Male,Wiggle,Courtship,Active wiggle,Female,2,,STOP
1947.366,D:/Pipefish Mesocosm Film/Trial 7/10-12-20/10-12 AM 01.MTS,2833.460,25.0,Male,Inactive,,,,,,START
1949.168,D:/Pipefish Mesocosm Film/Trial 7/10-12-20/10-12 AM 01.MTS,2833.460,25.0,Female,Pose,,S pose,Male,Front,,STOP
1949.169,D:/Pipefish Mesocosm Film/Trial 7/10-12-20/10-12 AM 01.MTS,2833.460,25.0,Female,Inactive,,,,,,START
1949.169,D:/Pipefish Mesocosm Film/Trial 7/10-12-20/10-12 AM 01.MTS,2833.460,25.0,Female,Move away,,,,,,POINT
1954.392,D:/Pipefish Mesocosm Film/Trial 7/10-12-20/10-12 AM 01.MTS,2833.460,25.0,Male,Follow,,,,,,POINT
1965.785,D:/Pipefish Mesocosm Film/Trial 7/10-12-20/10-12 AM 01.MTS,2833.460,25.0,Male,Inactive,,,,,,STOP
1965.786,D:/Pipefish Mesocosm Film/Trial 7/10-12-20/10-12 AM 01.MTS,2833.460,25.0,Male,Swim away,,,,,,START
1969.771,D:/Pipefish Mesocosm Film/Trial 7/10-12-20/10-12 AM 01.MTS,2833.460,25.0,Male,Swim away,,,,,,STOP
1969.772,D:/Pipefish Mesocosm Film/Trial 7/10-12-20/10-12 AM 01.MTS,2833.460,25.0,Male,Inactive,,,,,,START
2016.199,D:/Pipefish Mesocosm Film/Trial 7/10-12-20/10-12 AM 01.MTS,2833.460,25.0,Female,Inactive,,,,,,STOP
2016.199,D:/Pipefish Mesocosm Film/Trial 7/10-12-20/10-12 AM 01.MTS,2833.460,25.0,Male,Inactive,,,,,,STOP
2016.200,D:/Pipefish Mesocosm Film/Trial 7/10-12-20/10-12 AM 01.MTS,2833.460,25.0,,Stop,,,,,,POINT
2201.534,D:/Pipefish Mesocosm Film/Trial 7/10-12-20/10-12 AM 01.MTS,2833.460,25.0,,Start,,,,,,POINT
2202.293,D:/Pipefish Mesocosm Film/Trial 7/10-12-20/10-12 AM 01.MTS,2833.460,25.0,Male,Wiggle,Courtship,Active wiggle,Female,2,,START
2204.382,D:/Pipefish Mesocosm Film/Trial 7/10-12-20/10-12 AM 01.MTS,2833.460,25.0,Female,Pose,,S pose,Male,Front,,START
2204.856,D:/Pipefish Mesocosm Film/Trial 7/10-12-20/10-12 AM 01.MTS,2833.460,25.0,Male,Wiggle,Courtship,Active wiggle,Female,2,,STOP
2204.857,D:/Pipefish Mesocosm Film/Trial 7/10-12-20/10-12 AM 01.MTS,2833.460,25.0,Male,Inactive,,,,,,START
2213.213,D:/Pipefish Mesocosm Film/Trial 7/10-12-20/10-12 AM 01.MTS,2833.460,25.0,Female,Pose,,S pose,Male,Front,,STOP
2213.214,D:/Pipefish Mesocosm Film/Trial 7/10-12-20/10-12 AM 01.MTS,2833.460,25.0,Female,Inactive,,,,,,START
2255.179,D:/Pipefish Mesocosm Film/Trial 7/10-12-20/10-12 AM 01.MTS,2833.460,25.0,Male,Inactive,,,,,,STOP
2255.271,D:/Pipefish Mesocosm Film/Trial 7/10-12-20/10-12 AM 01.MTS,2833.460,25.0,Female,Inactive,,,,,,STOP
2255.273,D:/Pipefish Mesocosm Film/Trial 7/10-12-20/10-12 AM 01.MTS,2833.460,25.0,,Stop,,,,,,POINT
2731.803,D:/Pipefish Mesocosm Film/Trial 7/10-12-20/10-12 AM 01.MTS,2833.460,25.0,,Start,,,,,,POINT
2734.366,D:/Pipefish Mesocosm Film/Trial 7/10-12-20/10-12 AM 01.MTS,2833.460,25.0,Female,Wiggle,Courtship,Active wiggle,Male,2,,START
2734.366,D:/Pipefish Mesocosm Film/Trial 7/10-12-20/10-12 AM 01.MTS,2833.460,25.0,Male,Inactive,,,,,,START
2745.853,D:/Pipefish Mesocosm Film/Trial 7/10-12-20/10-12 AM 01.MTS,2833.460,25.0,Female,Wiggle,Courtship,Active wiggle,Male,2,,STOP
2745.854,D:/Pipefish Mesocosm Film/Trial 7/10-12-20/10-12 AM 01.MTS,2833.460,25.0,Female,Inactive,,,,,,START
2749.462,D:/Pipefish Mesocosm Film/Trial 7/10-12-20/10-12 AM 01.MTS,2833.460,25.0,Male,Inactive,,,,,,STOP
2749.463,D:/Pipefish Mesocosm Film/Trial 7/10-12-20/10-12 AM 01.MTS,2833.460,25.0,Male,Swim away,,,,,,START
2762.279,D:/Pipefish Mesocosm Film/Trial 7/10-12-20/10-12 AM 01.MTS,2833.460,25.0,Male,Swim away,,,,,,STOP
2762.280,D:/Pipefish Mesocosm Film/Trial 7/10-12-20/10-12 AM 01.MTS,2833.460,25.0,Male,Inactive,,,,,,START
2793.326,D:/Pipefish Mesocosm Film/Trial 7/10-12-20/10-12 AM 01.MTS,2833.460,25.0,Male,Inactive,,,,,,STOP
2793.421,D:/Pipefish Mesocosm Film/Trial 7/10-12-20/10-12 AM 01.MTS,2833.460,25.0,Female,Inactive,,,,,,STOP
2793.801,D:/Pipefish Mesocosm Film/Trial 7/10-12-20/10-12 AM 01.MTS,2833.460,25.0,,Stop,,,,,,POINT
