Observation id,T801N_01,,,,,,,,,,
,,,,,,,,,,,
Media file(s),,,,,,,,,,,
,,,,,,,,,,,
Player #1,D:/Pipefish Mesocosm Film/Trial 8/8-12-20/8-12 Noon 01.MTS,,,,,,,,,,
,,,,,,,,,,,
Observation date,2021-06-25 11:35:36,,,,,,,,,,
,,,,,,,,,,,
Description,"Video T801 Noon 01, time stamp 30min",,,,,,,,,,
,,,,,,,,,,,
Time offset (s),0.0,,,,,,,,,,
,,,,,,,,,,,
independent variables,,,,,,,,,,,
variable,value,,,,,,,,,,
Number in group,,,,,,,,,,,
Time of day,,,,,,,,,,,
,,,,,,,,,,,
Time,Media file path,Total length,FPS,Subject,Behavior,Behavioral category,Modifier 1,Modifier 2,Modifier 3,Comment,Status
230.472,D:/Pipefish Mesocosm Film/Trial 8/8-12-20/8-12 Noon 01.MTS,2846.900,25.0,,Start,,,,,,POINT
231.162,D:/Pipefish Mesocosm Film/Trial 8/8-12-20/8-12 Noon 01.MTS,2846.900,25.0,Female,Inactive,,,,,,START
232.749,D:/Pipefish Mesocosm Film/Trial 8/8-12-20/8-12 Noon 01.MTS,2846.900,25.0,Male,Inactive,,,,,,START
236.479,D:/Pipefish Mesocosm Film/Trial 8/8-12-20/8-12 Noon 01.MTS,2846.900,25.0,Female,Inactive,,,,,,STOP
236.480,D:/Pipefish Mesocosm Film/Trial 8/8-12-20/8-12 Noon 01.MTS,2846.900,25.0,Female,Pose,,Non-s pose,Male,Front,,START
238.255,D:/Pipefish Mesocosm Film/Trial 8/8-12-20/8-12 Noon 01.MTS,2846.900,25.0,Male,Inactive,,,,,,STOP
238.256,D:/Pipefish Mesocosm Film/Trial 8/8-12-20/8-12 Noon 01.MTS,2846.900,25.0,Male,Wiggle,Courtship,Active wiggle,Female,2,,START
243.059,D:/Pipefish Mesocosm Film/Trial 8/8-12-20/8-12 Noon 01.MTS,2846.900,25.0,Female,Pose,,Non-s pose,Male,Front,,STOP
243.060,D:/Pipefish Mesocosm Film/Trial 8/8-12-20/8-12 Noon 01.MTS,2846.900,25.0,Female,Inactive,,,,,,START
244.617,D:/Pipefish Mesocosm Film/Trial 8/8-12-20/8-12 Noon 01.MTS,2846.900,25.0,Male,Wiggle,Courtship,Active wiggle,Female,2,,STOP
244.618,D:/Pipefish Mesocosm Film/Trial 8/8-12-20/8-12 Noon 01.MTS,2846.900,25.0,Male,Surrounding,,,,,,START
244.955,D:/Pipefish Mesocosm Film/Trial 8/8-12-20/8-12 Noon 01.MTS,2846.900,25.0,Female,Move away,,,,,,POINT
248.699,D:/Pipefish Mesocosm Film/Trial 8/8-12-20/8-12 Noon 01.MTS,2846.900,25.0,Male,Surrounding,,,,,,STOP
248.700,D:/Pipefish Mesocosm Film/Trial 8/8-12-20/8-12 Noon 01.MTS,2846.900,25.0,Male,Wiggle,Courtship,Subtle wiggle,Female,2,,START
250.409,D:/Pipefish Mesocosm Film/Trial 8/8-12-20/8-12 Noon 01.MTS,2846.900,25.0,Male,Wiggle,Courtship,Subtle wiggle,Female,2,,STOP
250.410,D:/Pipefish Mesocosm Film/Trial 8/8-12-20/8-12 Noon 01.MTS,2846.900,25.0,Male,Surrounding,,,,,,START
254.423,D:/Pipefish Mesocosm Film/Trial 8/8-12-20/8-12 Noon 01.MTS,2846.900,25.0,Female,Inactive,,,,,,STOP
254.424,D:/Pipefish Mesocosm Film/Trial 8/8-12-20/8-12 Noon 01.MTS,2846.900,25.0,Female,Swim away,,,,,,START
260.978,D:/Pipefish Mesocosm Film/Trial 8/8-12-20/8-12 Noon 01.MTS,2846.900,25.0,Female,Swim away,,,,,,STOP
260.979,D:/Pipefish Mesocosm Film/Trial 8/8-12-20/8-12 Noon 01.MTS,2846.900,25.0,Female,Inactive,,,,,,START
271.363,D:/Pipefish Mesocosm Film/Trial 8/8-12-20/8-12 Noon 01.MTS,2846.900,25.0,Male,Follow,,,,,,POINT
299.021,D:/Pipefish Mesocosm Film/Trial 8/8-12-20/8-12 Noon 01.MTS,2846.900,25.0,Male,Surrounding,,,,,,STOP
299.022,D:/Pipefish Mesocosm Film/Trial 8/8-12-20/8-12 Noon 01.MTS,2846.900,25.0,Male,Wiggle,Courtship,Active wiggle,Female,2,,START
303.767,D:/Pipefish Mesocosm Film/Trial 8/8-12-20/8-12 Noon 01.MTS,2846.900,25.0,Male,Wiggle,Courtship,Active wiggle,Female,2,,STOP
303.768,D:/Pipefish Mesocosm Film/Trial 8/8-12-20/8-12 Noon 01.MTS,2846.900,25.0,Male,Inactive,,,,,,START
330.541,D:/Pipefish Mesocosm Film/Trial 8/8-12-20/8-12 Noon 01.MTS,2846.900,25.0,Male,Inactive,,,,,,STOP
330.542,D:/Pipefish Mesocosm Film/Trial 8/8-12-20/8-12 Noon 01.MTS,2846.900,25.0,Male,Wiggle,Courtship,Active wiggle,Female,2,,START
332.822,D:/Pipefish Mesocosm Film/Trial 8/8-12-20/8-12 Noon 01.MTS,2846.900,25.0,Male,Wiggle,Courtship,Active wiggle,Female,2,,STOP
332.823,D:/Pipefish Mesocosm Film/Trial 8/8-12-20/8-12 Noon 01.MTS,2846.900,25.0,Male,Inactive,,,,,,START
336.585,D:/Pipefish Mesocosm Film/Trial 8/8-12-20/8-12 Noon 01.MTS,2846.900,25.0,Male,Inactive,,,,,,STOP
336.586,D:/Pipefish Mesocosm Film/Trial 8/8-12-20/8-12 Noon 01.MTS,2846.900,25.0,Male,Wiggle,Courtship,Active wiggle,Female,2 ,,START
336.743,D:/Pipefish Mesocosm Film/Trial 8/8-12-20/8-12 Noon 01.MTS,2846.900,25.0,Female,Move away,,,,,,POINT
338.518,D:/Pipefish Mesocosm Film/Trial 8/8-12-20/8-12 Noon 01.MTS,2846.900,25.0,Male,Wiggle,Courtship,Active wiggle,Female,2 ,,STOP
338.519,D:/Pipefish Mesocosm Film/Trial 8/8-12-20/8-12 Noon 01.MTS,2846.900,25.0,Male,Surrounding,,,,,,START
340.478,D:/Pipefish Mesocosm Film/Trial 8/8-12-20/8-12 Noon 01.MTS,2846.900,25.0,Male,Surrounding,,,,,,STOP
340.479,D:/Pipefish Mesocosm Film/Trial 8/8-12-20/8-12 Noon 01.MTS,2846.900,25.0,Male,Wiggle,Courtship,Subtle wiggle,Female,2,,START
343.457,D:/Pipefish Mesocosm Film/Trial 8/8-12-20/8-12 Noon 01.MTS,2846.900,25.0,Male,Wiggle,Courtship,Subtle wiggle,Female,2,,STOP
343.458,D:/Pipefish Mesocosm Film/Trial 8/8-12-20/8-12 Noon 01.MTS,2846.900,25.0,Male,Surrounding,,,,,,START
347.658,D:/Pipefish Mesocosm Film/Trial 8/8-12-20/8-12 Noon 01.MTS,2846.900,25.0,Female,Inactive,,,,,,STOP
347.659,D:/Pipefish Mesocosm Film/Trial 8/8-12-20/8-12 Noon 01.MTS,2846.900,25.0,Female,Pose,,S pose,Male,Front,,START
348.109,D:/Pipefish Mesocosm Film/Trial 8/8-12-20/8-12 Noon 01.MTS,2846.900,25.0,Male,Surrounding,,,,,,STOP
348.110,D:/Pipefish Mesocosm Film/Trial 8/8-12-20/8-12 Noon 01.MTS,2846.900,25.0,Male,Wiggle,Courtship,Active wiggle,Female,2,,START
352.215,D:/Pipefish Mesocosm Film/Trial 8/8-12-20/8-12 Noon 01.MTS,2846.900,25.0,Male,Wiggle,Courtship,Active wiggle,Female,2,,STOP
352.216,D:/Pipefish Mesocosm Film/Trial 8/8-12-20/8-12 Noon 01.MTS,2846.900,25.0,Male,Inactive,,,,,,START
353.234,D:/Pipefish Mesocosm Film/Trial 8/8-12-20/8-12 Noon 01.MTS,2846.900,25.0,Male,Inactive,,,,,,STOP
353.235,D:/Pipefish Mesocosm Film/Trial 8/8-12-20/8-12 Noon 01.MTS,2846.900,25.0,Male,Wiggle,Courtship,Active wiggle,Female,2,,START
356.393,D:/Pipefish Mesocosm Film/Trial 8/8-12-20/8-12 Noon 01.MTS,2846.900,25.0,Female,Pose,,S pose,Male,Front,,STOP
356.394,D:/Pipefish Mesocosm Film/Trial 8/8-12-20/8-12 Noon 01.MTS,2846.900,25.0,Female,Inactive,,,,,,START
357.603,D:/Pipefish Mesocosm Film/Trial 8/8-12-20/8-12 Noon 01.MTS,2846.900,25.0,Male,Wiggle,Courtship,Active wiggle,Female,2,,STOP
357.604,D:/Pipefish Mesocosm Film/Trial 8/8-12-20/8-12 Noon 01.MTS,2846.900,25.0,Male,Surrounding,,,,,,START
377.351,D:/Pipefish Mesocosm Film/Trial 8/8-12-20/8-12 Noon 01.MTS,2846.900,25.0,Male,Surrounding,,,,,,STOP
377.352,D:/Pipefish Mesocosm Film/Trial 8/8-12-20/8-12 Noon 01.MTS,2846.900,25.0,Male,Wiggle,Courtship,Subtle wiggle,Female,2,,START
380.672,D:/Pipefish Mesocosm Film/Trial 8/8-12-20/8-12 Noon 01.MTS,2846.900,25.0,Male,Wiggle,Courtship,Subtle wiggle,Female,2,,STOP
380.673,D:/Pipefish Mesocosm Film/Trial 8/8-12-20/8-12 Noon 01.MTS,2846.900,25.0,Male,Surrounding,,,,,,START
400.041,D:/Pipefish Mesocosm Film/Trial 8/8-12-20/8-12 Noon 01.MTS,2846.900,25.0,Male,Surrounding,,,,,,STOP
400.042,D:/Pipefish Mesocosm Film/Trial 8/8-12-20/8-12 Noon 01.MTS,2846.900,25.0,Male,Wiggle,Courtship,Active wiggle,Female,2,,START
404.317,D:/Pipefish Mesocosm Film/Trial 8/8-12-20/8-12 Noon 01.MTS,2846.900,25.0,Male,Wiggle,Courtship,Active wiggle,Female,2,,STOP
404.318,D:/Pipefish Mesocosm Film/Trial 8/8-12-20/8-12 Noon 01.MTS,2846.900,25.0,Male,Surrounding,,,,,,START
416.847,D:/Pipefish Mesocosm Film/Trial 8/8-12-20/8-12 Noon 01.MTS,2846.900,25.0,Male,Surrounding,,,,,,STOP
416.848,D:/Pipefish Mesocosm Film/Trial 8/8-12-20/8-12 Noon 01.MTS,2846.900,25.0,Male,Wiggle,Courtship,Active wiggle,Female,2,,START
419.790,D:/Pipefish Mesocosm Film/Trial 8/8-12-20/8-12 Noon 01.MTS,2846.900,25.0,Male,Wiggle,Courtship,Active wiggle,Female,2,,STOP
419.791,D:/Pipefish Mesocosm Film/Trial 8/8-12-20/8-12 Noon 01.MTS,2846.900,25.0,Male,Surrounding,,,,,,START
424.469,D:/Pipefish Mesocosm Film/Trial 8/8-12-20/8-12 Noon 01.MTS,2846.900,25.0,Female,Inactive,,,,,,STOP
424.470,D:/Pipefish Mesocosm Film/Trial 8/8-12-20/8-12 Noon 01.MTS,2846.900,25.0,Female,Pose,,Non-s pose,Male,Front,,START
429.761,D:/Pipefish Mesocosm Film/Trial 8/8-12-20/8-12 Noon 01.MTS,2846.900,25.0,Male,Surrounding,,,,,,STOP
429.762,D:/Pipefish Mesocosm Film/Trial 8/8-12-20/8-12 Noon 01.MTS,2846.900,25.0,Male,Wiggle,Courtship,Active wiggle,Female,2,,START
431.241,D:/Pipefish Mesocosm Film/Trial 8/8-12-20/8-12 Noon 01.MTS,2846.900,25.0,Female,Pose,,Non-s pose,Male,Front,,STOP
431.242,D:/Pipefish Mesocosm Film/Trial 8/8-12-20/8-12 Noon 01.MTS,2846.900,25.0,Female,Inactive,,,,,,START
432.515,D:/Pipefish Mesocosm Film/Trial 8/8-12-20/8-12 Noon 01.MTS,2846.900,25.0,Male,Wiggle,Courtship,Active wiggle,Female,2,,STOP
432.516,D:/Pipefish Mesocosm Film/Trial 8/8-12-20/8-12 Noon 01.MTS,2846.900,25.0,Male,Inactive,,,,,,START
447.257,D:/Pipefish Mesocosm Film/Trial 8/8-12-20/8-12 Noon 01.MTS,2846.900,25.0,Male,Inactive,,,,,,STOP
447.258,D:/Pipefish Mesocosm Film/Trial 8/8-12-20/8-12 Noon 01.MTS,2846.900,25.0,Male,Wiggle,Courtship,Active wiggle,Female,2,,START
452.644,D:/Pipefish Mesocosm Film/Trial 8/8-12-20/8-12 Noon 01.MTS,2846.900,25.0,Male,Wiggle,Courtship,Active wiggle,Female,2,,STOP
452.645,D:/Pipefish Mesocosm Film/Trial 8/8-12-20/8-12 Noon 01.MTS,2846.900,25.0,Male,Surrounding,,,,,,START
452.765,D:/Pipefish Mesocosm Film/Trial 8/8-12-20/8-12 Noon 01.MTS,2846.900,25.0,Female,Move away,,,,,,POINT
463.113,D:/Pipefish Mesocosm Film/Trial 8/8-12-20/8-12 Noon 01.MTS,2846.900,25.0,Female,Inactive,,,,,,STOP
463.114,D:/Pipefish Mesocosm Film/Trial 8/8-12-20/8-12 Noon 01.MTS,2846.900,25.0,Female,Pose,,Non-s pose,Male,Front,,START
464.890,D:/Pipefish Mesocosm Film/Trial 8/8-12-20/8-12 Noon 01.MTS,2846.900,25.0,Male,Surrounding,,,,,,STOP
464.891,D:/Pipefish Mesocosm Film/Trial 8/8-12-20/8-12 Noon 01.MTS,2846.900,25.0,Male,Wiggle,Courtship,Active wiggle,Female,2,,START
468.524,D:/Pipefish Mesocosm Film/Trial 8/8-12-20/8-12 Noon 01.MTS,2846.900,25.0,Female,Pose,,Non-s pose,Male,Front,,STOP
468.525,D:/Pipefish Mesocosm Film/Trial 8/8-12-20/8-12 Noon 01.MTS,2846.900,25.0,Female,Inactive,,,,,,START
469.067,D:/Pipefish Mesocosm Film/Trial 8/8-12-20/8-12 Noon 01.MTS,2846.900,25.0,Male,Wiggle,Courtship,Active wiggle,Female,2,,STOP
469.068,D:/Pipefish Mesocosm Film/Trial 8/8-12-20/8-12 Noon 01.MTS,2846.900,25.0,Male,Surrounding,,,,,,START
536.125,D:/Pipefish Mesocosm Film/Trial 8/8-12-20/8-12 Noon 01.MTS,2846.900,25.0,Female,Inactive,,,,,,STOP
536.126,D:/Pipefish Mesocosm Film/Trial 8/8-12-20/8-12 Noon 01.MTS,2846.900,25.0,Female,Pose,,S pose,Male,Front,,START
536.694,D:/Pipefish Mesocosm Film/Trial 8/8-12-20/8-12 Noon 01.MTS,2846.900,25.0,Male,Surrounding,,,,,,STOP
536.695,D:/Pipefish Mesocosm Film/Trial 8/8-12-20/8-12 Noon 01.MTS,2846.900,25.0,Male,Wiggle,Courtship,Active wiggle,Female,2,,START
541.565,D:/Pipefish Mesocosm Film/Trial 8/8-12-20/8-12 Noon 01.MTS,2846.900,25.0,Female,Pose,,S pose,Male,Front,,STOP
541.566,D:/Pipefish Mesocosm Film/Trial 8/8-12-20/8-12 Noon 01.MTS,2846.900,25.0,Female,Inactive,,,,,,START
543.244,D:/Pipefish Mesocosm Film/Trial 8/8-12-20/8-12 Noon 01.MTS,2846.900,25.0,Male,Wiggle,Courtship,Active wiggle,Female,2,,STOP
543.245,D:/Pipefish Mesocosm Film/Trial 8/8-12-20/8-12 Noon 01.MTS,2846.900,25.0,Male,Surrounding,,,,,,START
549.607,D:/Pipefish Mesocosm Film/Trial 8/8-12-20/8-12 Noon 01.MTS,2846.900,25.0,Male,Follow,,,,,,POINT
584.356,D:/Pipefish Mesocosm Film/Trial 8/8-12-20/8-12 Noon 01.MTS,2846.900,25.0,Male,Surrounding,,,,,,STOP
584.357,D:/Pipefish Mesocosm Film/Trial 8/8-12-20/8-12 Noon 01.MTS,2846.900,25.0,Male,Wiggle,Courtship,Active wiggle,Female,2,,START
584.835,D:/Pipefish Mesocosm Film/Trial 8/8-12-20/8-12 Noon 01.MTS,2846.900,25.0,Female,Inactive,,,,,,STOP
584.836,D:/Pipefish Mesocosm Film/Trial 8/8-12-20/8-12 Noon 01.MTS,2846.900,25.0,Female,Pose,,S pose,Male,Front,,START
588.347,D:/Pipefish Mesocosm Film/Trial 8/8-12-20/8-12 Noon 01.MTS,2846.900,25.0,Female,Pose,,S pose,Male,Front,,STOP
588.348,D:/Pipefish Mesocosm Film/Trial 8/8-12-20/8-12 Noon 01.MTS,2846.900,25.0,Female,Inactive,,,,,,START
589.104,D:/Pipefish Mesocosm Film/Trial 8/8-12-20/8-12 Noon 01.MTS,2846.900,25.0,Male,Wiggle,Courtship,Active wiggle,Female,2,,STOP
589.105,D:/Pipefish Mesocosm Film/Trial 8/8-12-20/8-12 Noon 01.MTS,2846.900,25.0,Male,Surrounding,,,,,,START
632.873,D:/Pipefish Mesocosm Film/Trial 8/8-12-20/8-12 Noon 01.MTS,2846.900,25.0,Male,Surrounding,,,,,,STOP
632.874,D:/Pipefish Mesocosm Film/Trial 8/8-12-20/8-12 Noon 01.MTS,2846.900,25.0,Male,Wiggle,Courtship,Active wiggle,Female,2,,START
633.823,D:/Pipefish Mesocosm Film/Trial 8/8-12-20/8-12 Noon 01.MTS,2846.900,25.0,Female,Inactive,,,,,,STOP
633.824,D:/Pipefish Mesocosm Film/Trial 8/8-12-20/8-12 Noon 01.MTS,2846.900,25.0,Female,Pose,,S pose,Male,Front,,START
638.950,D:/Pipefish Mesocosm Film/Trial 8/8-12-20/8-12 Noon 01.MTS,2846.900,25.0,Male,Wiggle,Courtship,Active wiggle,Female,2,,STOP
638.951,D:/Pipefish Mesocosm Film/Trial 8/8-12-20/8-12 Noon 01.MTS,2846.900,25.0,Male,Inactive,,,,,,START
640.468,D:/Pipefish Mesocosm Film/Trial 8/8-12-20/8-12 Noon 01.MTS,2846.900,25.0,Female,Pose,,S pose,Male,Front,,STOP
640.469,D:/Pipefish Mesocosm Film/Trial 8/8-12-20/8-12 Noon 01.MTS,2846.900,25.0,Female,Inactive,,,,,,START
640.755,D:/Pipefish Mesocosm Film/Trial 8/8-12-20/8-12 Noon 01.MTS,2846.900,25.0,Male,Inactive,,,,,,STOP
640.756,D:/Pipefish Mesocosm Film/Trial 8/8-12-20/8-12 Noon 01.MTS,2846.900,25.0,Male,Surrounding,,,,,,START
641.325,D:/Pipefish Mesocosm Film/Trial 8/8-12-20/8-12 Noon 01.MTS,2846.900,25.0,Female,Move away,,,,,,POINT
684.238,D:/Pipefish Mesocosm Film/Trial 8/8-12-20/8-12 Noon 01.MTS,2846.900,25.0,Male,Surrounding,,,,,,STOP
684.239,D:/Pipefish Mesocosm Film/Trial 8/8-12-20/8-12 Noon 01.MTS,2846.900,25.0,Male,Wiggle,Courtship,Subtle wiggle,Female,2,,START
687.847,D:/Pipefish Mesocosm Film/Trial 8/8-12-20/8-12 Noon 01.MTS,2846.900,25.0,Male,Wiggle,Courtship,Subtle wiggle,Female,2,,STOP
687.848,D:/Pipefish Mesocosm Film/Trial 8/8-12-20/8-12 Noon 01.MTS,2846.900,25.0,Male,Inactive,,,,,,START
712.817,D:/Pipefish Mesocosm Film/Trial 8/8-12-20/8-12 Noon 01.MTS,2846.900,25.0,Male,Inactive,,,,,,STOP
712.818,D:/Pipefish Mesocosm Film/Trial 8/8-12-20/8-12 Noon 01.MTS,2846.900,25.0,Male,Wiggle,Courtship,Subtle wiggle,Female,2,,START
717.662,D:/Pipefish Mesocosm Film/Trial 8/8-12-20/8-12 Noon 01.MTS,2846.900,25.0,Male,Wiggle,Courtship,Subtle wiggle,Female,2,,STOP
717.663,D:/Pipefish Mesocosm Film/Trial 8/8-12-20/8-12 Noon 01.MTS,2846.900,25.0,Male,Surrounding,,,,,,START
727.726,D:/Pipefish Mesocosm Film/Trial 8/8-12-20/8-12 Noon 01.MTS,2846.900,25.0,Male,Surrounding,,,,,,STOP
727.727,D:/Pipefish Mesocosm Film/Trial 8/8-12-20/8-12 Noon 01.MTS,2846.900,25.0,Male,Inactive,,,,,,START
754.023,D:/Pipefish Mesocosm Film/Trial 8/8-12-20/8-12 Noon 01.MTS,2846.900,25.0,Male,Inactive,,,,,,STOP
754.024,D:/Pipefish Mesocosm Film/Trial 8/8-12-20/8-12 Noon 01.MTS,2846.900,25.0,Male,Wiggle,Courtship,Active wiggle,Female,2,,START
756.491,D:/Pipefish Mesocosm Film/Trial 8/8-12-20/8-12 Noon 01.MTS,2846.900,25.0,Male,Wiggle,Courtship,Active wiggle,Female,2,,STOP
756.492,D:/Pipefish Mesocosm Film/Trial 8/8-12-20/8-12 Noon 01.MTS,2846.900,25.0,Male,Surrounding,,,,,,START
759.909,D:/Pipefish Mesocosm Film/Trial 8/8-12-20/8-12 Noon 01.MTS,2846.900,25.0,Male,Surrounding,,,,,,STOP
759.910,D:/Pipefish Mesocosm Film/Trial 8/8-12-20/8-12 Noon 01.MTS,2846.900,25.0,Male,Wiggle,Courtship,Active wiggle,Female,2,,START
763.140,D:/Pipefish Mesocosm Film/Trial 8/8-12-20/8-12 Noon 01.MTS,2846.900,25.0,Male,Wiggle,Courtship,Active wiggle,Female,2,,STOP
763.141,D:/Pipefish Mesocosm Film/Trial 8/8-12-20/8-12 Noon 01.MTS,2846.900,25.0,Male,Inactive,,,,,,START
772.537,D:/Pipefish Mesocosm Film/Trial 8/8-12-20/8-12 Noon 01.MTS,2846.900,25.0,Male,Inactive,,,,,,STOP
772.538,D:/Pipefish Mesocosm Film/Trial 8/8-12-20/8-12 Noon 01.MTS,2846.900,25.0,Male,Wiggle,Courtship,Active wiggle,Female,2,,START
777.666,D:/Pipefish Mesocosm Film/Trial 8/8-12-20/8-12 Noon 01.MTS,2846.900,25.0,Female,Inactive,,,,,,STOP
777.667,D:/Pipefish Mesocosm Film/Trial 8/8-12-20/8-12 Noon 01.MTS,2846.900,25.0,Female,Pose,,Non-s pose,Male,Front,,START
778.142,D:/Pipefish Mesocosm Film/Trial 8/8-12-20/8-12 Noon 01.MTS,2846.900,25.0,Male,Wiggle,Courtship,Active wiggle,Female,2,,STOP
778.143,D:/Pipefish Mesocosm Film/Trial 8/8-12-20/8-12 Noon 01.MTS,2846.900,25.0,Male,Surrounding,,,,,,START
785.450,D:/Pipefish Mesocosm Film/Trial 8/8-12-20/8-12 Noon 01.MTS,2846.900,25.0,Female,Pose,,Non-s pose,Male,Front,,STOP
785.451,D:/Pipefish Mesocosm Film/Trial 8/8-12-20/8-12 Noon 01.MTS,2846.900,25.0,Female,Inactive,,,,,,START
796.463,D:/Pipefish Mesocosm Film/Trial 8/8-12-20/8-12 Noon 01.MTS,2846.900,25.0,Male,Surrounding,,,,,,STOP
796.464,D:/Pipefish Mesocosm Film/Trial 8/8-12-20/8-12 Noon 01.MTS,2846.900,25.0,Male,Inactive,,,,,,START
805.390,D:/Pipefish Mesocosm Film/Trial 8/8-12-20/8-12 Noon 01.MTS,2846.900,25.0,Female,Inactive,,,,,,STOP
805.391,D:/Pipefish Mesocosm Film/Trial 8/8-12-20/8-12 Noon 01.MTS,2846.900,25.0,Female,Pose,,Non-s pose,Male,Front,,START
811.275,D:/Pipefish Mesocosm Film/Trial 8/8-12-20/8-12 Noon 01.MTS,2846.900,25.0,Male,Inactive,,,,,,STOP
811.276,D:/Pipefish Mesocosm Film/Trial 8/8-12-20/8-12 Noon 01.MTS,2846.900,25.0,Male,Wiggle,Courtship,Active wiggle,Female,2,,START
812.985,D:/Pipefish Mesocosm Film/Trial 8/8-12-20/8-12 Noon 01.MTS,2846.900,25.0,Female,Pose,,Non-s pose,Male,Front,,STOP
812.986,D:/Pipefish Mesocosm Film/Trial 8/8-12-20/8-12 Noon 01.MTS,2846.900,25.0,Female,Inactive,,,,,,START
816.781,D:/Pipefish Mesocosm Film/Trial 8/8-12-20/8-12 Noon 01.MTS,2846.900,25.0,Male,Wiggle,Courtship,Active wiggle,Female,2,,STOP
816.782,D:/Pipefish Mesocosm Film/Trial 8/8-12-20/8-12 Noon 01.MTS,2846.900,25.0,Male,Surrounding,,,,,,START
818.871,D:/Pipefish Mesocosm Film/Trial 8/8-12-20/8-12 Noon 01.MTS,2846.900,25.0,Female,Inactive,,,,,,STOP
818.872,D:/Pipefish Mesocosm Film/Trial 8/8-12-20/8-12 Noon 01.MTS,2846.900,25.0,Female,Pose,,S pose,Male,Front,,START
818.966,D:/Pipefish Mesocosm Film/Trial 8/8-12-20/8-12 Noon 01.MTS,2846.900,25.0,Male,Surrounding,,,,,,STOP
818.967,D:/Pipefish Mesocosm Film/Trial 8/8-12-20/8-12 Noon 01.MTS,2846.900,25.0,Male,Wiggle,Courtship,Active wiggle,Female,2,,START
823.145,D:/Pipefish Mesocosm Film/Trial 8/8-12-20/8-12 Noon 01.MTS,2846.900,25.0,Female,Pose,,S pose,Male,Front,,STOP
823.146,D:/Pipefish Mesocosm Film/Trial 8/8-12-20/8-12 Noon 01.MTS,2846.900,25.0,Female,Inactive,,,,,,START
823.241,D:/Pipefish Mesocosm Film/Trial 8/8-12-20/8-12 Noon 01.MTS,2846.900,25.0,Male,Wiggle,Courtship,Active wiggle,Female,2,,STOP
823.242,D:/Pipefish Mesocosm Film/Trial 8/8-12-20/8-12 Noon 01.MTS,2846.900,25.0,Male,Surrounding,,,,,,START
827.036,D:/Pipefish Mesocosm Film/Trial 8/8-12-20/8-12 Noon 01.MTS,2846.900,25.0,Male,Surrounding,,,,,,STOP
827.037,D:/Pipefish Mesocosm Film/Trial 8/8-12-20/8-12 Noon 01.MTS,2846.900,25.0,Male,Inactive,,,,,,START
830.455,D:/Pipefish Mesocosm Film/Trial 8/8-12-20/8-12 Noon 01.MTS,2846.900,25.0,Male,Move away,,,,,,POINT
886.854,D:/Pipefish Mesocosm Film/Trial 8/8-12-20/8-12 Noon 01.MTS,2846.900,25.0,Female,Inactive,,,,,,STOP
886.946,D:/Pipefish Mesocosm Film/Trial 8/8-12-20/8-12 Noon 01.MTS,2846.900,25.0,Male,Inactive,,,,,,STOP
886.948,D:/Pipefish Mesocosm Film/Trial 8/8-12-20/8-12 Noon 01.MTS,2846.900,25.0,,Stop,,,,,,POINT
