Observation id,T803N_01,,,,,,,,,,
,,,,,,,,,,,
Media file(s),,,,,,,,,,,
,,,,,,,,,,,
Player #1,D:/Pipefish Mesocosm Film/Trial 8/10-12-20/10-12 Noon 01.MTS,,,,,,,,,,
Player #1,D:/Pipefish Mesocosm Film/Trial 8/10-12-20/10-12 Noon 02.MTS,,,,,,,,,,
,,,,,,,,,,,
Observation date,2022-01-17 11:41:31,,,,,,,,,,
,,,,,,,,,,,
Description,,,,,,,,,,,
,,,,,,,,,,,
Time offset (s),0.0,,,,,,,,,,
,,,,,,,,,,,
independent variables,,,,,,,,,,,
variable,value,,,,,,,,,,
Number in group,,,,,,,,,,,
Time of day,,,,,,,,,,,
,,,,,,,,,,,
Time,Media file path,Total length,FPS,Subject,Behavior,Behavioral category,Modifier 1,Modifier 2,Modifier 3,Comment,Status
181.386,D:/Pipefish Mesocosm Film/Trial 8/10-12-20/10-12 Noon 01.MTS,3601.840,25.0,,Start,,,,,,POINT
181.386,D:/Pipefish Mesocosm Film/Trial 8/10-12-20/10-12 Noon 01.MTS,3601.840,25.0,Female,Pose,,S pose,Male,Front,,START
181.861,D:/Pipefish Mesocosm Film/Trial 8/10-12-20/10-12 Noon 01.MTS,3601.840,25.0,Male,Surrounding,,,,,,START
184.043,D:/Pipefish Mesocosm Film/Trial 8/10-12-20/10-12 Noon 01.MTS,3601.840,25.0,Female,Pose,,S pose,Male,Front,,STOP
184.044,D:/Pipefish Mesocosm Film/Trial 8/10-12-20/10-12 Noon 01.MTS,3601.840,25.0,Female,Inactive,,,,,,START
248.417,D:/Pipefish Mesocosm Film/Trial 8/10-12-20/10-12 Noon 01.MTS,3601.840,25.0,Male,Surrounding,,,,,,STOP
248.701,D:/Pipefish Mesocosm Film/Trial 8/10-12-20/10-12 Noon 01.MTS,3601.840,25.0,Female,Inactive,,,,,,STOP
249.176,D:/Pipefish Mesocosm Film/Trial 8/10-12-20/10-12 Noon 01.MTS,3601.840,25.0,,Stop,,,,,,POINT
286.299,D:/Pipefish Mesocosm Film/Trial 8/10-12-20/10-12 Noon 01.MTS,3601.840,25.0,,Start,,,,,,POINT
286.299,D:/Pipefish Mesocosm Film/Trial 8/10-12-20/10-12 Noon 01.MTS,3601.840,25.0,Female,Inactive,,,,,,START
286.299,D:/Pipefish Mesocosm Film/Trial 8/10-12-20/10-12 Noon 01.MTS,3601.840,25.0,Male,Wiggle,Courtship,Active wiggle,Female,2,,START
291.996,D:/Pipefish Mesocosm Film/Trial 8/10-12-20/10-12 Noon 01.MTS,3601.840,25.0,Male,Wiggle,Courtship,Active wiggle,Female,2,,STOP
291.997,D:/Pipefish Mesocosm Film/Trial 8/10-12-20/10-12 Noon 01.MTS,3601.840,25.0,Male,Inactive,,,,,,START
309.940,D:/Pipefish Mesocosm Film/Trial 8/10-12-20/10-12 Noon 01.MTS,3601.840,25.0,Female,Inactive,,,,,,STOP
309.940,D:/Pipefish Mesocosm Film/Trial 8/10-12-20/10-12 Noon 01.MTS,3601.840,25.0,Male,Inactive,,,,,,STOP
310.341,D:/Pipefish Mesocosm Film/Trial 8/10-12-20/10-12 Noon 01.MTS,3601.840,25.0,,Stop,,,,,,POINT
341.177,D:/Pipefish Mesocosm Film/Trial 8/10-12-20/10-12 Noon 01.MTS,3601.840,25.0,,Start,,,,,,POINT
341.177,D:/Pipefish Mesocosm Film/Trial 8/10-12-20/10-12 Noon 01.MTS,3601.840,25.0,Male,Wiggle,Courtship,Active wiggle,Female,3,,START
342.697,D:/Pipefish Mesocosm Film/Trial 8/10-12-20/10-12 Noon 01.MTS,3601.840,25.0,Female,Inactive,,,,,,START
344.215,D:/Pipefish Mesocosm Film/Trial 8/10-12-20/10-12 Noon 01.MTS,3601.840,25.0,Male,Wiggle,Courtship,Active wiggle,Female,3,,STOP
344.216,D:/Pipefish Mesocosm Film/Trial 8/10-12-20/10-12 Noon 01.MTS,3601.840,25.0,Male,Inactive,,,,,,START
349.816,D:/Pipefish Mesocosm Film/Trial 8/10-12-20/10-12 Noon 01.MTS,3601.840,25.0,Female,Inactive,,,,,,STOP
349.817,D:/Pipefish Mesocosm Film/Trial 8/10-12-20/10-12 Noon 01.MTS,3601.840,25.0,Female,Wiggle,Courtship,Active wiggle,Male,3,,START
352.664,D:/Pipefish Mesocosm Film/Trial 8/10-12-20/10-12 Noon 01.MTS,3601.840,25.0,Female,Wiggle,Courtship,Active wiggle,Male,3,,STOP
352.665,D:/Pipefish Mesocosm Film/Trial 8/10-12-20/10-12 Noon 01.MTS,3601.840,25.0,Female,Inactive,,,,,,START
356.747,D:/Pipefish Mesocosm Film/Trial 8/10-12-20/10-12 Noon 01.MTS,3601.840,25.0,Male,Inactive,,,,,,STOP
356.748,D:/Pipefish Mesocosm Film/Trial 8/10-12-20/10-12 Noon 01.MTS,3601.840,25.0,Male,Surrounding,,,,,,START
431.186,D:/Pipefish Mesocosm Film/Trial 8/10-12-20/10-12 Noon 01.MTS,3601.840,25.0,Female,Inactive,,,,,,STOP
431.374,D:/Pipefish Mesocosm Film/Trial 8/10-12-20/10-12 Noon 01.MTS,3601.840,25.0,Male,Surrounding,,,,,,STOP
431.849,D:/Pipefish Mesocosm Film/Trial 8/10-12-20/10-12 Noon 01.MTS,3601.840,25.0,,Stop,,,,,,POINT
524.041,D:/Pipefish Mesocosm Film/Trial 8/10-12-20/10-12 Noon 01.MTS,3601.840,25.0,,Start,,,,,,POINT
524.041,D:/Pipefish Mesocosm Film/Trial 8/10-12-20/10-12 Noon 01.MTS,3601.840,25.0,Male,Wiggle,Courtship,Active wiggle,Female,4,,START
524.232,D:/Pipefish Mesocosm Film/Trial 8/10-12-20/10-12 Noon 01.MTS,3601.840,25.0,Female,Inactive,,,,,,START
527.364,D:/Pipefish Mesocosm Film/Trial 8/10-12-20/10-12 Noon 01.MTS,3601.840,25.0,Male,Wiggle,Courtship,Active wiggle,Female,4,,STOP
527.365,D:/Pipefish Mesocosm Film/Trial 8/10-12-20/10-12 Noon 01.MTS,3601.840,25.0,Male,Inactive,,,,,,START
532.776,D:/Pipefish Mesocosm Film/Trial 8/10-12-20/10-12 Noon 01.MTS,3601.840,25.0,Male,Inactive,,,,,,STOP
532.777,D:/Pipefish Mesocosm Film/Trial 8/10-12-20/10-12 Noon 01.MTS,3601.840,25.0,Male,Surrounding,,,,,,START
553.759,D:/Pipefish Mesocosm Film/Trial 8/10-12-20/10-12 Noon 01.MTS,3601.840,25.0,Female,Inactive,,,,,,STOP
553.760,D:/Pipefish Mesocosm Film/Trial 8/10-12-20/10-12 Noon 01.MTS,3601.840,25.0,Female,Out of sight,,,,,,START
554.992,D:/Pipefish Mesocosm Film/Trial 8/10-12-20/10-12 Noon 01.MTS,3601.840,25.0,Male,Surrounding,,,,,,STOP
554.993,D:/Pipefish Mesocosm Film/Trial 8/10-12-20/10-12 Noon 01.MTS,3601.840,25.0,Male,Out of sight,,,,,,START
563.730,D:/Pipefish Mesocosm Film/Trial 8/10-12-20/10-12 Noon 01.MTS,3601.840,25.0,Male,Out of sight,,,,,,STOP
564.203,D:/Pipefish Mesocosm Film/Trial 8/10-12-20/10-12 Noon 01.MTS,3601.840,25.0,Female,Out of sight,,,,,,STOP
564.870,D:/Pipefish Mesocosm Film/Trial 8/10-12-20/10-12 Noon 01.MTS,3601.840,25.0,,Stop,,,,,,POINT
704.342,D:/Pipefish Mesocosm Film/Trial 8/10-12-20/10-12 Noon 01.MTS,3601.840,25.0,,Start,,,,,,POINT
704.342,D:/Pipefish Mesocosm Film/Trial 8/10-12-20/10-12 Noon 01.MTS,3601.840,25.0,Male,Wiggle,Courtship,Active wiggle,Female,3,,START
706.052,D:/Pipefish Mesocosm Film/Trial 8/10-12-20/10-12 Noon 01.MTS,3601.840,25.0,Female,Inactive,,,,,,START
709.563,D:/Pipefish Mesocosm Film/Trial 8/10-12-20/10-12 Noon 01.MTS,3601.840,25.0,Male,Wiggle,Courtship,Active wiggle,Female,3,,STOP
709.564,D:/Pipefish Mesocosm Film/Trial 8/10-12-20/10-12 Noon 01.MTS,3601.840,25.0,Male,Inactive,,,,,,START
720.768,D:/Pipefish Mesocosm Film/Trial 8/10-12-20/10-12 Noon 01.MTS,3601.840,25.0,Male,Inactive,,,,,,STOP
720.769,D:/Pipefish Mesocosm Film/Trial 8/10-12-20/10-12 Noon 01.MTS,3601.840,25.0,Male,Wiggle,Courtship,Active wiggle,Female,3,,START
724.279,D:/Pipefish Mesocosm Film/Trial 8/10-12-20/10-12 Noon 01.MTS,3601.840,25.0,Male,Wiggle,Courtship,Active wiggle,Female,3,,STOP
724.280,D:/Pipefish Mesocosm Film/Trial 8/10-12-20/10-12 Noon 01.MTS,3601.840,25.0,Male,Inactive,,,,,,START
725.705,D:/Pipefish Mesocosm Film/Trial 8/10-12-20/10-12 Noon 01.MTS,3601.840,25.0,Male,Inactive,,,,,,STOP
725.706,D:/Pipefish Mesocosm Film/Trial 8/10-12-20/10-12 Noon 01.MTS,3601.840,25.0,Male,Wiggle,Courtship,Active wiggle,Female,4,,START
728.172,D:/Pipefish Mesocosm Film/Trial 8/10-12-20/10-12 Noon 01.MTS,3601.840,25.0,Male,Wiggle,Courtship,Active wiggle,Female,4,,STOP
728.173,D:/Pipefish Mesocosm Film/Trial 8/10-12-20/10-12 Noon 01.MTS,3601.840,25.0,Male,Inactive,,,,,,START
755.611,D:/Pipefish Mesocosm Film/Trial 8/10-12-20/10-12 Noon 01.MTS,3601.840,25.0,Female,Inactive,,,,,,STOP
755.612,D:/Pipefish Mesocosm Film/Trial 8/10-12-20/10-12 Noon 01.MTS,3601.840,25.0,Female,Wiggle,Courtship,Active wiggle,Male,4,,START
759.031,D:/Pipefish Mesocosm Film/Trial 8/10-12-20/10-12 Noon 01.MTS,3601.840,25.0,Female,Wiggle,Courtship,Active wiggle,Male,4,,STOP
759.032,D:/Pipefish Mesocosm Film/Trial 8/10-12-20/10-12 Noon 01.MTS,3601.840,25.0,Female,Inactive,,,,,,START
763.873,D:/Pipefish Mesocosm Film/Trial 8/10-12-20/10-12 Noon 01.MTS,3601.840,25.0,Male,Inactive,,,,,,STOP
763.874,D:/Pipefish Mesocosm Film/Trial 8/10-12-20/10-12 Noon 01.MTS,3601.840,25.0,Male,Wiggle,Courtship,Active wiggle,Female,4,,START
765.297,D:/Pipefish Mesocosm Film/Trial 8/10-12-20/10-12 Noon 01.MTS,3601.840,25.0,Male,Wiggle,Courtship,Active wiggle,Female,4,,STOP
765.298,D:/Pipefish Mesocosm Film/Trial 8/10-12-20/10-12 Noon 01.MTS,3601.840,25.0,Male,Inactive,,,,,,START
804.604,D:/Pipefish Mesocosm Film/Trial 8/10-12-20/10-12 Noon 01.MTS,3601.840,25.0,Male,Inactive,,,,,,STOP
804.605,D:/Pipefish Mesocosm Film/Trial 8/10-12-20/10-12 Noon 01.MTS,3601.840,25.0,Male,Wiggle,Courtship,Active wiggle,Female,3,,START
808.401,D:/Pipefish Mesocosm Film/Trial 8/10-12-20/10-12 Noon 01.MTS,3601.840,25.0,Male,Wiggle,Courtship,Active wiggle,Female,3,,STOP
808.402,D:/Pipefish Mesocosm Film/Trial 8/10-12-20/10-12 Noon 01.MTS,3601.840,25.0,Male,Inactive,,,,,,START
813.242,D:/Pipefish Mesocosm Film/Trial 8/10-12-20/10-12 Noon 01.MTS,3601.840,25.0,Male,Inactive,,,,,,STOP
813.243,D:/Pipefish Mesocosm Film/Trial 8/10-12-20/10-12 Noon 01.MTS,3601.840,25.0,Male,Wiggle,Courtship,Active wiggle,Female,4,,START
817.991,D:/Pipefish Mesocosm Film/Trial 8/10-12-20/10-12 Noon 01.MTS,3601.840,25.0,Male,Wiggle,Courtship,Active wiggle,Female,4,,STOP
817.992,D:/Pipefish Mesocosm Film/Trial 8/10-12-20/10-12 Noon 01.MTS,3601.840,25.0,Male,Inactive,,,,,,START
851.601,D:/Pipefish Mesocosm Film/Trial 8/10-12-20/10-12 Noon 01.MTS,3601.840,25.0,Female,Inactive,,,,,,STOP
851.602,D:/Pipefish Mesocosm Film/Trial 8/10-12-20/10-12 Noon 01.MTS,3601.840,25.0,Female,Pose,,S pose,Male,Front,,START
854.829,D:/Pipefish Mesocosm Film/Trial 8/10-12-20/10-12 Noon 01.MTS,3601.840,25.0,Female,Pose,,S pose,Male,Front,,STOP
854.830,D:/Pipefish Mesocosm Film/Trial 8/10-12-20/10-12 Noon 01.MTS,3601.840,25.0,Female,Inactive,,,,,,START
863.848,D:/Pipefish Mesocosm Film/Trial 8/10-12-20/10-12 Noon 01.MTS,3601.840,25.0,Male,Inactive,,,,,,STOP
863.849,D:/Pipefish Mesocosm Film/Trial 8/10-12-20/10-12 Noon 01.MTS,3601.840,25.0,Male,Wiggle,Courtship,Active wiggle,Female,3,,START
867.456,D:/Pipefish Mesocosm Film/Trial 8/10-12-20/10-12 Noon 01.MTS,3601.840,25.0,Male,Wiggle,Courtship,Active wiggle,Female,3,,STOP
867.457,D:/Pipefish Mesocosm Film/Trial 8/10-12-20/10-12 Noon 01.MTS,3601.840,25.0,Male,Inactive,,,,,,START
929.364,D:/Pipefish Mesocosm Film/Trial 8/10-12-20/10-12 Noon 01.MTS,3601.840,25.0,Female,Inactive,,,,,,STOP
929.933,D:/Pipefish Mesocosm Film/Trial 8/10-12-20/10-12 Noon 01.MTS,3601.840,25.0,Male,Inactive,,,,,,STOP
930.427,D:/Pipefish Mesocosm Film/Trial 8/10-12-20/10-12 Noon 01.MTS,3601.840,25.0,,Stop,,,,,,POINT
997.249,D:/Pipefish Mesocosm Film/Trial 8/10-12-20/10-12 Noon 01.MTS,3601.840,25.0,,Start,,,,,,POINT
997.249,D:/Pipefish Mesocosm Film/Trial 8/10-12-20/10-12 Noon 01.MTS,3601.840,25.0,Male,Wiggle,Courtship,Subtle wiggle,Female,2,,START
997.723,D:/Pipefish Mesocosm Film/Trial 8/10-12-20/10-12 Noon 01.MTS,3601.840,25.0,Female,Inactive,,,,,,START
1000.760,D:/Pipefish Mesocosm Film/Trial 8/10-12-20/10-12 Noon 01.MTS,3601.840,25.0,Male,Wiggle,Courtship,Subtle wiggle,Female,2,,STOP
1000.761,D:/Pipefish Mesocosm Film/Trial 8/10-12-20/10-12 Noon 01.MTS,3601.840,25.0,Male,Inactive,,,,,,START
1015.666,D:/Pipefish Mesocosm Film/Trial 8/10-12-20/10-12 Noon 01.MTS,3601.840,25.0,Female,Inactive,,,,,,STOP
1015.667,D:/Pipefish Mesocosm Film/Trial 8/10-12-20/10-12 Noon 01.MTS,3601.840,25.0,Female,Wiggle,Courtship,Active wiggle,Male,2,,START
1019.464,D:/Pipefish Mesocosm Film/Trial 8/10-12-20/10-12 Noon 01.MTS,3601.840,25.0,Female,Wiggle,Courtship,Active wiggle,Male,2,,STOP
1019.465,D:/Pipefish Mesocosm Film/Trial 8/10-12-20/10-12 Noon 01.MTS,3601.840,25.0,Female,Pose,,S pose,Male,Front,,START
1026.964,D:/Pipefish Mesocosm Film/Trial 8/10-12-20/10-12 Noon 01.MTS,3601.840,25.0,Female,Pose,,S pose,Male,Front,,STOP
1026.965,D:/Pipefish Mesocosm Film/Trial 8/10-12-20/10-12 Noon 01.MTS,3601.840,25.0,Female,Inactive,,,,,,START
1042.062,D:/Pipefish Mesocosm Film/Trial 8/10-12-20/10-12 Noon 01.MTS,3601.840,25.0,Male,Inactive,,,,,,STOP
1042.632,D:/Pipefish Mesocosm Film/Trial 8/10-12-20/10-12 Noon 01.MTS,3601.840,25.0,Female,Inactive,,,,,,STOP
1045.195,D:/Pipefish Mesocosm Film/Trial 8/10-12-20/10-12 Noon 01.MTS,3601.840,25.0,,Stop,,,,,,POINT
1491.153,D:/Pipefish Mesocosm Film/Trial 8/10-12-20/10-12 Noon 01.MTS,3601.840,25.0,,Start,,,,,,POINT
1491.153,D:/Pipefish Mesocosm Film/Trial 8/10-12-20/10-12 Noon 01.MTS,3601.840,25.0,Male,Wiggle,Courtship,Active wiggle,Female,2,,START
1492.103,D:/Pipefish Mesocosm Film/Trial 8/10-12-20/10-12 Noon 01.MTS,3601.840,25.0,Female,Inactive,,,,,,START
1495.329,D:/Pipefish Mesocosm Film/Trial 8/10-12-20/10-12 Noon 01.MTS,3601.840,25.0,Male,Wiggle,Courtship,Active wiggle,Female,2,,STOP
1495.330,D:/Pipefish Mesocosm Film/Trial 8/10-12-20/10-12 Noon 01.MTS,3601.840,25.0,Male,Inactive,,,,,,START
1503.971,D:/Pipefish Mesocosm Film/Trial 8/10-12-20/10-12 Noon 01.MTS,3601.840,25.0,Male,Inactive,,,,,,STOP
1503.972,D:/Pipefish Mesocosm Film/Trial 8/10-12-20/10-12 Noon 01.MTS,3601.840,25.0,Male,Wiggle,Courtship,Active wiggle,Female,3,,START
1507.481,D:/Pipefish Mesocosm Film/Trial 8/10-12-20/10-12 Noon 01.MTS,3601.840,25.0,Male,Wiggle,Courtship,Active wiggle,Female,3,,STOP
1507.482,D:/Pipefish Mesocosm Film/Trial 8/10-12-20/10-12 Noon 01.MTS,3601.840,25.0,Male,Inactive,,,,,,START
1524.856,D:/Pipefish Mesocosm Film/Trial 8/10-12-20/10-12 Noon 01.MTS,3601.840,25.0,Female,Inactive,,,,,,STOP
1524.857,D:/Pipefish Mesocosm Film/Trial 8/10-12-20/10-12 Noon 01.MTS,3601.840,25.0,Female,Wiggle,Courtship,Active wiggle,Male,3,,START
1527.991,D:/Pipefish Mesocosm Film/Trial 8/10-12-20/10-12 Noon 01.MTS,3601.840,25.0,Female,Wiggle,Courtship,Active wiggle,Male,3,,STOP
1527.992,D:/Pipefish Mesocosm Film/Trial 8/10-12-20/10-12 Noon 01.MTS,3601.840,25.0,Female,Inactive,,,,,,START
1537.674,D:/Pipefish Mesocosm Film/Trial 8/10-12-20/10-12 Noon 01.MTS,3601.840,25.0,Male,Inactive,,,,,,STOP
1537.675,D:/Pipefish Mesocosm Film/Trial 8/10-12-20/10-12 Noon 01.MTS,3601.840,25.0,Male,Wiggle,Courtship,Active wiggle,Female,3,,START
1539.953,D:/Pipefish Mesocosm Film/Trial 8/10-12-20/10-12 Noon 01.MTS,3601.840,25.0,Male,Wiggle,Courtship,Active wiggle,Female,3,,STOP
1539.954,D:/Pipefish Mesocosm Film/Trial 8/10-12-20/10-12 Noon 01.MTS,3601.840,25.0,Male,Inactive,,,,,,START
1599.485,D:/Pipefish Mesocosm Film/Trial 8/10-12-20/10-12 Noon 01.MTS,3601.840,25.0,Female,Inactive,,,,,,STOP
1599.485,D:/Pipefish Mesocosm Film/Trial 8/10-12-20/10-12 Noon 01.MTS,3601.840,25.0,Male,Inactive,,,,,,STOP
1600.073,D:/Pipefish Mesocosm Film/Trial 8/10-12-20/10-12 Noon 01.MTS,3601.840,25.0,,Stop,,,,,,POINT
1697.848,D:/Pipefish Mesocosm Film/Trial 8/10-12-20/10-12 Noon 01.MTS,3601.840,25.0,,Start,,,,,,POINT
1698.227,D:/Pipefish Mesocosm Film/Trial 8/10-12-20/10-12 Noon 01.MTS,3601.840,25.0,Male,Inactive,,,,,,START
1698.608,D:/Pipefish Mesocosm Film/Trial 8/10-12-20/10-12 Noon 01.MTS,3601.840,25.0,Female,Pose,,S pose,Male,Front,,START
1702.502,D:/Pipefish Mesocosm Film/Trial 8/10-12-20/10-12 Noon 01.MTS,3601.840,25.0,Female,Pose,,S pose,Male,Front,,STOP
1702.503,D:/Pipefish Mesocosm Film/Trial 8/10-12-20/10-12 Noon 01.MTS,3601.840,25.0,Female,Inactive,,,,,,START
1775.418,D:/Pipefish Mesocosm Film/Trial 8/10-12-20/10-12 Noon 01.MTS,3601.840,25.0,Female,Inactive,,,,,,STOP
1780.544,D:/Pipefish Mesocosm Film/Trial 8/10-12-20/10-12 Noon 01.MTS,3601.840,25.0,Male,Inactive,,,,,,STOP
1780.923,D:/Pipefish Mesocosm Film/Trial 8/10-12-20/10-12 Noon 01.MTS,3601.840,25.0,,Stop,,,,,,POINT
1856.119,D:/Pipefish Mesocosm Film/Trial 8/10-12-20/10-12 Noon 01.MTS,3601.840,25.0,,Start,,,,,,POINT
1856.119,D:/Pipefish Mesocosm Film/Trial 8/10-12-20/10-12 Noon 01.MTS,3601.840,25.0,Female,Pose,,S pose,Male,Front,,START
1856.692,D:/Pipefish Mesocosm Film/Trial 8/10-12-20/10-12 Noon 01.MTS,3601.840,25.0,Male,Inactive,,,,,,START
1858.967,D:/Pipefish Mesocosm Film/Trial 8/10-12-20/10-12 Noon 01.MTS,3601.840,25.0,Female,Pose,,S pose,Male,Front,,STOP
1858.968,D:/Pipefish Mesocosm Film/Trial 8/10-12-20/10-12 Noon 01.MTS,3601.840,25.0,Female,Inactive,,,,,,START
1922.392,D:/Pipefish Mesocosm Film/Trial 8/10-12-20/10-12 Noon 01.MTS,3601.840,25.0,Female,Inactive,,,,,,STOP
1922.392,D:/Pipefish Mesocosm Film/Trial 8/10-12-20/10-12 Noon 01.MTS,3601.840,25.0,Male,Inactive,,,,,,STOP
1922.394,D:/Pipefish Mesocosm Film/Trial 8/10-12-20/10-12 Noon 01.MTS,3601.840,25.0,,Stop,,,,,,POINT
1968.063,D:/Pipefish Mesocosm Film/Trial 8/10-12-20/10-12 Noon 01.MTS,3601.840,25.0,,Start,,,,,,POINT
1968.063,D:/Pipefish Mesocosm Film/Trial 8/10-12-20/10-12 Noon 01.MTS,3601.840,25.0,Male,Wiggle,Courtship,Active wiggle,Female,3,,START
1969.581,D:/Pipefish Mesocosm Film/Trial 8/10-12-20/10-12 Noon 01.MTS,3601.840,25.0,Female,Inactive,,,,,,START
1972.808,D:/Pipefish Mesocosm Film/Trial 8/10-12-20/10-12 Noon 01.MTS,3601.840,25.0,Male,Wiggle,Courtship,Active wiggle,Female,3,,STOP
1972.809,D:/Pipefish Mesocosm Film/Trial 8/10-12-20/10-12 Noon 01.MTS,3601.840,25.0,Male,Inactive,,,,,,START
2028.254,D:/Pipefish Mesocosm Film/Trial 8/10-12-20/10-12 Noon 01.MTS,3601.840,25.0,Female,Inactive,,,,,,STOP
2028.255,D:/Pipefish Mesocosm Film/Trial 8/10-12-20/10-12 Noon 01.MTS,3601.840,25.0,Female,Out of sight,,,,,,START
2029.679,D:/Pipefish Mesocosm Film/Trial 8/10-12-20/10-12 Noon 01.MTS,3601.840,25.0,Male,Inactive,,,,,,STOP
2029.680,D:/Pipefish Mesocosm Film/Trial 8/10-12-20/10-12 Noon 01.MTS,3601.840,25.0,Male,Out of sight,,,,,,START
2040.029,D:/Pipefish Mesocosm Film/Trial 8/10-12-20/10-12 Noon 01.MTS,3601.840,25.0,Male,Out of sight,,,,,,STOP
2040.504,D:/Pipefish Mesocosm Film/Trial 8/10-12-20/10-12 Noon 01.MTS,3601.840,25.0,Female,Out of sight,,,,,,STOP
2040.884,D:/Pipefish Mesocosm Film/Trial 8/10-12-20/10-12 Noon 01.MTS,3601.840,25.0,,Stop,,,,,,POINT
2073.166,D:/Pipefish Mesocosm Film/Trial 8/10-12-20/10-12 Noon 01.MTS,3601.840,25.0,,Start,,,,,,POINT
2073.166,D:/Pipefish Mesocosm Film/Trial 8/10-12-20/10-12 Noon 01.MTS,3601.840,25.0,Female,Pose,,S pose,Female,Front,,START
2074.495,D:/Pipefish Mesocosm Film/Trial 8/10-12-20/10-12 Noon 01.MTS,3601.840,25.0,Male,Wiggle,Courtship,Active wiggle,Female,3,,START
2077.628,D:/Pipefish Mesocosm Film/Trial 8/10-12-20/10-12 Noon 01.MTS,3601.840,25.0,Male,Wiggle,Courtship,Active wiggle,Female,3,,STOP
2077.629,D:/Pipefish Mesocosm Film/Trial 8/10-12-20/10-12 Noon 01.MTS,3601.840,25.0,Male,Inactive,,,,,,START
2081.044,D:/Pipefish Mesocosm Film/Trial 8/10-12-20/10-12 Noon 01.MTS,3601.840,25.0,Female,Pose,,S pose,Female,Front,,STOP
2081.045,D:/Pipefish Mesocosm Film/Trial 8/10-12-20/10-12 Noon 01.MTS,3601.840,25.0,Female,Inactive,,,,,,START
2104.402,D:/Pipefish Mesocosm Film/Trial 8/10-12-20/10-12 Noon 01.MTS,3601.840,25.0,Male,Inactive,,,,,,STOP
2104.403,D:/Pipefish Mesocosm Film/Trial 8/10-12-20/10-12 Noon 01.MTS,3601.840,25.0,Male,Wiggle,Courtship,Active wiggle,Female,2,,START
2107.725,D:/Pipefish Mesocosm Film/Trial 8/10-12-20/10-12 Noon 01.MTS,3601.840,25.0,Male,Wiggle,Courtship,Active wiggle,Female,2,,STOP
2107.726,D:/Pipefish Mesocosm Film/Trial 8/10-12-20/10-12 Noon 01.MTS,3601.840,25.0,Male,Inactive,,,,,,START
2142.379,D:/Pipefish Mesocosm Film/Trial 8/10-12-20/10-12 Noon 01.MTS,3601.840,25.0,Female,Inactive,,,,,,STOP
2142.961,D:/Pipefish Mesocosm Film/Trial 8/10-12-20/10-12 Noon 01.MTS,3601.840,25.0,Male,Inactive,,,,,,STOP
2143.804,D:/Pipefish Mesocosm Film/Trial 8/10-12-20/10-12 Noon 01.MTS,3601.840,25.0,,Stop,,,,,,POINT
2192.319,D:/Pipefish Mesocosm Film/Trial 8/10-12-20/10-12 Noon 01.MTS,3601.840,25.0,,Start,,,,,,POINT
2192.320,D:/Pipefish Mesocosm Film/Trial 8/10-12-20/10-12 Noon 01.MTS,3601.840,25.0,Female,Pose,,S pose,Male,Front,,START
2192.320,D:/Pipefish Mesocosm Film/Trial 8/10-12-20/10-12 Noon 01.MTS,3601.840,25.0,Male,Inactive,,,,,,START
2197.068,D:/Pipefish Mesocosm Film/Trial 8/10-12-20/10-12 Noon 01.MTS,3601.840,25.0,Female,Pose,,S pose,Male,Front,,STOP
2197.069,D:/Pipefish Mesocosm Film/Trial 8/10-12-20/10-12 Noon 01.MTS,3601.840,25.0,Female,Inactive,,,,,,START
2257.834,D:/Pipefish Mesocosm Film/Trial 8/10-12-20/10-12 Noon 01.MTS,3601.840,25.0,Female,Inactive,,,,,,STOP
2258.592,D:/Pipefish Mesocosm Film/Trial 8/10-12-20/10-12 Noon 01.MTS,3601.840,25.0,Male,Inactive,,,,,,STOP
2258.690,D:/Pipefish Mesocosm Film/Trial 8/10-12-20/10-12 Noon 01.MTS,3601.840,25.0,,Stop,,,,,,POINT
2469.655,D:/Pipefish Mesocosm Film/Trial 8/10-12-20/10-12 Noon 01.MTS,3601.840,25.0,,Start,,,,,,POINT
2469.655,D:/Pipefish Mesocosm Film/Trial 8/10-12-20/10-12 Noon 01.MTS,3601.840,25.0,Male,Wiggle,Courtship,Active wiggle,Female,3,,START
2470.701,D:/Pipefish Mesocosm Film/Trial 8/10-12-20/10-12 Noon 01.MTS,3601.840,25.0,Female,Inactive,,,,,,START
2474.498,D:/Pipefish Mesocosm Film/Trial 8/10-12-20/10-12 Noon 01.MTS,3601.840,25.0,Male,Wiggle,Courtship,Active wiggle,Female,3,,STOP
2474.499,D:/Pipefish Mesocosm Film/Trial 8/10-12-20/10-12 Noon 01.MTS,3601.840,25.0,Male,Inactive,,,,,,START
2479.338,D:/Pipefish Mesocosm Film/Trial 8/10-12-20/10-12 Noon 01.MTS,3601.840,25.0,Male,Inactive,,,,,,STOP
2479.339,D:/Pipefish Mesocosm Film/Trial 8/10-12-20/10-12 Noon 01.MTS,3601.840,25.0,Male,Wiggle,Courtship,Active wiggle,Female,3,,START
2481.525,D:/Pipefish Mesocosm Film/Trial 8/10-12-20/10-12 Noon 01.MTS,3601.840,25.0,Male,Wiggle,Courtship,Active wiggle,Female,3,,STOP
2481.526,D:/Pipefish Mesocosm Film/Trial 8/10-12-20/10-12 Noon 01.MTS,3601.840,25.0,Male,Inactive,,,,,,START
2544.094,D:/Pipefish Mesocosm Film/Trial 8/10-12-20/10-12 Noon 01.MTS,3601.840,25.0,Male,Inactive,,,,,,STOP
2544.376,D:/Pipefish Mesocosm Film/Trial 8/10-12-20/10-12 Noon 01.MTS,3601.840,25.0,Female,Inactive,,,,,,STOP
2544.947,D:/Pipefish Mesocosm Film/Trial 8/10-12-20/10-12 Noon 01.MTS,3601.840,25.0,,Stop,,,,,,POINT
2652.614,D:/Pipefish Mesocosm Film/Trial 8/10-12-20/10-12 Noon 01.MTS,3601.840,25.0,,Start,,,,,,POINT
2652.614,D:/Pipefish Mesocosm Film/Trial 8/10-12-20/10-12 Noon 01.MTS,3601.840,25.0,Female,Pose,,S pose,Male,Front,,START
2652.997,D:/Pipefish Mesocosm Film/Trial 8/10-12-20/10-12 Noon 01.MTS,3601.840,25.0,Male,Inactive,,,,,,START
2658.691,D:/Pipefish Mesocosm Film/Trial 8/10-12-20/10-12 Noon 01.MTS,3601.840,25.0,Female,Pose,,S pose,Male,Front,,STOP
2658.692,D:/Pipefish Mesocosm Film/Trial 8/10-12-20/10-12 Noon 01.MTS,3601.840,25.0,Female,Inactive,,,,,,START
2719.267,D:/Pipefish Mesocosm Film/Trial 8/10-12-20/10-12 Noon 01.MTS,3601.840,25.0,Male,Inactive,,,,,,STOP
2719.269,D:/Pipefish Mesocosm Film/Trial 8/10-12-20/10-12 Noon 01.MTS,3601.840,25.0,Female,Inactive,,,,,,STOP
2719.835,D:/Pipefish Mesocosm Film/Trial 8/10-12-20/10-12 Noon 01.MTS,3601.840,25.0,,Stop,,,,,,POINT
3282.886,D:/Pipefish Mesocosm Film/Trial 8/10-12-20/10-12 Noon 02.MTS,3601.840,25.0,,Start,,,,,,POINT
3282.886,D:/Pipefish Mesocosm Film/Trial 8/10-12-20/10-12 Noon 02.MTS,3601.840,25.0,Female,Pose,,S pose,Male,Front,,START
3284.312,D:/Pipefish Mesocosm Film/Trial 8/10-12-20/10-12 Noon 02.MTS,3601.840,25.0,Male,Inactive,,,,,,START
3290.198,D:/Pipefish Mesocosm Film/Trial 8/10-12-20/10-12 Noon 02.MTS,3601.840,25.0,Female,Pose,,S pose,Male,Front,,STOP
3290.199,D:/Pipefish Mesocosm Film/Trial 8/10-12-20/10-12 Noon 02.MTS,3601.840,25.0,Female,Inactive,,,,,,START
3351.056,D:/Pipefish Mesocosm Film/Trial 8/10-12-20/10-12 Noon 02.MTS,3601.840,25.0,Female,Inactive,,,,,,STOP
3351.056,D:/Pipefish Mesocosm Film/Trial 8/10-12-20/10-12 Noon 02.MTS,3601.840,25.0,Male,Inactive,,,,,,STOP
3351.436,D:/Pipefish Mesocosm Film/Trial 8/10-12-20/10-12 Noon 02.MTS,3601.840,25.0,,Stop,,,,,,POINT
