Observation id,T803N_02,,,,,,,,,,
,,,,,,,,,,,
Media file(s),,,,,,,,,,,
,,,,,,,,,,,
Player #1,D:/Pipefish Mesocosm Film/Trial 8/10-12-20/10-12 Noon 01.MTS,,,,,,,,,,
,,,,,,,,,,,
Observation date,2022-01-26 11:51:53,,,,,,,,,,
,,,,,,,,,,,
Description,,,,,,,,,,,
,,,,,,,,,,,
Time offset (s),0.0,,,,,,,,,,
,,,,,,,,,,,
independent variables,,,,,,,,,,,
variable,value,,,,,,,,,,
Number in group,,,,,,,,,,,
Time of day,,,,,,,,,,,
,,,,,,,,,,,
Time,Media file path,Total length,FPS,Subject,Behavior,Behavioral category,Modifier 1,Modifier 2,Modifier 3,Comment,Status
748.590,D:/Pipefish Mesocosm Film/Trial 8/10-12-20/10-12 Noon 01.MTS,2817.140,25.0,,Start,,,,,,POINT
749.157,D:/Pipefish Mesocosm Film/Trial 8/10-12-20/10-12 Noon 01.MTS,2817.140,25.0,Male,Wiggle,Courtship,Active wiggle,Female,2,,START
749.441,D:/Pipefish Mesocosm Film/Trial 8/10-12-20/10-12 Noon 01.MTS,2817.140,25.0,Female,Inactive,,,,,,START
750.864,D:/Pipefish Mesocosm Film/Trial 8/10-12-20/10-12 Noon 01.MTS,2817.140,25.0,Female,Inactive,,,,,,STOP
750.865,D:/Pipefish Mesocosm Film/Trial 8/10-12-20/10-12 Noon 01.MTS,2817.140,25.0,Female,Pose,,S pose,Male,Front,,START
752.479,D:/Pipefish Mesocosm Film/Trial 8/10-12-20/10-12 Noon 01.MTS,2817.140,25.0,Male,Wiggle,Courtship,Active wiggle,Female,2,,STOP
752.480,D:/Pipefish Mesocosm Film/Trial 8/10-12-20/10-12 Noon 01.MTS,2817.140,25.0,Male,Inactive,,,,,,START
754.662,D:/Pipefish Mesocosm Film/Trial 8/10-12-20/10-12 Noon 01.MTS,2817.140,25.0,Female,Pose,,S pose,Male,Front,,STOP
754.663,D:/Pipefish Mesocosm Film/Trial 8/10-12-20/10-12 Noon 01.MTS,2817.140,25.0,Female,Inactive,,,,,,START
774.317,D:/Pipefish Mesocosm Film/Trial 8/10-12-20/10-12 Noon 01.MTS,2817.140,25.0,Female,Inactive,,,,,,STOP
774.510,D:/Pipefish Mesocosm Film/Trial 8/10-12-20/10-12 Noon 01.MTS,2817.140,25.0,Male,Inactive,,,,,,STOP
775.076,D:/Pipefish Mesocosm Film/Trial 8/10-12-20/10-12 Noon 01.MTS,2817.140,25.0,,Stop,,,,,,POINT
2088.071,D:/Pipefish Mesocosm Film/Trial 8/10-12-20/10-12 Noon 01.MTS,2817.140,25.0,,Start,,,,,,POINT
2088.071,D:/Pipefish Mesocosm Film/Trial 8/10-12-20/10-12 Noon 01.MTS,2817.140,25.0,Female,Wiggle,Courtship,Active wiggle,Male,2,,START
2089.496,D:/Pipefish Mesocosm Film/Trial 8/10-12-20/10-12 Noon 01.MTS,2817.140,25.0,Male,Surrounding,,,,,,START
2091.109,D:/Pipefish Mesocosm Film/Trial 8/10-12-20/10-12 Noon 01.MTS,2817.140,25.0,Female,Wiggle,Courtship,Active wiggle,Male,2,,STOP
2091.110,D:/Pipefish Mesocosm Film/Trial 8/10-12-20/10-12 Noon 01.MTS,2817.140,25.0,Female,Inactive,,,,,,START
2165.736,D:/Pipefish Mesocosm Film/Trial 8/10-12-20/10-12 Noon 01.MTS,2817.140,25.0,Male,Surrounding,,,,,,STOP
2165.737,D:/Pipefish Mesocosm Film/Trial 8/10-12-20/10-12 Noon 01.MTS,2817.140,25.0,Female,Inactive,,,,,,STOP
2165.832,D:/Pipefish Mesocosm Film/Trial 8/10-12-20/10-12 Noon 01.MTS,2817.140,25.0,,Stop,,,,,,POINT
