Observation id,T803AM_02,,,,,,,,,,
,,,,,,,,,,,
Media file(s),,,,,,,,,,,
,,,,,,,,,,,
Player #1,D:/Pipefish Mesocosm Film/Trial 8/10-12-20/10-12 AM 01.MTS,,,,,,,,,,
Player #1,D:/Pipefish Mesocosm Film/Trial 8/10-12-20/10-12 AM 02.MTS,,,,,,,,,,
Player #1,D:/Pipefish Mesocosm Film/Trial 8/10-12-20/10-12 AM 03.MTS,,,,,,,,,,
,,,,,,,,,,,
Observation date,2021-07-30 16:09:16,,,,,,,,,,
,,,,,,,,,,,
Description,,,,,,,,,,,
,,,,,,,,,,,
Time offset (s),0.0,,,,,,,,,,
,,,,,,,,,,,
independent variables,,,,,,,,,,,
variable,value,,,,,,,,,,
Number in group,,,,,,,,,,,
Time of day,,,,,,,,,,,
,,,,,,,,,,,
Time,Media file path,Total length,FPS,Subject,Behavior,Behavioral category,Modifier 1,Modifier 2,Modifier 3,Comment,Status
130.214,D:/Pipefish Mesocosm Film/Trial 8/10-12-20/10-12 AM 01.MTS,7283.300,25.0,,Start,,,,,,POINT
130.214,D:/Pipefish Mesocosm Film/Trial 8/10-12-20/10-12 AM 01.MTS,7283.300,25.0,Male,Inactive,,,,,,START
130.593,D:/Pipefish Mesocosm Film/Trial 8/10-12-20/10-12 AM 01.MTS,7283.300,25.0,Female,Pose,,S pose,Male,Front,,START
134.864,D:/Pipefish Mesocosm Film/Trial 8/10-12-20/10-12 AM 01.MTS,7283.300,25.0,Male,Inactive,,,,,,STOP
134.865,D:/Pipefish Mesocosm Film/Trial 8/10-12-20/10-12 AM 01.MTS,7283.300,25.0,Male,Wiggle,Courtship,Active wiggle,Female,2,,START
136.764,D:/Pipefish Mesocosm Film/Trial 8/10-12-20/10-12 AM 01.MTS,7283.300,25.0,Male,Wiggle,Courtship,Active wiggle,Female,2,,STOP
136.765,D:/Pipefish Mesocosm Film/Trial 8/10-12-20/10-12 AM 01.MTS,7283.300,25.0,Male,Inactive,,,,,,START
139.042,D:/Pipefish Mesocosm Film/Trial 8/10-12-20/10-12 AM 01.MTS,7283.300,25.0,Female,Pose,,S pose,Male,Front,,STOP
139.043,D:/Pipefish Mesocosm Film/Trial 8/10-12-20/10-12 AM 01.MTS,7283.300,25.0,Female,Inactive,,,,,,START
142.746,D:/Pipefish Mesocosm Film/Trial 8/10-12-20/10-12 AM 01.MTS,7283.300,25.0,Second female,Surrounding,,,,,,START
144.171,D:/Pipefish Mesocosm Film/Trial 8/10-12-20/10-12 AM 01.MTS,7283.300,25.0,Female,Inactive,,,,,,STOP
144.172,D:/Pipefish Mesocosm Film/Trial 8/10-12-20/10-12 AM 01.MTS,7283.300,25.0,Female,Swim away,,,,,,START
145.215,D:/Pipefish Mesocosm Film/Trial 8/10-12-20/10-12 AM 01.MTS,7283.300,25.0,Second female,Surrounding,,,,,,STOP
145.216,D:/Pipefish Mesocosm Film/Trial 8/10-12-20/10-12 AM 01.MTS,7283.300,25.0,Second female,Chasing,,,,,,START
148.727,D:/Pipefish Mesocosm Film/Trial 8/10-12-20/10-12 AM 01.MTS,7283.300,25.0,Second female,Chasing,,,,,,STOP
148.728,D:/Pipefish Mesocosm Film/Trial 8/10-12-20/10-12 AM 01.MTS,7283.300,25.0,Second female,Surrounding,,,,,,START
154.331,D:/Pipefish Mesocosm Film/Trial 8/10-12-20/10-12 AM 01.MTS,7283.300,25.0,Female,Swim away,,,,,,STOP
154.332,D:/Pipefish Mesocosm Film/Trial 8/10-12-20/10-12 AM 01.MTS,7283.300,25.0,Female,Inactive,,,,,,START
155.564,D:/Pipefish Mesocosm Film/Trial 8/10-12-20/10-12 AM 01.MTS,7283.300,25.0,Male,Inactive,,,,,,STOP
161.640,D:/Pipefish Mesocosm Film/Trial 8/10-12-20/10-12 AM 01.MTS,7283.300,25.0,Second female,Surrounding,,,,,,STOP
161.641,D:/Pipefish Mesocosm Film/Trial 8/10-12-20/10-12 AM 01.MTS,7283.300,25.0,Second female,Swim away,,,,,,START
164.299,D:/Pipefish Mesocosm Film/Trial 8/10-12-20/10-12 AM 01.MTS,7283.300,25.0,Female,Inactive,,,,,,STOP
165.058,D:/Pipefish Mesocosm Film/Trial 8/10-12-20/10-12 AM 01.MTS,7283.300,25.0,Second female,Swim away,,,,,,STOP
165.251,D:/Pipefish Mesocosm Film/Trial 8/10-12-20/10-12 AM 01.MTS,7283.300,25.0,,Stop,,,,,,POINT
197.247,D:/Pipefish Mesocosm Film/Trial 8/10-12-20/10-12 AM 01.MTS,7283.300,25.0,,Start,,,,,,POINT
204.272,D:/Pipefish Mesocosm Film/Trial 8/10-12-20/10-12 AM 01.MTS,7283.300,25.0,Female,Pose,,S pose,Male,Front,,START
206.458,D:/Pipefish Mesocosm Film/Trial 8/10-12-20/10-12 AM 01.MTS,7283.300,25.0,Male,Wiggle,Courtship,Subtle wiggle,Female,2,,START
208.642,D:/Pipefish Mesocosm Film/Trial 8/10-12-20/10-12 AM 01.MTS,7283.300,25.0,Male,Wiggle,Courtship,Subtle wiggle,Female,2,,STOP
208.643,D:/Pipefish Mesocosm Film/Trial 8/10-12-20/10-12 AM 01.MTS,7283.300,25.0,Male,Inactive,,,,,,START
215.288,D:/Pipefish Mesocosm Film/Trial 8/10-12-20/10-12 AM 01.MTS,7283.300,25.0,Female,Pose,,S pose,Male,Front,,STOP
215.289,D:/Pipefish Mesocosm Film/Trial 8/10-12-20/10-12 AM 01.MTS,7283.300,25.0,Female,Inactive,,,,,,START
258.580,D:/Pipefish Mesocosm Film/Trial 8/10-12-20/10-12 AM 01.MTS,7283.300,25.0,Female,Inactive,,,,,,STOP
258.581,D:/Pipefish Mesocosm Film/Trial 8/10-12-20/10-12 AM 01.MTS,7283.300,25.0,Female,Pose,,S pose,Male,Front,,START
259.053,D:/Pipefish Mesocosm Film/Trial 8/10-12-20/10-12 AM 01.MTS,7283.300,25.0,Male,Inactive,,,,,,STOP
259.054,D:/Pipefish Mesocosm Film/Trial 8/10-12-20/10-12 AM 01.MTS,7283.300,25.0,Male,Wiggle,Courtship,Active wiggle,Female,2,,START
269.025,D:/Pipefish Mesocosm Film/Trial 8/10-12-20/10-12 AM 01.MTS,7283.300,25.0,Male,Wiggle,Courtship,Active wiggle,Female,2,,STOP
269.026,D:/Pipefish Mesocosm Film/Trial 8/10-12-20/10-12 AM 01.MTS,7283.300,25.0,Male,Inactive,,,,,,START
271.871,D:/Pipefish Mesocosm Film/Trial 8/10-12-20/10-12 AM 01.MTS,7283.300,25.0,Female,Pose,,S pose,Male,Front,,STOP
271.872,D:/Pipefish Mesocosm Film/Trial 8/10-12-20/10-12 AM 01.MTS,7283.300,25.0,Female,Inactive,,,,,,START
276.143,D:/Pipefish Mesocosm Film/Trial 8/10-12-20/10-12 AM 01.MTS,7283.300,25.0,Female,Inactive,,,,,,STOP
276.144,D:/Pipefish Mesocosm Film/Trial 8/10-12-20/10-12 AM 01.MTS,7283.300,25.0,Female,Out of sight,,,,,,START
278.421,D:/Pipefish Mesocosm Film/Trial 8/10-12-20/10-12 AM 01.MTS,7283.300,25.0,Male,Inactive,,,,,,STOP
278.422,D:/Pipefish Mesocosm Film/Trial 8/10-12-20/10-12 AM 01.MTS,7283.300,25.0,Male,Out of sight,,,,,,START
284.689,D:/Pipefish Mesocosm Film/Trial 8/10-12-20/10-12 AM 01.MTS,7283.300,25.0,Female,Out of sight,,,,,,STOP
284.690,D:/Pipefish Mesocosm Film/Trial 8/10-12-20/10-12 AM 01.MTS,7283.300,25.0,Female,Inactive,,,,,,START
285.545,D:/Pipefish Mesocosm Film/Trial 8/10-12-20/10-12 AM 01.MTS,7283.300,25.0,Male,Out of sight,,,,,,STOP
285.546,D:/Pipefish Mesocosm Film/Trial 8/10-12-20/10-12 AM 01.MTS,7283.300,25.0,Male,Inactive,,,,,,START
338.337,D:/Pipefish Mesocosm Film/Trial 8/10-12-20/10-12 AM 01.MTS,7283.300,25.0,Male,Inactive,,,,,,STOP
338.338,D:/Pipefish Mesocosm Film/Trial 8/10-12-20/10-12 AM 01.MTS,7283.300,25.0,Female,Inactive,,,,,,STOP
339.287,D:/Pipefish Mesocosm Film/Trial 8/10-12-20/10-12 AM 01.MTS,7283.300,25.0,,Stop,,,,,,POINT
