Observation id,T804AM,,,,,,,,,,
,,,,,,,,,,,
Media file(s),,,,,,,,,,,
,,,,,,,,,,,
Player #1,D:/Pipefish Mesocosm Film/Trial 8/11-12-20/11-12 AM 01.MTS,,,,,,,,,,
Player #1,D:/Pipefish Mesocosm Film/Trial 8/11-12-20/11-12 AM 02.MTS,,,,,,,,,,
,,,,,,,,,,,
Observation date,2022-01-28 14:38:34,,,,,,,,,,
,,,,,,,,,,,
Description,,,,,,,,,,,
,,,,,,,,,,,
Time offset (s),0.0,,,,,,,,,,
,,,,,,,,,,,
independent variables,,,,,,,,,,,
variable,value,,,,,,,,,,
Number in group,,,,,,,,,,,
Time of day,,,,,,,,,,,
,,,,,,,,,,,
Time,Media file path,Total length,FPS,Subject,Behavior,Behavioral category,Modifier 1,Modifier 2,Modifier 3,Comment,Status
55.966,D:/Pipefish Mesocosm Film/Trial 8/11-12-20/11-12 AM 01.MTS,5637.960,25.0,,Start,,,,,,POINT
55.966,D:/Pipefish Mesocosm Film/Trial 8/11-12-20/11-12 AM 01.MTS,5637.960,25.0,Female,Pose,,S pose,Male,Front,,START
57.198,D:/Pipefish Mesocosm Film/Trial 8/11-12-20/11-12 AM 01.MTS,5637.960,25.0,Male,Wiggle,Courtship,Active wiggle,Female,3,,START
60.141,D:/Pipefish Mesocosm Film/Trial 8/11-12-20/11-12 AM 01.MTS,5637.960,25.0,Male,Wiggle,Courtship,Active wiggle,Female,3,,STOP
60.142,D:/Pipefish Mesocosm Film/Trial 8/11-12-20/11-12 AM 01.MTS,5637.960,25.0,Male,Inactive,,,,,,START
62.135,D:/Pipefish Mesocosm Film/Trial 8/11-12-20/11-12 AM 01.MTS,5637.960,25.0,Female,Pose,,S pose,Male,Front,,STOP
62.136,D:/Pipefish Mesocosm Film/Trial 8/11-12-20/11-12 AM 01.MTS,5637.960,25.0,Female,Inactive,,,,,,START
82.737,D:/Pipefish Mesocosm Film/Trial 8/11-12-20/11-12 AM 01.MTS,5637.960,25.0,Male,Inactive,,,,,,STOP
82.738,D:/Pipefish Mesocosm Film/Trial 8/11-12-20/11-12 AM 01.MTS,5637.960,25.0,Male,Wiggle,Courtship,Active wiggle,Female,2,,START
87.011,D:/Pipefish Mesocosm Film/Trial 8/11-12-20/11-12 AM 01.MTS,5637.960,25.0,Male,Wiggle,Courtship,Active wiggle,Female,2,,STOP
87.012,D:/Pipefish Mesocosm Film/Trial 8/11-12-20/11-12 AM 01.MTS,5637.960,25.0,Male,Inactive,,,,,,START
91.757,D:/Pipefish Mesocosm Film/Trial 8/11-12-20/11-12 AM 01.MTS,5637.960,25.0,Female,Inactive,,,,,,STOP
91.758,D:/Pipefish Mesocosm Film/Trial 8/11-12-20/11-12 AM 01.MTS,5637.960,25.0,Female,Pose,,S pose,Male,Front,,START
91.852,D:/Pipefish Mesocosm Film/Trial 8/11-12-20/11-12 AM 01.MTS,5637.960,25.0,Male,Inactive,,,,,,STOP
91.853,D:/Pipefish Mesocosm Film/Trial 8/11-12-20/11-12 AM 01.MTS,5637.960,25.0,Male,Wiggle,Courtship,Active wiggle,Female,2,,START
94.701,D:/Pipefish Mesocosm Film/Trial 8/11-12-20/11-12 AM 01.MTS,5637.960,25.0,Male,Wiggle,Courtship,Active wiggle,Female,2,,STOP
94.702,D:/Pipefish Mesocosm Film/Trial 8/11-12-20/11-12 AM 01.MTS,5637.960,25.0,Male,Inactive,,,,,,START
106.093,D:/Pipefish Mesocosm Film/Trial 8/11-12-20/11-12 AM 01.MTS,5637.960,25.0,Female,Pose,,S pose,Male,Front,,STOP
106.094,D:/Pipefish Mesocosm Film/Trial 8/11-12-20/11-12 AM 01.MTS,5637.960,25.0,Female,Inactive,,,,,,START
110.082,D:/Pipefish Mesocosm Film/Trial 8/11-12-20/11-12 AM 01.MTS,5637.960,25.0,Male,Inactive,,,,,,STOP
110.083,D:/Pipefish Mesocosm Film/Trial 8/11-12-20/11-12 AM 01.MTS,5637.960,25.0,Male,Wiggle,Courtship,Active wiggle,Female,3,,START
112.549,D:/Pipefish Mesocosm Film/Trial 8/11-12-20/11-12 AM 01.MTS,5637.960,25.0,Male,Wiggle,Courtship,Active wiggle,Female,3,,STOP
112.550,D:/Pipefish Mesocosm Film/Trial 8/11-12-20/11-12 AM 01.MTS,5637.960,25.0,Male,Inactive,,,,,,START
120.241,D:/Pipefish Mesocosm Film/Trial 8/11-12-20/11-12 AM 01.MTS,5637.960,25.0,Male,Inactive,,,,,,STOP
120.242,D:/Pipefish Mesocosm Film/Trial 8/11-12-20/11-12 AM 01.MTS,5637.960,25.0,Male,Wiggle,Courtship,Active wiggle,Female,2,,START
143.219,D:/Pipefish Mesocosm Film/Trial 8/11-12-20/11-12 AM 01.MTS,5637.960,25.0,Male,Wiggle,Courtship,Active wiggle,Female,2,,STOP
143.220,D:/Pipefish Mesocosm Film/Trial 8/11-12-20/11-12 AM 01.MTS,5637.960,25.0,Male,Inactive,,,,,,START
148.535,D:/Pipefish Mesocosm Film/Trial 8/11-12-20/11-12 AM 01.MTS,5637.960,25.0,Female,Inactive,,,,,,STOP
148.536,D:/Pipefish Mesocosm Film/Trial 8/11-12-20/11-12 AM 01.MTS,5637.960,25.0,Female,Pose,,S pose,Male,Front,,START
153.187,D:/Pipefish Mesocosm Film/Trial 8/11-12-20/11-12 AM 01.MTS,5637.960,25.0,Male,Inactive,,,,,,STOP
153.188,D:/Pipefish Mesocosm Film/Trial 8/11-12-20/11-12 AM 01.MTS,5637.960,25.0,Male,Wiggle,Courtship,Active wiggle,Female,2,,START
156.225,D:/Pipefish Mesocosm Film/Trial 8/11-12-20/11-12 AM 01.MTS,5637.960,25.0,Male,Wiggle,Courtship,Active wiggle,Female,2,,STOP
156.226,D:/Pipefish Mesocosm Film/Trial 8/11-12-20/11-12 AM 01.MTS,5637.960,25.0,Male,Inactive,,,,,,START
164.676,D:/Pipefish Mesocosm Film/Trial 8/11-12-20/11-12 AM 01.MTS,5637.960,25.0,Female,Pose,,S pose,Male,Front,,STOP
164.677,D:/Pipefish Mesocosm Film/Trial 8/11-12-20/11-12 AM 01.MTS,5637.960,25.0,Female,Inactive,,,,,,START
190.216,D:/Pipefish Mesocosm Film/Trial 8/11-12-20/11-12 AM 01.MTS,5637.960,25.0,Male,Inactive,,,,,,STOP
190.217,D:/Pipefish Mesocosm Film/Trial 8/11-12-20/11-12 AM 01.MTS,5637.960,25.0,Male,Wiggle,Courtship,Active wiggle,Female,2,,START
199.711,D:/Pipefish Mesocosm Film/Trial 8/11-12-20/11-12 AM 01.MTS,5637.960,25.0,Male,Wiggle,Courtship,Active wiggle,Female,2,,STOP
199.712,D:/Pipefish Mesocosm Film/Trial 8/11-12-20/11-12 AM 01.MTS,5637.960,25.0,Male,Inactive,,,,,,START
236.739,D:/Pipefish Mesocosm Film/Trial 8/11-12-20/11-12 AM 01.MTS,5637.960,25.0,Female,Inactive,,,,,,STOP
236.740,D:/Pipefish Mesocosm Film/Trial 8/11-12-20/11-12 AM 01.MTS,5637.960,25.0,Female,Wiggle,Courtship,Active wiggle,Male,2,,START
238.354,D:/Pipefish Mesocosm Film/Trial 8/11-12-20/11-12 AM 01.MTS,5637.960,25.0,Female,Wiggle,Courtship,Active wiggle,Male,2,,STOP
238.355,D:/Pipefish Mesocosm Film/Trial 8/11-12-20/11-12 AM 01.MTS,5637.960,25.0,Female,Pose,,S pose,Male,Front,,START
241.108,D:/Pipefish Mesocosm Film/Trial 8/11-12-20/11-12 AM 01.MTS,5637.960,25.0,Male,Inactive,,,,,,STOP
241.109,D:/Pipefish Mesocosm Film/Trial 8/11-12-20/11-12 AM 01.MTS,5637.960,25.0,Male,Wiggle,Courtship,Active wiggle,Female,2,,START
244.903,D:/Pipefish Mesocosm Film/Trial 8/11-12-20/11-12 AM 01.MTS,5637.960,25.0,Male,Wiggle,Courtship,Active wiggle,Female,2,,STOP
244.904,D:/Pipefish Mesocosm Film/Trial 8/11-12-20/11-12 AM 01.MTS,5637.960,25.0,Male,Inactive,,,,,,START
245.760,D:/Pipefish Mesocosm Film/Trial 8/11-12-20/11-12 AM 01.MTS,5637.960,25.0,Female,Pose,,S pose,Male,Front,,STOP
245.761,D:/Pipefish Mesocosm Film/Trial 8/11-12-20/11-12 AM 01.MTS,5637.960,25.0,Female,Inactive,,,,,,START
293.327,D:/Pipefish Mesocosm Film/Trial 8/11-12-20/11-12 AM 01.MTS,5637.960,25.0,Female,Inactive,,,,,,STOP
293.328,D:/Pipefish Mesocosm Film/Trial 8/11-12-20/11-12 AM 01.MTS,5637.960,25.0,Female,Wiggle,Courtship,Active wiggle,None,3,,START
295.130,D:/Pipefish Mesocosm Film/Trial 8/11-12-20/11-12 AM 01.MTS,5637.960,25.0,Female,Wiggle,Courtship,Active wiggle,None,3,,STOP
295.131,D:/Pipefish Mesocosm Film/Trial 8/11-12-20/11-12 AM 01.MTS,5637.960,25.0,Female,Pose,,S pose,Male,Front,,START
295.131,D:/Pipefish Mesocosm Film/Trial 8/11-12-20/11-12 AM 01.MTS,5637.960,25.0,Male,Inactive,,,,,,STOP
295.132,D:/Pipefish Mesocosm Film/Trial 8/11-12-20/11-12 AM 01.MTS,5637.960,25.0,Male,Wiggle,Courtship,Active wiggle,Female,3,,START
296.744,D:/Pipefish Mesocosm Film/Trial 8/11-12-20/11-12 AM 01.MTS,5637.960,25.0,Male,Wiggle,Courtship,Active wiggle,Female,3,,STOP
296.745,D:/Pipefish Mesocosm Film/Trial 8/11-12-20/11-12 AM 01.MTS,5637.960,25.0,Male,Inactive,,,,,,START
298.167,D:/Pipefish Mesocosm Film/Trial 8/11-12-20/11-12 AM 01.MTS,5637.960,25.0,Female,Pose,,S pose,Male,Front,,STOP
298.168,D:/Pipefish Mesocosm Film/Trial 8/11-12-20/11-12 AM 01.MTS,5637.960,25.0,Female,Inactive,,,,,,START
304.342,D:/Pipefish Mesocosm Film/Trial 8/11-12-20/11-12 AM 01.MTS,5637.960,25.0,Female,Inactive,,,,,,STOP
304.343,D:/Pipefish Mesocosm Film/Trial 8/11-12-20/11-12 AM 01.MTS,5637.960,25.0,Female,Pose,,S pose,Male,Front,,START
307.473,D:/Pipefish Mesocosm Film/Trial 8/11-12-20/11-12 AM 01.MTS,5637.960,25.0,Female,Pose,,S pose,Male,Front,,STOP
307.474,D:/Pipefish Mesocosm Film/Trial 8/11-12-20/11-12 AM 01.MTS,5637.960,25.0,Female,Inactive,,,,,,START
313.739,D:/Pipefish Mesocosm Film/Trial 8/11-12-20/11-12 AM 01.MTS,5637.960,25.0,Female,Inactive,,,,,,STOP
313.740,D:/Pipefish Mesocosm Film/Trial 8/11-12-20/11-12 AM 01.MTS,5637.960,25.0,Female,Pose,,S pose,Male,Front,,START
314.594,D:/Pipefish Mesocosm Film/Trial 8/11-12-20/11-12 AM 01.MTS,5637.960,25.0,Male,Inactive,,,,,,STOP
314.595,D:/Pipefish Mesocosm Film/Trial 8/11-12-20/11-12 AM 01.MTS,5637.960,25.0,Male,Wiggle,Courtship,Active wiggle,Female,2,,START
320.575,D:/Pipefish Mesocosm Film/Trial 8/11-12-20/11-12 AM 01.MTS,5637.960,25.0,Male,Wiggle,Courtship,Active wiggle,Female,2,,STOP
320.576,D:/Pipefish Mesocosm Film/Trial 8/11-12-20/11-12 AM 01.MTS,5637.960,25.0,Male,Inactive,,,,,,START
322.094,D:/Pipefish Mesocosm Film/Trial 8/11-12-20/11-12 AM 01.MTS,5637.960,25.0,Female,Pose,,S pose,Male,Front,,STOP
322.095,D:/Pipefish Mesocosm Film/Trial 8/11-12-20/11-12 AM 01.MTS,5637.960,25.0,Female,Inactive,,,,,,START
382.289,D:/Pipefish Mesocosm Film/Trial 8/11-12-20/11-12 AM 01.MTS,5637.960,25.0,Male,Inactive,,,,,,STOP
383.335,D:/Pipefish Mesocosm Film/Trial 8/11-12-20/11-12 AM 01.MTS,5637.960,25.0,Female,Inactive,,,,,,STOP
383.810,D:/Pipefish Mesocosm Film/Trial 8/11-12-20/11-12 AM 01.MTS,5637.960,25.0,,Stop,,,,,,POINT
384.855,D:/Pipefish Mesocosm Film/Trial 8/11-12-20/11-12 AM 01.MTS,5637.960,25.0,,Start,,,,,,POINT
384.855,D:/Pipefish Mesocosm Film/Trial 8/11-12-20/11-12 AM 01.MTS,5637.960,25.0,Male,Wiggle,Courtship,Active wiggle,Female,3,,START
388.556,D:/Pipefish Mesocosm Film/Trial 8/11-12-20/11-12 AM 01.MTS,5637.960,25.0,Female,Inactive,,,,,,START
392.164,D:/Pipefish Mesocosm Film/Trial 8/11-12-20/11-12 AM 01.MTS,5637.960,25.0,Male,Wiggle,Courtship,Active wiggle,Female,3,,STOP
392.165,D:/Pipefish Mesocosm Film/Trial 8/11-12-20/11-12 AM 01.MTS,5637.960,25.0,Male,Inactive,,,,,,START
409.729,D:/Pipefish Mesocosm Film/Trial 8/11-12-20/11-12 AM 01.MTS,5637.960,25.0,Female,Inactive,,,,,,STOP
409.730,D:/Pipefish Mesocosm Film/Trial 8/11-12-20/11-12 AM 01.MTS,5637.960,25.0,Female,Pose,,S pose,Male,Front,,START
413.241,D:/Pipefish Mesocosm Film/Trial 8/11-12-20/11-12 AM 01.MTS,5637.960,25.0,Male,Inactive,,,,,,STOP
413.242,D:/Pipefish Mesocosm Film/Trial 8/11-12-20/11-12 AM 01.MTS,5637.960,25.0,Male,Wiggle,Courtship,Active wiggle,Female,2,,START
418.653,D:/Pipefish Mesocosm Film/Trial 8/11-12-20/11-12 AM 01.MTS,5637.960,25.0,Female,Pose,,S pose,Male,Front,,STOP
418.653,D:/Pipefish Mesocosm Film/Trial 8/11-12-20/11-12 AM 01.MTS,5637.960,25.0,Male,Wiggle,Courtship,Active wiggle,Female,2,,STOP
418.654,D:/Pipefish Mesocosm Film/Trial 8/11-12-20/11-12 AM 01.MTS,5637.960,25.0,Female,Inactive,,,,,,START
418.654,D:/Pipefish Mesocosm Film/Trial 8/11-12-20/11-12 AM 01.MTS,5637.960,25.0,Male,Inactive,,,,,,START
452.928,D:/Pipefish Mesocosm Film/Trial 8/11-12-20/11-12 AM 01.MTS,5637.960,25.0,Female,Inactive,,,,,,STOP
452.929,D:/Pipefish Mesocosm Film/Trial 8/11-12-20/11-12 AM 01.MTS,5637.960,25.0,Female,Pose,,S pose,Male,Front,,START
453.972,D:/Pipefish Mesocosm Film/Trial 8/11-12-20/11-12 AM 01.MTS,5637.960,25.0,Male,Inactive,,,,,,STOP
453.973,D:/Pipefish Mesocosm Film/Trial 8/11-12-20/11-12 AM 01.MTS,5637.960,25.0,Male,Wiggle,Courtship,Active wiggle,Female,2,,START
460.620,D:/Pipefish Mesocosm Film/Trial 8/11-12-20/11-12 AM 01.MTS,5637.960,25.0,Male,Wiggle,Courtship,Active wiggle,Female,2,,STOP
460.621,D:/Pipefish Mesocosm Film/Trial 8/11-12-20/11-12 AM 01.MTS,5637.960,25.0,Male,Inactive,,,,,,START
467.265,D:/Pipefish Mesocosm Film/Trial 8/11-12-20/11-12 AM 01.MTS,5637.960,25.0,Female,Pose,,S pose,Male,Front,,STOP
467.266,D:/Pipefish Mesocosm Film/Trial 8/11-12-20/11-12 AM 01.MTS,5637.960,25.0,Female,Inactive,,,,,,START
527.270,D:/Pipefish Mesocosm Film/Trial 8/11-12-20/11-12 AM 01.MTS,5637.960,25.0,Male,Inactive,,,,,,STOP
527.271,D:/Pipefish Mesocosm Film/Trial 8/11-12-20/11-12 AM 01.MTS,5637.960,25.0,Male,Wiggle,Courtship,Active wiggle,Female,3,,START
530.499,D:/Pipefish Mesocosm Film/Trial 8/11-12-20/11-12 AM 01.MTS,5637.960,25.0,Male,Wiggle,Courtship,Active wiggle,Female,3,,STOP
530.500,D:/Pipefish Mesocosm Film/Trial 8/11-12-20/11-12 AM 01.MTS,5637.960,25.0,Male,Inactive,,,,,,START
540.471,D:/Pipefish Mesocosm Film/Trial 8/11-12-20/11-12 AM 01.MTS,5637.960,25.0,Female,Inactive,,,,,,STOP
540.471,D:/Pipefish Mesocosm Film/Trial 8/11-12-20/11-12 AM 01.MTS,5637.960,25.0,Female,Pose,,S pose,Male,Front,,START
543.223,D:/Pipefish Mesocosm Film/Trial 8/11-12-20/11-12 AM 01.MTS,5637.960,25.0,Female,Pose,,S pose,Male,Front,,STOP
543.224,D:/Pipefish Mesocosm Film/Trial 8/11-12-20/11-12 AM 01.MTS,5637.960,25.0,Female,Inactive,,,,,,START
556.135,D:/Pipefish Mesocosm Film/Trial 8/11-12-20/11-12 AM 01.MTS,5637.960,25.0,Male,Inactive,,,,,,STOP
556.136,D:/Pipefish Mesocosm Film/Trial 8/11-12-20/11-12 AM 01.MTS,5637.960,25.0,Male,Wiggle,Courtship,Active wiggle,Female,3,,START
557.938,D:/Pipefish Mesocosm Film/Trial 8/11-12-20/11-12 AM 01.MTS,5637.960,25.0,Male,Wiggle,Courtship,Active wiggle,Female,3,,STOP
557.939,D:/Pipefish Mesocosm Film/Trial 8/11-12-20/11-12 AM 01.MTS,5637.960,25.0,Male,Inactive,,,,,,START
562.304,D:/Pipefish Mesocosm Film/Trial 8/11-12-20/11-12 AM 01.MTS,5637.960,25.0,Female,Inactive,,,,,,STOP
562.305,D:/Pipefish Mesocosm Film/Trial 8/11-12-20/11-12 AM 01.MTS,5637.960,25.0,Female,Out of sight,,,,,,START
572.750,D:/Pipefish Mesocosm Film/Trial 8/11-12-20/11-12 AM 01.MTS,5637.960,25.0,Male,Inactive,,,,,,STOP
573.131,D:/Pipefish Mesocosm Film/Trial 8/11-12-20/11-12 AM 01.MTS,5637.960,25.0,Female,Out of sight,,,,,,STOP
573.416,D:/Pipefish Mesocosm Film/Trial 8/11-12-20/11-12 AM 01.MTS,5637.960,25.0,,Stop,,,,,,POINT
584.810,D:/Pipefish Mesocosm Film/Trial 8/11-12-20/11-12 AM 01.MTS,5637.960,25.0,,Start,,,,,,POINT
584.810,D:/Pipefish Mesocosm Film/Trial 8/11-12-20/11-12 AM 01.MTS,5637.960,25.0,Male,Wiggle,Courtship,Active wiggle,Female,2,,START
587.004,D:/Pipefish Mesocosm Film/Trial 8/11-12-20/11-12 AM 01.MTS,5637.960,25.0,Female,Inactive,,,,,,START
588.510,D:/Pipefish Mesocosm Film/Trial 8/11-12-20/11-12 AM 01.MTS,5637.960,25.0,Male,Wiggle,Courtship,Active wiggle,Female,2,,STOP
588.511,D:/Pipefish Mesocosm Film/Trial 8/11-12-20/11-12 AM 01.MTS,5637.960,25.0,Male,Inactive,,,,,,START
593.352,D:/Pipefish Mesocosm Film/Trial 8/11-12-20/11-12 AM 01.MTS,5637.960,25.0,Female,Inactive,,,,,,STOP
593.353,D:/Pipefish Mesocosm Film/Trial 8/11-12-20/11-12 AM 01.MTS,5637.960,25.0,Female,Pose,,S pose,Male,Front,,START
598.763,D:/Pipefish Mesocosm Film/Trial 8/11-12-20/11-12 AM 01.MTS,5637.960,25.0,Male,Inactive,,,,,,STOP
598.764,D:/Pipefish Mesocosm Film/Trial 8/11-12-20/11-12 AM 01.MTS,5637.960,25.0,Male,Wiggle,Courtship,Active wiggle,Female,2,,START
602.660,D:/Pipefish Mesocosm Film/Trial 8/11-12-20/11-12 AM 01.MTS,5637.960,25.0,Female,Pose,,S pose,Male,Front,,STOP
602.661,D:/Pipefish Mesocosm Film/Trial 8/11-12-20/11-12 AM 01.MTS,5637.960,25.0,Female,Inactive,,,,,,START
604.936,D:/Pipefish Mesocosm Film/Trial 8/11-12-20/11-12 AM 01.MTS,5637.960,25.0,Male,Wiggle,Courtship,Active wiggle,Female,2,,STOP
604.937,D:/Pipefish Mesocosm Film/Trial 8/11-12-20/11-12 AM 01.MTS,5637.960,25.0,Male,Inactive,,,,,,START
630.504,D:/Pipefish Mesocosm Film/Trial 8/11-12-20/11-12 AM 01.MTS,5637.960,25.0,Female,Inactive,,,,,,STOP
630.505,D:/Pipefish Mesocosm Film/Trial 8/11-12-20/11-12 AM 01.MTS,5637.960,25.0,Female,Pose,,S pose,Male,Front,,START
636.363,D:/Pipefish Mesocosm Film/Trial 8/11-12-20/11-12 AM 01.MTS,5637.960,25.0,Male,Inactive,,,,,,STOP
636.364,D:/Pipefish Mesocosm Film/Trial 8/11-12-20/11-12 AM 01.MTS,5637.960,25.0,Male,Wiggle,Courtship,Active wiggle,Female,3,,START
639.116,D:/Pipefish Mesocosm Film/Trial 8/11-12-20/11-12 AM 01.MTS,5637.960,25.0,Female,Pose,,S pose,Male,Front,,STOP
639.117,D:/Pipefish Mesocosm Film/Trial 8/11-12-20/11-12 AM 01.MTS,5637.960,25.0,Female,Inactive,,,,,,START
640.160,D:/Pipefish Mesocosm Film/Trial 8/11-12-20/11-12 AM 01.MTS,5637.960,25.0,Male,Wiggle,Courtship,Active wiggle,Female,3,,STOP
640.161,D:/Pipefish Mesocosm Film/Trial 8/11-12-20/11-12 AM 01.MTS,5637.960,25.0,Male,Inactive,,,,,,START
641.870,D:/Pipefish Mesocosm Film/Trial 8/11-12-20/11-12 AM 01.MTS,5637.960,25.0,Male,Inactive,,,,,,STOP
641.871,D:/Pipefish Mesocosm Film/Trial 8/11-12-20/11-12 AM 01.MTS,5637.960,25.0,Male,Wiggle,Courtship,Active wiggle,Female,3,,START
648.042,D:/Pipefish Mesocosm Film/Trial 8/11-12-20/11-12 AM 01.MTS,5637.960,25.0,Male,Wiggle,Courtship,Active wiggle,Female,3,,STOP
648.044,D:/Pipefish Mesocosm Film/Trial 8/11-12-20/11-12 AM 01.MTS,5637.960,25.0,Male,Inactive,,,,,,START
675.351,D:/Pipefish Mesocosm Film/Trial 8/11-12-20/11-12 AM 01.MTS,5637.960,25.0,Female,Inactive,,,,,,STOP
675.352,D:/Pipefish Mesocosm Film/Trial 8/11-12-20/11-12 AM 01.MTS,5637.960,25.0,Female,Wiggle,Courtship,Active wiggle,Male,3,,START
679.248,D:/Pipefish Mesocosm Film/Trial 8/11-12-20/11-12 AM 01.MTS,5637.960,25.0,Female,Wiggle,Courtship,Active wiggle,Male,3,,STOP
679.249,D:/Pipefish Mesocosm Film/Trial 8/11-12-20/11-12 AM 01.MTS,5637.960,25.0,Female,Inactive,,,,,,START
681.841,D:/Pipefish Mesocosm Film/Trial 8/11-12-20/11-12 AM 01.MTS,5637.960,25.0,Male,Inactive,,,,,,STOP
681.842,D:/Pipefish Mesocosm Film/Trial 8/11-12-20/11-12 AM 01.MTS,5637.960,25.0,Male,Wiggle,Courtship,Active wiggle,Female,3,,START
686.967,D:/Pipefish Mesocosm Film/Trial 8/11-12-20/11-12 AM 01.MTS,5637.960,25.0,Male,Wiggle,Courtship,Active wiggle,Female,3,,STOP
686.968,D:/Pipefish Mesocosm Film/Trial 8/11-12-20/11-12 AM 01.MTS,5637.960,25.0,Male,Inactive,,,,,,START
691.620,D:/Pipefish Mesocosm Film/Trial 8/11-12-20/11-12 AM 01.MTS,5637.960,25.0,Male,Inactive,,,,,,STOP
691.621,D:/Pipefish Mesocosm Film/Trial 8/11-12-20/11-12 AM 01.MTS,5637.960,25.0,Male,Wiggle,Courtship,Active wiggle,Female,4,,START
693.804,D:/Pipefish Mesocosm Film/Trial 8/11-12-20/11-12 AM 01.MTS,5637.960,25.0,Male,Wiggle,Courtship,Active wiggle,Female,4,,STOP
693.805,D:/Pipefish Mesocosm Film/Trial 8/11-12-20/11-12 AM 01.MTS,5637.960,25.0,Male,Inactive,,,,,,START
699.624,D:/Pipefish Mesocosm Film/Trial 8/11-12-20/11-12 AM 01.MTS,5637.960,25.0,Female,Inactive,,,,,,STOP
699.625,D:/Pipefish Mesocosm Film/Trial 8/11-12-20/11-12 AM 01.MTS,5637.960,25.0,Female,Pose,,S pose,Male,Front,,START
699.786,D:/Pipefish Mesocosm Film/Trial 8/11-12-20/11-12 AM 01.MTS,5637.960,25.0,Male,Inactive,,,,,,STOP
699.787,D:/Pipefish Mesocosm Film/Trial 8/11-12-20/11-12 AM 01.MTS,5637.960,25.0,Male,Wiggle,Courtship,Subtle wiggle,Female,3,,START
701.210,D:/Pipefish Mesocosm Film/Trial 8/11-12-20/11-12 AM 01.MTS,5637.960,25.0,Male,Wiggle,Courtship,Subtle wiggle,Female,3,,STOP
701.211,D:/Pipefish Mesocosm Film/Trial 8/11-12-20/11-12 AM 01.MTS,5637.960,25.0,Male,Inactive,,,,,,START
702.731,D:/Pipefish Mesocosm Film/Trial 8/11-12-20/11-12 AM 01.MTS,5637.960,25.0,Female,Pose,,S pose,Male,Front,,STOP
702.732,D:/Pipefish Mesocosm Film/Trial 8/11-12-20/11-12 AM 01.MTS,5637.960,25.0,Female,Inactive,,,,,,START
762.925,D:/Pipefish Mesocosm Film/Trial 8/11-12-20/11-12 AM 01.MTS,5637.960,25.0,Female,Inactive,,,,,,STOP
762.925,D:/Pipefish Mesocosm Film/Trial 8/11-12-20/11-12 AM 01.MTS,5637.960,25.0,Male,Inactive,,,,,,STOP
763.592,D:/Pipefish Mesocosm Film/Trial 8/11-12-20/11-12 AM 01.MTS,5637.960,25.0,,Stop,,,,,,POINT
903.350,D:/Pipefish Mesocosm Film/Trial 8/11-12-20/11-12 AM 01.MTS,5637.960,25.0,,Start,,,,,,POINT
904.204,D:/Pipefish Mesocosm Film/Trial 8/11-12-20/11-12 AM 01.MTS,5637.960,25.0,Female,Pose,,S pose,Male,Front,,START
906.576,D:/Pipefish Mesocosm Film/Trial 8/11-12-20/11-12 AM 01.MTS,5637.960,25.0,Male,Wiggle,Courtship,Active wiggle,Female,3,,START
919.300,D:/Pipefish Mesocosm Film/Trial 8/11-12-20/11-12 AM 01.MTS,5637.960,25.0,Male,Wiggle,Courtship,Active wiggle,Female,3,,STOP
919.302,D:/Pipefish Mesocosm Film/Trial 8/11-12-20/11-12 AM 01.MTS,5637.960,25.0,Male,Inactive,,,,,,START
919.584,D:/Pipefish Mesocosm Film/Trial 8/11-12-20/11-12 AM 01.MTS,5637.960,25.0,Female,Pose,,S pose,Male,Front,,STOP
919.585,D:/Pipefish Mesocosm Film/Trial 8/11-12-20/11-12 AM 01.MTS,5637.960,25.0,Female,Inactive,,,,,,START
937.812,D:/Pipefish Mesocosm Film/Trial 8/11-12-20/11-12 AM 01.MTS,5637.960,25.0,Female,Inactive,,,,,,STOP
937.813,D:/Pipefish Mesocosm Film/Trial 8/11-12-20/11-12 AM 01.MTS,5637.960,25.0,Female,Wiggle,Courtship,Active wiggle,Female,2,,START
939.332,D:/Pipefish Mesocosm Film/Trial 8/11-12-20/11-12 AM 01.MTS,5637.960,25.0,Male,Inactive,,,,,,STOP
939.333,D:/Pipefish Mesocosm Film/Trial 8/11-12-20/11-12 AM 01.MTS,5637.960,25.0,Male,Wiggle,Courtship,Active wiggle,Female,2,,START
939.427,D:/Pipefish Mesocosm Film/Trial 8/11-12-20/11-12 AM 01.MTS,5637.960,25.0,Female,Wiggle,Courtship,Active wiggle,Female,2,,STOP
939.428,D:/Pipefish Mesocosm Film/Trial 8/11-12-20/11-12 AM 01.MTS,5637.960,25.0,Female,Pose,,S pose,Male,Front,,START
943.510,D:/Pipefish Mesocosm Film/Trial 8/11-12-20/11-12 AM 01.MTS,5637.960,25.0,Female,Pose,,S pose,Male,Front,,STOP
943.511,D:/Pipefish Mesocosm Film/Trial 8/11-12-20/11-12 AM 01.MTS,5637.960,25.0,Female,Inactive,,,,,,START
944.269,D:/Pipefish Mesocosm Film/Trial 8/11-12-20/11-12 AM 01.MTS,5637.960,25.0,Male,Wiggle,Courtship,Active wiggle,Female,2,,STOP
944.270,D:/Pipefish Mesocosm Film/Trial 8/11-12-20/11-12 AM 01.MTS,5637.960,25.0,Male,Inactive,,,,,,START
970.759,D:/Pipefish Mesocosm Film/Trial 8/11-12-20/11-12 AM 01.MTS,5637.960,25.0,Male,Inactive,,,,,,STOP
970.760,D:/Pipefish Mesocosm Film/Trial 8/11-12-20/11-12 AM 01.MTS,5637.960,25.0,Male,Wiggle,Courtship,Active wiggle,Female,3,,START
971.138,D:/Pipefish Mesocosm Film/Trial 8/11-12-20/11-12 AM 01.MTS,5637.960,25.0,Female,Inactive,,,,,,STOP
971.139,D:/Pipefish Mesocosm Film/Trial 8/11-12-20/11-12 AM 01.MTS,5637.960,25.0,Female,Pose,,S pose,Male,Front,,START
974.272,D:/Pipefish Mesocosm Film/Trial 8/11-12-20/11-12 AM 01.MTS,5637.960,25.0,Female,Pose,,S pose,Male,Front,,STOP
974.273,D:/Pipefish Mesocosm Film/Trial 8/11-12-20/11-12 AM 01.MTS,5637.960,25.0,Female,Inactive,,,,,,START
976.550,D:/Pipefish Mesocosm Film/Trial 8/11-12-20/11-12 AM 01.MTS,5637.960,25.0,Male,Wiggle,Courtship,Active wiggle,Female,3,,STOP
976.551,D:/Pipefish Mesocosm Film/Trial 8/11-12-20/11-12 AM 01.MTS,5637.960,25.0,Male,Inactive,,,,,,START
1026.495,D:/Pipefish Mesocosm Film/Trial 8/11-12-20/11-12 AM 01.MTS,5637.960,25.0,Female,Inactive,,,,,,STOP
1026.495,D:/Pipefish Mesocosm Film/Trial 8/11-12-20/11-12 AM 01.MTS,5637.960,25.0,Male,Inactive,,,,,,STOP
1026.778,D:/Pipefish Mesocosm Film/Trial 8/11-12-20/11-12 AM 01.MTS,5637.960,25.0,,Stop,,,,,,POINT
