Observation id,T804N,,,,,,,,,,
,,,,,,,,,,,
Media file(s),,,,,,,,,,,
,,,,,,,,,,,
Player #1,D:/Pipefish Mesocosm Film/Trial 8/11-12-20/11-12 Noon 01.MTS,,,,,,,,,,
Player #1,D:/Pipefish Mesocosm Film/Trial 8/11-12-20/11-12 Noon 02.MTS,,,,,,,,,,
,,,,,,,,,,,
Observation date,2021-11-05 14:47:32,,,,,,,,,,
,,,,,,,,,,,
Description,,,,,,,,,,,
,,,,,,,,,,,
Time offset (s),0.0,,,,,,,,,,
,,,,,,,,,,,
independent variables,,,,,,,,,,,
variable,value,,,,,,,,,,
Number in group,,,,,,,,,,,
Time of day,,,,,,,,,,,
,,,,,,,,,,,
Time,Media file path,Total length,FPS,Subject,Behavior,Behavioral category,Modifier 1,Modifier 2,Modifier 3,Comment,Status
2.300,D:/Pipefish Mesocosm Film/Trial 8/11-12-20/11-12 Noon 01.MTS,3604.720,25.0,,Start,,,,,,POINT
2.319,D:/Pipefish Mesocosm Film/Trial 8/11-12-20/11-12 Noon 01.MTS,3604.720,25.0,Male,Wiggle,Courtship,Active wiggle,Female,3,,START
6.212,D:/Pipefish Mesocosm Film/Trial 8/11-12-20/11-12 Noon 01.MTS,3604.720,25.0,Female,Inactive,,,,,,START
10.387,D:/Pipefish Mesocosm Film/Trial 8/11-12-20/11-12 Noon 01.MTS,3604.720,25.0,Male,Wiggle,Courtship,Active wiggle,Female,3,,STOP
10.388,D:/Pipefish Mesocosm Film/Trial 8/11-12-20/11-12 Noon 01.MTS,3604.720,25.0,Male,Surrounding,,,,,,START
15.610,D:/Pipefish Mesocosm Film/Trial 8/11-12-20/11-12 Noon 01.MTS,3604.720,25.0,Male,Surrounding,,,,,,STOP
15.611,D:/Pipefish Mesocosm Film/Trial 8/11-12-20/11-12 Noon 01.MTS,3604.720,25.0,Male,Wiggle,Courtship,Active wiggle,Female,3,,START
18.838,D:/Pipefish Mesocosm Film/Trial 8/11-12-20/11-12 Noon 01.MTS,3604.720,25.0,Male,Wiggle,Courtship,Active wiggle,Female,3,,STOP
18.839,D:/Pipefish Mesocosm Film/Trial 8/11-12-20/11-12 Noon 01.MTS,3604.720,25.0,Male,Surrounding,,,,,,START
73.715,D:/Pipefish Mesocosm Film/Trial 8/11-12-20/11-12 Noon 01.MTS,3604.720,25.0,Female,Inactive,,,,,,STOP
73.716,D:/Pipefish Mesocosm Film/Trial 8/11-12-20/11-12 Noon 01.MTS,3604.720,25.0,Female,Pose,,S pose,Male,Front,,START
77.038,D:/Pipefish Mesocosm Film/Trial 8/11-12-20/11-12 Noon 01.MTS,3604.720,25.0,Female,Pose,,S pose,Male,Front,,STOP
77.039,D:/Pipefish Mesocosm Film/Trial 8/11-12-20/11-12 Noon 01.MTS,3604.720,25.0,Female,Inactive,,,,,,START
111.218,D:/Pipefish Mesocosm Film/Trial 8/11-12-20/11-12 Noon 01.MTS,3604.720,25.0,Female,Inactive,,,,,,STOP
111.219,D:/Pipefish Mesocosm Film/Trial 8/11-12-20/11-12 Noon 01.MTS,3604.720,25.0,Female,Swim away,,,,,,START
111.313,D:/Pipefish Mesocosm Film/Trial 8/11-12-20/11-12 Noon 01.MTS,3604.720,25.0,Male,Surrounding,,,,,,STOP
111.314,D:/Pipefish Mesocosm Film/Trial 8/11-12-20/11-12 Noon 01.MTS,3604.720,25.0,Male,Chasing,,,,,,START
116.061,D:/Pipefish Mesocosm Film/Trial 8/11-12-20/11-12 Noon 01.MTS,3604.720,25.0,Male,Chasing,,,,,,STOP
116.062,D:/Pipefish Mesocosm Film/Trial 8/11-12-20/11-12 Noon 01.MTS,3604.720,25.0,Male,Surrounding,,,,,,START
117.391,D:/Pipefish Mesocosm Film/Trial 8/11-12-20/11-12 Noon 01.MTS,3604.720,25.0,Female,Swim away,,,,,,STOP
117.392,D:/Pipefish Mesocosm Film/Trial 8/11-12-20/11-12 Noon 01.MTS,3604.720,25.0,Female,Inactive,,,,,,START
141.604,D:/Pipefish Mesocosm Film/Trial 8/11-12-20/11-12 Noon 01.MTS,3604.720,25.0,Female,Inactive,,,,,,STOP
141.698,D:/Pipefish Mesocosm Film/Trial 8/11-12-20/11-12 Noon 01.MTS,3604.720,25.0,Male,Surrounding,,,,,,STOP
141.888,D:/Pipefish Mesocosm Film/Trial 8/11-12-20/11-12 Noon 01.MTS,3604.720,25.0,,Stop,,,,,,POINT
260.570,D:/Pipefish Mesocosm Film/Trial 8/11-12-20/11-12 Noon 01.MTS,3604.720,25.0,,Start,,,,,,POINT
260.665,D:/Pipefish Mesocosm Film/Trial 8/11-12-20/11-12 Noon 01.MTS,3604.720,25.0,Male,Wiggle,Courtship,Active wiggle,Female,2,,START
262.089,D:/Pipefish Mesocosm Film/Trial 8/11-12-20/11-12 Noon 01.MTS,3604.720,25.0,Female,Pose,,S pose,Male,Front,,START
267.119,D:/Pipefish Mesocosm Film/Trial 8/11-12-20/11-12 Noon 01.MTS,3604.720,25.0,Female,Pose,,S pose,Male,Front,,STOP
267.120,D:/Pipefish Mesocosm Film/Trial 8/11-12-20/11-12 Noon 01.MTS,3604.720,25.0,Female,Inactive,,,,,,START
267.213,D:/Pipefish Mesocosm Film/Trial 8/11-12-20/11-12 Noon 01.MTS,3604.720,25.0,Male,Wiggle,Courtship,Active wiggle,Female,2,,STOP
267.214,D:/Pipefish Mesocosm Film/Trial 8/11-12-20/11-12 Noon 01.MTS,3604.720,25.0,Male,Inactive,,,,,,START
267.406,D:/Pipefish Mesocosm Film/Trial 8/11-12-20/11-12 Noon 01.MTS,3604.720,25.0,Male,Inactive,,,,,,STOP
267.407,D:/Pipefish Mesocosm Film/Trial 8/11-12-20/11-12 Noon 01.MTS,3604.720,25.0,Male,Wiggle,Courtship,Active wiggle,Female,3,,START
269.778,D:/Pipefish Mesocosm Film/Trial 8/11-12-20/11-12 Noon 01.MTS,3604.720,25.0,Male,Wiggle,Courtship,Active wiggle,Female,3,,STOP
269.779,D:/Pipefish Mesocosm Film/Trial 8/11-12-20/11-12 Noon 01.MTS,3604.720,25.0,Male,Surrounding,,,,,,START
313.832,D:/Pipefish Mesocosm Film/Trial 8/11-12-20/11-12 Noon 01.MTS,3604.720,25.0,Female,Inactive,,,,,,STOP
313.833,D:/Pipefish Mesocosm Film/Trial 8/11-12-20/11-12 Noon 01.MTS,3604.720,25.0,Female,Pose,,S pose,Male,Front,,START
316.397,D:/Pipefish Mesocosm Film/Trial 8/11-12-20/11-12 Noon 01.MTS,3604.720,25.0,Female,Pose,,S pose,Male,Front,,STOP
316.398,D:/Pipefish Mesocosm Film/Trial 8/11-12-20/11-12 Noon 01.MTS,3604.720,25.0,Female,Out of sight,,,,,,START
317.154,D:/Pipefish Mesocosm Film/Trial 8/11-12-20/11-12 Noon 01.MTS,3604.720,25.0,Male,Surrounding,,,,,,STOP
317.155,D:/Pipefish Mesocosm Film/Trial 8/11-12-20/11-12 Noon 01.MTS,3604.720,25.0,Male,Out of sight,,,,,,START
322.851,D:/Pipefish Mesocosm Film/Trial 8/11-12-20/11-12 Noon 01.MTS,3604.720,25.0,Male,Out of sight,,,,,,STOP
322.852,D:/Pipefish Mesocosm Film/Trial 8/11-12-20/11-12 Noon 01.MTS,3604.720,25.0,Male,Surrounding,,,,,,START
323.233,D:/Pipefish Mesocosm Film/Trial 8/11-12-20/11-12 Noon 01.MTS,3604.720,25.0,Female,Out of sight,,,,,,STOP
323.234,D:/Pipefish Mesocosm Film/Trial 8/11-12-20/11-12 Noon 01.MTS,3604.720,25.0,Female,Inactive,,,,,,START
407.829,D:/Pipefish Mesocosm Film/Trial 8/11-12-20/11-12 Noon 01.MTS,3604.720,25.0,Male,Surrounding,,,,,,STOP
408.115,D:/Pipefish Mesocosm Film/Trial 8/11-12-20/11-12 Noon 01.MTS,3604.720,25.0,Female,Inactive,,,,,,STOP
408.304,D:/Pipefish Mesocosm Film/Trial 8/11-12-20/11-12 Noon 01.MTS,3604.720,25.0,,Stop,,,,,,POINT
429.763,D:/Pipefish Mesocosm Film/Trial 8/11-12-20/11-12 Noon 01.MTS,3604.720,25.0,,Start,,,,,,POINT
430.660,D:/Pipefish Mesocosm Film/Trial 8/11-12-20/11-12 Noon 01.MTS,3604.720,25.0,Male,Wiggle,Courtship,Active wiggle,Female,2,,START
432.324,D:/Pipefish Mesocosm Film/Trial 8/11-12-20/11-12 Noon 01.MTS,3604.720,25.0,Female,Inactive,,,,,,START
434.412,D:/Pipefish Mesocosm Film/Trial 8/11-12-20/11-12 Noon 01.MTS,3604.720,25.0,Male,Wiggle,Courtship,Active wiggle,Female,2,,STOP
434.413,D:/Pipefish Mesocosm Film/Trial 8/11-12-20/11-12 Noon 01.MTS,3604.720,25.0,Male,Surrounding,,,,,,START
494.256,D:/Pipefish Mesocosm Film/Trial 8/11-12-20/11-12 Noon 01.MTS,3604.720,25.0,Female,Inactive,,,,,,STOP
494.256,D:/Pipefish Mesocosm Film/Trial 8/11-12-20/11-12 Noon 01.MTS,3604.720,25.0,Male,Surrounding,,,,,,STOP
494.259,D:/Pipefish Mesocosm Film/Trial 8/11-12-20/11-12 Noon 01.MTS,3604.720,25.0,,Stop,,,,,,POINT
625.348,D:/Pipefish Mesocosm Film/Trial 8/11-12-20/11-12 Noon 01.MTS,3604.720,25.0,,Start,,,,,,POINT
626.109,D:/Pipefish Mesocosm Film/Trial 8/11-12-20/11-12 Noon 01.MTS,3604.720,25.0,Female,Pose,,S pose,Male,Front,,START
627.246,D:/Pipefish Mesocosm Film/Trial 8/11-12-20/11-12 Noon 01.MTS,3604.720,25.0,Male,Wiggle,Courtship,Active wiggle,Female,3,,START
631.330,D:/Pipefish Mesocosm Film/Trial 8/11-12-20/11-12 Noon 01.MTS,3604.720,25.0,Female,Pose,,S pose,Male,Front,,STOP
631.804,D:/Pipefish Mesocosm Film/Trial 8/11-12-20/11-12 Noon 01.MTS,3604.720,25.0,Female,Wiggle,Courtship,Active wiggle,Male,3,,START
634.083,D:/Pipefish Mesocosm Film/Trial 8/11-12-20/11-12 Noon 01.MTS,3604.720,25.0,Female,Wiggle,Courtship,Active wiggle,Male,3,,STOP
634.084,D:/Pipefish Mesocosm Film/Trial 8/11-12-20/11-12 Noon 01.MTS,3604.720,25.0,Female,Pose,,S pose,Male,Front,,START
635.885,D:/Pipefish Mesocosm Film/Trial 8/11-12-20/11-12 Noon 01.MTS,3604.720,25.0,Female,Pose,,S pose,Male,Front,,STOP
635.886,D:/Pipefish Mesocosm Film/Trial 8/11-12-20/11-12 Noon 01.MTS,3604.720,25.0,Female,Inactive,,,,,,START
637.688,D:/Pipefish Mesocosm Film/Trial 8/11-12-20/11-12 Noon 01.MTS,3604.720,25.0,Male,Wiggle,Courtship,Active wiggle,Female,3,,STOP
637.689,D:/Pipefish Mesocosm Film/Trial 8/11-12-20/11-12 Noon 01.MTS,3604.720,25.0,Male,Surrounding,,,,,,START
659.337,D:/Pipefish Mesocosm Film/Trial 8/11-12-20/11-12 Noon 01.MTS,3604.720,25.0,Male,Surrounding,,,,,,STOP
659.338,D:/Pipefish Mesocosm Film/Trial 8/11-12-20/11-12 Noon 01.MTS,3604.720,25.0,Male,Inactive,,,,,,START
664.085,D:/Pipefish Mesocosm Film/Trial 8/11-12-20/11-12 Noon 01.MTS,3604.720,25.0,Female,Inactive,,,,,,STOP
664.370,D:/Pipefish Mesocosm Film/Trial 8/11-12-20/11-12 Noon 01.MTS,3604.720,25.0,Male,Inactive,,,,,,STOP
665.794,D:/Pipefish Mesocosm Film/Trial 8/11-12-20/11-12 Noon 01.MTS,3604.720,25.0,,Stop,,,,,,POINT
856.538,D:/Pipefish Mesocosm Film/Trial 8/11-12-20/11-12 Noon 01.MTS,3604.720,25.0,,Start,,,,,,POINT
857.679,D:/Pipefish Mesocosm Film/Trial 8/11-12-20/11-12 Noon 01.MTS,3604.720,25.0,Male,Inactive,,,,,,START
858.154,D:/Pipefish Mesocosm Film/Trial 8/11-12-20/11-12 Noon 01.MTS,3604.720,25.0,Female,Pose,,S pose,Male,Front,,START
865.083,D:/Pipefish Mesocosm Film/Trial 8/11-12-20/11-12 Noon 01.MTS,3604.720,25.0,Male,Inactive,,,,,,STOP
865.084,D:/Pipefish Mesocosm Film/Trial 8/11-12-20/11-12 Noon 01.MTS,3604.720,25.0,Male,Wiggle,Courtship,Active wiggle,Female,3,,START
866.602,D:/Pipefish Mesocosm Film/Trial 8/11-12-20/11-12 Noon 01.MTS,3604.720,25.0,Male,Wiggle,Courtship,Active wiggle,Female,3,,STOP
866.603,D:/Pipefish Mesocosm Film/Trial 8/11-12-20/11-12 Noon 01.MTS,3604.720,25.0,Male,Surrounding,,,,,,START
867.839,D:/Pipefish Mesocosm Film/Trial 8/11-12-20/11-12 Noon 01.MTS,3604.720,25.0,Female,Pose,,S pose,Male,Front,,STOP
867.840,D:/Pipefish Mesocosm Film/Trial 8/11-12-20/11-12 Noon 01.MTS,3604.720,25.0,Female,Inactive,,,,,,START
875.051,D:/Pipefish Mesocosm Film/Trial 8/11-12-20/11-12 Noon 01.MTS,3604.720,25.0,Male,Surrounding,,,,,,STOP
875.052,D:/Pipefish Mesocosm Film/Trial 8/11-12-20/11-12 Noon 01.MTS,3604.720,25.0,Male,Inactive,,,,,,START
889.865,D:/Pipefish Mesocosm Film/Trial 8/11-12-20/11-12 Noon 01.MTS,3604.720,25.0,Male,Inactive,,,,,,STOP
890.908,D:/Pipefish Mesocosm Film/Trial 8/11-12-20/11-12 Noon 01.MTS,3604.720,25.0,Female,Inactive,,,,,,STOP
890.910,D:/Pipefish Mesocosm Film/Trial 8/11-12-20/11-12 Noon 01.MTS,3604.720,25.0,,Stop,,,,,,POINT
916.259,D:/Pipefish Mesocosm Film/Trial 8/11-12-20/11-12 Noon 01.MTS,3604.720,25.0,,Start,,,,,,POINT
916.639,D:/Pipefish Mesocosm Film/Trial 8/11-12-20/11-12 Noon 01.MTS,3604.720,25.0,Female,Wiggle,Courtship,Active wiggle,Male,2,,START
918.063,D:/Pipefish Mesocosm Film/Trial 8/11-12-20/11-12 Noon 01.MTS,3604.720,25.0,Male,Inactive,,,,,,START
922.808,D:/Pipefish Mesocosm Film/Trial 8/11-12-20/11-12 Noon 01.MTS,3604.720,25.0,Female,Wiggle,Courtship,Active wiggle,Male,2,,STOP
922.809,D:/Pipefish Mesocosm Film/Trial 8/11-12-20/11-12 Noon 01.MTS,3604.720,25.0,Female,Inactive,,,,,,START
981.202,D:/Pipefish Mesocosm Film/Trial 8/11-12-20/11-12 Noon 01.MTS,3604.720,25.0,Male,Inactive,,,,,,STOP
981.203,D:/Pipefish Mesocosm Film/Trial 8/11-12-20/11-12 Noon 01.MTS,3604.720,25.0,Male,Wiggle,Courtship,Active wiggle,Female,2,,START
987.658,D:/Pipefish Mesocosm Film/Trial 8/11-12-20/11-12 Noon 01.MTS,3604.720,25.0,Male,Wiggle,Courtship,Active wiggle,Female,2,,STOP
987.659,D:/Pipefish Mesocosm Film/Trial 8/11-12-20/11-12 Noon 01.MTS,3604.720,25.0,Male,Inactive,,,,,,START
1063.330,D:/Pipefish Mesocosm Film/Trial 8/11-12-20/11-12 Noon 01.MTS,3604.720,25.0,Male,Inactive,,,,,,STOP
1063.995,D:/Pipefish Mesocosm Film/Trial 8/11-12-20/11-12 Noon 01.MTS,3604.720,25.0,Female,Inactive,,,,,,STOP
1065.039,D:/Pipefish Mesocosm Film/Trial 8/11-12-20/11-12 Noon 01.MTS,3604.720,25.0,,Stop,,,,,,POINT
1092.479,D:/Pipefish Mesocosm Film/Trial 8/11-12-20/11-12 Noon 01.MTS,3604.720,25.0,,Start,,,,,,POINT
1092.479,D:/Pipefish Mesocosm Film/Trial 8/11-12-20/11-12 Noon 01.MTS,3604.720,25.0,Female,Pose,,S pose,Male,Front,,START
1092.761,D:/Pipefish Mesocosm Film/Trial 8/11-12-20/11-12 Noon 01.MTS,3604.720,25.0,Male,Wiggle,Courtship,Active wiggle,Female,2,,START
1101.877,D:/Pipefish Mesocosm Film/Trial 8/11-12-20/11-12 Noon 01.MTS,3604.720,25.0,Female,Pose,,S pose,Male,Front,,STOP
1101.878,D:/Pipefish Mesocosm Film/Trial 8/11-12-20/11-12 Noon 01.MTS,3604.720,25.0,Female,Wiggle,Courtship,Active wiggle,Male,2,,START
1102.161,D:/Pipefish Mesocosm Film/Trial 8/11-12-20/11-12 Noon 01.MTS,3604.720,25.0,Male,Wiggle,Courtship,Active wiggle,Female,2,,STOP
1102.162,D:/Pipefish Mesocosm Film/Trial 8/11-12-20/11-12 Noon 01.MTS,3604.720,25.0,Male,Inactive,,,,,,START
1108.428,D:/Pipefish Mesocosm Film/Trial 8/11-12-20/11-12 Noon 01.MTS,3604.720,25.0,Female,Wiggle,Courtship,Active wiggle,Male,2,,STOP
1108.429,D:/Pipefish Mesocosm Film/Trial 8/11-12-20/11-12 Noon 01.MTS,3604.720,25.0,Female,Inactive,,,,,,START
1133.587,D:/Pipefish Mesocosm Film/Trial 8/11-12-20/11-12 Noon 01.MTS,3604.720,25.0,Male,Inactive,,,,,,STOP
1133.588,D:/Pipefish Mesocosm Film/Trial 8/11-12-20/11-12 Noon 01.MTS,3604.720,25.0,Male,Wiggle,Courtship,Subtle wiggle,Male,2,,START
1137.859,D:/Pipefish Mesocosm Film/Trial 8/11-12-20/11-12 Noon 01.MTS,3604.720,25.0,Male,Wiggle,Courtship,Subtle wiggle,Male,2,,STOP
1137.860,D:/Pipefish Mesocosm Film/Trial 8/11-12-20/11-12 Noon 01.MTS,3604.720,25.0,Male,Inactive,,,,,,START
1205.367,D:/Pipefish Mesocosm Film/Trial 8/11-12-20/11-12 Noon 01.MTS,3604.720,25.0,Male,Inactive,,,,,,STOP
1205.368,D:/Pipefish Mesocosm Film/Trial 8/11-12-20/11-12 Noon 01.MTS,3604.720,25.0,Male,Wiggle,Courtship,Active wiggle,Female,2,,START
1215.431,D:/Pipefish Mesocosm Film/Trial 8/11-12-20/11-12 Noon 01.MTS,3604.720,25.0,Male,Wiggle,Courtship,Active wiggle,Female,2,,STOP
1215.432,D:/Pipefish Mesocosm Film/Trial 8/11-12-20/11-12 Noon 01.MTS,3604.720,25.0,Male,Inactive,,,,,,START
1287.779,D:/Pipefish Mesocosm Film/Trial 8/11-12-20/11-12 Noon 01.MTS,3604.720,25.0,Female,Inactive,,,,,,STOP
1287.780,D:/Pipefish Mesocosm Film/Trial 8/11-12-20/11-12 Noon 01.MTS,3604.720,25.0,Female,Wiggle,Courtship,Active wiggle,Male,3,,START
1290.818,D:/Pipefish Mesocosm Film/Trial 8/11-12-20/11-12 Noon 01.MTS,3604.720,25.0,Female,Wiggle,Courtship,Active wiggle,Male,3,,STOP
1290.819,D:/Pipefish Mesocosm Film/Trial 8/11-12-20/11-12 Noon 01.MTS,3604.720,25.0,Female,Inactive,,,,,,START
1346.551,D:/Pipefish Mesocosm Film/Trial 8/11-12-20/11-12 Noon 01.MTS,3604.720,25.0,Female,Inactive,,,,,,STOP
1346.836,D:/Pipefish Mesocosm Film/Trial 8/11-12-20/11-12 Noon 01.MTS,3604.720,25.0,Male,Inactive,,,,,,STOP
1347.499,D:/Pipefish Mesocosm Film/Trial 8/11-12-20/11-12 Noon 01.MTS,3604.720,25.0,,Stop,,,,,,POINT
1424.310,D:/Pipefish Mesocosm Film/Trial 8/11-12-20/11-12 Noon 01.MTS,3604.720,25.0,,Start,,,,,,POINT
1425.924,D:/Pipefish Mesocosm Film/Trial 8/11-12-20/11-12 Noon 01.MTS,3604.720,25.0,Female,Wiggle,Courtship,Active wiggle,Male,2,,START
1426.495,D:/Pipefish Mesocosm Film/Trial 8/11-12-20/11-12 Noon 01.MTS,3604.720,25.0,Male,Wiggle,Courtship,Active wiggle,Female,2,,START
1431.239,D:/Pipefish Mesocosm Film/Trial 8/11-12-20/11-12 Noon 01.MTS,3604.720,25.0,Female,Wiggle,Courtship,Active wiggle,Male,2,,STOP
1431.240,D:/Pipefish Mesocosm Film/Trial 8/11-12-20/11-12 Noon 01.MTS,3604.720,25.0,Female,Pose,,S pose,Male,Front,,START
1433.518,D:/Pipefish Mesocosm Film/Trial 8/11-12-20/11-12 Noon 01.MTS,3604.720,25.0,Male,Wiggle,Courtship,Active wiggle,Female,2,,STOP
1433.519,D:/Pipefish Mesocosm Film/Trial 8/11-12-20/11-12 Noon 01.MTS,3604.720,25.0,Male,Surrounding,,,,,,START
1434.847,D:/Pipefish Mesocosm Film/Trial 8/11-12-20/11-12 Noon 01.MTS,3604.720,25.0,Female,Pose,,S pose,Male,Front,,STOP
1434.848,D:/Pipefish Mesocosm Film/Trial 8/11-12-20/11-12 Noon 01.MTS,3604.720,25.0,Female,Inactive,,,,,,START
1448.995,D:/Pipefish Mesocosm Film/Trial 8/11-12-20/11-12 Noon 01.MTS,3604.720,25.0,Male,Surrounding,,,,,,STOP
1448.996,D:/Pipefish Mesocosm Film/Trial 8/11-12-20/11-12 Noon 01.MTS,3604.720,25.0,Male,Inactive,,,,,,START
1478.333,D:/Pipefish Mesocosm Film/Trial 8/11-12-20/11-12 Noon 01.MTS,3604.720,25.0,Male,Inactive,,,,,,STOP
1478.334,D:/Pipefish Mesocosm Film/Trial 8/11-12-20/11-12 Noon 01.MTS,3604.720,25.0,Male,Wiggle,Courtship,Active wiggle,Female,2,,START
1485.359,D:/Pipefish Mesocosm Film/Trial 8/11-12-20/11-12 Noon 01.MTS,3604.720,25.0,Male,Wiggle,Courtship,Active wiggle,Female,2,,STOP
1485.360,D:/Pipefish Mesocosm Film/Trial 8/11-12-20/11-12 Noon 01.MTS,3604.720,25.0,Male,Inactive,,,,,,START
1575.177,D:/Pipefish Mesocosm Film/Trial 8/11-12-20/11-12 Noon 01.MTS,3604.720,25.0,Male,Inactive,,,,,,STOP
1575.178,D:/Pipefish Mesocosm Film/Trial 8/11-12-20/11-12 Noon 01.MTS,3604.720,25.0,Male,Wiggle,Courtship,Active wiggle,Female,2,,START
1575.366,D:/Pipefish Mesocosm Film/Trial 8/11-12-20/11-12 Noon 01.MTS,3604.720,25.0,Female,Inactive,,,,,,STOP
1575.367,D:/Pipefish Mesocosm Film/Trial 8/11-12-20/11-12 Noon 01.MTS,3604.720,25.0,Female,Pose,,Non-s pose,Male,Front,,START
1583.721,D:/Pipefish Mesocosm Film/Trial 8/11-12-20/11-12 Noon 01.MTS,3604.720,25.0,Male,Wiggle,Courtship,Active wiggle,Female,2,,STOP
1583.722,D:/Pipefish Mesocosm Film/Trial 8/11-12-20/11-12 Noon 01.MTS,3604.720,25.0,Male,Inactive,,,,,,START
1584.008,D:/Pipefish Mesocosm Film/Trial 8/11-12-20/11-12 Noon 01.MTS,3604.720,25.0,Female,Pose,,Non-s pose,Male,Front,,STOP
1584.009,D:/Pipefish Mesocosm Film/Trial 8/11-12-20/11-12 Noon 01.MTS,3604.720,25.0,Female,Wiggle,Courtship,Active wiggle,Male,3,,START
1591.127,D:/Pipefish Mesocosm Film/Trial 8/11-12-20/11-12 Noon 01.MTS,3604.720,25.0,Female,Wiggle,Courtship,Active wiggle,Male,3,,STOP
1591.128,D:/Pipefish Mesocosm Film/Trial 8/11-12-20/11-12 Noon 01.MTS,3604.720,25.0,Female,Inactive,,,,,,START
1648.000,D:/Pipefish Mesocosm Film/Trial 8/11-12-20/11-12 Noon 01.MTS,3604.720,25.0,Male,Inactive,,,,,,STOP
1648.001,D:/Pipefish Mesocosm Film/Trial 8/11-12-20/11-12 Noon 01.MTS,3604.720,25.0,Male,Wiggle,Courtship,Active wiggle,Female,2,,START
1654.741,D:/Pipefish Mesocosm Film/Trial 8/11-12-20/11-12 Noon 01.MTS,3604.720,25.0,Male,Wiggle,Courtship,Active wiggle,Female,2,,STOP
1654.742,D:/Pipefish Mesocosm Film/Trial 8/11-12-20/11-12 Noon 01.MTS,3604.720,25.0,Male,Inactive,,,,,,START
1750.257,D:/Pipefish Mesocosm Film/Trial 8/11-12-20/11-12 Noon 01.MTS,3604.720,25.0,Male,Inactive,,,,,,STOP
1750.258,D:/Pipefish Mesocosm Film/Trial 8/11-12-20/11-12 Noon 01.MTS,3604.720,25.0,Male,Wiggle,Courtship,Active wiggle,Female,2,,START
1754.148,D:/Pipefish Mesocosm Film/Trial 8/11-12-20/11-12 Noon 01.MTS,3604.720,25.0,Male,Wiggle,Courtship,Active wiggle,Female,2,,STOP
1754.149,D:/Pipefish Mesocosm Film/Trial 8/11-12-20/11-12 Noon 01.MTS,3604.720,25.0,Male,Inactive,,,,,,START
1790.514,D:/Pipefish Mesocosm Film/Trial 8/11-12-20/11-12 Noon 01.MTS,3604.720,25.0,Male,Inactive,,,,,,STOP
1790.515,D:/Pipefish Mesocosm Film/Trial 8/11-12-20/11-12 Noon 01.MTS,3604.720,25.0,Male,Wiggle,Courtship,Active wiggle,Female,2,,START
1795.543,D:/Pipefish Mesocosm Film/Trial 8/11-12-20/11-12 Noon 01.MTS,3604.720,25.0,Male,Wiggle,Courtship,Active wiggle,Female,2,,STOP
1795.544,D:/Pipefish Mesocosm Film/Trial 8/11-12-20/11-12 Noon 01.MTS,3604.720,25.0,Male,Inactive,,,,,,START
1840.359,D:/Pipefish Mesocosm Film/Trial 8/11-12-20/11-12 Noon 01.MTS,3604.720,25.0,Male,Inactive,,,,,,STOP
1840.645,D:/Pipefish Mesocosm Film/Trial 8/11-12-20/11-12 Noon 01.MTS,3604.720,25.0,Female,Inactive,,,,,,STOP
1842.067,D:/Pipefish Mesocosm Film/Trial 8/11-12-20/11-12 Noon 01.MTS,3604.720,25.0,,Stop,,,,,,POINT
1869.220,D:/Pipefish Mesocosm Film/Trial 8/11-12-20/11-12 Noon 01.MTS,3604.720,25.0,,Start,,,,,,POINT
1869.223,D:/Pipefish Mesocosm Film/Trial 8/11-12-20/11-12 Noon 01.MTS,3604.720,25.0,Male,Wiggle,Courtship,Subtle wiggle,Female,2,,START
1869.792,D:/Pipefish Mesocosm Film/Trial 8/11-12-20/11-12 Noon 01.MTS,3604.720,25.0,Female,Inactive,,,,,,START
1870.550,D:/Pipefish Mesocosm Film/Trial 8/11-12-20/11-12 Noon 01.MTS,3604.720,25.0,Male,Wiggle,Courtship,Subtle wiggle,Female,2,,STOP
1870.551,D:/Pipefish Mesocosm Film/Trial 8/11-12-20/11-12 Noon 01.MTS,3604.720,25.0,Male,Inactive,,,,,,START
1894.098,D:/Pipefish Mesocosm Film/Trial 8/11-12-20/11-12 Noon 01.MTS,3604.720,25.0,Male,Inactive,,,,,,STOP
1894.099,D:/Pipefish Mesocosm Film/Trial 8/11-12-20/11-12 Noon 01.MTS,3604.720,25.0,Male,Wiggle,Courtship,Active wiggle,Female,2,,START
1898.560,D:/Pipefish Mesocosm Film/Trial 8/11-12-20/11-12 Noon 01.MTS,3604.720,25.0,Male,Wiggle,Courtship,Active wiggle,Female,2,,STOP
1898.561,D:/Pipefish Mesocosm Film/Trial 8/11-12-20/11-12 Noon 01.MTS,3604.720,25.0,Male,Inactive,,,,,,START
1908.340,D:/Pipefish Mesocosm Film/Trial 8/11-12-20/11-12 Noon 01.MTS,3604.720,25.0,Female,Inactive,,,,,,STOP
1908.340,D:/Pipefish Mesocosm Film/Trial 8/11-12-20/11-12 Noon 01.MTS,3604.720,25.0,Male,Inactive,,,,,,STOP
1909.289,D:/Pipefish Mesocosm Film/Trial 8/11-12-20/11-12 Noon 01.MTS,3604.720,25.0,,Stop,,,,,,POINT
1955.622,D:/Pipefish Mesocosm Film/Trial 8/11-12-20/11-12 Noon 01.MTS,3604.720,25.0,,Start,,,,,,POINT
1956.097,D:/Pipefish Mesocosm Film/Trial 8/11-12-20/11-12 Noon 01.MTS,3604.720,25.0,Male,Wiggle,Courtship,Active wiggle,Female,2,,START
1957.237,D:/Pipefish Mesocosm Film/Trial 8/11-12-20/11-12 Noon 01.MTS,3604.720,25.0,Female,Inactive,,,,,,START
1958.280,D:/Pipefish Mesocosm Film/Trial 8/11-12-20/11-12 Noon 01.MTS,3604.720,25.0,Male,Wiggle,Courtship,Active wiggle,Female,2,,STOP
1958.281,D:/Pipefish Mesocosm Film/Trial 8/11-12-20/11-12 Noon 01.MTS,3604.720,25.0,Male,Inactive,,,,,,START
1964.737,D:/Pipefish Mesocosm Film/Trial 8/11-12-20/11-12 Noon 01.MTS,3604.720,25.0,Female,Inactive,,,,,,STOP
1964.738,D:/Pipefish Mesocosm Film/Trial 8/11-12-20/11-12 Noon 01.MTS,3604.720,25.0,Female,Wiggle,Courtship,Active wiggle,Male,2,,START
1965.685,D:/Pipefish Mesocosm Film/Trial 8/11-12-20/11-12 Noon 01.MTS,3604.720,25.0,Male,Inactive,,,,,,STOP
1965.686,D:/Pipefish Mesocosm Film/Trial 8/11-12-20/11-12 Noon 01.MTS,3604.720,25.0,Male,Wiggle,Courtship,Active wiggle,Female,2,,START
1967.492,D:/Pipefish Mesocosm Film/Trial 8/11-12-20/11-12 Noon 01.MTS,3604.720,25.0,Male,Wiggle,Courtship,Active wiggle,Female,2,,STOP
1967.493,D:/Pipefish Mesocosm Film/Trial 8/11-12-20/11-12 Noon 01.MTS,3604.720,25.0,Male,Inactive,,,,,,START
1973.662,D:/Pipefish Mesocosm Film/Trial 8/11-12-20/11-12 Noon 01.MTS,3604.720,25.0,Female,Wiggle,Courtship,Active wiggle,Male,2,,STOP
1973.663,D:/Pipefish Mesocosm Film/Trial 8/11-12-20/11-12 Noon 01.MTS,3604.720,25.0,Female,Inactive,,,,,,START
2033.953,D:/Pipefish Mesocosm Film/Trial 8/11-12-20/11-12 Noon 01.MTS,3604.720,25.0,Female,Inactive,,,,,,STOP
2033.953,D:/Pipefish Mesocosm Film/Trial 8/11-12-20/11-12 Noon 01.MTS,3604.720,25.0,Male,Inactive,,,,,,STOP
2034.617,D:/Pipefish Mesocosm Film/Trial 8/11-12-20/11-12 Noon 01.MTS,3604.720,25.0,,Stop,,,,,,POINT
2069.556,D:/Pipefish Mesocosm Film/Trial 8/11-12-20/11-12 Noon 01.MTS,3604.720,25.0,,Start,,,,,,POINT
2069.556,D:/Pipefish Mesocosm Film/Trial 8/11-12-20/11-12 Noon 01.MTS,3604.720,25.0,Female,Pose,,S pose,Male,Front,,START
2069.841,D:/Pipefish Mesocosm Film/Trial 8/11-12-20/11-12 Noon 01.MTS,3604.720,25.0,Male,Wiggle,Courtship,Active wiggle,Female,2,,START
2072.974,D:/Pipefish Mesocosm Film/Trial 8/11-12-20/11-12 Noon 01.MTS,3604.720,25.0,Female,Pose,,S pose,Male,Front,,STOP
2072.975,D:/Pipefish Mesocosm Film/Trial 8/11-12-20/11-12 Noon 01.MTS,3604.720,25.0,Female,Out of sight,,,,,,START
2074.207,D:/Pipefish Mesocosm Film/Trial 8/11-12-20/11-12 Noon 01.MTS,3604.720,25.0,Male,Wiggle,Courtship,Active wiggle,Female,2,,STOP
2074.208,D:/Pipefish Mesocosm Film/Trial 8/11-12-20/11-12 Noon 01.MTS,3604.720,25.0,Male,Inactive,,,,,,START
2091.202,D:/Pipefish Mesocosm Film/Trial 8/11-12-20/11-12 Noon 01.MTS,3604.720,25.0,Female,Out of sight,,,,,,STOP
2091.203,D:/Pipefish Mesocosm Film/Trial 8/11-12-20/11-12 Noon 01.MTS,3604.720,25.0,Female,Inactive,,,,,,START
2153.299,D:/Pipefish Mesocosm Film/Trial 8/11-12-20/11-12 Noon 01.MTS,3604.720,25.0,Male,Inactive,,,,,,STOP
2153.300,D:/Pipefish Mesocosm Film/Trial 8/11-12-20/11-12 Noon 01.MTS,3604.720,25.0,Male,Wiggle,Courtship,Active wiggle,Female,2,,START
2159.850,D:/Pipefish Mesocosm Film/Trial 8/11-12-20/11-12 Noon 01.MTS,3604.720,25.0,Male,Wiggle,Courtship,Active wiggle,Female,2,,STOP
2159.851,D:/Pipefish Mesocosm Film/Trial 8/11-12-20/11-12 Noon 01.MTS,3604.720,25.0,Male,Inactive,,,,,,START
2195.737,D:/Pipefish Mesocosm Film/Trial 8/11-12-20/11-12 Noon 01.MTS,3604.720,25.0,Male,Inactive,,,,,,STOP
2195.738,D:/Pipefish Mesocosm Film/Trial 8/11-12-20/11-12 Noon 01.MTS,3604.720,25.0,Male,Wiggle,Courtship,Active wiggle,Female,2,,START
2200.391,D:/Pipefish Mesocosm Film/Trial 8/11-12-20/11-12 Noon 01.MTS,3604.720,25.0,Female,Inactive,,,,,,STOP
2200.392,D:/Pipefish Mesocosm Film/Trial 8/11-12-20/11-12 Noon 01.MTS,3604.720,25.0,Female,Wiggle,Courtship,Active wiggle,Male,2,,START
2203.523,D:/Pipefish Mesocosm Film/Trial 8/11-12-20/11-12 Noon 01.MTS,3604.720,25.0,Male,Wiggle,Courtship,Active wiggle,Female,2,,STOP
2203.524,D:/Pipefish Mesocosm Film/Trial 8/11-12-20/11-12 Noon 01.MTS,3604.720,25.0,Male,Inactive,,,,,,START
2212.163,D:/Pipefish Mesocosm Film/Trial 8/11-12-20/11-12 Noon 01.MTS,3604.720,25.0,Female,Wiggle,Courtship,Active wiggle,Male,2,,STOP
2212.164,D:/Pipefish Mesocosm Film/Trial 8/11-12-20/11-12 Noon 01.MTS,3604.720,25.0,Female,Inactive,,,,,,START
2272.548,D:/Pipefish Mesocosm Film/Trial 8/11-12-20/11-12 Noon 01.MTS,3604.720,25.0,Female,Inactive,,,,,,STOP
2272.548,D:/Pipefish Mesocosm Film/Trial 8/11-12-20/11-12 Noon 01.MTS,3604.720,25.0,Male,Inactive,,,,,,STOP
2273.136,D:/Pipefish Mesocosm Film/Trial 8/11-12-20/11-12 Noon 01.MTS,3604.720,25.0,,Stop,,,,,,POINT
2300.748,D:/Pipefish Mesocosm Film/Trial 8/11-12-20/11-12 Noon 01.MTS,3604.720,25.0,,Start,,,,,,POINT
2300.748,D:/Pipefish Mesocosm Film/Trial 8/11-12-20/11-12 Noon 01.MTS,3604.720,25.0,Male,Wiggle,Courtship,Subtle wiggle,Female,2,,START
2301.602,D:/Pipefish Mesocosm Film/Trial 8/11-12-20/11-12 Noon 01.MTS,3604.720,25.0,Female,Inactive,,,,,,START
2305.779,D:/Pipefish Mesocosm Film/Trial 8/11-12-20/11-12 Noon 01.MTS,3604.720,25.0,Male,Wiggle,Courtship,Subtle wiggle,Female,2,,STOP
2305.780,D:/Pipefish Mesocosm Film/Trial 8/11-12-20/11-12 Noon 01.MTS,3604.720,25.0,Male,Inactive,,,,,,START
2338.724,D:/Pipefish Mesocosm Film/Trial 8/11-12-20/11-12 Noon 01.MTS,3604.720,25.0,Male,Inactive,,,,,,STOP
2338.725,D:/Pipefish Mesocosm Film/Trial 8/11-12-20/11-12 Noon 01.MTS,3604.720,25.0,Male,Wiggle,Courtship,Active wiggle,Female,2,,START
2342.048,D:/Pipefish Mesocosm Film/Trial 8/11-12-20/11-12 Noon 01.MTS,3604.720,25.0,Male,Wiggle,Courtship,Active wiggle,Female,2,,STOP
2342.049,D:/Pipefish Mesocosm Film/Trial 8/11-12-20/11-12 Noon 01.MTS,3604.720,25.0,Male,Inactive,,,,,,START
2355.152,D:/Pipefish Mesocosm Film/Trial 8/11-12-20/11-12 Noon 01.MTS,3604.720,25.0,Female,Inactive,,,,,,STOP
2355.436,D:/Pipefish Mesocosm Film/Trial 8/11-12-20/11-12 Noon 01.MTS,3604.720,25.0,Male,Inactive,,,,,,STOP
2356.100,D:/Pipefish Mesocosm Film/Trial 8/11-12-20/11-12 Noon 01.MTS,3604.720,25.0,,Stop,,,,,,POINT
2377.558,D:/Pipefish Mesocosm Film/Trial 8/11-12-20/11-12 Noon 01.MTS,3604.720,25.0,,Start,,,,,,POINT
2377.938,D:/Pipefish Mesocosm Film/Trial 8/11-12-20/11-12 Noon 01.MTS,3604.720,25.0,Male,Wiggle,Courtship,Active wiggle,Female,3,,START
2378.697,D:/Pipefish Mesocosm Film/Trial 8/11-12-20/11-12 Noon 01.MTS,3604.720,25.0,Female,Inactive,,,,,,START
2381.639,D:/Pipefish Mesocosm Film/Trial 8/11-12-20/11-12 Noon 01.MTS,3604.720,25.0,Male,Wiggle,Courtship,Active wiggle,Female,3,,STOP
2381.640,D:/Pipefish Mesocosm Film/Trial 8/11-12-20/11-12 Noon 01.MTS,3604.720,25.0,Male,Inactive,,,,,,START
2427.118,D:/Pipefish Mesocosm Film/Trial 8/11-12-20/11-12 Noon 01.MTS,3604.720,25.0,Male,Inactive,,,,,,STOP
2427.119,D:/Pipefish Mesocosm Film/Trial 8/11-12-20/11-12 Noon 01.MTS,3604.720,25.0,Male,Wiggle,Courtship,Active wiggle,Female,2,,START
2434.808,D:/Pipefish Mesocosm Film/Trial 8/11-12-20/11-12 Noon 01.MTS,3604.720,25.0,Male,Wiggle,Courtship,Active wiggle,Female,2,,STOP
2434.809,D:/Pipefish Mesocosm Film/Trial 8/11-12-20/11-12 Noon 01.MTS,3604.720,25.0,Male,Inactive,,,,,,START
2510.291,D:/Pipefish Mesocosm Film/Trial 8/11-12-20/11-12 Noon 01.MTS,3604.720,25.0,Male,Inactive,,,,,,STOP
2510.292,D:/Pipefish Mesocosm Film/Trial 8/11-12-20/11-12 Noon 01.MTS,3604.720,25.0,Male,Wiggle,Courtship,Active wiggle,Female,2,,START
2512.570,D:/Pipefish Mesocosm Film/Trial 8/11-12-20/11-12 Noon 01.MTS,3604.720,25.0,Male,Wiggle,Courtship,Active wiggle,Female,2,,STOP
2512.571,D:/Pipefish Mesocosm Film/Trial 8/11-12-20/11-12 Noon 01.MTS,3604.720,25.0,Male,Inactive,,,,,,START
2608.655,D:/Pipefish Mesocosm Film/Trial 8/11-12-20/11-12 Noon 01.MTS,3604.720,25.0,Male,Inactive,,,,,,STOP
2609.130,D:/Pipefish Mesocosm Film/Trial 8/11-12-20/11-12 Noon 01.MTS,3604.720,25.0,Female,Inactive,,,,,,STOP
2609.509,D:/Pipefish Mesocosm Film/Trial 8/11-12-20/11-12 Noon 01.MTS,3604.720,25.0,,Stop,,,,,,POINT
2618.529,D:/Pipefish Mesocosm Film/Trial 8/11-12-20/11-12 Noon 01.MTS,3604.720,25.0,,Start,,,,,,POINT
2619.099,D:/Pipefish Mesocosm Film/Trial 8/11-12-20/11-12 Noon 01.MTS,3604.720,25.0,Female,Inactive,,,,,,START
2628.499,D:/Pipefish Mesocosm Film/Trial 8/11-12-20/11-12 Noon 01.MTS,3604.720,25.0,Male,Wiggle,Courtship,Active wiggle,Female,2,,START
2635.048,D:/Pipefish Mesocosm Film/Trial 8/11-12-20/11-12 Noon 01.MTS,3604.720,25.0,Male,Wiggle,Courtship,Active wiggle,Female,2,,STOP
2635.049,D:/Pipefish Mesocosm Film/Trial 8/11-12-20/11-12 Noon 01.MTS,3604.720,25.0,Male,Inactive,,,,,,START
2652.899,D:/Pipefish Mesocosm Film/Trial 8/11-12-20/11-12 Noon 01.MTS,3604.720,25.0,Female,Inactive,,,,,,STOP
2652.900,D:/Pipefish Mesocosm Film/Trial 8/11-12-20/11-12 Noon 01.MTS,3604.720,25.0,Female,Wiggle,Courtship,Active wiggle,Male,2,,START
2662.487,D:/Pipefish Mesocosm Film/Trial 8/11-12-20/11-12 Noon 01.MTS,3604.720,25.0,Female,Wiggle,Courtship,Active wiggle,Male,2,,STOP
2662.488,D:/Pipefish Mesocosm Film/Trial 8/11-12-20/11-12 Noon 01.MTS,3604.720,25.0,Female,Inactive,,,,,,START
2728.380,D:/Pipefish Mesocosm Film/Trial 8/11-12-20/11-12 Noon 01.MTS,3604.720,25.0,Male,Inactive,,,,,,STOP
2728.381,D:/Pipefish Mesocosm Film/Trial 8/11-12-20/11-12 Noon 01.MTS,3604.720,25.0,Male,Wiggle,Courtship,Active wiggle,Female,2,,START
2730.467,D:/Pipefish Mesocosm Film/Trial 8/11-12-20/11-12 Noon 01.MTS,3604.720,25.0,Male,Wiggle,Courtship,Active wiggle,Female,2,,STOP
2730.468,D:/Pipefish Mesocosm Film/Trial 8/11-12-20/11-12 Noon 01.MTS,3604.720,25.0,Male,Inactive,,,,,,START
2739.583,D:/Pipefish Mesocosm Film/Trial 8/11-12-20/11-12 Noon 01.MTS,3604.720,25.0,Male,Inactive,,,,,,STOP
2739.584,D:/Pipefish Mesocosm Film/Trial 8/11-12-20/11-12 Noon 01.MTS,3604.720,25.0,Male,Wiggle,Courtship,Active wiggle,Female,2,,START
2746.134,D:/Pipefish Mesocosm Film/Trial 8/11-12-20/11-12 Noon 01.MTS,3604.720,25.0,Male,Wiggle,Courtship,Active wiggle,Female,2,,STOP
2746.135,D:/Pipefish Mesocosm Film/Trial 8/11-12-20/11-12 Noon 01.MTS,3604.720,25.0,Male,Inactive,,,,,,START
2798.639,D:/Pipefish Mesocosm Film/Trial 8/11-12-20/11-12 Noon 01.MTS,3604.720,25.0,Male,Inactive,,,,,,STOP
2798.640,D:/Pipefish Mesocosm Film/Trial 8/11-12-20/11-12 Noon 01.MTS,3604.720,25.0,Male,Wiggle,Courtship,Subtle wiggle,Female,2,,START
2801.017,D:/Pipefish Mesocosm Film/Trial 8/11-12-20/11-12 Noon 01.MTS,3604.720,25.0,Male,Wiggle,Courtship,Subtle wiggle,Female,2,,STOP
2801.018,D:/Pipefish Mesocosm Film/Trial 8/11-12-20/11-12 Noon 01.MTS,3604.720,25.0,Male,Inactive,,,,,,START
2802.345,D:/Pipefish Mesocosm Film/Trial 8/11-12-20/11-12 Noon 01.MTS,3604.720,25.0,Female,Inactive,,,,,,STOP
2802.346,D:/Pipefish Mesocosm Film/Trial 8/11-12-20/11-12 Noon 01.MTS,3604.720,25.0,Female,Wiggle,Courtship,Active wiggle,Male,2,,START
2811.268,D:/Pipefish Mesocosm Film/Trial 8/11-12-20/11-12 Noon 01.MTS,3604.720,25.0,Female,Wiggle,Courtship,Active wiggle,Male,2,,STOP
2811.269,D:/Pipefish Mesocosm Film/Trial 8/11-12-20/11-12 Noon 01.MTS,3604.720,25.0,Female,Inactive,,,,,,START
2851.696,D:/Pipefish Mesocosm Film/Trial 8/11-12-20/11-12 Noon 02.MTS,3604.720,25.0,Male,Inactive,,,,,,STOP
2851.697,D:/Pipefish Mesocosm Film/Trial 8/11-12-20/11-12 Noon 02.MTS,3604.720,25.0,Male,Wiggle,Courtship,Active wiggle,Female,2,,START
2856.255,D:/Pipefish Mesocosm Film/Trial 8/11-12-20/11-12 Noon 02.MTS,3604.720,25.0,Male,Wiggle,Courtship,Active wiggle,Female,2,,STOP
2856.256,D:/Pipefish Mesocosm Film/Trial 8/11-12-20/11-12 Noon 02.MTS,3604.720,25.0,Male,Inactive,,,,,,START
2899.549,D:/Pipefish Mesocosm Film/Trial 8/11-12-20/11-12 Noon 02.MTS,3604.720,25.0,Male,Inactive,,,,,,STOP
2899.550,D:/Pipefish Mesocosm Film/Trial 8/11-12-20/11-12 Noon 02.MTS,3604.720,25.0,Male,Wiggle,Courtship,Active wiggle,Female,2,,START
2902.683,D:/Pipefish Mesocosm Film/Trial 8/11-12-20/11-12 Noon 02.MTS,3604.720,25.0,Male,Wiggle,Courtship,Active wiggle,Female,2,,STOP
2902.684,D:/Pipefish Mesocosm Film/Trial 8/11-12-20/11-12 Noon 02.MTS,3604.720,25.0,Male,Inactive,,,,,,START
2918.634,D:/Pipefish Mesocosm Film/Trial 8/11-12-20/11-12 Noon 02.MTS,3604.720,25.0,Male,Inactive,,,,,,STOP
2918.635,D:/Pipefish Mesocosm Film/Trial 8/11-12-20/11-12 Noon 02.MTS,3604.720,25.0,Male,Wiggle,Courtship,Active wiggle,Female,2,,START
2921.102,D:/Pipefish Mesocosm Film/Trial 8/11-12-20/11-12 Noon 02.MTS,3604.720,25.0,Male,Wiggle,Courtship,Active wiggle,Female,2,,STOP
2921.103,D:/Pipefish Mesocosm Film/Trial 8/11-12-20/11-12 Noon 02.MTS,3604.720,25.0,Male,Inactive,,,,,,START
2977.785,D:/Pipefish Mesocosm Film/Trial 8/11-12-20/11-12 Noon 02.MTS,3604.720,25.0,Male,Inactive,,,,,,STOP
2977.786,D:/Pipefish Mesocosm Film/Trial 8/11-12-20/11-12 Noon 02.MTS,3604.720,25.0,Female,Inactive,,,,,,STOP
2978.165,D:/Pipefish Mesocosm Film/Trial 8/11-12-20/11-12 Noon 02.MTS,3604.720,25.0,,Stop,,,,,,POINT
3045.101,D:/Pipefish Mesocosm Film/Trial 8/11-12-20/11-12 Noon 02.MTS,3604.720,25.0,,Start,,,,,,POINT
3045.955,D:/Pipefish Mesocosm Film/Trial 8/11-12-20/11-12 Noon 02.MTS,3604.720,25.0,Male,Wiggle,Courtship,Active wiggle,Male,2,,START
3046.240,D:/Pipefish Mesocosm Film/Trial 8/11-12-20/11-12 Noon 02.MTS,3604.720,25.0,Female,Inactive,,,,,,START
3048.329,D:/Pipefish Mesocosm Film/Trial 8/11-12-20/11-12 Noon 02.MTS,3604.720,25.0,Male,Wiggle,Courtship,Active wiggle,Male,2,,STOP
3048.330,D:/Pipefish Mesocosm Film/Trial 8/11-12-20/11-12 Noon 02.MTS,3604.720,25.0,Male,Inactive,,,,,,START
3054.500,D:/Pipefish Mesocosm Film/Trial 8/11-12-20/11-12 Noon 02.MTS,3604.720,25.0,Male,Inactive,,,,,,STOP
3054.501,D:/Pipefish Mesocosm Film/Trial 8/11-12-20/11-12 Noon 02.MTS,3604.720,25.0,Male,Wiggle,Courtship,Active wiggle,Female,2,,START
3058.107,D:/Pipefish Mesocosm Film/Trial 8/11-12-20/11-12 Noon 02.MTS,3604.720,25.0,Male,Wiggle,Courtship,Active wiggle,Female,2,,STOP
3058.108,D:/Pipefish Mesocosm Film/Trial 8/11-12-20/11-12 Noon 02.MTS,3604.720,25.0,Male,Inactive,,,,,,START
3058.679,D:/Pipefish Mesocosm Film/Trial 8/11-12-20/11-12 Noon 02.MTS,3604.720,25.0,Female,Inactive,,,,,,STOP
3058.680,D:/Pipefish Mesocosm Film/Trial 8/11-12-20/11-12 Noon 02.MTS,3604.720,25.0,Female,Wiggle,Courtship,Active wiggle,Male,2,,START
3068.932,D:/Pipefish Mesocosm Film/Trial 8/11-12-20/11-12 Noon 02.MTS,3604.720,25.0,Female,Wiggle,Courtship,Active wiggle,Male,2,,STOP
3068.933,D:/Pipefish Mesocosm Film/Trial 8/11-12-20/11-12 Noon 02.MTS,3604.720,25.0,Female,Inactive,,,,,,START
3143.558,D:/Pipefish Mesocosm Film/Trial 8/11-12-20/11-12 Noon 02.MTS,3604.720,25.0,Male,Inactive,,,,,,STOP
3143.559,D:/Pipefish Mesocosm Film/Trial 8/11-12-20/11-12 Noon 02.MTS,3604.720,25.0,Male,Wiggle,Courtship,Active wiggle,Female,3,,START
3145.837,D:/Pipefish Mesocosm Film/Trial 8/11-12-20/11-12 Noon 02.MTS,3604.720,25.0,Male,Wiggle,Courtship,Active wiggle,Female,3,,STOP
3145.838,D:/Pipefish Mesocosm Film/Trial 8/11-12-20/11-12 Noon 02.MTS,3604.720,25.0,Male,Inactive,,,,,,START
3153.241,D:/Pipefish Mesocosm Film/Trial 8/11-12-20/11-12 Noon 02.MTS,3604.720,25.0,Male,Inactive,,,,,,STOP
3153.242,D:/Pipefish Mesocosm Film/Trial 8/11-12-20/11-12 Noon 02.MTS,3604.720,25.0,Male,Wiggle,Courtship,Active wiggle,Female,2,,START
3159.223,D:/Pipefish Mesocosm Film/Trial 8/11-12-20/11-12 Noon 02.MTS,3604.720,25.0,Male,Wiggle,Courtship,Active wiggle,Female,2,,STOP
3159.224,D:/Pipefish Mesocosm Film/Trial 8/11-12-20/11-12 Noon 02.MTS,3604.720,25.0,Male,Inactive,,,,,,START
3226.731,D:/Pipefish Mesocosm Film/Trial 8/11-12-20/11-12 Noon 02.MTS,3604.720,25.0,Male,Inactive,,,,,,STOP
3226.732,D:/Pipefish Mesocosm Film/Trial 8/11-12-20/11-12 Noon 02.MTS,3604.720,25.0,Male,Wiggle,Courtship,Active wiggle,Female,2,,START
3229.484,D:/Pipefish Mesocosm Film/Trial 8/11-12-20/11-12 Noon 02.MTS,3604.720,25.0,Male,Wiggle,Courtship,Active wiggle,Female,2,,STOP
3229.485,D:/Pipefish Mesocosm Film/Trial 8/11-12-20/11-12 Noon 02.MTS,3604.720,25.0,Male,Inactive,,,,,,START
3296.704,D:/Pipefish Mesocosm Film/Trial 8/11-12-20/11-12 Noon 02.MTS,3604.720,25.0,Male,Inactive,,,,,,STOP
3296.705,D:/Pipefish Mesocosm Film/Trial 8/11-12-20/11-12 Noon 02.MTS,3604.720,25.0,Male,Wiggle,Courtship,Active wiggle,Female,3,,START
3298.700,D:/Pipefish Mesocosm Film/Trial 8/11-12-20/11-12 Noon 02.MTS,3604.720,25.0,Male,Wiggle,Courtship,Active wiggle,Female,3,,STOP
3298.701,D:/Pipefish Mesocosm Film/Trial 8/11-12-20/11-12 Noon 02.MTS,3604.720,25.0,Male,Inactive,,,,,,START
3329.746,D:/Pipefish Mesocosm Film/Trial 8/11-12-20/11-12 Noon 02.MTS,3604.720,25.0,Male,Inactive,,,,,,STOP
3329.747,D:/Pipefish Mesocosm Film/Trial 8/11-12-20/11-12 Noon 02.MTS,3604.720,25.0,Male,Wiggle,Courtship,Active wiggle,Female,2,,START
3332.215,D:/Pipefish Mesocosm Film/Trial 8/11-12-20/11-12 Noon 02.MTS,3604.720,25.0,Male,Wiggle,Courtship,Active wiggle,Female,2,,STOP
3332.216,D:/Pipefish Mesocosm Film/Trial 8/11-12-20/11-12 Noon 02.MTS,3604.720,25.0,Male,Inactive,,,,,,START
3341.328,D:/Pipefish Mesocosm Film/Trial 8/11-12-20/11-12 Noon 02.MTS,3604.720,25.0,Female,Inactive,,,,,,STOP
3341.329,D:/Pipefish Mesocosm Film/Trial 8/11-12-20/11-12 Noon 02.MTS,3604.720,25.0,Female,Wiggle,Courtship,Active wiggle,Male,2,,START
3351.395,D:/Pipefish Mesocosm Film/Trial 8/11-12-20/11-12 Noon 02.MTS,3604.720,25.0,Female,Wiggle,Courtship,Active wiggle,Male,2,,STOP
3351.396,D:/Pipefish Mesocosm Film/Trial 8/11-12-20/11-12 Noon 02.MTS,3604.720,25.0,Female,Inactive,,,,,,START
3371.995,D:/Pipefish Mesocosm Film/Trial 8/11-12-20/11-12 Noon 02.MTS,3604.720,25.0,Male,Inactive,,,,,,STOP
3371.996,D:/Pipefish Mesocosm Film/Trial 8/11-12-20/11-12 Noon 02.MTS,3604.720,25.0,Male,Wiggle,Courtship,Active wiggle,Female,2,,START
3378.356,D:/Pipefish Mesocosm Film/Trial 8/11-12-20/11-12 Noon 02.MTS,3604.720,25.0,Male,Wiggle,Courtship,Active wiggle,Female,2,,STOP
3378.357,D:/Pipefish Mesocosm Film/Trial 8/11-12-20/11-12 Noon 02.MTS,3604.720,25.0,Male,Inactive,,,,,,START
3515.556,D:/Pipefish Mesocosm Film/Trial 8/11-12-20/11-12 Noon 02.MTS,3604.720,25.0,Female,Inactive,,,,,,STOP
3515.648,D:/Pipefish Mesocosm Film/Trial 8/11-12-20/11-12 Noon 02.MTS,3604.720,25.0,Male,Inactive,,,,,,STOP
3516.693,D:/Pipefish Mesocosm Film/Trial 8/11-12-20/11-12 Noon 02.MTS,3604.720,25.0,,Stop,,,,,,POINT
3524.289,D:/Pipefish Mesocosm Film/Trial 8/11-12-20/11-12 Noon 02.MTS,3604.720,25.0,,Start,,,,,,POINT
3525.807,D:/Pipefish Mesocosm Film/Trial 8/11-12-20/11-12 Noon 02.MTS,3604.720,25.0,Male,Wiggle,Courtship,Active wiggle,Female,2,,START
3526.474,D:/Pipefish Mesocosm Film/Trial 8/11-12-20/11-12 Noon 02.MTS,3604.720,25.0,Female,Inactive,,,,,,START
3530.935,D:/Pipefish Mesocosm Film/Trial 8/11-12-20/11-12 Noon 02.MTS,3604.720,25.0,Male,Wiggle,Courtship,Active wiggle,Female,2,,STOP
3530.936,D:/Pipefish Mesocosm Film/Trial 8/11-12-20/11-12 Noon 02.MTS,3604.720,25.0,Male,Inactive,,,,,,START
3591.414,D:/Pipefish Mesocosm Film/Trial 8/11-12-20/11-12 Noon 02.MTS,3604.720,25.0,Female,Inactive,,,,,,STOP
3591.415,D:/Pipefish Mesocosm Film/Trial 8/11-12-20/11-12 Noon 02.MTS,3604.720,25.0,Female,Pose,,S pose,Male,Front,,START
3591.699,D:/Pipefish Mesocosm Film/Trial 8/11-12-20/11-12 Noon 02.MTS,3604.720,25.0,Male,Inactive,,,,,,STOP
3591.700,D:/Pipefish Mesocosm Film/Trial 8/11-12-20/11-12 Noon 02.MTS,3604.720,25.0,Male,Wiggle,Courtship,Active wiggle,Female,2,,START
3599.010,D:/Pipefish Mesocosm Film/Trial 8/11-12-20/11-12 Noon 02.MTS,3604.720,25.0,Male,Wiggle,Courtship,Active wiggle,Female,2,,STOP
3599.011,D:/Pipefish Mesocosm Film/Trial 8/11-12-20/11-12 Noon 02.MTS,3604.720,25.0,Male,Inactive,,,,,,START
3599.579,D:/Pipefish Mesocosm Film/Trial 8/11-12-20/11-12 Noon 02.MTS,3604.720,25.0,Female,Pose,,S pose,Male,Front,,STOP
3599.580,D:/Pipefish Mesocosm Film/Trial 8/11-12-20/11-12 Noon 02.MTS,3604.720,25.0,Female,Inactive,,,,,,START
3603.188,D:/Pipefish Mesocosm Film/Trial 8/11-12-20/11-12 Noon 02.MTS,3604.720,25.0,Male,Inactive,,,,,,STOP
3603.573,D:/Pipefish Mesocosm Film/Trial 8/11-12-20/11-12 Noon 02.MTS,3604.720,25.0,Female,Inactive,,,,,,STOP
3603.969,D:/Pipefish Mesocosm Film/Trial 8/11-12-20/11-12 Noon 02.MTS,3604.720,25.0,,Stop,,,,,,POINT
