Observation id,T806N,,,,,,,,,,
,,,,,,,,,,,
Media file(s),,,,,,,,,,,
,,,,,,,,,,,
Player #1,D:/Pipefish Mesocosm Film/Trial 8/13-12-20/13-12 Noon 01.MTS,,,,,,,,,,
Player #1,D:/Pipefish Mesocosm Film/Trial 8/13-12-20/13-12 Noon 02.MTS,,,,,,,,,,
,,,,,,,,,,,
Observation date,2022-01-26 15:21:30,,,,,,,,,,
,,,,,,,,,,,
Description,,,,,,,,,,,
,,,,,,,,,,,
Time offset (s),0.0,,,,,,,,,,
,,,,,,,,,,,
independent variables,,,,,,,,,,,
variable,value,,,,,,,,,,
Number in group,,,,,,,,,,,
Time of day,,,,,,,,,,,
,,,,,,,,,,,
Time,Media file path,Total length,FPS,Subject,Behavior,Behavioral category,Modifier 1,Modifier 2,Modifier 3,Comment,Status
2.890,D:/Pipefish Mesocosm Film/Trial 8/13-12-20/13-12 Noon 01.MTS,3615.760,25.0,,Start,,,,,,POINT
2.890,D:/Pipefish Mesocosm Film/Trial 8/13-12-20/13-12 Noon 01.MTS,3615.760,25.0,Female,Pose,,S pose,Male,Front,,START
3.746,D:/Pipefish Mesocosm Film/Trial 8/13-12-20/13-12 Noon 01.MTS,3615.760,25.0,Male,Inactive,,,,,,START
12.193,D:/Pipefish Mesocosm Film/Trial 8/13-12-20/13-12 Noon 01.MTS,3615.760,25.0,Female,Pose,,S pose,Male,Front,,STOP
12.194,D:/Pipefish Mesocosm Film/Trial 8/13-12-20/13-12 Noon 01.MTS,3615.760,25.0,Female,Inactive,,,,,,START
24.596,D:/Pipefish Mesocosm Film/Trial 8/13-12-20/13-12 Noon 01.MTS,3615.760,25.0,Male,Inactive,,,,,,STOP
24.597,D:/Pipefish Mesocosm Film/Trial 8/13-12-20/13-12 Noon 01.MTS,3615.760,25.0,Male,Wiggle,Courtship,Subtle wiggle,Female,2,,START
27.193,D:/Pipefish Mesocosm Film/Trial 8/13-12-20/13-12 Noon 01.MTS,3615.760,25.0,Male,Wiggle,Courtship,Subtle wiggle,Female,2,,STOP
27.194,D:/Pipefish Mesocosm Film/Trial 8/13-12-20/13-12 Noon 01.MTS,3615.760,25.0,Male,Inactive,,,,,,START
71.155,D:/Pipefish Mesocosm Film/Trial 8/13-12-20/13-12 Noon 01.MTS,3615.760,25.0,Female,Inactive,,,,,,STOP
71.346,D:/Pipefish Mesocosm Film/Trial 8/13-12-20/13-12 Noon 01.MTS,3615.760,25.0,Male,Inactive,,,,,,STOP
71.724,D:/Pipefish Mesocosm Film/Trial 8/13-12-20/13-12 Noon 01.MTS,3615.760,25.0,,Stop,,,,,,POINT
95.176,D:/Pipefish Mesocosm Film/Trial 8/13-12-20/13-12 Noon 01.MTS,3615.760,25.0,,Start,,,,,,POINT
95.176,D:/Pipefish Mesocosm Film/Trial 8/13-12-20/13-12 Noon 01.MTS,3615.760,25.0,Male,Wiggle,Courtship,Active wiggle,Female,2,,START
96.887,D:/Pipefish Mesocosm Film/Trial 8/13-12-20/13-12 Noon 01.MTS,3615.760,25.0,Female,Inactive,,,,,,START
98.500,D:/Pipefish Mesocosm Film/Trial 8/13-12-20/13-12 Noon 01.MTS,3615.760,25.0,Male,Wiggle,Courtship,Active wiggle,Female,2,,STOP
98.501,D:/Pipefish Mesocosm Film/Trial 8/13-12-20/13-12 Noon 01.MTS,3615.760,25.0,Male,Inactive,,,,,,START
101.347,D:/Pipefish Mesocosm Film/Trial 8/13-12-20/13-12 Noon 01.MTS,3615.760,25.0,Female,Inactive,,,,,,STOP
101.348,D:/Pipefish Mesocosm Film/Trial 8/13-12-20/13-12 Noon 01.MTS,3615.760,25.0,Female,Pose,,S pose,Male,Front,,START
108.279,D:/Pipefish Mesocosm Film/Trial 8/13-12-20/13-12 Noon 01.MTS,3615.760,25.0,Female,Pose,,S pose,Male,Front,,STOP
108.280,D:/Pipefish Mesocosm Film/Trial 8/13-12-20/13-12 Noon 01.MTS,3615.760,25.0,Female,Inactive,,,,,,START
123.661,D:/Pipefish Mesocosm Film/Trial 8/13-12-20/13-12 Noon 01.MTS,3615.760,25.0,Female,Inactive,,,,,,STOP
123.661,D:/Pipefish Mesocosm Film/Trial 8/13-12-20/13-12 Noon 01.MTS,3615.760,25.0,Male,Inactive,,,,,,STOP
123.664,D:/Pipefish Mesocosm Film/Trial 8/13-12-20/13-12 Noon 01.MTS,3615.760,25.0,,Stop,,,,,,POINT
225.441,D:/Pipefish Mesocosm Film/Trial 8/13-12-20/13-12 Noon 01.MTS,3615.760,25.0,,Start,,,,,,POINT
225.441,D:/Pipefish Mesocosm Film/Trial 8/13-12-20/13-12 Noon 01.MTS,3615.760,25.0,Male,Wiggle,Courtship,Active wiggle,Female,2,,START
227.909,D:/Pipefish Mesocosm Film/Trial 8/13-12-20/13-12 Noon 01.MTS,3615.760,25.0,Female,Inactive,,,,,,START
230.282,D:/Pipefish Mesocosm Film/Trial 8/13-12-20/13-12 Noon 01.MTS,3615.760,25.0,Male,Wiggle,Courtship,Active wiggle,Female,2,,STOP
230.283,D:/Pipefish Mesocosm Film/Trial 8/13-12-20/13-12 Noon 01.MTS,3615.760,25.0,Male,Inactive,,,,,,START
290.286,D:/Pipefish Mesocosm Film/Trial 8/13-12-20/13-12 Noon 01.MTS,3615.760,25.0,Female,Inactive,,,,,,STOP
290.382,D:/Pipefish Mesocosm Film/Trial 8/13-12-20/13-12 Noon 01.MTS,3615.760,25.0,Male,Inactive,,,,,,STOP
290.477,D:/Pipefish Mesocosm Film/Trial 8/13-12-20/13-12 Noon 01.MTS,3615.760,25.0,,Stop,,,,,,POINT
312.504,D:/Pipefish Mesocosm Film/Trial 8/13-12-20/13-12 Noon 01.MTS,3615.760,25.0,,Start,,,,,,POINT
312.694,D:/Pipefish Mesocosm Film/Trial 8/13-12-20/13-12 Noon 01.MTS,3615.760,25.0,Male,Wiggle,Courtship,Active wiggle,Female,2,,START
313.358,D:/Pipefish Mesocosm Film/Trial 8/13-12-20/13-12 Noon 01.MTS,3615.760,25.0,Female,Inactive,,,,,,START
318.295,D:/Pipefish Mesocosm Film/Trial 8/13-12-20/13-12 Noon 01.MTS,3615.760,25.0,Male,Wiggle,Courtship,Active wiggle,Female,2,,STOP
318.296,D:/Pipefish Mesocosm Film/Trial 8/13-12-20/13-12 Noon 01.MTS,3615.760,25.0,Male,Inactive,,,,,,START
326.270,D:/Pipefish Mesocosm Film/Trial 8/13-12-20/13-12 Noon 01.MTS,3615.760,25.0,Male,Inactive,,,,,,STOP
326.365,D:/Pipefish Mesocosm Film/Trial 8/13-12-20/13-12 Noon 01.MTS,3615.760,25.0,Female,Inactive,,,,,,STOP
326.839,D:/Pipefish Mesocosm Film/Trial 8/13-12-20/13-12 Noon 01.MTS,3615.760,25.0,,Stop,,,,,,POINT
577.591,D:/Pipefish Mesocosm Film/Trial 8/13-12-20/13-12 Noon 01.MTS,3615.760,25.0,,Start,,,,,,POINT
578.159,D:/Pipefish Mesocosm Film/Trial 8/13-12-20/13-12 Noon 01.MTS,3615.760,25.0,Male,Wiggle,Courtship,Active wiggle,Female,2,,START
579.299,D:/Pipefish Mesocosm Film/Trial 8/13-12-20/13-12 Noon 01.MTS,3615.760,25.0,Female,Inactive,,,,,,START
582.147,D:/Pipefish Mesocosm Film/Trial 8/13-12-20/13-12 Noon 01.MTS,3615.760,25.0,Male,Wiggle,Courtship,Active wiggle,Female,2,,STOP
582.148,D:/Pipefish Mesocosm Film/Trial 8/13-12-20/13-12 Noon 01.MTS,3615.760,25.0,Male,Inactive,,,,,,START
583.571,D:/Pipefish Mesocosm Film/Trial 8/13-12-20/13-12 Noon 01.MTS,3615.760,25.0,Female,Inactive,,,,,,STOP
583.572,D:/Pipefish Mesocosm Film/Trial 8/13-12-20/13-12 Noon 01.MTS,3615.760,25.0,Female,Pose,,S pose,Male,Front,,START
588.127,D:/Pipefish Mesocosm Film/Trial 8/13-12-20/13-12 Noon 01.MTS,3615.760,25.0,Female,Pose,,S pose,Male,Front,,STOP
588.128,D:/Pipefish Mesocosm Film/Trial 8/13-12-20/13-12 Noon 01.MTS,3615.760,25.0,Female,Inactive,,,,,,START
596.958,D:/Pipefish Mesocosm Film/Trial 8/13-12-20/13-12 Noon 01.MTS,3615.760,25.0,Female,Inactive,,,,,,STOP
596.959,D:/Pipefish Mesocosm Film/Trial 8/13-12-20/13-12 Noon 01.MTS,3615.760,25.0,Female,Pose,,S pose,Male,Front,,START
599.521,D:/Pipefish Mesocosm Film/Trial 8/13-12-20/13-12 Noon 01.MTS,3615.760,25.0,Female,Pose,,S pose,Male,Front,,STOP
599.522,D:/Pipefish Mesocosm Film/Trial 8/13-12-20/13-12 Noon 01.MTS,3615.760,25.0,Female,Inactive,,,,,,START
627.341,D:/Pipefish Mesocosm Film/Trial 8/13-12-20/13-12 Noon 01.MTS,3615.760,25.0,Male,Inactive,,,,,,STOP
628.005,D:/Pipefish Mesocosm Film/Trial 8/13-12-20/13-12 Noon 01.MTS,3615.760,25.0,Female,Inactive,,,,,,STOP
628.816,D:/Pipefish Mesocosm Film/Trial 8/13-12-20/13-12 Noon 01.MTS,3615.760,25.0,,Stop,,,,,,POINT
682.695,D:/Pipefish Mesocosm Film/Trial 8/13-12-20/13-12 Noon 01.MTS,3615.760,25.0,,Start,,,,,,POINT
683.358,D:/Pipefish Mesocosm Film/Trial 8/13-12-20/13-12 Noon 01.MTS,3615.760,25.0,Female,Pose,,S pose,Male,Front,,START
683.929,D:/Pipefish Mesocosm Film/Trial 8/13-12-20/13-12 Noon 01.MTS,3615.760,25.0,Male,Inactive,,,,,,START
687.440,D:/Pipefish Mesocosm Film/Trial 8/13-12-20/13-12 Noon 01.MTS,3615.760,25.0,Female,Pose,,S pose,Male,Front,,STOP
687.441,D:/Pipefish Mesocosm Film/Trial 8/13-12-20/13-12 Noon 01.MTS,3615.760,25.0,Female,Inactive,,,,,,START
688.200,D:/Pipefish Mesocosm Film/Trial 8/13-12-20/13-12 Noon 01.MTS,3615.760,25.0,Male,Inactive,,,,,,STOP
688.201,D:/Pipefish Mesocosm Film/Trial 8/13-12-20/13-12 Noon 01.MTS,3615.760,25.0,Male,Wiggle,Courtship,Active wiggle,Female,2,,START
691.333,D:/Pipefish Mesocosm Film/Trial 8/13-12-20/13-12 Noon 01.MTS,3615.760,25.0,Male,Wiggle,Courtship,Active wiggle,Female,2,,STOP
691.334,D:/Pipefish Mesocosm Film/Trial 8/13-12-20/13-12 Noon 01.MTS,3615.760,25.0,Male,Inactive,,,,,,START
691.997,D:/Pipefish Mesocosm Film/Trial 8/13-12-20/13-12 Noon 01.MTS,3615.760,25.0,Female,Inactive,,,,,,STOP
691.998,D:/Pipefish Mesocosm Film/Trial 8/13-12-20/13-12 Noon 01.MTS,3615.760,25.0,Female,Pose,,S pose,Male,Front,,START
695.797,D:/Pipefish Mesocosm Film/Trial 8/13-12-20/13-12 Noon 01.MTS,3615.760,25.0,Female,Pose,,S pose,Male,Front,,STOP
695.798,D:/Pipefish Mesocosm Film/Trial 8/13-12-20/13-12 Noon 01.MTS,3615.760,25.0,Female,Inactive,,,,,,START
765.581,D:/Pipefish Mesocosm Film/Trial 8/13-12-20/13-12 Noon 01.MTS,3615.760,25.0,Female,Inactive,,,,,,STOP
765.582,D:/Pipefish Mesocosm Film/Trial 8/13-12-20/13-12 Noon 01.MTS,3615.760,25.0,Male,Inactive,,,,,,STOP
766.245,D:/Pipefish Mesocosm Film/Trial 8/13-12-20/13-12 Noon 01.MTS,3615.760,25.0,,Stop,,,,,,POINT
905.531,D:/Pipefish Mesocosm Film/Trial 8/13-12-20/13-12 Noon 01.MTS,3615.760,25.0,,Start,,,,,,POINT
905.531,D:/Pipefish Mesocosm Film/Trial 8/13-12-20/13-12 Noon 01.MTS,3615.760,25.0,Female,Pose,,S pose,Male,Front,,START
906.291,D:/Pipefish Mesocosm Film/Trial 8/13-12-20/13-12 Noon 01.MTS,3615.760,25.0,Male,Wiggle,Courtship,Active wiggle,Female,2,,START
910.751,D:/Pipefish Mesocosm Film/Trial 8/13-12-20/13-12 Noon 01.MTS,3615.760,25.0,Male,Wiggle,Courtship,Active wiggle,Female,2,,STOP
910.752,D:/Pipefish Mesocosm Film/Trial 8/13-12-20/13-12 Noon 01.MTS,3615.760,25.0,Male,Inactive,,,,,,START
914.455,D:/Pipefish Mesocosm Film/Trial 8/13-12-20/13-12 Noon 01.MTS,3615.760,25.0,Female,Pose,,S pose,Male,Front,,STOP
914.456,D:/Pipefish Mesocosm Film/Trial 8/13-12-20/13-12 Noon 01.MTS,3615.760,25.0,Female,Inactive,,,,,,START
919.582,D:/Pipefish Mesocosm Film/Trial 8/13-12-20/13-12 Noon 01.MTS,3615.760,25.0,Male,Inactive,,,,,,STOP
919.583,D:/Pipefish Mesocosm Film/Trial 8/13-12-20/13-12 Noon 01.MTS,3615.760,25.0,Male,Wiggle,Courtship,Active wiggle,Female,2,,START
921.387,D:/Pipefish Mesocosm Film/Trial 8/13-12-20/13-12 Noon 01.MTS,3615.760,25.0,Male,Wiggle,Courtship,Active wiggle,Female,2,,STOP
921.388,D:/Pipefish Mesocosm Film/Trial 8/13-12-20/13-12 Noon 01.MTS,3615.760,25.0,Male,Inactive,,,,,,START
977.212,D:/Pipefish Mesocosm Film/Trial 8/13-12-20/13-12 Noon 01.MTS,3615.760,25.0,Female,Inactive,,,,,,STOP
977.213,D:/Pipefish Mesocosm Film/Trial 8/13-12-20/13-12 Noon 01.MTS,3615.760,25.0,Female,Pose,,S pose,Male,Front,,START
984.997,D:/Pipefish Mesocosm Film/Trial 8/13-12-20/13-12 Noon 01.MTS,3615.760,25.0,Female,Pose,,S pose,Male,Front,,STOP
984.998,D:/Pipefish Mesocosm Film/Trial 8/13-12-20/13-12 Noon 01.MTS,3615.760,25.0,Female,Inactive,,,,,,START
1018.324,D:/Pipefish Mesocosm Film/Trial 8/13-12-20/13-12 Noon 01.MTS,3615.760,25.0,Male,Inactive,,,,,,STOP
1018.325,D:/Pipefish Mesocosm Film/Trial 8/13-12-20/13-12 Noon 01.MTS,3615.760,25.0,Female,Inactive,,,,,,STOP
1018.705,D:/Pipefish Mesocosm Film/Trial 8/13-12-20/13-12 Noon 01.MTS,3615.760,25.0,,Stop,,,,,,POINT
1175.555,D:/Pipefish Mesocosm Film/Trial 8/13-12-20/13-12 Noon 01.MTS,3615.760,25.0,,Start,,,,,,POINT
1175.555,D:/Pipefish Mesocosm Film/Trial 8/13-12-20/13-12 Noon 01.MTS,3615.760,25.0,Female,Pose,,S pose,Male,Front,,START
1176.979,D:/Pipefish Mesocosm Film/Trial 8/13-12-20/13-12 Noon 01.MTS,3615.760,25.0,Male,Wiggle,Courtship,Active wiggle,Female,2,,START
1178.591,D:/Pipefish Mesocosm Film/Trial 8/13-12-20/13-12 Noon 01.MTS,3615.760,25.0,Female,Pose,,S pose,Male,Front,,STOP
1178.592,D:/Pipefish Mesocosm Film/Trial 8/13-12-20/13-12 Noon 01.MTS,3615.760,25.0,Female,Inactive,,,,,,START
1184.762,D:/Pipefish Mesocosm Film/Trial 8/13-12-20/13-12 Noon 01.MTS,3615.760,25.0,Male,Wiggle,Courtship,Active wiggle,Female,2,,STOP
1184.763,D:/Pipefish Mesocosm Film/Trial 8/13-12-20/13-12 Noon 01.MTS,3615.760,25.0,Male,Inactive,,,,,,START
1238.122,D:/Pipefish Mesocosm Film/Trial 8/13-12-20/13-12 Noon 01.MTS,3615.760,25.0,Female,Inactive,,,,,,STOP
1238.123,D:/Pipefish Mesocosm Film/Trial 8/13-12-20/13-12 Noon 01.MTS,3615.760,25.0,Female,Pose,,S pose,Male,Front,,START
1245.242,D:/Pipefish Mesocosm Film/Trial 8/13-12-20/13-12 Noon 01.MTS,3615.760,25.0,Female,Pose,,S pose,Male,Front,,STOP
1245.243,D:/Pipefish Mesocosm Film/Trial 8/13-12-20/13-12 Noon 01.MTS,3615.760,25.0,Female,Inactive,,,,,,START
1305.438,D:/Pipefish Mesocosm Film/Trial 8/13-12-20/13-12 Noon 01.MTS,3615.760,25.0,Female,Inactive,,,,,,STOP
1305.630,D:/Pipefish Mesocosm Film/Trial 8/13-12-20/13-12 Noon 01.MTS,3615.760,25.0,Male,Inactive,,,,,,STOP
1305.723,D:/Pipefish Mesocosm Film/Trial 8/13-12-20/13-12 Noon 01.MTS,3615.760,25.0,,Stop,,,,,,POINT
1339.146,D:/Pipefish Mesocosm Film/Trial 8/13-12-20/13-12 Noon 01.MTS,3615.760,25.0,,Start,,,,,,POINT
1339.146,D:/Pipefish Mesocosm Film/Trial 8/13-12-20/13-12 Noon 01.MTS,3615.760,25.0,Female,Inactive,,,,,,START
1339.146,D:/Pipefish Mesocosm Film/Trial 8/13-12-20/13-12 Noon 01.MTS,3615.760,25.0,Male,Wiggle,Courtship,Active wiggle,Female,3,,START
1342.562,D:/Pipefish Mesocosm Film/Trial 8/13-12-20/13-12 Noon 01.MTS,3615.760,25.0,Male,Wiggle,Courtship,Active wiggle,Female,3,,STOP
1342.563,D:/Pipefish Mesocosm Film/Trial 8/13-12-20/13-12 Noon 01.MTS,3615.760,25.0,Male,Inactive,,,,,,START
1362.217,D:/Pipefish Mesocosm Film/Trial 8/13-12-20/13-12 Noon 01.MTS,3615.760,25.0,Female,Inactive,,,,,,STOP
1362.217,D:/Pipefish Mesocosm Film/Trial 8/13-12-20/13-12 Noon 01.MTS,3615.760,25.0,Male,Inactive,,,,,,STOP
1362.502,D:/Pipefish Mesocosm Film/Trial 8/13-12-20/13-12 Noon 01.MTS,3615.760,25.0,,Stop,,,,,,POINT
1526.376,D:/Pipefish Mesocosm Film/Trial 8/13-12-20/13-12 Noon 01.MTS,3615.760,25.0,,Start,,,,,,POINT
1527.230,D:/Pipefish Mesocosm Film/Trial 8/13-12-20/13-12 Noon 01.MTS,3615.760,25.0,Female,Pose,,S pose,Male,Front,,START
1527.896,D:/Pipefish Mesocosm Film/Trial 8/13-12-20/13-12 Noon 01.MTS,3615.760,25.0,Male,Inactive,,,,,,START
1541.188,D:/Pipefish Mesocosm Film/Trial 8/13-12-20/13-12 Noon 01.MTS,3615.760,25.0,Female,Pose,,S pose,Male,Front,,STOP
1541.189,D:/Pipefish Mesocosm Film/Trial 8/13-12-20/13-12 Noon 01.MTS,3615.760,25.0,Female,Inactive,,,,,,START
1570.241,D:/Pipefish Mesocosm Film/Trial 8/13-12-20/13-12 Noon 01.MTS,3615.760,25.0,Female,Inactive,,,,,,STOP
1570.242,D:/Pipefish Mesocosm Film/Trial 8/13-12-20/13-12 Noon 01.MTS,3615.760,25.0,Female,Pose,,S pose,Male,Front,,START
1570.336,D:/Pipefish Mesocosm Film/Trial 8/13-12-20/13-12 Noon 01.MTS,3615.760,25.0,Male,Inactive,,,,,,STOP
1570.337,D:/Pipefish Mesocosm Film/Trial 8/13-12-20/13-12 Noon 01.MTS,3615.760,25.0,Male,Wiggle,Courtship,Active wiggle,Female,2,,START
1572.898,D:/Pipefish Mesocosm Film/Trial 8/13-12-20/13-12 Noon 01.MTS,3615.760,25.0,Female,Pose,,S pose,Male,Front,,STOP
1572.899,D:/Pipefish Mesocosm Film/Trial 8/13-12-20/13-12 Noon 01.MTS,3615.760,25.0,Female,Inactive,,,,,,START
1573.372,D:/Pipefish Mesocosm Film/Trial 8/13-12-20/13-12 Noon 01.MTS,3615.760,25.0,Male,Wiggle,Courtship,Active wiggle,Female,2,,STOP
1573.373,D:/Pipefish Mesocosm Film/Trial 8/13-12-20/13-12 Noon 01.MTS,3615.760,25.0,Male,Inactive,,,,,,START
1620.658,D:/Pipefish Mesocosm Film/Trial 8/13-12-20/13-12 Noon 01.MTS,3615.760,25.0,Female,Inactive,,,,,,STOP
1620.658,D:/Pipefish Mesocosm Film/Trial 8/13-12-20/13-12 Noon 01.MTS,3615.760,25.0,Male,Inactive,,,,,,STOP
1621.133,D:/Pipefish Mesocosm Film/Trial 8/13-12-20/13-12 Noon 01.MTS,3615.760,25.0,,Stop,,,,,,POINT
1765.637,D:/Pipefish Mesocosm Film/Trial 8/13-12-20/13-12 Noon 01.MTS,3615.760,25.0,,Start,,,,,,POINT
1765.637,D:/Pipefish Mesocosm Film/Trial 8/13-12-20/13-12 Noon 01.MTS,3615.760,25.0,Female,Pose,,S pose,Male,Front,,START
1765.637,D:/Pipefish Mesocosm Film/Trial 8/13-12-20/13-12 Noon 01.MTS,3615.760,25.0,Male,Inactive,,,,,,START
1770.763,D:/Pipefish Mesocosm Film/Trial 8/13-12-20/13-12 Noon 01.MTS,3615.760,25.0,Female,Pose,,S pose,Male,Front,,STOP
1770.764,D:/Pipefish Mesocosm Film/Trial 8/13-12-20/13-12 Noon 01.MTS,3615.760,25.0,Female,Inactive,,,,,,START
1783.488,D:/Pipefish Mesocosm Film/Trial 8/13-12-20/13-12 Noon 01.MTS,3615.760,25.0,Female,Inactive,,,,,,STOP
1783.488,D:/Pipefish Mesocosm Film/Trial 8/13-12-20/13-12 Noon 01.MTS,3615.760,25.0,Male,Inactive,,,,,,STOP
1784.056,D:/Pipefish Mesocosm Film/Trial 8/13-12-20/13-12 Noon 01.MTS,3615.760,25.0,,Stop,,,,,,POINT
1876.819,D:/Pipefish Mesocosm Film/Trial 8/13-12-20/13-12 Noon 01.MTS,3615.760,25.0,,Start,,,,,,POINT
1876.819,D:/Pipefish Mesocosm Film/Trial 8/13-12-20/13-12 Noon 01.MTS,3615.760,25.0,Female,Inactive,,,,,,START
1876.819,D:/Pipefish Mesocosm Film/Trial 8/13-12-20/13-12 Noon 01.MTS,3615.760,25.0,Male,Wiggle,Courtship,Active wiggle,Female,2,,START
1882.608,D:/Pipefish Mesocosm Film/Trial 8/13-12-20/13-12 Noon 01.MTS,3615.760,25.0,Male,Wiggle,Courtship,Active wiggle,Female,2,,STOP
1882.609,D:/Pipefish Mesocosm Film/Trial 8/13-12-20/13-12 Noon 01.MTS,3615.760,25.0,Male,Inactive,,,,,,START
1895.998,D:/Pipefish Mesocosm Film/Trial 8/13-12-20/13-12 Noon 01.MTS,3615.760,25.0,Female,Inactive,,,,,,STOP
1895.998,D:/Pipefish Mesocosm Film/Trial 8/13-12-20/13-12 Noon 01.MTS,3615.760,25.0,Male,Inactive,,,,,,STOP
1896.375,D:/Pipefish Mesocosm Film/Trial 8/13-12-20/13-12 Noon 01.MTS,3615.760,25.0,,Stop,,,,,,POINT
2351.543,D:/Pipefish Mesocosm Film/Trial 8/13-12-20/13-12 Noon 01.MTS,3615.760,25.0,,Start,,,,,,POINT
2351.543,D:/Pipefish Mesocosm Film/Trial 8/13-12-20/13-12 Noon 01.MTS,3615.760,25.0,Female,Pose,,S pose,Male,Front,,START
2352.304,D:/Pipefish Mesocosm Film/Trial 8/13-12-20/13-12 Noon 01.MTS,3615.760,25.0,Male,Inactive,,,,,,START
2354.961,D:/Pipefish Mesocosm Film/Trial 8/13-12-20/13-12 Noon 01.MTS,3615.760,25.0,Female,Pose,,S pose,Male,Front,,STOP
2354.962,D:/Pipefish Mesocosm Film/Trial 8/13-12-20/13-12 Noon 01.MTS,3615.760,25.0,Female,Inactive,,,,,,START
2376.323,D:/Pipefish Mesocosm Film/Trial 8/13-12-20/13-12 Noon 01.MTS,3615.760,25.0,Female,Inactive,,,,,,STOP
2376.513,D:/Pipefish Mesocosm Film/Trial 8/13-12-20/13-12 Noon 01.MTS,3615.760,25.0,Male,Inactive,,,,,,STOP
2377.369,D:/Pipefish Mesocosm Film/Trial 8/13-12-20/13-12 Noon 01.MTS,3615.760,25.0,,Stop,,,,,,POINT
2773.385,D:/Pipefish Mesocosm Film/Trial 8/13-12-20/13-12 Noon 01.MTS,3615.760,25.0,,Start,,,,,,POINT
2774.524,D:/Pipefish Mesocosm Film/Trial 8/13-12-20/13-12 Noon 01.MTS,3615.760,25.0,Female,Wiggle,Courtship,Active wiggle,Male,2,,START
2775.664,D:/Pipefish Mesocosm Film/Trial 8/13-12-20/13-12 Noon 01.MTS,3615.760,25.0,Male,Inactive,,,,,,START
2788.386,D:/Pipefish Mesocosm Film/Trial 8/13-12-20/13-12 Noon 01.MTS,3615.760,25.0,Female,Wiggle,Courtship,Active wiggle,Male,2,,STOP
2788.387,D:/Pipefish Mesocosm Film/Trial 8/13-12-20/13-12 Noon 01.MTS,3615.760,25.0,Female,Inactive,,,,,,START
2794.080,D:/Pipefish Mesocosm Film/Trial 8/13-12-20/13-12 Noon 01.MTS,3615.760,25.0,Female,Inactive,,,,,,STOP
2794.081,D:/Pipefish Mesocosm Film/Trial 8/13-12-20/13-12 Noon 01.MTS,3615.760,25.0,Female,Pose,,S pose,Male,Front,,START
2800.348,D:/Pipefish Mesocosm Film/Trial 8/13-12-20/13-12 Noon 01.MTS,3615.760,25.0,Female,Pose,,S pose,Male,Front,,STOP
2800.349,D:/Pipefish Mesocosm Film/Trial 8/13-12-20/13-12 Noon 01.MTS,3615.760,25.0,Female,Inactive,,,,,,START
2833.485,D:/Pipefish Mesocosm Film/Trial 8/13-12-20/13-12 Noon 02.MTS,3615.760,25.0,Male,Inactive,,,,,,STOP
2833.486,D:/Pipefish Mesocosm Film/Trial 8/13-12-20/13-12 Noon 02.MTS,3615.760,25.0,Male,Wiggle,Courtship,Active wiggle,Female,2,,START
2835.952,D:/Pipefish Mesocosm Film/Trial 8/13-12-20/13-12 Noon 02.MTS,3615.760,25.0,Male,Wiggle,Courtship,Active wiggle,Female,2,,STOP
2835.953,D:/Pipefish Mesocosm Film/Trial 8/13-12-20/13-12 Noon 02.MTS,3615.760,25.0,Male,Inactive,,,,,,START
2881.052,D:/Pipefish Mesocosm Film/Trial 8/13-12-20/13-12 Noon 02.MTS,3615.760,25.0,Female,Inactive,,,,,,STOP
2881.053,D:/Pipefish Mesocosm Film/Trial 8/13-12-20/13-12 Noon 02.MTS,3615.760,25.0,Male,Inactive,,,,,,STOP
2881.621,D:/Pipefish Mesocosm Film/Trial 8/13-12-20/13-12 Noon 02.MTS,3615.760,25.0,,Stop,,,,,,POINT
3120.693,D:/Pipefish Mesocosm Film/Trial 8/13-12-20/13-12 Noon 02.MTS,3615.760,25.0,,Start,,,,,,POINT
3120.693,D:/Pipefish Mesocosm Film/Trial 8/13-12-20/13-12 Noon 02.MTS,3615.760,25.0,Female,Wiggle,Courtship,Active wiggle,Male,2,,START
3121.643,D:/Pipefish Mesocosm Film/Trial 8/13-12-20/13-12 Noon 02.MTS,3615.760,25.0,Male,Inactive,,,,,,START
3125.156,D:/Pipefish Mesocosm Film/Trial 8/13-12-20/13-12 Noon 02.MTS,3615.760,25.0,Female,Wiggle,Courtship,Active wiggle,Male,2,,STOP
3125.157,D:/Pipefish Mesocosm Film/Trial 8/13-12-20/13-12 Noon 02.MTS,3615.760,25.0,Female,Pose,,S pose,Male,Front,,START
3131.707,D:/Pipefish Mesocosm Film/Trial 8/13-12-20/13-12 Noon 02.MTS,3615.760,25.0,Female,Pose,,S pose,Male,Front,,STOP
3131.708,D:/Pipefish Mesocosm Film/Trial 8/13-12-20/13-12 Noon 02.MTS,3615.760,25.0,Female,Inactive,,,,,,START
3137.403,D:/Pipefish Mesocosm Film/Trial 8/13-12-20/13-12 Noon 02.MTS,3615.760,25.0,Female,Inactive,,,,,,STOP
3137.499,D:/Pipefish Mesocosm Film/Trial 8/13-12-20/13-12 Noon 02.MTS,3615.760,25.0,Male,Inactive,,,,,,STOP
3137.878,D:/Pipefish Mesocosm Film/Trial 8/13-12-20/13-12 Noon 02.MTS,3615.760,25.0,,Stop,,,,,,POINT
