Observation id,T806AM,,,,,,,,,,
,,,,,,,,,,,
Media file(s),,,,,,,,,,,
,,,,,,,,,,,
Player #1,D:/Pipefish Mesocosm Film/Trial 8/13-12-20/13-12 AM 01.MTS,,,,,,,,,,
,,,,,,,,,,,
Observation date,2022-01-28 16:16:47,,,,,,,,,,
,,,,,,,,,,,
Description,,,,,,,,,,,
,,,,,,,,,,,
Time offset (s),0.0,,,,,,,,,,
,,,,,,,,,,,
independent variables,,,,,,,,,,,
variable,value,,,,,,,,,,
Number in group,,,,,,,,,,,
Time of day,,,,,,,,,,,
,,,,,,,,,,,
Time,Media file path,Total length,FPS,Subject,Behavior,Behavioral category,Modifier 1,Modifier 2,Modifier 3,Comment,Status
448.086,D:/Pipefish Mesocosm Film/Trial 8/13-12-20/13-12 AM 01.MTS,2856.980,25.0,,Start,,,,,,POINT
448.086,D:/Pipefish Mesocosm Film/Trial 8/13-12-20/13-12 AM 01.MTS,2856.980,25.0,Male,Wiggle,Courtship,Active wiggle,Female,2,,START
448.276,D:/Pipefish Mesocosm Film/Trial 8/13-12-20/13-12 AM 01.MTS,2856.980,25.0,Female,Pose,,S pose,Male,Front,,START
455.207,D:/Pipefish Mesocosm Film/Trial 8/13-12-20/13-12 AM 01.MTS,2856.980,25.0,Male,Wiggle,Courtship,Active wiggle,Female,2,,STOP
455.208,D:/Pipefish Mesocosm Film/Trial 8/13-12-20/13-12 AM 01.MTS,2856.980,25.0,Male,Inactive,,,,,,START
456.534,D:/Pipefish Mesocosm Film/Trial 8/13-12-20/13-12 AM 01.MTS,2856.980,25.0,Female,Pose,,S pose,Male,Front,,STOP
456.535,D:/Pipefish Mesocosm Film/Trial 8/13-12-20/13-12 AM 01.MTS,2856.980,25.0,Female,Inactive,,,,,,START
483.024,D:/Pipefish Mesocosm Film/Trial 8/13-12-20/13-12 AM 01.MTS,2856.980,25.0,Male,Inactive,,,,,,STOP
483.593,D:/Pipefish Mesocosm Film/Trial 8/13-12-20/13-12 AM 01.MTS,2856.980,25.0,Female,Inactive,,,,,,STOP
484.310,D:/Pipefish Mesocosm Film/Trial 8/13-12-20/13-12 AM 01.MTS,2856.980,25.0,,Stop,,,,,,POINT
