Observation id,T807N_02,,,,,,,,,,
,,,,,,,,,,,
Media file(s),,,,,,,,,,,
,,,,,,,,,,,
Player #1,D:/Pipefish Mesocosm Film/Trial 8/14-12-20/14-12 Noon 01.MTS,,,,,,,,,,
,,,,,,,,,,,
Observation date,2021-12-14 16:05:17,,,,,,,,,,
,,,,,,,,,,,
Description,,,,,,,,,,,
,,,,,,,,,,,
Time offset (s),0.0,,,,,,,,,,
,,,,,,,,,,,
independent variables,,,,,,,,,,,
variable,value,,,,,,,,,,
Number in group,,,,,,,,,,,
Time of day,,,,,,,,,,,
,,,,,,,,,,,
Time,Media file path,Total length,FPS,Subject,Behavior,Behavioral category,Modifier 1,Modifier 2,Modifier 3,Comment,Status
14.282,D:/Pipefish Mesocosm Film/Trial 8/14-12-20/14-12 Noon 01.MTS,2831.540,25.0,,Start,,,,,,POINT
14.282,D:/Pipefish Mesocosm Film/Trial 8/14-12-20/14-12 Noon 01.MTS,2831.540,25.0,Male,Wiggle,Courtship,Active wiggle,Female,3,,START
15.327,D:/Pipefish Mesocosm Film/Trial 8/14-12-20/14-12 Noon 01.MTS,2831.540,25.0,Female,Inactive,,,,,,START
18.554,D:/Pipefish Mesocosm Film/Trial 8/14-12-20/14-12 Noon 01.MTS,2831.540,25.0,Male,Wiggle,Courtship,Active wiggle,Female,3,,STOP
18.555,D:/Pipefish Mesocosm Film/Trial 8/14-12-20/14-12 Noon 01.MTS,2831.540,25.0,Male,Inactive,,,,,,START
20.076,D:/Pipefish Mesocosm Film/Trial 8/14-12-20/14-12 Noon 01.MTS,2831.540,25.0,Female,Inactive,,,,,,STOP
20.077,D:/Pipefish Mesocosm Film/Trial 8/14-12-20/14-12 Noon 01.MTS,2831.540,25.0,Female,Pose,,S pose,Male,Front,,START
25.296,D:/Pipefish Mesocosm Film/Trial 8/14-12-20/14-12 Noon 01.MTS,2831.540,25.0,Female,Pose,,S pose,Male,Front,,STOP
25.297,D:/Pipefish Mesocosm Film/Trial 8/14-12-20/14-12 Noon 01.MTS,2831.540,25.0,Female,Inactive,,,,,,START
31.087,D:/Pipefish Mesocosm Film/Trial 8/14-12-20/14-12 Noon 01.MTS,2831.540,25.0,Male,Inactive,,,,,,STOP
31.088,D:/Pipefish Mesocosm Film/Trial 8/14-12-20/14-12 Noon 01.MTS,2831.540,25.0,Male,Wiggle,Courtship,Active wiggle,Female,2,,START
32.795,D:/Pipefish Mesocosm Film/Trial 8/14-12-20/14-12 Noon 01.MTS,2831.540,25.0,Male,Wiggle,Courtship,Active wiggle,Female,2,,STOP
32.796,D:/Pipefish Mesocosm Film/Trial 8/14-12-20/14-12 Noon 01.MTS,2831.540,25.0,Male,Inactive,,,,,,START
51.941,D:/Pipefish Mesocosm Film/Trial 8/14-12-20/14-12 Noon 01.MTS,2831.540,25.0,Female,Inactive,,,,,,STOP
51.942,D:/Pipefish Mesocosm Film/Trial 8/14-12-20/14-12 Noon 01.MTS,2831.540,25.0,Female,Pose,,S pose,Male,Front,,START
58.933,D:/Pipefish Mesocosm Film/Trial 8/14-12-20/14-12 Noon 01.MTS,2831.540,25.0,Female,Pose,,S pose,Male,Front,,STOP
58.934,D:/Pipefish Mesocosm Film/Trial 8/14-12-20/14-12 Noon 01.MTS,2831.540,25.0,Female,Inactive,,,,,,START
60.519,D:/Pipefish Mesocosm Film/Trial 8/14-12-20/14-12 Noon 01.MTS,2831.540,25.0,Male,Inactive,,,,,,STOP
60.520,D:/Pipefish Mesocosm Film/Trial 8/14-12-20/14-12 Noon 01.MTS,2831.540,25.0,Male,Wiggle,Courtship,Active wiggle,Female,2,,START
66.026,D:/Pipefish Mesocosm Film/Trial 8/14-12-20/14-12 Noon 01.MTS,2831.540,25.0,Male,Wiggle,Courtship,Active wiggle,Female,2,,STOP
66.027,D:/Pipefish Mesocosm Film/Trial 8/14-12-20/14-12 Noon 01.MTS,2831.540,25.0,Male,Inactive,,,,,,START
80.459,D:/Pipefish Mesocosm Film/Trial 8/14-12-20/14-12 Noon 01.MTS,2831.540,25.0,Male,Inactive,,,,,,STOP
80.460,D:/Pipefish Mesocosm Film/Trial 8/14-12-20/14-12 Noon 01.MTS,2831.540,25.0,Male,Wiggle,Courtship,Active wiggle,Female,2,,START
82.737,D:/Pipefish Mesocosm Film/Trial 8/14-12-20/14-12 Noon 01.MTS,2831.540,25.0,Male,Wiggle,Courtship,Active wiggle,Female,2,,STOP
82.738,D:/Pipefish Mesocosm Film/Trial 8/14-12-20/14-12 Noon 01.MTS,2831.540,25.0,Male,Inactive,,,,,,START
120.050,D:/Pipefish Mesocosm Film/Trial 8/14-12-20/14-12 Noon 01.MTS,2831.540,25.0,Female,Inactive,,,,,,STOP
120.051,D:/Pipefish Mesocosm Film/Trial 8/14-12-20/14-12 Noon 01.MTS,2831.540,25.0,Female,Wiggle,Courtship,Active wiggle,Male,2,,START
123.850,D:/Pipefish Mesocosm Film/Trial 8/14-12-20/14-12 Noon 01.MTS,2831.540,25.0,Female,Wiggle,Courtship,Active wiggle,Male,2,,STOP
123.851,D:/Pipefish Mesocosm Film/Trial 8/14-12-20/14-12 Noon 01.MTS,2831.540,25.0,Female,Inactive,,,,,,START
125.679,D:/Pipefish Mesocosm Film/Trial 8/14-12-20/14-12 Noon 01.MTS,2831.540,25.0,Male,Inactive,,,,,,STOP
125.680,D:/Pipefish Mesocosm Film/Trial 8/14-12-20/14-12 Noon 01.MTS,2831.540,25.0,Male,Wiggle,Courtship,Active wiggle,Female,2,,START
127.931,D:/Pipefish Mesocosm Film/Trial 8/14-12-20/14-12 Noon 01.MTS,2831.540,25.0,Male,Wiggle,Courtship,Active wiggle,Female,2,,STOP
127.932,D:/Pipefish Mesocosm Film/Trial 8/14-12-20/14-12 Noon 01.MTS,2831.540,25.0,Male,Inactive,,,,,,START
129.643,D:/Pipefish Mesocosm Film/Trial 8/14-12-20/14-12 Noon 01.MTS,2831.540,25.0,Female,Inactive,,,,,,STOP
129.644,D:/Pipefish Mesocosm Film/Trial 8/14-12-20/14-12 Noon 01.MTS,2831.540,25.0,Female,Wiggle,Courtship,Active wiggle,Male,3,,START
142.931,D:/Pipefish Mesocosm Film/Trial 8/14-12-20/14-12 Noon 01.MTS,2831.540,25.0,Female,Wiggle,Courtship,Active wiggle,Male,3,,STOP
142.932,D:/Pipefish Mesocosm Film/Trial 8/14-12-20/14-12 Noon 01.MTS,2831.540,25.0,Female,Inactive,,,,,,START
185.087,D:/Pipefish Mesocosm Film/Trial 8/14-12-20/14-12 Noon 01.MTS,2831.540,25.0,Male,Inactive,,,,,,STOP
185.088,D:/Pipefish Mesocosm Film/Trial 8/14-12-20/14-12 Noon 01.MTS,2831.540,25.0,Male,Wiggle,Courtship,Active wiggle,Female,3,,START
187.652,D:/Pipefish Mesocosm Film/Trial 8/14-12-20/14-12 Noon 01.MTS,2831.540,25.0,Male,Wiggle,Courtship,Active wiggle,Female,3,,STOP
187.653,D:/Pipefish Mesocosm Film/Trial 8/14-12-20/14-12 Noon 01.MTS,2831.540,25.0,Male,Inactive,,,,,,START
193.919,D:/Pipefish Mesocosm Film/Trial 8/14-12-20/14-12 Noon 01.MTS,2831.540,25.0,Male,Inactive,,,,,,STOP
193.920,D:/Pipefish Mesocosm Film/Trial 8/14-12-20/14-12 Noon 01.MTS,2831.540,25.0,Male,Wiggle,Courtship,Active wiggle,Female,2,,START
195.532,D:/Pipefish Mesocosm Film/Trial 8/14-12-20/14-12 Noon 01.MTS,2831.540,25.0,Male,Wiggle,Courtship,Active wiggle,Female,2,,STOP
195.533,D:/Pipefish Mesocosm Film/Trial 8/14-12-20/14-12 Noon 01.MTS,2831.540,25.0,Male,Inactive,,,,,,START
214.237,D:/Pipefish Mesocosm Film/Trial 8/14-12-20/14-12 Noon 01.MTS,2831.540,25.0,Female,Inactive,,,,,,STOP
214.238,D:/Pipefish Mesocosm Film/Trial 8/14-12-20/14-12 Noon 01.MTS,2831.540,25.0,Female,Pose,,S pose,Male,Front,,START
223.352,D:/Pipefish Mesocosm Film/Trial 8/14-12-20/14-12 Noon 01.MTS,2831.540,25.0,Female,Pose,,S pose,Male,Front,,STOP
223.353,D:/Pipefish Mesocosm Film/Trial 8/14-12-20/14-12 Noon 01.MTS,2831.540,25.0,Female,Inactive,,,,,,START
265.603,D:/Pipefish Mesocosm Film/Trial 8/14-12-20/14-12 Noon 01.MTS,2831.540,25.0,Female,Inactive,,,,,,STOP
265.604,D:/Pipefish Mesocosm Film/Trial 8/14-12-20/14-12 Noon 01.MTS,2831.540,25.0,Female,Pose,,S pose,Male,Front,,START
267.689,D:/Pipefish Mesocosm Film/Trial 8/14-12-20/14-12 Noon 01.MTS,2831.540,25.0,Female,Pose,,S pose,Male,Front,,STOP
267.690,D:/Pipefish Mesocosm Film/Trial 8/14-12-20/14-12 Noon 01.MTS,2831.540,25.0,Female,Wiggle,Courtship,Active wiggle,Male,2,,START
277.377,D:/Pipefish Mesocosm Film/Trial 8/14-12-20/14-12 Noon 01.MTS,2831.540,25.0,Female,Wiggle,Courtship,Active wiggle,Male,2,,STOP
277.378,D:/Pipefish Mesocosm Film/Trial 8/14-12-20/14-12 Noon 01.MTS,2831.540,25.0,Female,Inactive,,,,,,START
283.544,D:/Pipefish Mesocosm Film/Trial 8/14-12-20/14-12 Noon 01.MTS,2831.540,25.0,Male,Inactive,,,,,,STOP
283.545,D:/Pipefish Mesocosm Film/Trial 8/14-12-20/14-12 Noon 01.MTS,2831.540,25.0,Male,Wiggle,Courtship,Active wiggle,Female,3,,START
286.962,D:/Pipefish Mesocosm Film/Trial 8/14-12-20/14-12 Noon 01.MTS,2831.540,25.0,Male,Wiggle,Courtship,Active wiggle,Female,3,,STOP
286.963,D:/Pipefish Mesocosm Film/Trial 8/14-12-20/14-12 Noon 01.MTS,2831.540,25.0,Male,Inactive,,,,,,START
349.056,D:/Pipefish Mesocosm Film/Trial 8/14-12-20/14-12 Noon 01.MTS,2831.540,25.0,Male,Inactive,,,,,,STOP
349.057,D:/Pipefish Mesocosm Film/Trial 8/14-12-20/14-12 Noon 01.MTS,2831.540,25.0,Male,Wiggle,Courtship,Active wiggle,Female,2,,START
351.999,D:/Pipefish Mesocosm Film/Trial 8/14-12-20/14-12 Noon 01.MTS,2831.540,25.0,Male,Wiggle,Courtship,Active wiggle,Female,2,,STOP
352.000,D:/Pipefish Mesocosm Film/Trial 8/14-12-20/14-12 Noon 01.MTS,2831.540,25.0,Male,Inactive,,,,,,START
364.725,D:/Pipefish Mesocosm Film/Trial 8/14-12-20/14-12 Noon 01.MTS,2831.540,25.0,Female,Inactive,,,,,,STOP
364.726,D:/Pipefish Mesocosm Film/Trial 8/14-12-20/14-12 Noon 01.MTS,2831.540,25.0,Female,Pose,,S pose,Male,Front,,START
364.818,D:/Pipefish Mesocosm Film/Trial 8/14-12-20/14-12 Noon 01.MTS,2831.540,25.0,Male,Inactive,,,,,,STOP
364.819,D:/Pipefish Mesocosm Film/Trial 8/14-12-20/14-12 Noon 01.MTS,2831.540,25.0,Male,Wiggle,Courtship,Active wiggle,Female,3,,START
369.849,D:/Pipefish Mesocosm Film/Trial 8/14-12-20/14-12 Noon 01.MTS,2831.540,25.0,Male,Wiggle,Courtship,Active wiggle,Female,3,,STOP
369.850,D:/Pipefish Mesocosm Film/Trial 8/14-12-20/14-12 Noon 01.MTS,2831.540,25.0,Male,Inactive,,,,,,START
370.324,D:/Pipefish Mesocosm Film/Trial 8/14-12-20/14-12 Noon 01.MTS,2831.540,25.0,Female,Pose,,S pose,Male,Front,,STOP
370.325,D:/Pipefish Mesocosm Film/Trial 8/14-12-20/14-12 Noon 01.MTS,2831.540,25.0,Female,Wiggle,Courtship,Active wiggle,Male,3,,START
374.343,D:/Pipefish Mesocosm Film/Trial 8/14-12-20/14-12 Noon 01.MTS,2831.540,25.0,Female,Wiggle,Courtship,Active wiggle,Male,3,,STOP
374.344,D:/Pipefish Mesocosm Film/Trial 8/14-12-20/14-12 Noon 01.MTS,2831.540,25.0,Female,Inactive,,,,,,START
400.733,D:/Pipefish Mesocosm Film/Trial 8/14-12-20/14-12 Noon 01.MTS,2831.540,25.0,Female,Inactive,,,,,,STOP
400.734,D:/Pipefish Mesocosm Film/Trial 8/14-12-20/14-12 Noon 01.MTS,2831.540,25.0,Female,Pose,,S pose,Male,Front,,START
406.215,D:/Pipefish Mesocosm Film/Trial 8/14-12-20/14-12 Noon 01.MTS,2831.540,25.0,Female,Pose,,S pose,Male,Front,,STOP
406.216,D:/Pipefish Mesocosm Film/Trial 8/14-12-20/14-12 Noon 01.MTS,2831.540,25.0,Female,Inactive,,,,,,START
427.199,D:/Pipefish Mesocosm Film/Trial 8/14-12-20/14-12 Noon 01.MTS,2831.540,25.0,Female,Inactive,,,,,,STOP
427.200,D:/Pipefish Mesocosm Film/Trial 8/14-12-20/14-12 Noon 01.MTS,2831.540,25.0,Female,Wiggle,Courtship,Subtle wiggle,Male,2,,START
432.351,D:/Pipefish Mesocosm Film/Trial 8/14-12-20/14-12 Noon 01.MTS,2831.540,25.0,Female,Wiggle,Courtship,Subtle wiggle,Male,2,,STOP
432.352,D:/Pipefish Mesocosm Film/Trial 8/14-12-20/14-12 Noon 01.MTS,2831.540,25.0,Female,Inactive,,,,,,START
524.611,D:/Pipefish Mesocosm Film/Trial 8/14-12-20/14-12 Noon 01.MTS,2831.540,25.0,Male,Inactive,,,,,,STOP
524.612,D:/Pipefish Mesocosm Film/Trial 8/14-12-20/14-12 Noon 01.MTS,2831.540,25.0,Male,Wiggle,Courtship,Subtle wiggle,Female,3,,START
527.267,D:/Pipefish Mesocosm Film/Trial 8/14-12-20/14-12 Noon 01.MTS,2831.540,25.0,Male,Wiggle,Courtship,Subtle wiggle,Female,3,,STOP
527.268,D:/Pipefish Mesocosm Film/Trial 8/14-12-20/14-12 Noon 01.MTS,2831.540,25.0,Male,Inactive,,,,,,START
559.550,D:/Pipefish Mesocosm Film/Trial 8/14-12-20/14-12 Noon 01.MTS,2831.540,25.0,Female,Inactive,,,,,,STOP
559.551,D:/Pipefish Mesocosm Film/Trial 8/14-12-20/14-12 Noon 01.MTS,2831.540,25.0,Female,Wiggle,Courtship,Active wiggle,Male,2,,START
562.017,D:/Pipefish Mesocosm Film/Trial 8/14-12-20/14-12 Noon 01.MTS,2831.540,25.0,Male,Inactive,,,,,,STOP
562.018,D:/Pipefish Mesocosm Film/Trial 8/14-12-20/14-12 Noon 01.MTS,2831.540,25.0,Male,Wiggle,Courtship,Active wiggle,Female,2,,START
562.685,D:/Pipefish Mesocosm Film/Trial 8/14-12-20/14-12 Noon 01.MTS,2831.540,25.0,Female,Wiggle,Courtship,Active wiggle,Male,2,,STOP
562.686,D:/Pipefish Mesocosm Film/Trial 8/14-12-20/14-12 Noon 01.MTS,2831.540,25.0,Female,Pose,,S pose,Male,Front,,START
565.057,D:/Pipefish Mesocosm Film/Trial 8/14-12-20/14-12 Noon 01.MTS,2831.540,25.0,Male,Wiggle,Courtship,Active wiggle,Female,2,,STOP
565.058,D:/Pipefish Mesocosm Film/Trial 8/14-12-20/14-12 Noon 01.MTS,2831.540,25.0,Male,Inactive,,,,,,START
565.816,D:/Pipefish Mesocosm Film/Trial 8/14-12-20/14-12 Noon 01.MTS,2831.540,25.0,Female,Pose,,S pose,Male,Front,,STOP
565.817,D:/Pipefish Mesocosm Film/Trial 8/14-12-20/14-12 Noon 01.MTS,2831.540,25.0,Female,Wiggle,Courtship,Active wiggle,Male,2,,START
571.065,D:/Pipefish Mesocosm Film/Trial 8/14-12-20/14-12 Noon 01.MTS,2831.540,25.0,Female,Wiggle,Courtship,Active wiggle,Male,2,,STOP
571.066,D:/Pipefish Mesocosm Film/Trial 8/14-12-20/14-12 Noon 01.MTS,2831.540,25.0,Female,Inactive,,,,,,START
603.949,D:/Pipefish Mesocosm Film/Trial 8/14-12-20/14-12 Noon 01.MTS,2831.540,25.0,Female,Inactive,,,,,,STOP
603.950,D:/Pipefish Mesocosm Film/Trial 8/14-12-20/14-12 Noon 01.MTS,2831.540,25.0,Female,Wiggle,Courtship,Active wiggle,Male,3,,START
609.016,D:/Pipefish Mesocosm Film/Trial 8/14-12-20/14-12 Noon 01.MTS,2831.540,25.0,Female,Wiggle,Courtship,Active wiggle,Male,3,,STOP
609.017,D:/Pipefish Mesocosm Film/Trial 8/14-12-20/14-12 Noon 01.MTS,2831.540,25.0,Female,Inactive,,,,,,START
669.307,D:/Pipefish Mesocosm Film/Trial 8/14-12-20/14-12 Noon 01.MTS,2831.540,25.0,Female,Inactive,,,,,,STOP
669.307,D:/Pipefish Mesocosm Film/Trial 8/14-12-20/14-12 Noon 01.MTS,2831.540,25.0,Male,Inactive,,,,,,STOP
670.163,D:/Pipefish Mesocosm Film/Trial 8/14-12-20/14-12 Noon 01.MTS,2831.540,25.0,,Stop,,,,,,POINT
721.718,D:/Pipefish Mesocosm Film/Trial 8/14-12-20/14-12 Noon 01.MTS,2831.540,25.0,,Start,,,,,,POINT
722.005,D:/Pipefish Mesocosm Film/Trial 8/14-12-20/14-12 Noon 01.MTS,2831.540,25.0,Female,Pose,,S pose,Male,Front,,START
723.051,D:/Pipefish Mesocosm Film/Trial 8/14-12-20/14-12 Noon 01.MTS,2831.540,25.0,Male,Inactive,,,,,,START
726.752,D:/Pipefish Mesocosm Film/Trial 8/14-12-20/14-12 Noon 01.MTS,2831.540,25.0,Female,Pose,,S pose,Male,Front,,STOP
726.753,D:/Pipefish Mesocosm Film/Trial 8/14-12-20/14-12 Noon 01.MTS,2831.540,25.0,Female,Inactive,,,,,,START
767.385,D:/Pipefish Mesocosm Film/Trial 8/14-12-20/14-12 Noon 01.MTS,2831.540,25.0,Male,Inactive,,,,,,STOP
767.386,D:/Pipefish Mesocosm Film/Trial 8/14-12-20/14-12 Noon 01.MTS,2831.540,25.0,Male,Wiggle,Courtship,Subtle wiggle,Female,2,,START
768.713,D:/Pipefish Mesocosm Film/Trial 8/14-12-20/14-12 Noon 01.MTS,2831.540,25.0,Male,Wiggle,Courtship,Subtle wiggle,Female,2,,STOP
768.714,D:/Pipefish Mesocosm Film/Trial 8/14-12-20/14-12 Noon 01.MTS,2831.540,25.0,Male,Inactive,,,,,,START
791.217,D:/Pipefish Mesocosm Film/Trial 8/14-12-20/14-12 Noon 01.MTS,2831.540,25.0,Female,Inactive,,,,,,STOP
791.218,D:/Pipefish Mesocosm Film/Trial 8/14-12-20/14-12 Noon 01.MTS,2831.540,25.0,Female,Pose,,Non-s pose,Male,Front,,START
794.541,D:/Pipefish Mesocosm Film/Trial 8/14-12-20/14-12 Noon 01.MTS,2831.540,25.0,Female,Pose,,Non-s pose,Male,Front,,STOP
794.542,D:/Pipefish Mesocosm Film/Trial 8/14-12-20/14-12 Noon 01.MTS,2831.540,25.0,Female,Inactive,,,,,,START
858.626,D:/Pipefish Mesocosm Film/Trial 8/14-12-20/14-12 Noon 01.MTS,2831.540,25.0,Female,Inactive,,,,,,STOP
858.626,D:/Pipefish Mesocosm Film/Trial 8/14-12-20/14-12 Noon 01.MTS,2831.540,25.0,Male,Inactive,,,,,,STOP
858.628,D:/Pipefish Mesocosm Film/Trial 8/14-12-20/14-12 Noon 01.MTS,2831.540,25.0,,Stop,,,,,,POINT
