Observation id,T807N_01,,,,,,,,,,
,,,,,,,,,,,
Media file(s),,,,,,,,,,,
,,,,,,,,,,,
Player #1,D:/Pipefish Mesocosm Film/Trial 8/14-12-20/14-12 Noon 01.MTS,,,,,,,,,,
,,,,,,,,,,,
Observation date,2021-12-15 14:55:43,,,,,,,,,,
,,,,,,,,,,,
Description,,,,,,,,,,,
,,,,,,,,,,,
Time offset (s),0.0,,,,,,,,,,
,,,,,,,,,,,
independent variables,,,,,,,,,,,
variable,value,,,,,,,,,,
Number in group,,,,,,,,,,,
Time of day,,,,,,,,,,,
,,,,,,,,,,,
Time,Media file path,Total length,FPS,Subject,Behavior,Behavioral category,Modifier 1,Modifier 2,Modifier 3,Comment,Status
86.156,D:/Pipefish Mesocosm Film/Trial 8/14-12-20/14-12 Noon 01.MTS,2831.540,25.0,,Start,,,,,,POINT
86.156,D:/Pipefish Mesocosm Film/Trial 8/14-12-20/14-12 Noon 01.MTS,2831.540,25.0,Female,Pose,,S pose,Male,Front,,START
87.010,D:/Pipefish Mesocosm Film/Trial 8/14-12-20/14-12 Noon 01.MTS,2831.540,25.0,Male,Inactive,,,,,,START
88.720,D:/Pipefish Mesocosm Film/Trial 8/14-12-20/14-12 Noon 01.MTS,2831.540,25.0,Male,Inactive,,,,,,STOP
88.721,D:/Pipefish Mesocosm Film/Trial 8/14-12-20/14-12 Noon 01.MTS,2831.540,25.0,Male,Wiggle,Courtship,Subtle wiggle,Female,2,,START
95.650,D:/Pipefish Mesocosm Film/Trial 8/14-12-20/14-12 Noon 01.MTS,2831.540,25.0,Male,Wiggle,Courtship,Subtle wiggle,Female,2,,STOP
95.651,D:/Pipefish Mesocosm Film/Trial 8/14-12-20/14-12 Noon 01.MTS,2831.540,25.0,Male,Inactive,,,,,,START
95.840,D:/Pipefish Mesocosm Film/Trial 8/14-12-20/14-12 Noon 01.MTS,2831.540,25.0,Female,Pose,,S pose,Male,Front,,STOP
95.841,D:/Pipefish Mesocosm Film/Trial 8/14-12-20/14-12 Noon 01.MTS,2831.540,25.0,Female,Inactive,,,,,,START
155.561,D:/Pipefish Mesocosm Film/Trial 8/14-12-20/14-12 Noon 01.MTS,2831.540,25.0,Female,Inactive,,,,,,STOP
155.561,D:/Pipefish Mesocosm Film/Trial 8/14-12-20/14-12 Noon 01.MTS,2831.540,25.0,Male,Inactive,,,,,,STOP
155.563,D:/Pipefish Mesocosm Film/Trial 8/14-12-20/14-12 Noon 01.MTS,2831.540,25.0,,Stop,,,,,,POINT
190.218,D:/Pipefish Mesocosm Film/Trial 8/14-12-20/14-12 Noon 01.MTS,2831.540,25.0,,Start,,,,,,POINT
190.218,D:/Pipefish Mesocosm Film/Trial 8/14-12-20/14-12 Noon 01.MTS,2831.540,25.0,Female,Wiggle,Courtship,Active wiggle,Male,2,,START
190.785,D:/Pipefish Mesocosm Film/Trial 8/14-12-20/14-12 Noon 01.MTS,2831.540,25.0,Male,Inactive,,,,,,START
192.495,D:/Pipefish Mesocosm Film/Trial 8/14-12-20/14-12 Noon 01.MTS,2831.540,25.0,Female,Wiggle,Courtship,Active wiggle,Male,2,,STOP
192.496,D:/Pipefish Mesocosm Film/Trial 8/14-12-20/14-12 Noon 01.MTS,2831.540,25.0,Female,Inactive,,,,,,START
193.539,D:/Pipefish Mesocosm Film/Trial 8/14-12-20/14-12 Noon 01.MTS,2831.540,25.0,Male,Inactive,,,,,,STOP
193.540,D:/Pipefish Mesocosm Film/Trial 8/14-12-20/14-12 Noon 01.MTS,2831.540,25.0,Male,Wiggle,Courtship,Active wiggle,Female,33,,START
198.950,D:/Pipefish Mesocosm Film/Trial 8/14-12-20/14-12 Noon 01.MTS,2831.540,25.0,Male,Wiggle,Courtship,Active wiggle,Female,33,,STOP
198.951,D:/Pipefish Mesocosm Film/Trial 8/14-12-20/14-12 Noon 01.MTS,2831.540,25.0,Male,Inactive,,,,,,START
252.689,D:/Pipefish Mesocosm Film/Trial 8/14-12-20/14-12 Noon 01.MTS,2831.540,25.0,Female,Inactive,,,,,,STOP
252.689,D:/Pipefish Mesocosm Film/Trial 8/14-12-20/14-12 Noon 01.MTS,2831.540,25.0,Male,Inactive,,,,,,STOP
252.691,D:/Pipefish Mesocosm Film/Trial 8/14-12-20/14-12 Noon 01.MTS,2831.540,25.0,,Stop,,,,,,POINT
335.955,D:/Pipefish Mesocosm Film/Trial 8/14-12-20/14-12 Noon 01.MTS,2831.540,25.0,,Start,,,,,,POINT
335.955,D:/Pipefish Mesocosm Film/Trial 8/14-12-20/14-12 Noon 01.MTS,2831.540,25.0,Male,Wiggle,Courtship,Active wiggle,Female,2,,START
336.527,D:/Pipefish Mesocosm Film/Trial 8/14-12-20/14-12 Noon 01.MTS,2831.540,25.0,Female,Inactive,,,,,,START
341.468,D:/Pipefish Mesocosm Film/Trial 8/14-12-20/14-12 Noon 01.MTS,2831.540,25.0,Male,Wiggle,Courtship,Active wiggle,Female,2,,STOP
341.469,D:/Pipefish Mesocosm Film/Trial 8/14-12-20/14-12 Noon 01.MTS,2831.540,25.0,Male,Inactive,,,,,,START
348.297,D:/Pipefish Mesocosm Film/Trial 8/14-12-20/14-12 Noon 01.MTS,2831.540,25.0,Male,Inactive,,,,,,STOP
348.298,D:/Pipefish Mesocosm Film/Trial 8/14-12-20/14-12 Noon 01.MTS,2831.540,25.0,Male,Wiggle,Courtship,Active wiggle,Female,2,,START
351.052,D:/Pipefish Mesocosm Film/Trial 8/14-12-20/14-12 Noon 01.MTS,2831.540,25.0,Male,Wiggle,Courtship,Active wiggle,Female,2,,STOP
351.053,D:/Pipefish Mesocosm Film/Trial 8/14-12-20/14-12 Noon 01.MTS,2831.540,25.0,Male,Inactive,,,,,,START
352.729,D:/Pipefish Mesocosm Film/Trial 8/14-12-20/14-12 Noon 01.MTS,2831.540,25.0,Male,Inactive,,,,,,STOP
352.730,D:/Pipefish Mesocosm Film/Trial 8/14-12-20/14-12 Noon 01.MTS,2831.540,25.0,Male,Wiggle,Courtship,Active wiggle,Female,2,,START
353.806,D:/Pipefish Mesocosm Film/Trial 8/14-12-20/14-12 Noon 01.MTS,2831.540,25.0,Male,Wiggle,Courtship,Active wiggle,Female,2,,STOP
353.807,D:/Pipefish Mesocosm Film/Trial 8/14-12-20/14-12 Noon 01.MTS,2831.540,25.0,Male,Inactive,,,,,,START
372.510,D:/Pipefish Mesocosm Film/Trial 8/14-12-20/14-12 Noon 01.MTS,2831.540,25.0,Female,Inactive,,,,,,STOP
372.510,D:/Pipefish Mesocosm Film/Trial 8/14-12-20/14-12 Noon 01.MTS,2831.540,25.0,Male,Inactive,,,,,,STOP
372.795,D:/Pipefish Mesocosm Film/Trial 8/14-12-20/14-12 Noon 01.MTS,2831.540,25.0,,Stop,,,,,,POINT
609.683,D:/Pipefish Mesocosm Film/Trial 8/14-12-20/14-12 Noon 01.MTS,2831.540,25.0,,Start,,,,,,POINT
609.683,D:/Pipefish Mesocosm Film/Trial 8/14-12-20/14-12 Noon 01.MTS,2831.540,25.0,Female,Inactive,,,,,,START
609.683,D:/Pipefish Mesocosm Film/Trial 8/14-12-20/14-12 Noon 01.MTS,2831.540,25.0,Male,Wiggle,Courtship,Active wiggle,Female,2,,START
612.150,D:/Pipefish Mesocosm Film/Trial 8/14-12-20/14-12 Noon 01.MTS,2831.540,25.0,Male,Wiggle,Courtship,Active wiggle,Female,2,,STOP
612.151,D:/Pipefish Mesocosm Film/Trial 8/14-12-20/14-12 Noon 01.MTS,2831.540,25.0,Male,Inactive,,,,,,START
642.629,D:/Pipefish Mesocosm Film/Trial 8/14-12-20/14-12 Noon 01.MTS,2831.540,25.0,Female,Inactive,,,,,,STOP
642.629,D:/Pipefish Mesocosm Film/Trial 8/14-12-20/14-12 Noon 01.MTS,2831.540,25.0,Male,Inactive,,,,,,STOP
643.485,D:/Pipefish Mesocosm Film/Trial 8/14-12-20/14-12 Noon 01.MTS,2831.540,25.0,,Stop,,,,,,POINT
660.004,D:/Pipefish Mesocosm Film/Trial 8/14-12-20/14-12 Noon 01.MTS,2831.540,25.0,,Start,,,,,,POINT
661.143,D:/Pipefish Mesocosm Film/Trial 8/14-12-20/14-12 Noon 01.MTS,2831.540,25.0,Female,Inactive,,,,,,START
661.143,D:/Pipefish Mesocosm Film/Trial 8/14-12-20/14-12 Noon 01.MTS,2831.540,25.0,Male,Wiggle,Courtship,Active wiggle,Female,2,,START
667.053,D:/Pipefish Mesocosm Film/Trial 8/14-12-20/14-12 Noon 01.MTS,2831.540,25.0,Male,Wiggle,Courtship,Active wiggle,Female,2,,STOP
667.054,D:/Pipefish Mesocosm Film/Trial 8/14-12-20/14-12 Noon 01.MTS,2831.540,25.0,Male,Inactive,,,,,,START
686.401,D:/Pipefish Mesocosm Film/Trial 8/14-12-20/14-12 Noon 01.MTS,2831.540,25.0,Female,Inactive,,,,,,STOP
686.401,D:/Pipefish Mesocosm Film/Trial 8/14-12-20/14-12 Noon 01.MTS,2831.540,25.0,Male,Inactive,,,,,,STOP
686.403,D:/Pipefish Mesocosm Film/Trial 8/14-12-20/14-12 Noon 01.MTS,2831.540,25.0,,Stop,,,,,,POINT
716.688,D:/Pipefish Mesocosm Film/Trial 8/14-12-20/14-12 Noon 01.MTS,2831.540,25.0,,Start,,,,,,POINT
716.688,D:/Pipefish Mesocosm Film/Trial 8/14-12-20/14-12 Noon 01.MTS,2831.540,25.0,Female,Wiggle,Courtship,Active wiggle,Male,2,,START
716.688,D:/Pipefish Mesocosm Film/Trial 8/14-12-20/14-12 Noon 01.MTS,2831.540,25.0,Male,Inactive,,,,,,START
718.681,D:/Pipefish Mesocosm Film/Trial 8/14-12-20/14-12 Noon 01.MTS,2831.540,25.0,Female,Wiggle,Courtship,Active wiggle,Male,2,,STOP
718.682,D:/Pipefish Mesocosm Film/Trial 8/14-12-20/14-12 Noon 01.MTS,2831.540,25.0,Female,Inactive,,,,,,START
739.092,D:/Pipefish Mesocosm Film/Trial 8/14-12-20/14-12 Noon 01.MTS,2831.540,25.0,Female,Inactive,,,,,,STOP
739.092,D:/Pipefish Mesocosm Film/Trial 8/14-12-20/14-12 Noon 01.MTS,2831.540,25.0,Male,Inactive,,,,,,STOP
739.858,D:/Pipefish Mesocosm Film/Trial 8/14-12-20/14-12 Noon 01.MTS,2831.540,25.0,,Stop,,,,,,POINT
