Observation id,T902AM_01,,,,,,,,,,
,,,,,,,,,,,
Media file(s),,,,,,,,,,,
,,,,,,,,,,,
Player #1,D:/Pipefish Mesocosm Film/Trial 9/10-12-20/10-12 AM 01.MTS,,,,,,,,,,
Player #1,D:/Pipefish Mesocosm Film/Trial 9/10-12-20/10-12 AM 02.MTS,,,,,,,,,,
Player #1,D:/Pipefish Mesocosm Film/Trial 9/10-12-20/10-12 AM 03.MTS,,,,,,,,,,
,,,,,,,,,,,
Observation date,2021-12-20 17:58:31,,,,,,,,,,
,,,,,,,,,,,
Description,,,,,,,,,,,
,,,,,,,,,,,
Time offset (s),0.0,,,,,,,,,,
,,,,,,,,,,,
independent variables,,,,,,,,,,,
variable,value,,,,,,,,,,
Number in group,,,,,,,,,,,
Time of day,,,,,,,,,,,
,,,,,,,,,,,
Time,Media file path,Total length,FPS,Subject,Behavior,Behavioral category,Modifier 1,Modifier 2,Modifier 3,Comment,Status
503.056,D:/Pipefish Mesocosm Film/Trial 9/10-12-20/10-12 AM 01.MTS,7318.820,25.0,,Start,,,,,,POINT
503.058,D:/Pipefish Mesocosm Film/Trial 9/10-12-20/10-12 AM 01.MTS,7318.820,25.0,Female,Pose,,S pose,Male,Front,,START
503.058,D:/Pipefish Mesocosm Film/Trial 9/10-12-20/10-12 AM 01.MTS,7318.820,25.0,Male,Inactive,,,,,,START
505.621,D:/Pipefish Mesocosm Film/Trial 9/10-12-20/10-12 AM 01.MTS,7318.820,25.0,Female,Pose,,S pose,Male,Front,,STOP
505.622,D:/Pipefish Mesocosm Film/Trial 9/10-12-20/10-12 AM 01.MTS,7318.820,25.0,Female,Inactive,,,,,,START
565.723,D:/Pipefish Mesocosm Film/Trial 9/10-12-20/10-12 AM 01.MTS,7318.820,25.0,Female,Inactive,,,,,,STOP
565.723,D:/Pipefish Mesocosm Film/Trial 9/10-12-20/10-12 AM 01.MTS,7318.820,25.0,Male,Inactive,,,,,,STOP
566.217,D:/Pipefish Mesocosm Film/Trial 9/10-12-20/10-12 AM 01.MTS,7318.820,25.0,,Stop,,,,,,POINT
2190.232,D:/Pipefish Mesocosm Film/Trial 9/10-12-20/10-12 AM 01.MTS,7318.820,25.0,,Start,,,,,,POINT
2190.232,D:/Pipefish Mesocosm Film/Trial 9/10-12-20/10-12 AM 01.MTS,7318.820,25.0,Female,Inactive,,,,,,START
2190.232,D:/Pipefish Mesocosm Film/Trial 9/10-12-20/10-12 AM 01.MTS,7318.820,25.0,Male,Wiggle,Courtship,Active wiggle,Female,2,,START
2195.169,D:/Pipefish Mesocosm Film/Trial 9/10-12-20/10-12 AM 01.MTS,7318.820,25.0,Male,Wiggle,Courtship,Active wiggle,Female,2,,STOP
2195.170,D:/Pipefish Mesocosm Film/Trial 9/10-12-20/10-12 AM 01.MTS,7318.820,25.0,Male,Inactive,,,,,,START
2207.700,D:/Pipefish Mesocosm Film/Trial 9/10-12-20/10-12 AM 01.MTS,7318.820,25.0,Male,Inactive,,,,,,STOP
2207.701,D:/Pipefish Mesocosm Film/Trial 9/10-12-20/10-12 AM 01.MTS,7318.820,25.0,Male,Wiggle,Courtship,Active wiggle,Female,3,,START
2210.264,D:/Pipefish Mesocosm Film/Trial 9/10-12-20/10-12 AM 01.MTS,7318.820,25.0,Male,Wiggle,Courtship,Active wiggle,Female,3,,STOP
2210.265,D:/Pipefish Mesocosm Film/Trial 9/10-12-20/10-12 AM 01.MTS,7318.820,25.0,Male,Inactive,,,,,,START
2235.899,D:/Pipefish Mesocosm Film/Trial 9/10-12-20/10-12 AM 01.MTS,7318.820,25.0,Male,Inactive,,,,,,STOP
2235.900,D:/Pipefish Mesocosm Film/Trial 9/10-12-20/10-12 AM 01.MTS,7318.820,25.0,Male,Wiggle,Courtship,Active wiggle,Female,2,,START
2238.557,D:/Pipefish Mesocosm Film/Trial 9/10-12-20/10-12 AM 01.MTS,7318.820,25.0,Male,Wiggle,Courtship,Active wiggle,Female,2,,STOP
2238.558,D:/Pipefish Mesocosm Film/Trial 9/10-12-20/10-12 AM 01.MTS,7318.820,25.0,Male,Inactive,,,,,,START
2304.735,D:/Pipefish Mesocosm Film/Trial 9/10-12-20/10-12 AM 01.MTS,7318.820,25.0,Female,Inactive,,,,,,STOP
2304.735,D:/Pipefish Mesocosm Film/Trial 9/10-12-20/10-12 AM 01.MTS,7318.820,25.0,Male,Inactive,,,,,,STOP
2305.495,D:/Pipefish Mesocosm Film/Trial 9/10-12-20/10-12 AM 01.MTS,7318.820,25.0,,Stop,,,,,,POINT
4399.525,D:/Pipefish Mesocosm Film/Trial 9/10-12-20/10-12 AM 02.MTS,7318.820,25.0,,Start,,,,,,POINT
4399.525,D:/Pipefish Mesocosm Film/Trial 9/10-12-20/10-12 AM 02.MTS,7318.820,25.0,Female,Pose,,S pose,Male,Front,,START
4399.525,D:/Pipefish Mesocosm Film/Trial 9/10-12-20/10-12 AM 02.MTS,7318.820,25.0,Male,Inactive,,,,,,START
4401.802,D:/Pipefish Mesocosm Film/Trial 9/10-12-20/10-12 AM 02.MTS,7318.820,25.0,Female,Pose,,S pose,Male,Front,,STOP
4401.803,D:/Pipefish Mesocosm Film/Trial 9/10-12-20/10-12 AM 02.MTS,7318.820,25.0,Female,Inactive,,,,,,START
4422.314,D:/Pipefish Mesocosm Film/Trial 9/10-12-20/10-12 AM 02.MTS,7318.820,25.0,Female,Inactive,,,,,,STOP
4422.314,D:/Pipefish Mesocosm Film/Trial 9/10-12-20/10-12 AM 02.MTS,7318.820,25.0,Male,Inactive,,,,,,STOP
4423.133,D:/Pipefish Mesocosm Film/Trial 9/10-12-20/10-12 AM 02.MTS,7318.820,25.0,,Stop,,,,,,POINT
4478.518,D:/Pipefish Mesocosm Film/Trial 9/10-12-20/10-12 AM 02.MTS,7318.820,25.0,,Start,,,,,,POINT
4478.518,D:/Pipefish Mesocosm Film/Trial 9/10-12-20/10-12 AM 02.MTS,7318.820,25.0,Female,Wiggle,Courtship,Active wiggle,Male,2,,START
4478.518,D:/Pipefish Mesocosm Film/Trial 9/10-12-20/10-12 AM 02.MTS,7318.820,25.0,Male,Inactive,,,,,,START
4483.929,D:/Pipefish Mesocosm Film/Trial 9/10-12-20/10-12 AM 02.MTS,7318.820,25.0,Female,Wiggle,Courtship,Active wiggle,Male,2,,STOP
4483.930,D:/Pipefish Mesocosm Film/Trial 9/10-12-20/10-12 AM 02.MTS,7318.820,25.0,Female,Inactive,,,,,,START
4492.189,D:/Pipefish Mesocosm Film/Trial 9/10-12-20/10-12 AM 02.MTS,7318.820,25.0,Female,Inactive,,,,,,STOP
4492.190,D:/Pipefish Mesocosm Film/Trial 9/10-12-20/10-12 AM 02.MTS,7318.820,25.0,Female,Wiggle,Courtship,Active wiggle,Male,2,,START
4496.272,D:/Pipefish Mesocosm Film/Trial 9/10-12-20/10-12 AM 02.MTS,7318.820,25.0,Female,Wiggle,Courtship,Active wiggle,Male,2,,STOP
4496.273,D:/Pipefish Mesocosm Film/Trial 9/10-12-20/10-12 AM 02.MTS,7318.820,25.0,Female,Inactive,,,,,,START
4556.088,D:/Pipefish Mesocosm Film/Trial 9/10-12-20/10-12 AM 02.MTS,7318.820,25.0,Female,Inactive,,,,,,STOP
4556.088,D:/Pipefish Mesocosm Film/Trial 9/10-12-20/10-12 AM 02.MTS,7318.820,25.0,Male,Inactive,,,,,,STOP
4556.753,D:/Pipefish Mesocosm Film/Trial 9/10-12-20/10-12 AM 02.MTS,7318.820,25.0,,Stop,,,,,,POINT
