Observation id,T903AM,,,,,,,,,,
,,,,,,,,,,,
Media file(s),,,,,,,,,,,
,,,,,,,,,,,
Player #1,D:/Pipefish Mesocosm Film/Trial 9/11-12-20/11-12 AM 01.MTS,,,,,,,,,,
Player #1,D:/Pipefish Mesocosm Film/Trial 9/11-12-20/11-12 AM 02.MTS,,,,,,,,,,
Player #1,D:/Pipefish Mesocosm Film/Trial 9/11-12-20/11-12 AM 03.MTS,,,,,,,,,,
,,,,,,,,,,,
Observation date,2022-01-21 14:00:12,,,,,,,,,,
,,,,,,,,,,,
Description,,,,,,,,,,,
,,,,,,,,,,,
Time offset (s),0.0,,,,,,,,,,
,,,,,,,,,,,
independent variables,,,,,,,,,,,
variable,value,,,,,,,,,,
Number in group,,,,,,,,,,,
Time of day,,,,,,,,,,,
,,,,,,,,,,,
Time,Media file path,Total length,FPS,Subject,Behavior,Behavioral category,Modifier 1,Modifier 2,Modifier 3,Comment,Status
1840.644,D:/Pipefish Mesocosm Film/Trial 9/11-12-20/11-12 AM 01.MTS,7201.700,25.0,,Start,,,,,,POINT
1840.644,D:/Pipefish Mesocosm Film/Trial 9/11-12-20/11-12 AM 01.MTS,7201.700,25.0,Female,Pose,,Non-s pose,Male,Front,,START
1840.644,D:/Pipefish Mesocosm Film/Trial 9/11-12-20/11-12 AM 01.MTS,7201.700,25.0,Male,Inactive,,,,,,START
1845.012,D:/Pipefish Mesocosm Film/Trial 9/11-12-20/11-12 AM 01.MTS,7201.700,25.0,Female,Pose,,Non-s pose,Male,Front,,STOP
1845.013,D:/Pipefish Mesocosm Film/Trial 9/11-12-20/11-12 AM 01.MTS,7201.700,25.0,Female,Inactive,,,,,,START
1860.868,D:/Pipefish Mesocosm Film/Trial 9/11-12-20/11-12 AM 01.MTS,7201.700,25.0,Female,Inactive,,,,,,STOP
1860.868,D:/Pipefish Mesocosm Film/Trial 9/11-12-20/11-12 AM 01.MTS,7201.700,25.0,Male,Inactive,,,,,,STOP
1861.151,D:/Pipefish Mesocosm Film/Trial 9/11-12-20/11-12 AM 01.MTS,7201.700,25.0,,Stop,,,,,,POINT
2795.698,D:/Pipefish Mesocosm Film/Trial 9/11-12-20/11-12 AM 01.MTS,7201.700,25.0,,Start,,,,,,POINT
2795.698,D:/Pipefish Mesocosm Film/Trial 9/11-12-20/11-12 AM 01.MTS,7201.700,25.0,Female,Wiggle,Courtship,Active wiggle,Male,2,,START
2796.930,D:/Pipefish Mesocosm Film/Trial 9/11-12-20/11-12 AM 01.MTS,7201.700,25.0,Male,Inactive,,,,,,START
2803.100,D:/Pipefish Mesocosm Film/Trial 9/11-12-20/11-12 AM 01.MTS,7201.700,25.0,Female,Wiggle,Courtship,Active wiggle,Male,2,,STOP
2803.101,D:/Pipefish Mesocosm Film/Trial 9/11-12-20/11-12 AM 01.MTS,7201.700,25.0,Female,Inactive,,,,,,START
2806.235,D:/Pipefish Mesocosm Film/Trial 9/11-12-20/11-12 AM 01.MTS,7201.700,25.0,Male,Inactive,,,,,,STOP
2806.236,D:/Pipefish Mesocosm Film/Trial 9/11-12-20/11-12 AM 01.MTS,7201.700,25.0,Male,Wiggle,Courtship,Active wiggle,Female,2,,START
2813.260,D:/Pipefish Mesocosm Film/Trial 9/11-12-20/11-12 AM 01.MTS,7201.700,25.0,Male,Wiggle,Courtship,Active wiggle,Female,2,,STOP
2813.261,D:/Pipefish Mesocosm Film/Trial 9/11-12-20/11-12 AM 01.MTS,7201.700,25.0,Male,Inactive,,,,,,START
2840.605,D:/Pipefish Mesocosm Film/Trial 9/11-12-20/11-12 AM 01.MTS,7201.700,25.0,Male,Inactive,,,,,,STOP
2840.606,D:/Pipefish Mesocosm Film/Trial 9/11-12-20/11-12 AM 01.MTS,7201.700,25.0,Male,Wiggle,Courtship,Active wiggle,Female,2,,START
2850.099,D:/Pipefish Mesocosm Film/Trial 9/11-12-20/11-12 AM 01.MTS,7201.700,25.0,Male,Wiggle,Courtship,Active wiggle,Female,2,,STOP
2850.100,D:/Pipefish Mesocosm Film/Trial 9/11-12-20/11-12 AM 01.MTS,7201.700,25.0,Male,Inactive,,,,,,START
2850.384,D:/Pipefish Mesocosm Film/Trial 9/11-12-20/11-12 AM 01.MTS,7201.700,25.0,Female,Inactive,,,,,,STOP
2850.385,D:/Pipefish Mesocosm Film/Trial 9/11-12-20/11-12 AM 01.MTS,7201.700,25.0,Female,Pose,,S pose,Male,Front,,START
2859.742,D:/Pipefish Mesocosm Film/Trial 9/11-12-20/11-12 AM 01.MTS,7201.700,25.0,Female,Pose,,S pose,Male,Front,,STOP
2859.743,D:/Pipefish Mesocosm Film/Trial 9/11-12-20/11-12 AM 01.MTS,7201.700,25.0,Female,Inactive,,,,,,START
2888.666,D:/Pipefish Mesocosm Film/Trial 9/11-12-20/11-12 AM 02.MTS,7201.700,25.0,Male,Inactive,,,,,,STOP
2888.667,D:/Pipefish Mesocosm Film/Trial 9/11-12-20/11-12 AM 02.MTS,7201.700,25.0,Male,Wiggle,Courtship,Active wiggle,Female,2,,START
2892.086,D:/Pipefish Mesocosm Film/Trial 9/11-12-20/11-12 AM 02.MTS,7201.700,25.0,Male,Wiggle,Courtship,Active wiggle,Female,2,,STOP
2892.087,D:/Pipefish Mesocosm Film/Trial 9/11-12-20/11-12 AM 02.MTS,7201.700,25.0,Male,Inactive,,,,,,START
2902.056,D:/Pipefish Mesocosm Film/Trial 9/11-12-20/11-12 AM 02.MTS,7201.700,25.0,Male,Inactive,,,,,,STOP
2902.057,D:/Pipefish Mesocosm Film/Trial 9/11-12-20/11-12 AM 02.MTS,7201.700,25.0,Male,Wiggle,Courtship,Active wiggle,Female,2,,START
2905.189,D:/Pipefish Mesocosm Film/Trial 9/11-12-20/11-12 AM 02.MTS,7201.700,25.0,Male,Wiggle,Courtship,Active wiggle,Female,2,,STOP
2905.190,D:/Pipefish Mesocosm Film/Trial 9/11-12-20/11-12 AM 02.MTS,7201.700,25.0,Male,Inactive,,,,,,START
2912.308,D:/Pipefish Mesocosm Film/Trial 9/11-12-20/11-12 AM 02.MTS,7201.700,25.0,Female,Inactive,,,,,,STOP
2912.309,D:/Pipefish Mesocosm Film/Trial 9/11-12-20/11-12 AM 02.MTS,7201.700,25.0,Female,Pose,,S pose,Male,Front,,START
2915.064,D:/Pipefish Mesocosm Film/Trial 9/11-12-20/11-12 AM 02.MTS,7201.700,25.0,Female,Pose,,S pose,Male,Front,,STOP
2915.065,D:/Pipefish Mesocosm Film/Trial 9/11-12-20/11-12 AM 02.MTS,7201.700,25.0,Female,Wiggle,Courtship,Active wiggle,Male,2,,START
2922.373,D:/Pipefish Mesocosm Film/Trial 9/11-12-20/11-12 AM 02.MTS,7201.700,25.0,Female,Wiggle,Courtship,Active wiggle,Male,2,,STOP
2922.374,D:/Pipefish Mesocosm Film/Trial 9/11-12-20/11-12 AM 02.MTS,7201.700,25.0,Female,Inactive,,,,,,START
2929.683,D:/Pipefish Mesocosm Film/Trial 9/11-12-20/11-12 AM 02.MTS,7201.700,25.0,Male,Inactive,,,,,,STOP
2929.684,D:/Pipefish Mesocosm Film/Trial 9/11-12-20/11-12 AM 02.MTS,7201.700,25.0,Male,Wiggle,Courtship,Active wiggle,Female,2,,START
2932.342,D:/Pipefish Mesocosm Film/Trial 9/11-12-20/11-12 AM 02.MTS,7201.700,25.0,Male,Wiggle,Courtship,Active wiggle,Female,2,,STOP
2932.343,D:/Pipefish Mesocosm Film/Trial 9/11-12-20/11-12 AM 02.MTS,7201.700,25.0,Male,Inactive,,,,,,START
2939.274,D:/Pipefish Mesocosm Film/Trial 9/11-12-20/11-12 AM 02.MTS,7201.700,25.0,Male,Inactive,,,,,,STOP
2939.275,D:/Pipefish Mesocosm Film/Trial 9/11-12-20/11-12 AM 02.MTS,7201.700,25.0,Male,Wiggle,Courtship,Subtle wiggle,Female,2,,START
2942.313,D:/Pipefish Mesocosm Film/Trial 9/11-12-20/11-12 AM 02.MTS,7201.700,25.0,Male,Wiggle,Courtship,Subtle wiggle,Female,2,,STOP
2942.314,D:/Pipefish Mesocosm Film/Trial 9/11-12-20/11-12 AM 02.MTS,7201.700,25.0,Male,Inactive,,,,,,START
2949.148,D:/Pipefish Mesocosm Film/Trial 9/11-12-20/11-12 AM 02.MTS,7201.700,25.0,Female,Inactive,,,,,,STOP
2949.149,D:/Pipefish Mesocosm Film/Trial 9/11-12-20/11-12 AM 02.MTS,7201.700,25.0,Female,Pose,,S pose,Male,Front,,START
2954.562,D:/Pipefish Mesocosm Film/Trial 9/11-12-20/11-12 AM 02.MTS,7201.700,25.0,Female,Pose,,S pose,Male,Front,,STOP
2954.563,D:/Pipefish Mesocosm Film/Trial 9/11-12-20/11-12 AM 02.MTS,7201.700,25.0,Female,Inactive,,,,,,START
2958.831,D:/Pipefish Mesocosm Film/Trial 9/11-12-20/11-12 AM 02.MTS,7201.700,25.0,Male,Inactive,,,,,,STOP
2958.832,D:/Pipefish Mesocosm Film/Trial 9/11-12-20/11-12 AM 02.MTS,7201.700,25.0,Male,Wiggle,Courtship,Active wiggle,Female,2,,START
2962.440,D:/Pipefish Mesocosm Film/Trial 9/11-12-20/11-12 AM 02.MTS,7201.700,25.0,Male,Wiggle,Courtship,Active wiggle,Female,2,,STOP
2962.441,D:/Pipefish Mesocosm Film/Trial 9/11-12-20/11-12 AM 02.MTS,7201.700,25.0,Male,Inactive,,,,,,START
2998.899,D:/Pipefish Mesocosm Film/Trial 9/11-12-20/11-12 AM 02.MTS,7201.700,25.0,Male,Inactive,,,,,,STOP
2998.900,D:/Pipefish Mesocosm Film/Trial 9/11-12-20/11-12 AM 02.MTS,7201.700,25.0,Male,Wiggle,Courtship,Active wiggle,Female,2,,START
3002.413,D:/Pipefish Mesocosm Film/Trial 9/11-12-20/11-12 AM 02.MTS,7201.700,25.0,Male,Wiggle,Courtship,Active wiggle,Female,2,,STOP
3002.414,D:/Pipefish Mesocosm Film/Trial 9/11-12-20/11-12 AM 02.MTS,7201.700,25.0,Male,Inactive,,,,,,START
3039.632,D:/Pipefish Mesocosm Film/Trial 9/11-12-20/11-12 AM 02.MTS,7201.700,25.0,Female,Inactive,,,,,,STOP
3039.633,D:/Pipefish Mesocosm Film/Trial 9/11-12-20/11-12 AM 02.MTS,7201.700,25.0,Female,Pose,,S pose,Male,Front,,START
3043.808,D:/Pipefish Mesocosm Film/Trial 9/11-12-20/11-12 AM 02.MTS,7201.700,25.0,Female,Pose,,S pose,Male,Front,,STOP
3043.809,D:/Pipefish Mesocosm Film/Trial 9/11-12-20/11-12 AM 02.MTS,7201.700,25.0,Female,Wiggle,Courtship,Active wiggle,Male,2,,START
3047.987,D:/Pipefish Mesocosm Film/Trial 9/11-12-20/11-12 AM 02.MTS,7201.700,25.0,Female,Wiggle,Courtship,Active wiggle,Male,2,,STOP
3047.988,D:/Pipefish Mesocosm Film/Trial 9/11-12-20/11-12 AM 02.MTS,7201.700,25.0,Female,Inactive,,,,,,START
3055.675,D:/Pipefish Mesocosm Film/Trial 9/11-12-20/11-12 AM 02.MTS,7201.700,25.0,Male,Inactive,,,,,,STOP
3055.676,D:/Pipefish Mesocosm Film/Trial 9/11-12-20/11-12 AM 02.MTS,7201.700,25.0,Male,Wiggle,Courtship,Active wiggle,Female,2,,START
3059.378,D:/Pipefish Mesocosm Film/Trial 9/11-12-20/11-12 AM 02.MTS,7201.700,25.0,Male,Wiggle,Courtship,Active wiggle,Female,2,,STOP
3059.379,D:/Pipefish Mesocosm Film/Trial 9/11-12-20/11-12 AM 02.MTS,7201.700,25.0,Male,Inactive,,,,,,START
3087.862,D:/Pipefish Mesocosm Film/Trial 9/11-12-20/11-12 AM 02.MTS,7201.700,25.0,Male,Inactive,,,,,,STOP
3087.863,D:/Pipefish Mesocosm Film/Trial 9/11-12-20/11-12 AM 02.MTS,7201.700,25.0,Male,Wiggle,Courtship,Active wiggle,Female,2,,START
3090.806,D:/Pipefish Mesocosm Film/Trial 9/11-12-20/11-12 AM 02.MTS,7201.700,25.0,Male,Wiggle,Courtship,Active wiggle,Female,2,,STOP
3090.807,D:/Pipefish Mesocosm Film/Trial 9/11-12-20/11-12 AM 02.MTS,7201.700,25.0,Male,Inactive,,,,,,START
3099.542,D:/Pipefish Mesocosm Film/Trial 9/11-12-20/11-12 AM 02.MTS,7201.700,25.0,Female,Inactive,,,,,,STOP
3099.543,D:/Pipefish Mesocosm Film/Trial 9/11-12-20/11-12 AM 02.MTS,7201.700,25.0,Female,Wiggle,Courtship,Active wiggle,Male,2,,START
3103.054,D:/Pipefish Mesocosm Film/Trial 9/11-12-20/11-12 AM 02.MTS,7201.700,25.0,Female,Wiggle,Courtship,Active wiggle,Male,2,,STOP
3103.055,D:/Pipefish Mesocosm Film/Trial 9/11-12-20/11-12 AM 02.MTS,7201.700,25.0,Female,Inactive,,,,,,START
3115.871,D:/Pipefish Mesocosm Film/Trial 9/11-12-20/11-12 AM 02.MTS,7201.700,25.0,Male,Inactive,,,,,,STOP
3115.872,D:/Pipefish Mesocosm Film/Trial 9/11-12-20/11-12 AM 02.MTS,7201.700,25.0,Male,Wiggle,Courtship,Active wiggle,Female,2,,START
3120.619,D:/Pipefish Mesocosm Film/Trial 9/11-12-20/11-12 AM 02.MTS,7201.700,25.0,Male,Wiggle,Courtship,Active wiggle,Female,2,,STOP
3120.620,D:/Pipefish Mesocosm Film/Trial 9/11-12-20/11-12 AM 02.MTS,7201.700,25.0,Male,Inactive,,,,,,START
3146.159,D:/Pipefish Mesocosm Film/Trial 9/11-12-20/11-12 AM 02.MTS,7201.700,25.0,Male,Inactive,,,,,,STOP
3146.160,D:/Pipefish Mesocosm Film/Trial 9/11-12-20/11-12 AM 02.MTS,7201.700,25.0,Male,Wiggle,Courtship,Active wiggle,Female,2,,START
3146.539,D:/Pipefish Mesocosm Film/Trial 9/11-12-20/11-12 AM 02.MTS,7201.700,25.0,Female,Inactive,,,,,,STOP
3146.540,D:/Pipefish Mesocosm Film/Trial 9/11-12-20/11-12 AM 02.MTS,7201.700,25.0,Female,Pose,,S pose,Male,Front,,START
3149.955,D:/Pipefish Mesocosm Film/Trial 9/11-12-20/11-12 AM 02.MTS,7201.700,25.0,Male,Wiggle,Courtship,Active wiggle,Female,2,,STOP
3149.956,D:/Pipefish Mesocosm Film/Trial 9/11-12-20/11-12 AM 02.MTS,7201.700,25.0,Male,Inactive,,,,,,START
3154.609,D:/Pipefish Mesocosm Film/Trial 9/11-12-20/11-12 AM 02.MTS,7201.700,25.0,Female,Pose,,S pose,Male,Front,,STOP
3154.610,D:/Pipefish Mesocosm Film/Trial 9/11-12-20/11-12 AM 02.MTS,7201.700,25.0,Female,Inactive,,,,,,START
3214.520,D:/Pipefish Mesocosm Film/Trial 9/11-12-20/11-12 AM 02.MTS,7201.700,25.0,Male,Inactive,,,,,,STOP
3214.711,D:/Pipefish Mesocosm Film/Trial 9/11-12-20/11-12 AM 02.MTS,7201.700,25.0,Female,Inactive,,,,,,STOP
3215.279,D:/Pipefish Mesocosm Film/Trial 9/11-12-20/11-12 AM 02.MTS,7201.700,25.0,,Stop,,,,,,POINT
3228.097,D:/Pipefish Mesocosm Film/Trial 9/11-12-20/11-12 AM 02.MTS,7201.700,25.0,,Start,,,,,,POINT
3228.097,D:/Pipefish Mesocosm Film/Trial 9/11-12-20/11-12 AM 02.MTS,7201.700,25.0,Male,Wiggle,Courtship,Active wiggle,Female,2,,START
3231.704,D:/Pipefish Mesocosm Film/Trial 9/11-12-20/11-12 AM 02.MTS,7201.700,25.0,Male,Wiggle,Courtship,Active wiggle,Female,2,,STOP
3231.705,D:/Pipefish Mesocosm Film/Trial 9/11-12-20/11-12 AM 02.MTS,7201.700,25.0,Male,Inactive,,,,,,START
3236.483,D:/Pipefish Mesocosm Film/Trial 9/11-12-20/11-12 AM 02.MTS,7201.700,25.0,Female,Pose,,S pose,Male,Front,,START
3241.294,D:/Pipefish Mesocosm Film/Trial 9/11-12-20/11-12 AM 02.MTS,7201.700,25.0,Female,Pose,,S pose,Male,Front,,STOP
3241.295,D:/Pipefish Mesocosm Film/Trial 9/11-12-20/11-12 AM 02.MTS,7201.700,25.0,Female,Inactive,,,,,,START
3260.378,D:/Pipefish Mesocosm Film/Trial 9/11-12-20/11-12 AM 02.MTS,7201.700,25.0,Male,Inactive,,,,,,STOP
3260.379,D:/Pipefish Mesocosm Film/Trial 9/11-12-20/11-12 AM 02.MTS,7201.700,25.0,Male,Wiggle,Courtship,Active wiggle,Female,2,,START
3265.888,D:/Pipefish Mesocosm Film/Trial 9/11-12-20/11-12 AM 02.MTS,7201.700,25.0,Male,Wiggle,Courtship,Active wiggle,Female,2,,STOP
3265.889,D:/Pipefish Mesocosm Film/Trial 9/11-12-20/11-12 AM 02.MTS,7201.700,25.0,Male,Inactive,,,,,,START
3274.716,D:/Pipefish Mesocosm Film/Trial 9/11-12-20/11-12 AM 02.MTS,7201.700,25.0,Female,Inactive,,,,,,STOP
3274.717,D:/Pipefish Mesocosm Film/Trial 9/11-12-20/11-12 AM 02.MTS,7201.700,25.0,Female,Wiggle,Courtship,Active wiggle,Male,2,,START
3281.078,D:/Pipefish Mesocosm Film/Trial 9/11-12-20/11-12 AM 02.MTS,7201.700,25.0,Female,Wiggle,Courtship,Active wiggle,Male,2,,STOP
3281.079,D:/Pipefish Mesocosm Film/Trial 9/11-12-20/11-12 AM 02.MTS,7201.700,25.0,Female,Inactive,,,,,,START
3309.941,D:/Pipefish Mesocosm Film/Trial 9/11-12-20/11-12 AM 02.MTS,7201.700,25.0,Female,Inactive,,,,,,STOP
3309.942,D:/Pipefish Mesocosm Film/Trial 9/11-12-20/11-12 AM 02.MTS,7201.700,25.0,Female,Wiggle,Courtship,Active wiggle,Male,2,,START
3315.733,D:/Pipefish Mesocosm Film/Trial 9/11-12-20/11-12 AM 02.MTS,7201.700,25.0,Female,Wiggle,Courtship,Active wiggle,Male,2,,STOP
3315.734,D:/Pipefish Mesocosm Film/Trial 9/11-12-20/11-12 AM 02.MTS,7201.700,25.0,Female,Inactive,,,,,,START
3347.729,D:/Pipefish Mesocosm Film/Trial 9/11-12-20/11-12 AM 02.MTS,7201.700,25.0,Male,Inactive,,,,,,STOP
3347.730,D:/Pipefish Mesocosm Film/Trial 9/11-12-20/11-12 AM 02.MTS,7201.700,25.0,Male,Wiggle,Courtship,Active wiggle,Female,2,,START
3352.761,D:/Pipefish Mesocosm Film/Trial 9/11-12-20/11-12 AM 02.MTS,7201.700,25.0,Male,Wiggle,Courtship,Active wiggle,Female,2,,STOP
3352.762,D:/Pipefish Mesocosm Film/Trial 9/11-12-20/11-12 AM 02.MTS,7201.700,25.0,Male,Inactive,,,,,,START
3379.533,D:/Pipefish Mesocosm Film/Trial 9/11-12-20/11-12 AM 02.MTS,7201.700,25.0,Female,Inactive,,,,,,STOP
3379.534,D:/Pipefish Mesocosm Film/Trial 9/11-12-20/11-12 AM 02.MTS,7201.700,25.0,Female,Wiggle,Courtship,Active wiggle,Male,2,,START
3385.801,D:/Pipefish Mesocosm Film/Trial 9/11-12-20/11-12 AM 02.MTS,7201.700,25.0,Female,Wiggle,Courtship,Active wiggle,Male,2,,STOP
3385.802,D:/Pipefish Mesocosm Film/Trial 9/11-12-20/11-12 AM 02.MTS,7201.700,25.0,Female,Inactive,,,,,,START
3398.239,D:/Pipefish Mesocosm Film/Trial 9/11-12-20/11-12 AM 02.MTS,7201.700,25.0,Male,Inactive,,,,,,STOP
3398.240,D:/Pipefish Mesocosm Film/Trial 9/11-12-20/11-12 AM 02.MTS,7201.700,25.0,Male,Wiggle,Courtship,Active wiggle,Female,2,,START
3401.276,D:/Pipefish Mesocosm Film/Trial 9/11-12-20/11-12 AM 02.MTS,7201.700,25.0,Male,Wiggle,Courtship,Active wiggle,Female,2,,STOP
3401.277,D:/Pipefish Mesocosm Film/Trial 9/11-12-20/11-12 AM 02.MTS,7201.700,25.0,Male,Inactive,,,,,,START
3415.518,D:/Pipefish Mesocosm Film/Trial 9/11-12-20/11-12 AM 02.MTS,7201.700,25.0,Male,Inactive,,,,,,STOP
3415.519,D:/Pipefish Mesocosm Film/Trial 9/11-12-20/11-12 AM 02.MTS,7201.700,25.0,Male,Wiggle,Courtship,Active wiggle,Female,2,,START
3418.463,D:/Pipefish Mesocosm Film/Trial 9/11-12-20/11-12 AM 02.MTS,7201.700,25.0,Male,Wiggle,Courtship,Active wiggle,Female,2,,STOP
3418.464,D:/Pipefish Mesocosm Film/Trial 9/11-12-20/11-12 AM 02.MTS,7201.700,25.0,Male,Inactive,,,,,,START
3426.815,D:/Pipefish Mesocosm Film/Trial 9/11-12-20/11-12 AM 02.MTS,7201.700,25.0,Female,Inactive,,,,,,STOP
3426.816,D:/Pipefish Mesocosm Film/Trial 9/11-12-20/11-12 AM 02.MTS,7201.700,25.0,Female,Wiggle,Courtship,Active wiggle,Male,2,,START
3430.520,D:/Pipefish Mesocosm Film/Trial 9/11-12-20/11-12 AM 02.MTS,7201.700,25.0,Female,Wiggle,Courtship,Active wiggle,Male,2,,STOP
3430.521,D:/Pipefish Mesocosm Film/Trial 9/11-12-20/11-12 AM 02.MTS,7201.700,25.0,Female,Inactive,,,,,,START
3469.733,D:/Pipefish Mesocosm Film/Trial 9/11-12-20/11-12 AM 02.MTS,7201.700,25.0,Male,Inactive,,,,,,STOP
3469.734,D:/Pipefish Mesocosm Film/Trial 9/11-12-20/11-12 AM 02.MTS,7201.700,25.0,Male,Wiggle,Courtship,Subtle wiggle,Female,2,,START
3472.865,D:/Pipefish Mesocosm Film/Trial 9/11-12-20/11-12 AM 02.MTS,7201.700,25.0,Male,Wiggle,Courtship,Subtle wiggle,Female,2,,STOP
3472.866,D:/Pipefish Mesocosm Film/Trial 9/11-12-20/11-12 AM 02.MTS,7201.700,25.0,Male,Inactive,,,,,,START
3522.520,D:/Pipefish Mesocosm Film/Trial 9/11-12-20/11-12 AM 02.MTS,7201.700,25.0,Female,Inactive,,,,,,STOP
3522.521,D:/Pipefish Mesocosm Film/Trial 9/11-12-20/11-12 AM 02.MTS,7201.700,25.0,Female,Pose,,S pose,Male,Front,,START
3530.875,D:/Pipefish Mesocosm Film/Trial 9/11-12-20/11-12 AM 02.MTS,7201.700,25.0,Female,Pose,,S pose,Male,Front,,STOP
3530.876,D:/Pipefish Mesocosm Film/Trial 9/11-12-20/11-12 AM 02.MTS,7201.700,25.0,Female,Inactive,,,,,,START
3533.154,D:/Pipefish Mesocosm Film/Trial 9/11-12-20/11-12 AM 02.MTS,7201.700,25.0,Male,Inactive,,,,,,STOP
3533.155,D:/Pipefish Mesocosm Film/Trial 9/11-12-20/11-12 AM 02.MTS,7201.700,25.0,Male,Wiggle,Courtship,Active wiggle,Female,2,,START
3536.194,D:/Pipefish Mesocosm Film/Trial 9/11-12-20/11-12 AM 02.MTS,7201.700,25.0,Male,Wiggle,Courtship,Active wiggle,Female,2,,STOP
3536.195,D:/Pipefish Mesocosm Film/Trial 9/11-12-20/11-12 AM 02.MTS,7201.700,25.0,Male,Inactive,,,,,,START
3541.700,D:/Pipefish Mesocosm Film/Trial 9/11-12-20/11-12 AM 02.MTS,7201.700,25.0,Female,Inactive,,,,,,STOP
3541.701,D:/Pipefish Mesocosm Film/Trial 9/11-12-20/11-12 AM 02.MTS,7201.700,25.0,Female,Wiggle,Courtship,Active wiggle,Male,2,,START
3546.163,D:/Pipefish Mesocosm Film/Trial 9/11-12-20/11-12 AM 02.MTS,7201.700,25.0,Female,Wiggle,Courtship,Active wiggle,Male,2,,STOP
3546.164,D:/Pipefish Mesocosm Film/Trial 9/11-12-20/11-12 AM 02.MTS,7201.700,25.0,Female,Inactive,,,,,,START
3588.034,D:/Pipefish Mesocosm Film/Trial 9/11-12-20/11-12 AM 02.MTS,7201.700,25.0,Male,Inactive,,,,,,STOP
3588.035,D:/Pipefish Mesocosm Film/Trial 9/11-12-20/11-12 AM 02.MTS,7201.700,25.0,Male,Wiggle,Courtship,Active wiggle,Female,2,,START
3591.547,D:/Pipefish Mesocosm Film/Trial 9/11-12-20/11-12 AM 02.MTS,7201.700,25.0,Male,Wiggle,Courtship,Active wiggle,Female,2,,STOP
3591.548,D:/Pipefish Mesocosm Film/Trial 9/11-12-20/11-12 AM 02.MTS,7201.700,25.0,Male,Inactive,,,,,,START
3605.694,D:/Pipefish Mesocosm Film/Trial 9/11-12-20/11-12 AM 02.MTS,7201.700,25.0,Female,Inactive,,,,,,STOP
3605.695,D:/Pipefish Mesocosm Film/Trial 9/11-12-20/11-12 AM 02.MTS,7201.700,25.0,Female,Wiggle,Courtship,Active wiggle,Male,2,,START
3610.728,D:/Pipefish Mesocosm Film/Trial 9/11-12-20/11-12 AM 02.MTS,7201.700,25.0,Female,Wiggle,Courtship,Active wiggle,Male,2,,STOP
3610.729,D:/Pipefish Mesocosm Film/Trial 9/11-12-20/11-12 AM 02.MTS,7201.700,25.0,Female,Inactive,,,,,,START
3613.954,D:/Pipefish Mesocosm Film/Trial 9/11-12-20/11-12 AM 02.MTS,7201.700,25.0,Male,Inactive,,,,,,STOP
3613.955,D:/Pipefish Mesocosm Film/Trial 9/11-12-20/11-12 AM 02.MTS,7201.700,25.0,Male,Wiggle,Courtship,Active wiggle,Female,2,,START
3616.422,D:/Pipefish Mesocosm Film/Trial 9/11-12-20/11-12 AM 02.MTS,7201.700,25.0,Male,Wiggle,Courtship,Active wiggle,Female,2,,STOP
3616.423,D:/Pipefish Mesocosm Film/Trial 9/11-12-20/11-12 AM 02.MTS,7201.700,25.0,Male,Inactive,,,,,,START
3665.319,D:/Pipefish Mesocosm Film/Trial 9/11-12-20/11-12 AM 02.MTS,7201.700,25.0,Male,Inactive,,,,,,STOP
3665.320,D:/Pipefish Mesocosm Film/Trial 9/11-12-20/11-12 AM 02.MTS,7201.700,25.0,Male,Wiggle,Courtship,Subtle wiggle,Female,2,,START
3668.925,D:/Pipefish Mesocosm Film/Trial 9/11-12-20/11-12 AM 02.MTS,7201.700,25.0,Male,Wiggle,Courtship,Subtle wiggle,Female,2,,STOP
3668.926,D:/Pipefish Mesocosm Film/Trial 9/11-12-20/11-12 AM 02.MTS,7201.700,25.0,Male,Inactive,,,,,,START
3748.587,D:/Pipefish Mesocosm Film/Trial 9/11-12-20/11-12 AM 02.MTS,7201.700,25.0,Female,Inactive,,,,,,STOP
3748.587,D:/Pipefish Mesocosm Film/Trial 9/11-12-20/11-12 AM 02.MTS,7201.700,25.0,Male,Inactive,,,,,,STOP
3749.354,D:/Pipefish Mesocosm Film/Trial 9/11-12-20/11-12 AM 02.MTS,7201.700,25.0,,Stop,,,,,,POINT
3766.911,D:/Pipefish Mesocosm Film/Trial 9/11-12-20/11-12 AM 02.MTS,7201.700,25.0,,Start,,,,,,POINT
3767.103,D:/Pipefish Mesocosm Film/Trial 9/11-12-20/11-12 AM 02.MTS,7201.700,25.0,Male,Wiggle,Courtship,Active wiggle,Female,2,,START
3772.419,D:/Pipefish Mesocosm Film/Trial 9/11-12-20/11-12 AM 02.MTS,7201.700,25.0,Female,Inactive,,,,,,START
3772.892,D:/Pipefish Mesocosm Film/Trial 9/11-12-20/11-12 AM 02.MTS,7201.700,25.0,Male,Wiggle,Courtship,Active wiggle,Female,2,,STOP
3772.893,D:/Pipefish Mesocosm Film/Trial 9/11-12-20/11-12 AM 02.MTS,7201.700,25.0,Male,Inactive,,,,,,START
3774.887,D:/Pipefish Mesocosm Film/Trial 9/11-12-20/11-12 AM 02.MTS,7201.700,25.0,Female,Inactive,,,,,,STOP
3774.888,D:/Pipefish Mesocosm Film/Trial 9/11-12-20/11-12 AM 02.MTS,7201.700,25.0,Female,Wiggle,Courtship,Active wiggle,Male,2,,START
3779.251,D:/Pipefish Mesocosm Film/Trial 9/11-12-20/11-12 AM 02.MTS,7201.700,25.0,Female,Wiggle,Courtship,Active wiggle,Male,2,,STOP
3779.252,D:/Pipefish Mesocosm Film/Trial 9/11-12-20/11-12 AM 02.MTS,7201.700,25.0,Female,Inactive,,,,,,START
3806.785,D:/Pipefish Mesocosm Film/Trial 9/11-12-20/11-12 AM 02.MTS,7201.700,25.0,Male,Inactive,,,,,,STOP
3806.786,D:/Pipefish Mesocosm Film/Trial 9/11-12-20/11-12 AM 02.MTS,7201.700,25.0,Male,Wiggle,Courtship,Active wiggle,Female,2,,START
3812.198,D:/Pipefish Mesocosm Film/Trial 9/11-12-20/11-12 AM 02.MTS,7201.700,25.0,Male,Wiggle,Courtship,Active wiggle,Female,2,,STOP
3812.199,D:/Pipefish Mesocosm Film/Trial 9/11-12-20/11-12 AM 02.MTS,7201.700,25.0,Male,Inactive,,,,,,START
3844.954,D:/Pipefish Mesocosm Film/Trial 9/11-12-20/11-12 AM 02.MTS,7201.700,25.0,Male,Inactive,,,,,,STOP
3844.955,D:/Pipefish Mesocosm Film/Trial 9/11-12-20/11-12 AM 02.MTS,7201.700,25.0,Male,Wiggle,Courtship,Active wiggle,Female,2,,START
3848.371,D:/Pipefish Mesocosm Film/Trial 9/11-12-20/11-12 AM 02.MTS,7201.700,25.0,Male,Wiggle,Courtship,Active wiggle,Female,2,,STOP
3848.372,D:/Pipefish Mesocosm Film/Trial 9/11-12-20/11-12 AM 02.MTS,7201.700,25.0,Male,Inactive,,,,,,START
3849.797,D:/Pipefish Mesocosm Film/Trial 9/11-12-20/11-12 AM 02.MTS,7201.700,25.0,Female,Inactive,,,,,,STOP
3849.798,D:/Pipefish Mesocosm Film/Trial 9/11-12-20/11-12 AM 02.MTS,7201.700,25.0,Female,Wiggle,Courtship,Active wiggle,Male,2,,START
3854.734,D:/Pipefish Mesocosm Film/Trial 9/11-12-20/11-12 AM 02.MTS,7201.700,25.0,Female,Wiggle,Courtship,Active wiggle,Male,2,,STOP
3854.735,D:/Pipefish Mesocosm Film/Trial 9/11-12-20/11-12 AM 02.MTS,7201.700,25.0,Female,Inactive,,,,,,START
3865.464,D:/Pipefish Mesocosm Film/Trial 9/11-12-20/11-12 AM 02.MTS,7201.700,25.0,Male,Inactive,,,,,,STOP
3865.465,D:/Pipefish Mesocosm Film/Trial 9/11-12-20/11-12 AM 02.MTS,7201.700,25.0,Male,Wiggle,Courtship,Active wiggle,Female,2,,START
3868.692,D:/Pipefish Mesocosm Film/Trial 9/11-12-20/11-12 AM 02.MTS,7201.700,25.0,Male,Wiggle,Courtship,Active wiggle,Female,2,,STOP
3868.693,D:/Pipefish Mesocosm Film/Trial 9/11-12-20/11-12 AM 02.MTS,7201.700,25.0,Male,Inactive,,,,,,START
3882.362,D:/Pipefish Mesocosm Film/Trial 9/11-12-20/11-12 AM 02.MTS,7201.700,25.0,Male,Inactive,,,,,,STOP
3882.363,D:/Pipefish Mesocosm Film/Trial 9/11-12-20/11-12 AM 02.MTS,7201.700,25.0,Male,Wiggle,Courtship,Active wiggle,Female,2,,START
3887.491,D:/Pipefish Mesocosm Film/Trial 9/11-12-20/11-12 AM 02.MTS,7201.700,25.0,Male,Wiggle,Courtship,Active wiggle,Female,2,,STOP
3887.492,D:/Pipefish Mesocosm Film/Trial 9/11-12-20/11-12 AM 02.MTS,7201.700,25.0,Male,Inactive,,,,,,START
3901.920,D:/Pipefish Mesocosm Film/Trial 9/11-12-20/11-12 AM 02.MTS,7201.700,25.0,Female,Inactive,,,,,,STOP
3901.921,D:/Pipefish Mesocosm Film/Trial 9/11-12-20/11-12 AM 02.MTS,7201.700,25.0,Female,Wiggle,Courtship,Active wiggle,Male,2,,START
3905.434,D:/Pipefish Mesocosm Film/Trial 9/11-12-20/11-12 AM 02.MTS,7201.700,25.0,Female,Wiggle,Courtship,Active wiggle,Male,2,,STOP
3905.435,D:/Pipefish Mesocosm Film/Trial 9/11-12-20/11-12 AM 02.MTS,7201.700,25.0,Female,Inactive,,,,,,START
3928.792,D:/Pipefish Mesocosm Film/Trial 9/11-12-20/11-12 AM 02.MTS,7201.700,25.0,Female,Inactive,,,,,,STOP
3928.793,D:/Pipefish Mesocosm Film/Trial 9/11-12-20/11-12 AM 02.MTS,7201.700,25.0,Female,Wiggle,Courtship,Active wiggle,Male,2,,START
3931.069,D:/Pipefish Mesocosm Film/Trial 9/11-12-20/11-12 AM 02.MTS,7201.700,25.0,Female,Wiggle,Courtship,Active wiggle,Male,2,,STOP
3931.070,D:/Pipefish Mesocosm Film/Trial 9/11-12-20/11-12 AM 02.MTS,7201.700,25.0,Female,Inactive,,,,,,START
3931.641,D:/Pipefish Mesocosm Film/Trial 9/11-12-20/11-12 AM 02.MTS,7201.700,25.0,Male,Inactive,,,,,,STOP
3931.642,D:/Pipefish Mesocosm Film/Trial 9/11-12-20/11-12 AM 02.MTS,7201.700,25.0,Male,Wiggle,Courtship,Active wiggle,Female,2,,START
3936.482,D:/Pipefish Mesocosm Film/Trial 9/11-12-20/11-12 AM 02.MTS,7201.700,25.0,Male,Wiggle,Courtship,Active wiggle,Female,2,,STOP
3936.483,D:/Pipefish Mesocosm Film/Trial 9/11-12-20/11-12 AM 02.MTS,7201.700,25.0,Male,Inactive,,,,,,START
3949.298,D:/Pipefish Mesocosm Film/Trial 9/11-12-20/11-12 AM 02.MTS,7201.700,25.0,Male,Inactive,,,,,,STOP
3949.299,D:/Pipefish Mesocosm Film/Trial 9/11-12-20/11-12 AM 02.MTS,7201.700,25.0,Male,Wiggle,Courtship,Active wiggle,Female,2,,START
3952.906,D:/Pipefish Mesocosm Film/Trial 9/11-12-20/11-12 AM 02.MTS,7201.700,25.0,Male,Wiggle,Courtship,Active wiggle,Female,2,,STOP
3952.907,D:/Pipefish Mesocosm Film/Trial 9/11-12-20/11-12 AM 02.MTS,7201.700,25.0,Male,Inactive,,,,,,START
3973.132,D:/Pipefish Mesocosm Film/Trial 9/11-12-20/11-12 AM 02.MTS,7201.700,25.0,Male,Inactive,,,,,,STOP
3973.133,D:/Pipefish Mesocosm Film/Trial 9/11-12-20/11-12 AM 02.MTS,7201.700,25.0,Male,Wiggle,Courtship,Active wiggle,Female,2,,START
3976.360,D:/Pipefish Mesocosm Film/Trial 9/11-12-20/11-12 AM 02.MTS,7201.700,25.0,Male,Wiggle,Courtship,Active wiggle,Female,2,,STOP
3976.361,D:/Pipefish Mesocosm Film/Trial 9/11-12-20/11-12 AM 02.MTS,7201.700,25.0,Male,Inactive,,,,,,START
4025.446,D:/Pipefish Mesocosm Film/Trial 9/11-12-20/11-12 AM 02.MTS,7201.700,25.0,Female,Inactive,,,,,,STOP
4025.447,D:/Pipefish Mesocosm Film/Trial 9/11-12-20/11-12 AM 02.MTS,7201.700,25.0,Female,Pose,,S pose,Male,Front,,START
4037.694,D:/Pipefish Mesocosm Film/Trial 9/11-12-20/11-12 AM 02.MTS,7201.700,25.0,Female,Pose,,S pose,Male,Front,,STOP
4037.695,D:/Pipefish Mesocosm Film/Trial 9/11-12-20/11-12 AM 02.MTS,7201.700,25.0,Female,Inactive,,,,,,START
4068.930,D:/Pipefish Mesocosm Film/Trial 9/11-12-20/11-12 AM 02.MTS,7201.700,25.0,Male,Inactive,,,,,,STOP
4068.931,D:/Pipefish Mesocosm Film/Trial 9/11-12-20/11-12 AM 02.MTS,7201.700,25.0,Male,Wiggle,Courtship,Active wiggle,Female,2,,START
4072.442,D:/Pipefish Mesocosm Film/Trial 9/11-12-20/11-12 AM 02.MTS,7201.700,25.0,Male,Wiggle,Courtship,Active wiggle,Female,2,,STOP
4072.443,D:/Pipefish Mesocosm Film/Trial 9/11-12-20/11-12 AM 02.MTS,7201.700,25.0,Male,Inactive,,,,,,START
4110.707,D:/Pipefish Mesocosm Film/Trial 9/11-12-20/11-12 AM 02.MTS,7201.700,25.0,Female,Inactive,,,,,,STOP
4120.297,D:/Pipefish Mesocosm Film/Trial 9/11-12-20/11-12 AM 02.MTS,7201.700,25.0,Female,Wiggle,Courtship,Active wiggle,Male,2,,START
4127.797,D:/Pipefish Mesocosm Film/Trial 9/11-12-20/11-12 AM 02.MTS,7201.700,25.0,Female,Wiggle,Courtship,Active wiggle,Male,2,,STOP
4127.798,D:/Pipefish Mesocosm Film/Trial 9/11-12-20/11-12 AM 02.MTS,7201.700,25.0,Female,Inactive,,,,,,START
4157.420,D:/Pipefish Mesocosm Film/Trial 9/11-12-20/11-12 AM 02.MTS,7201.700,25.0,Female,Inactive,,,,,,STOP
4157.421,D:/Pipefish Mesocosm Film/Trial 9/11-12-20/11-12 AM 02.MTS,7201.700,25.0,Female,Out of sight,,,,,,START
4169.288,D:/Pipefish Mesocosm Film/Trial 9/11-12-20/11-12 AM 02.MTS,7201.700,25.0,Female,Out of sight,,,,,,STOP
4169.288,D:/Pipefish Mesocosm Film/Trial 9/11-12-20/11-12 AM 02.MTS,7201.700,25.0,Male,Inactive,,,,,,STOP
4170.236,D:/Pipefish Mesocosm Film/Trial 9/11-12-20/11-12 AM 02.MTS,7201.700,25.0,,Stop,,,,,,POINT
4324.808,D:/Pipefish Mesocosm Film/Trial 9/11-12-20/11-12 AM 02.MTS,7201.700,25.0,,Start,,,,,,POINT
4324.808,D:/Pipefish Mesocosm Film/Trial 9/11-12-20/11-12 AM 02.MTS,7201.700,25.0,Male,Wiggle,Courtship,Active wiggle,Female,2,,START
4325.188,D:/Pipefish Mesocosm Film/Trial 9/11-12-20/11-12 AM 02.MTS,7201.700,25.0,Female,Inactive,,,,,,START
4329.175,D:/Pipefish Mesocosm Film/Trial 9/11-12-20/11-12 AM 02.MTS,7201.700,25.0,Male,Wiggle,Courtship,Active wiggle,Female,2,,STOP
4329.176,D:/Pipefish Mesocosm Film/Trial 9/11-12-20/11-12 AM 02.MTS,7201.700,25.0,Male,Inactive,,,,,,START
4334.301,D:/Pipefish Mesocosm Film/Trial 9/11-12-20/11-12 AM 02.MTS,7201.700,25.0,Female,Inactive,,,,,,STOP
4334.302,D:/Pipefish Mesocosm Film/Trial 9/11-12-20/11-12 AM 02.MTS,7201.700,25.0,Female,Wiggle,Courtship,Active wiggle,Male,2,,START
4341.231,D:/Pipefish Mesocosm Film/Trial 9/11-12-20/11-12 AM 02.MTS,7201.700,25.0,Female,Wiggle,Courtship,Active wiggle,Male,2,,STOP
4341.232,D:/Pipefish Mesocosm Film/Trial 9/11-12-20/11-12 AM 02.MTS,7201.700,25.0,Female,Inactive,,,,,,START
4353.576,D:/Pipefish Mesocosm Film/Trial 9/11-12-20/11-12 AM 02.MTS,7201.700,25.0,Male,Inactive,,,,,,STOP
4353.577,D:/Pipefish Mesocosm Film/Trial 9/11-12-20/11-12 AM 02.MTS,7201.700,25.0,Male,Wiggle,Courtship,Active wiggle,Female,2,,START
4358.417,D:/Pipefish Mesocosm Film/Trial 9/11-12-20/11-12 AM 02.MTS,7201.700,25.0,Male,Wiggle,Courtship,Active wiggle,Female,2,,STOP
4358.418,D:/Pipefish Mesocosm Film/Trial 9/11-12-20/11-12 AM 02.MTS,7201.700,25.0,Male,Inactive,,,,,,START
4412.535,D:/Pipefish Mesocosm Film/Trial 9/11-12-20/11-12 AM 02.MTS,7201.700,25.0,Male,Inactive,,,,,,STOP
4412.536,D:/Pipefish Mesocosm Film/Trial 9/11-12-20/11-12 AM 02.MTS,7201.700,25.0,Male,Out of sight,,,,,,START
4414.246,D:/Pipefish Mesocosm Film/Trial 9/11-12-20/11-12 AM 02.MTS,7201.700,25.0,Female,Inactive,,,,,,STOP
4414.247,D:/Pipefish Mesocosm Film/Trial 9/11-12-20/11-12 AM 02.MTS,7201.700,25.0,Female,Out of sight,,,,,,START
4423.076,D:/Pipefish Mesocosm Film/Trial 9/11-12-20/11-12 AM 02.MTS,7201.700,25.0,Male,Out of sight,,,,,,STOP
4423.742,D:/Pipefish Mesocosm Film/Trial 9/11-12-20/11-12 AM 02.MTS,7201.700,25.0,Female,Out of sight,,,,,,STOP
4424.404,D:/Pipefish Mesocosm Film/Trial 9/11-12-20/11-12 AM 02.MTS,7201.700,25.0,,Stop,,,,,,POINT
