Observation id,T905N,,,,,,,,,,
,,,,,,,,,,,
Media file(s),,,,,,,,,,,
,,,,,,,,,,,
Player #1,D:/Pipefish Mesocosm Film/Trial 9/13-12-20/13-12 Noon 01.MTS,,,,,,,,,,
,,,,,,,,,,,
Observation date,2022-01-28 16:04:06,,,,,,,,,,
,,,,,,,,,,,
Description,,,,,,,,,,,
,,,,,,,,,,,
Time offset (s),0.0,,,,,,,,,,
,,,,,,,,,,,
independent variables,,,,,,,,,,,
variable,value,,,,,,,,,,
Number in group,,,,,,,,,,,
Time of day,,,,,,,,,,,
,,,,,,,,,,,
Time,Media file path,Total length,FPS,Subject,Behavior,Behavioral category,Modifier 1,Modifier 2,Modifier 3,Comment,Status
59.476,D:/Pipefish Mesocosm Film/Trial 9/13-12-20/13-12 Noon 01.MTS,2858.900,25.0,,Start,,,,,,POINT
59.476,D:/Pipefish Mesocosm Film/Trial 9/13-12-20/13-12 Noon 01.MTS,2858.900,25.0,Female,Pose,,S pose,Male,Front,,START
60.522,D:/Pipefish Mesocosm Film/Trial 9/13-12-20/13-12 Noon 01.MTS,2858.900,25.0,Male,Inactive,,,,,,START
68.495,D:/Pipefish Mesocosm Film/Trial 9/13-12-20/13-12 Noon 01.MTS,2858.900,25.0,Female,Pose,,S pose,Male,Front,,STOP
68.496,D:/Pipefish Mesocosm Film/Trial 9/13-12-20/13-12 Noon 01.MTS,2858.900,25.0,Female,Inactive,,,,,,START
102.200,D:/Pipefish Mesocosm Film/Trial 9/13-12-20/13-12 Noon 01.MTS,2858.900,25.0,Male,Inactive,,,,,,STOP
102.201,D:/Pipefish Mesocosm Film/Trial 9/13-12-20/13-12 Noon 01.MTS,2858.900,25.0,Male,Out of sight,,,,,,START
102.580,D:/Pipefish Mesocosm Film/Trial 9/13-12-20/13-12 Noon 01.MTS,2858.900,25.0,Female,Inactive,,,,,,STOP
102.581,D:/Pipefish Mesocosm Film/Trial 9/13-12-20/13-12 Noon 01.MTS,2858.900,25.0,Female,Out of sight,,,,,,START
112.457,D:/Pipefish Mesocosm Film/Trial 9/13-12-20/13-12 Noon 01.MTS,2858.900,25.0,Male,Out of sight,,,,,,STOP
112.551,D:/Pipefish Mesocosm Film/Trial 9/13-12-20/13-12 Noon 01.MTS,2858.900,25.0,Female,Out of sight,,,,,,STOP
112.553,D:/Pipefish Mesocosm Film/Trial 9/13-12-20/13-12 Noon 01.MTS,2858.900,25.0,,Stop,,,,,,POINT
